Rank,Ticker,Sector,Industry,Exchange,Relative Strength,Percentile,1M_RS_Percentile,3M_RS_Percentile,6M_RS_Percentile,Price,MarketCap,Float,ShortFloatPct,PctFrom52WkHigh,AvgVol10,AvgVol30,AvgVol50,RevenueGrowth
2979,LSPD,Technology,Software - Application,NYSE,88.64,49,34,39,25,10.23,1269721953.980896,129299592.0,0.0481,-25.41,1204310,753323,784602,0.058
2980,BZ,Communication Services,Internet Content & Information,NASDAQ,88.64,49,40,25,21,15.05,6492637438.998184,437804280.0,0.066,-38.95,5133430,8668153,6966214,0.141
2981,IMRN,Healthcare,Biotechnology,NASDAQ,88.63,49,91,61,10,1.09,8797610.449405432,8071202.0,0.0225,-54.39,64250,4373433,2631330,0.072
2982,MPV,Financial Services,Asset Management,NYSE,88.63,49,39,29,37,16.11,172460261.9196968,10792257.0,0.9,-21.72,15241,20080,23224,-0.053
2983,GDOT,Financial Services,Credit Services,NYSE,88.61,49,45,66,66,12.41,712314737.5,56985179.0,0.0298,-9.75,505210,366810,381262,0.183
2984,AWX,Industrials,Waste Management,NYSE ARCA,88.61,49,53,40,33,2.56,9670591.434375763,3899432.0,0.0045,-52.85,5690,7323,55482,0.032
2985,BAC,Financial Services,Banks - Diversified,NYSE,88.59,49,78,74,66,53.52,375860224618.75,6992748365.0,0.0,-17.95,35086950,36750366,32887838,0.168
2986,MBNKO,Financial Services,Banks - Regional,NASDAQ,88.58,49,58,57,58,23.64,,,0.61,-9.75,60972,24217,15858,0.042
2987,NP,Financial Services,Insurance Brokers,NYSE,88.54,49,85,76,53,27.86,3764303700.5802155,137233090.0,0.0664,-20.74,620250,533373,565106,0.328
2988,PGR,Financial Services,Insurance - Property & Casualty,NYSE,88.53,49,53,57,32,214.12,122063922583.00781,580400000.0,0.0108,-12.83,3020240,2577113,2526438,0.073
2989,ELWT,Communication Services,Telecom Services,NASDAQ,88.53,49,67,69,37,5.99,42035703.96868706,6619796.0,0.0047,-38.37,7600,9900,10826,-0.464
2990,SNA,Industrials,Tools & Accessories,NYSE,88.53,49,60,71,58,359.89,19082135727.88269,51727124.0,0.081599995,-14.92,252630,278203,292008,0.042
2991,RCL,Consumer Cyclical,Travel Services,NYSE,88.52,49,31,35,39,282.32,74282139198.32324,267452084.0,0.0556,-20.78,3416790,2886930,2390506,0.065
2992,EEA,Financial Services,Asset Management,NYSE,88.5,49,60,59,52,10.23,70988406.32749653,6852163.0,0.00029999999,-10.5,19368,17532,13869,-0.167
2993,OMF,Financial Services,Credit Services,NYSE,88.49,49,69,58,57,56.07,6444623146.041805,115041469.0,0.0349,-22.05,886940,935830,927632,-0.027
2994,RMNI,Technology,Software - Application,NASDAQ,88.47,49,71,71,29,4.06,395829418.6325073,93356000.0,0.048600003,-28.52,367730,436280,438462,0.067
2995,AROC,Energy,Oil & Gas Equipment & Services,NYSE,88.47,49,66,87,88,30.09,5318007137.672758,175338185.0,0.0608,-28.75,1454220,1778480,1806856,-0.031
2996,PNFP,Financial Services,Banks - Regional,NYSE,88.43,49,61,55,34,93.09,14520413024.208984,151112640.0,0.0373,-15.63,1266570,1099070,1038644,1.37
2997,VIV,Communication Services,Telecom Services,NYSE,88.43,49,32,63,88,12.71,18438648590.088646,1597803176.0,0.0083,-26.36,1318810,1385926,1538872,0.076
2998,AEP,Utilities,Utilities - Regulated Electric,NASDAQ,88.42,49,55,67,74,122.08,65093591212.50311,544397352.0,0.047,-13.16,3711220,3856573,3869436,0.07
2999,HHH,Real Estate,Real Estate - Development,NYSE,88.41,49,27,42,25,71.85,4242470635.1548004,59719462.0,0.1268,-21.1,995740,781470,642926,3.302
3000,NTRSO,Financial Services,Asset Management,NASDAQ,88.41,49,39,38,43,18.21,,,2.09,-11.15,69620,46706,41960,0.364
3001,PGY,Technology,Software - Infrastructure,NASDAQ,88.4,49,82,40,18,18.14,1499996618.9506798,83425843.0,0.1435,-42.49,2423940,2328826,2685612,0.186
3002,TFPM,Basic Materials,Other Precious Metals & Mining,NYSE,88.36,49,69,29,77,30.13,6305752904.644272,206003031.0,2.9,-27.75,419820,479896,532958,0.373
3003,AMT,Real Estate,REIT - Specialty,NYSE,88.36,49,33,33,32,166.18,75578718363.60278,465960048.0,0.015,-15.25,2686020,2551453,2523636,0.047
3004,MCGAU,Financial Services,Shell Companies,NASDAQ,88.36,49,42,37,37,10.2,,,1.91,-9.33,510,340,718,
3005,NAVI,Financial Services,Credit Services,NASDAQ,88.33,49,50,23,15,9.04,863762702.7904711,93989417.0,0.2867,-32.94,1309890,1411706,1354728,0.042
3006,GUT,Financial Services,Asset Management,NYSE,88.33,49,68,76,59,5.86,535667421.77849483,90028141.0,0.025999999,-17.11,291238,216369,197581,0.07
3007,BUSEP,Financial Services,Banks - Regional,NASDAQ,88.32,49,45,43,43,25.2,,,1.57,-5.44,15681,9597,10368,-0.009
3008,VNO,Real Estate,REIT - Office,NYSE,88.32,49,45,75,21,33.78,6344537223.775681,188097756.0,0.0,-19.28,1401310,1334570,1378158,0.05
3009,RKLB,Industrials,Aerospace & Defense,NASDAQ,88.3,49,31,77,93,71.92,47265259136.08351,639410989.0,0.0731,-52.37,21802130,19964160,19355816,0.62
3010,EDF,Financial Services,Asset Management,NYSE,88.28,49,68,68,66,4.74,158940465.86102152,32174183.0,0.0085,-16.4,156264,141601,123806,
3011,IPWR,Technology,Semiconductors,NASDAQ,88.26,49,55,70,21,3.87,66560355.884661674,16434655.0,0.0428,-58.39,94520,175003,194786,3.549
3012,MMT,Financial Services,Asset Management,NYSE,88.26,49,47,39,51,4.24,236188738.82529688,54673317.0,1.13,-12.76,375577,295669,288139,0.021
3013,UPC,Healthcare,Drug Manufacturers - Specialty & Generic,NASDAQ,88.21,49,76,70,20,4.3,22609755.0,5024390.0,0.0152,-76.06,63270,245126,981548,-0.013
3014,ADVB,Healthcare,Diagnostics & Research,NASDAQ,88.21,49,94,12,7,6.21,11118855.121511936,1652133.0,0.0113,-74.37,19880,94036,144680,
3015,IPM,Technology,Software - Application,NASDAQ,88.21,49,49,38,32,1.77,23203597.2470448,13035729.0,0.0053,-21.68,5310,6833,6376,0.129
3016,PPG,Basic Materials,Specialty Chemicals,NYSE,88.2,49,44,58,57,105.08,23374845339.20288,222300000.0,0.0336,-21.25,1634520,1636760,1638160,0.072
3017,RJF,Financial Services,Asset Management,NYSE,88.19,49,70,56,35,157.25,30433547588.80098,192361711.0,0.0446,-13.94,1134740,1296640,1156950,0.151
3018,CHH,Consumer Cyclical,Lodging,NYSE,88.18,49,42,36,53,103.49,4613383755.0,45008622.0,0.2951,-16.42,557430,568903,543570,0.071
3019,RTAC,Financial Services,Shell Companies,NASDAQ,88.15,49,41,37,30,10.43,325323833.6442032,31161288.0,0.0037,-10.85,82420,236596,180428,
3020,LFS,Communication Services,Entertainment,NASDAQ,88.12,49,25,26,11,2.41,55983727.40435815,26160619.0,0.0121,-80.7,384590,170576,1077014,0.1
3021,PAYX,Technology,Software - Application,NASDAQ,88.11,49,64,52,18,101.55,35220708867.71295,355980473.0,0.0623,-21.43,3317160,3156990,2938332,0.059
3022,LBRT,Energy,Oil & Gas Equipment & Services,NYSE,88.1,49,70,89,95,19.41,3151226155.806381,163191416.0,0.14729999,-43.7,4356570,3735020,3928010,0.14
3023,AQST,Healthcare,Drug Manufacturers - Specialty & Generic,NASDAQ,88.1,49,68,34,68,4.62,570874819.3309288,125466988.0,0.22649999,-38.81,1892000,2267300,2858854,0.381
3024,NRIM,Financial Services,Banks - Regional,NASDAQ,88.09,49,63,67,55,24.3,550780411.2514229,22244766.0,0.0421,-21.16,146640,142020,138642,0.083
3025,LTM,Industrials,Airlines,NYSE,88.08,49,60,62,73,50.97,14028289020.849838,292743939.0,0.020299999,-27.62,831010,821046,784948,0.272
3026,GGG,Industrials,Specialty Industrial Machinery,NYSE,88.07,49,35,27,46,77.44,12632398272.0,161953824.0,0.0431,-19.07,1422940,2214506,1895440,0.033
3027,AVO,Consumer Defensive,Food Distribution,NASDAQ,88.06,49,66,48,72,12.51,1123160392.0313225,87678404.0,0.088,-19.45,883600,837516,773652,0.258
3028,WFG,Basic Materials,Lumber & Wood Production,NYSE,88.05,49,56,54,31,63.39,5207204163.0,78303822.0,12.5,-17.66,186550,217330,224480,-0.064
3029,TFX,Healthcare,Medical Instruments & Supplies,NYSE,88.04,49,64,63,68,124.48,5259262032.019264,42372397.0,0.14819999,-14.15,847180,764696,720304,0.289
3030,CI,Healthcare,Healthcare Plans,NYSE,88.03,49,41,59,34,278.51,71484978355.02081,264240486.0,0.0277,-10.79,1840270,1583650,1699290,0.067
3031,ESE,Technology,Scientific & Technical Instruments,NYSE,88.02,49,64,85,89,256.9,7123285862.90448,25907567.0,0.0359,-29.06,260380,245713,229872,0.144
3032,RGCO,Utilities,Utilities - Regulated Gas,NASDAQ,88.01,49,35,68,57,21.77,227146312.85050964,10419556.0,0.0149,-22.22,12200,13090,14640,-0.009
3033,CURI,Communication Services,Broadcasting,NASDAQ,88.01,49,21,16,39,2.95,172673666.5730238,59338028.0,0.0598,-45.17,503620,727203,1251542,0.223
3034,FINS,Financial Services,Asset Management,NYSE,87.99,49,52,53,52,11.88,399665539.2347517,33416851.0,0.0023,-11.67,63380,49156,44630,0.181
3035,GBDC,Financial Services,Asset Management,NASDAQ,87.98,49,45,43,40,12.0,3256030916.155078,259651589.0,0.0535,-16.72,1889040,1471230,1343880,-0.14
3036,SYF,Financial Services,Credit Services,NYSE,87.98,49,63,43,66,71.93,23351864094.551697,325370840.0,0.077,-18.97,2524330,2925370,3024738,0.006
3037,BOBS,Consumer Cyclical,Specialty Retail,NYSE,87.97,49,68,61,15,14.61,1854449553.6015205,130687076.0,0.20979999,-37.8,854510,859446,947978,0.088
3038,JJSF,Consumer Defensive,Packaged Foods,NASDAQ,87.95,49,36,24,19,79.33,1461835826.0,18681608.0,0.16360001,-19.57,207990,199723,222152,-0.062
3039,FNB,Financial Services,Banks - Regional,NYSE,87.94,48,61,69,67,17.07,6211571181.628941,355963949.0,0.081599995,-12.86,5043600,4305673,3972682,0.068
3040,UHS,Healthcare,Medical Care Facilities,NYSE,87.93,48,50,19,33,174.62,10356324487.743988,58936515.0,0.065799996,-29.11,633080,724626,741754,0.083
3041,CHOW,Technology,Software - Infrastructure,NYSE ARCA,87.93,48,6,5,2,0.57,19874400.084614754,35490000.0,0.0401,-95.27,171160,5421053,8255262,-0.126
3042,NXPI,Technology,Semiconductors,NASDAQ,87.91,48,33,83,44,235.22,61442323560.292786,252164174.0,0.0322,-30.81,2624440,3245120,3584346,0.195
3043,COMP,Real Estate,Real Estate Services,NYSE,87.91,48,79,91,24,9.19,7077683693.583231,767644630.0,0.060399998,-34.15,17820240,15182456,13433192,1.09
3044,MARPS,Energy,Oil & Gas Midstream,NASDAQ,87.91,48,47,57,70,4.28,8140000.343322754,2000000.0,0.0016,-34.05,6710,6046,4654,0.099
3045,ACV,Financial Services,Asset Management,NYSE,87.9,48,60,71,67,24.7,251895753.68107605,10396028.0,0.65,-14.95,40190,29153,32324,
3046,SWX,Utilities,Utilities - Regulated Gas,NYSE,87.89,48,59,65,70,82.48,5990547761.439758,72445853.0,0.0398,-12.69,696910,712430,602298,-0.096
3047,GRF,Financial Services,Asset Management,NYSE ARCA,87.86,48,54,46,46,9.84,40313213.154556274,3967836.0,0.0011999999,-16.96,1798,3329,2889,-0.191
3048,ACFN,Technology,Scientific & Technical Instruments,NASDAQ,87.86,48,55,32,46,18.7,48210261.44029999,2534714.0,0.018099999,-36.72,36740,58446,59316,-0.294
3049,AB,Financial Services,Asset Management,NYSE,87.84,48,40,44,51,35.1,3257632665.0,93075219.0,0.0097,-20.43,346200,319236,296988,
3050,PSA,Real Estate,REIT - Industrial,NYSE,87.84,48,43,63,55,281.99,53030549387.76764,186852295.0,0.0429,-15.96,885470,894243,877326,0.033
3051,AD,Communication Services,Telecom Services,NYSE,87.84,48,55,38,70,34.14,2974011175.2774353,86478954.0,0.081999995,-43.87,241810,264416,222846,0.895
3052,SKT,Real Estate,REIT - Retail,NYSE,87.82,48,55,73,66,34.55,4033291198.724655,114875851.0,0.0991,-18.76,1068340,903896,925098,0.115
3053,SCI,Consumer Cyclical,Personal Services,NYSE,87.8,48,57,38,51,76.86,10513532937.994217,136291587.0,0.04,-15.53,1123270,951336,958336,0.036
3054,GEG,Financial Services,Asset Management,NASDAQ,87.79,48,32,40,32,2.16,67731139.97139359,31357008.0,0.0539,-23.67,8880,18453,13300,0.883
3055,PLAB,Technology,Semiconductor Equipment & Materials,NASDAQ,87.78,48,60,43,95,30.11,1857820775.32662,58997167.0,0.1042,-46.23,777920,1338090,1155356,0.027
3056,ADSK,Technology,Software - Application,NASDAQ,87.76,48,20,20,27,235.05,44308000000.0,209000000.0,0.044499997,-27.94,2147970,2350263,2123748,0.161
3057,KRC,Real Estate,REIT - Office,NYSE,87.76,48,40,73,27,34.01,3911471390.671402,116308988.0,0.125,-21.96,1302770,1367453,1258378,-0.06
3058,WIW,Financial Services,Asset Management,NYSE,87.76,48,44,43,51,7.91,488861224.64606285,61184135.0,0.56,-12.31,366663,344537,314200,-0.0
3059,ICL,Basic Materials,Agricultural Inputs,NYSE,87.75,48,64,27,28,5.08,6505220490.203002,1290718361.0,0.0052,-27.12,1068960,1174476,1158776,0.165
3060,SPOT,Communication Services,Internet Content & Information,NYSE,87.75,48,33,23,30,512.92,97235673658.30261,205620061.0,0.0286,-26.74,1373060,1459103,1718856,0.139
3061,IGI,Financial Services,Asset Management,NYSE,87.74,48,41,42,48,15.34,94220195.32047749,5993651.0,0.001,-9.39,6114,17211,14342,
3062,DB,Financial Services,Banks - Regional,NYSE,87.73,48,82,60,50,33.55,65708632293.70117,1879000000.0,0.0027,-19.39,2332510,2074626,1945102,0.087
3063,FTEK,Industrials,Pollution & Treatment Controls,NASDAQ,87.73,48,65,32,22,1.67,51734312.299747586,31165249.0,0.0128,-51.59,113640,196780,172364,0.167
3064,LKFN,Financial Services,Banks - Regional,NASDAQ,87.71,48,45,44,50,57.19,1468352601.2139893,24857840.0,0.1192,-12.59,178460,184646,170142,0.092
3065,BSY,Technology,Software - Application,NASDAQ,87.71,48,23,19,20,35.15,9736453674.18285,302092889.0,0.086899996,-38.6,2435040,2620163,2639708,0.128
3066,SABA,Financial Services,Asset Management,NYSE,87.67,48,47,45,52,7.82,212159215.40737152,26754000.0,0.00059999997,-14.81,79342,65357,54422,-0.232
3067,EMN,Basic Materials,Specialty Chemicals,NYSE,87.66,48,55,39,56,63.25,7416368348.017448,114326623.0,0.0675,-24.22,1377140,1169276,1123206,0.099
3068,BUI,Financial Services,Asset Management,NYSE,87.65,48,53,65,65,25.35,660269250.290659,26548823.0,0.0022,-17.69,105249,85693,80643,
3069,SON,Consumer Cyclical,Packaging & Containers,NYSE,87.64,48,57,67,77,47.74,4819167812.17841,98875003.0,0.1416,-21.31,926670,1133943,1053220,-0.013
3070,OMC,Communication Services,Advertising Agencies,NYSE,87.63,48,57,60,52,74.87,21133209868.284943,285006196.0,0.095699996,-16.41,2317360,2968923,2865522,0.634
3071,VVR,Financial Services,Asset Management,NYSE,87.62,48,41,36,38,2.87,444843349.95737815,153925029.0,0.0008,-15.84,717039,744186,684659,-0.188
3072,POLEU,Financial Services,Shell Companies,NASDAQ,87.62,48,39,37,58,10.71,,,0.62,-12.64,100,106,65,
3073,AVK,Financial Services,Asset Management,NYSE,87.61,48,56,61,59,11.62,510800977.74687195,44148746.0,0.0014,-12.5,225175,175198,159107,0.04
3074,SSD,Basic Materials,Lumber & Wood Production,NYSE,87.58,48,37,62,44,171.22,7113301307.859741,40984682.0,0.0296,-19.8,287270,294566,274174,0.063
3075,UNB,Financial Services,Banks - Regional,NASDAQ,87.57,48,53,50,35,23.03,113903343.43605804,4945868.0,0.0026,-12.8,3220,3700,5232,0.131
3076,EVG,Financial Services,Asset Management,NYSE,87.57,48,44,51,51,10.08,135107335.72665977,13456906.0,2.36,-11.11,51532,40057,43736,-0.163
3077,HRZN,Financial Services,Asset Management,NASDAQ,87.57,48,56,29,15,4.49,315366325.0081358,68261111.0,0.0444,-34.45,313870,557070,615230,0.021
3078,AGCO,Industrials,Farm & Heavy Construction Machinery,NYSE,87.56,48,73,45,64,109.15,8026336503.433975,70031729.0,0.060599998,-24.09,883620,1142483,1095052,-0.01
3079,DOCS,Healthcare,Health Information Services,NYSE,87.56,48,24,12,7,27.69,4978410275.796356,178245980.0,0.099300005,-62.54,2961240,2792950,4849868,0.073
3080,FIEE,Technology,Communication Equipment,NASDAQ,87.52,48,72,23,99,3.69,31299955.31068039,8528598.0,0.0101,-65.16,5050,14976,271604,106.246
3081,AIG,Financial Services,Insurance - Diversified,NYSE,87.51,48,40,49,46,75.66,39180385312.74433,522893169.0,0.0233,-13.32,5546440,4765903,4034084,0.005
3082,TVACU,Financial Services,Shell Companies,NASDAQ,87.48,48,49,40,43,10.7,,,0.39,-15.88,920,953,584,
3083,SUIG,Financial Services,Credit Services,NASDAQ,87.48,48,10,14,20,1.5,125956708.9813261,76802872.0,0.0148,-68.15,995010,990713,764200,-0.617
3084,DWSN,Energy,Oil & Gas Equipment & Services,NASDAQ,87.47,48,81,97,92,2.72,85713505.38383055,31055618.0,0.0442,-65.35,88320,79980,123110,0.818
3085,RELX,Industrials,Specialty Business Services,NYSE,87.46,48,32,22,21,34.52,58091532696.75188,1738226687.0,0.0039,-26.9,1941500,2050146,2194414,0.027
3086,DLY,Financial Services,Asset Management,NYSE,87.46,48,48,44,44,13.21,652364919.1522007,48539058.0,0.77,-13.43,362767,252685,230739,
3087,JATT,Financial Services,Shell Companies,NASDAQ,87.46,48,74,49,42,10.51,83928001.78527832,7800000.0,0.001,-55.77,60280,30703,26506,
3088,FFIN,Financial Services,Banks - Regional,NASDAQ,87.45,48,48,58,33,31.39,4607979568.75042,143327507.0,0.0837,-14.05,877970,783276,729978,0.098
3089,AWK,Utilities,Utilities - Regulated Water,NYSE,87.44,48,63,38,34,127.38,25884450817.25,198728989.0,0.085200004,-12.54,1836710,1926240,2113772,0.062
3090,RTACU,Financial Services,Shell Companies,NASDAQ,87.44,48,39,37,28,10.74,,,0.0,-14.35,880,2263,2696,
3091,MSCI,Financial Services,Financial Data & Stock Exchanges,NYSE,87.42,48,37,62,39,555.38,38963565887.45117,72700000.0,0.022,-13.86,548630,525650,572002,0.122
3092,SBSI,Financial Services,Banks - Regional,NYSE,87.4,48,54,67,64,30.1,915999211.7549896,29807980.0,0.036199998,-16.85,146880,137980,130002,0.083
3093,EXK,Basic Materials,Silver,NYSE,87.4,48,90,36,84,8.32,2546842632.3701534,296144479.0,2.13,-45.08,6926920,7917033,8343206,1.394
3094,WTFC,Financial Services,Banks - Regional,NASDAQ,87.4,48,58,73,66,142.49,9783914822.585709,67465967.0,0.039300002,-14.79,574100,487646,516042,0.102
3095,ELAN,Healthcare,Drug Manufacturers - Specialty & Generic,NYSE,87.4,48,62,78,87,22.36,11057813462.780167,499449583.0,0.1012,-20.09,5836160,5396710,6720418,0.102
3096,NCNO,Technology,Software - Application,NASDAQ,87.38,48,73,21,17,19.09,1975151762.5881195,105736174.0,0.18370001,-30.58,2059990,2484420,2389182,0.082
3097,MRSH,Financial Services,Insurance Brokers,NYSE,87.37,47,44,34,31,173.66,81154547071.01343,477211268.0,0.0123000005,-16.44,2690700,2667500,2441872,0.062
3098,FAF,Financial Services,Insurance - Specialty,NYSE,87.37,47,67,71,61,61.29,6380229171.37146,102100000.0,0.0687,-23.26,1087390,943733,801150,0.15
3099,SDHY,Financial Services,Asset Management,NYSE,87.37,47,47,45,51,15.18,377251025.2987976,24673056.0,0.42,-10.81,75068,68336,63723,
3100,L,Financial Services,Insurance - Property & Casualty,NYSE,87.36,47,56,64,67,105.67,21675470902.054443,204427720.0,0.0287,-12.68,966810,999186,866928,0.039
3101,HMN,Financial Services,Insurance - Property & Casualty,NYSE,87.36,47,64,76,58,45.08,1833077636.0603256,40501054.0,0.038,-18.86,339760,327720,294908,0.077
3102,GVA,Industrials,Engineering & Construction,NYSE,87.36,47,36,57,75,114.67,5327672927.211929,44426893.0,0.1377,-29.25,697390,585060,712190,0.293
3103,BCC,Basic Materials,Lumber & Wood Production,NYSE,87.36,47,57,31,33,72.92,2616502336.954033,34891351.0,0.0678,-20.71,351060,334956,334296,0.052
3104,CSL,Industrials,Building Products & Equipment,NYSE,87.35,47,41,34,36,318.22,13079452416.782501,39714133.0,0.0695,-26.49,464270,620920,559366,0.083
3105,NNDM,Technology,Computer Hardware,NASDAQ,87.35,47,30,29,59,1.55,343667586.92464125,210839011.0,0.048299998,-33.19,1553120,1736926,1790886,0.121
3106,WHLRD,Real Estate,REIT - Retail,NASDAQ,87.35,47,39,47,52,36.39,,,4.87,-13.36,120,380,302,-0.139
3107,MIY,Financial Services,Asset Management,NYSE,87.35,47,59,61,56,11.22,323536259.70983505,28964750.0,0.0037,-13.02,102504,80654,70640,0.039
3108,PUMP,Energy,Oil & Gas Equipment & Services,NYSE,87.35,47,83,93,97,9.28,1138577766.8143272,122823917.0,0.1681,-49.84,3811430,3794330,3544590,-0.062
3109,SCHW,Financial Services,Capital Markets,NYSE,87.35,47,74,55,43,95.58,167226758266.28622,1729335714.0,0.01,-16.55,7393720,8480506,7806760,0.209
3110,TIPT,Financial Services,Asset Management,NASDAQ,87.34,47,39,39,30,17.22,646108670.4058151,37239692.0,0.0345,-10.92,277780,210350,221604,
3111,STNE,Technology,Software - Infrastructure,NASDAQ,87.33,47,22,29,53,11.51,2202188329.5826263,230595632.0,0.0887,-41.4,8092710,6852583,5998456,0.016
3112,MDT,Healthcare,Medical Devices,NYSE,87.32,47,58,28,33,85.51,110491927424.94286,1279137890.0,0.0135,-19.58,30898570,16597433,12678788,0.137
3113,G,Technology,Information Technology Services,NYSE,87.32,47,31,18,23,33.65,5593865562.870094,168034407.0,0.074099995,-30.82,1790800,1944443,2244226,0.071
3114,IMNM,Healthcare,Biotechnology,NASDAQ,87.32,47,95,89,93,19.09,2366933191.398403,113250394.0,0.1672,-36.49,1524360,1245343,1229910,
3115,SEG,Real Estate,Real Estate Services,NYSE,87.32,47,70,71,55,22.5,286677404.9298096,12809536.0,0.0866,-24.01,100880,73710,78264,-0.148
3116,DNP,Financial Services,Asset Management,NYSE,87.3,47,61,68,64,9.66,3606178941.2632904,376821218.0,0.0023999999,-13.44,1143908,908116,767919,0.043
3117,PHUN,Technology,Software - Application,NASDAQ,87.29,47,39,34,27,2.07,40925350.0,20462675.0,0.026400002,-33.91,57730,83983,84458,0.756
3118,AMH,Real Estate,REIT - Residential,NYSE,87.29,47,53,60,30,30.0,10888002557.295122,359815019.0,0.0467,-14.46,3531900,2966183,2646026,0.028
3119,AGD,Financial Services,Asset Management,NYSE,87.28,47,61,63,67,11.16,296447788.4135113,26118747.0,0.68,-20.17,109294,89881,89932,0.187
3120,MEGI,Financial Services,Asset Management,NYSE,87.27,47,59,65,69,13.49,694834598.7545586,52047534.0,0.24,-15.1,188887,148835,138483,
3121,BDC,Technology,Communication Equipment,NYSE,87.27,47,45,26,61,109.41,4394733324.082848,39078191.0,0.16700001,-31.61,355650,412340,424654,0.116
3122,SIGI,Financial Services,Insurance - Property & Casualty,NASDAQ,87.26,47,65,72,35,83.81,5098520677.061371,59569119.0,0.0334,-16.52,452740,448623,435346,0.045
3123,WMG,Communication Services,Entertainment,NASDAQ,87.23,47,39,32,37,28.16,14027188735.105757,523109769.0,0.083900005,-20.5,2249710,1989873,2167120,0.104
3124,WAFDP,Financial Services,Banks - Regional,NASDAQ,87.23,47,53,52,55,15.16,,,0.67,-13.32,28504,21101,16446,0.056
3125,DPG,Financial Services,Asset Management,NYSE,87.23,47,61,67,73,13.01,461842777.4236393,35997099.0,0.0008,-14.13,101323,81777,69216,
3126,NPFD,Financial Services,Asset Management,NYSE,87.22,47,47,50,54,17.46,424563949.9956894,24164141.0,0.0064,-13.13,63353,60607,64622,0.068
3127,FRA,Financial Services,Asset Management,NYSE,87.22,47,44,37,35,10.31,371710603.30962753,35434758.0,0.0018000001,-20.94,197488,156822,155617,-0.206
3128,OIA,Financial Services,Asset Management,NYSE,87.22,47,46,56,56,5.7,268418282.6288638,47931837.0,0.001,-10.94,376416,211035,180123,0.044
3129,IBOC,Financial Services,Banks - Regional,NASDAQ,87.2,47,42,60,57,68.11,4343455110.007874,62191514.0,0.044299997,-13.19,382900,371670,346818,-0.0
3130,MTX,Basic Materials,Specialty Chemicals,NYSE,87.2,47,52,64,70,65.11,2067883669.1597443,31128762.0,0.047399998,-22.8,169900,184746,213448,0.037
3131,PB,Financial Services,Banks - Regional,NYSE,87.2,47,57,57,45,65.95,8097510499.90464,120176771.0,0.0424,-14.57,1234680,1082180,1009222,0.259
3132,CINF,Financial Services,Insurance - Property & Casualty,NASDAQ,87.19,47,58,67,60,161.61,24855768919.372177,153478045.0,0.0286,-17.04,643680,631120,596020,0.316
3133,BTT,Financial Services,Asset Management,NYSE,87.19,47,42,48,54,21.63,1395941551.3196354,63625411.0,0.0004,-6.93,141020,116830,95726,0.006
3134,PPT,Financial Services,Asset Management,NYSE,87.18,47,43,40,48,3.25,312505844.1671939,95567537.0,0.0008,-13.1,179977,122272,128747,-0.191
3135,ACGL,Financial Services,Insurance - Diversified,NASDAQ,87.17,47,57,59,58,94.33,31939045672.925674,341229126.0,0.025,-11.92,3501070,3914320,2992872,-0.105
3136,AVNW,Technology,Communication Equipment,NASDAQ,87.16,47,30,35,56,20.84,264735830.42671967,12801539.0,0.08140001,-22.87,105690,168770,158984,0.048
3137,ESLT,Industrials,Aerospace & Defense,NASDAQ,87.16,47,65,68,92,669.13,32627141512.875,46862592.0,0.0086,-34.14,89220,75490,80004,0.159
3138,HYPD,Healthcare,Biotechnology,NASDAQ,87.16,47,62,11,81,3.59,56704795.62996197,15202358.0,0.082399994,-68.54,493530,570750,513348,
3139,WIA,Financial Services,Asset Management,NYSE,87.14,47,42,44,50,7.56,178182040.36614275,23322257.0,0.49,-11.48,66429,47096,38399,-0.013
3140,SHLS,Technology,Solar,NASDAQ,87.08,47,30,88,60,8.39,1396889617.100668,168299950.0,0.1172,-36.34,3839510,4327770,4858320,0.474
3141,ERC,Financial Services,Asset Management,NYSE ARCA,87.07,47,56,51,54,8.54,237896219.63798904,28053801.0,0.87,-12.68,92877,71405,64767,-0.047
3142,LNN,Industrials,Farm & Heavy Construction Machinery,NYSE,87.04,47,44,34,23,113.33,1162811984.2335129,10168885.0,0.111099996,-23.43,131850,163520,144052,-0.051
3143,BLSH,Technology,Software - Infrastructure,NYSE,87.03,47,39,8,23,31.82,5190922814.160896,151648346.0,0.1511,-54.87,915930,1402613,1525374,0.688
3144,LWLG,Basic Materials,Specialty Chemicals,NASDAQ,87.03,47,55,94,99,5.43,878753324.0949297,154167255.0,0.1691,-70.98,3299230,2808960,2903550,0.279
3145,VUZI,Technology,Consumer Electronics,NASDAQ,87.02,47,28,22,36,2.69,251554407.01007366,84414230.0,0.23719999,-52.14,1132630,828860,948826,-0.141
3146,VTOL,Energy,Oil & Gas Equipment & Services,NYSE,87.01,47,60,54,83,39.96,1193386870.2468872,29642000.0,0.0448,-20.68,196270,286500,264120,0.094
3147,SUZ,Basic Materials,Paper & Paper Products,NYSE,87.0,47,53,27,51,8.42,10468266137.0,1231560722.0,0.0113,-27.0,2851830,2845756,3179026,-0.128
3148,SSTI,Technology,Software - Application,NASDAQ,86.99,47,15,39,12,8.32,110293463.9498291,13240512.0,0.04,-31.47,623860,268993,232984,-0.077
3149,HGBL,Financial Services,Capital Markets,NASDAQ,86.99,47,48,21,27,1.29,44684882.72861004,34639445.0,0.0023999999,-21.82,71110,126476,223216,-0.143
3150,PRME,Healthcare,Biotechnology,NASDAQ,86.98,47,52,21,76,3.9,540503034.339489,181376856.0,0.22649999,-43.8,5487500,3666276,3285516,0.035
3151,ABCB,Financial Services,Banks - Regional,NYSE,86.97,47,59,73,73,78.87,5465213707.996033,67107239.0,0.0591,-15.39,457260,458613,404034,0.036
3152,KYIV,Communication Services,Telecom Services,NASDAQ,86.96,47,64,81,43,12.51,2888354189.0850677,230883624.0,0.0521,-24.41,405900,396976,387516,0.194
3153,SA,Basic Materials,Gold,NYSE,86.95,47,85,51,89,26.68,2909286621.450714,107871216.0,0.044,-33.4,539230,527090,668190,
3154,EXR,Real Estate,REIT - Industrial,NYSE,86.94,47,37,53,41,131.7,28151668603.5,211269558.0,0.0315,-17.11,1339450,1431306,1275788,0.038
3155,RTX,Industrials,Aerospace & Defense,NYSE,86.94,47,70,61,75,180.26,248903964162.64453,1347758144.0,0.0101,-20.55,3756200,3868026,4209052,0.145
3156,PAAS,Basic Materials,Gold,NYSE,86.91,47,77,38,88,44.35,18869264484.077454,414618000.0,1.41,-36.63,2857800,3522536,4175784,0.384
3157,AHRT,Real Estate,REIT - Diversified,NYSE,86.9,46,48,70,29,6.02,449795757.41023254,74592992.0,0.045300003,-17.87,1828120,1087676,916576,0.039
3158,TPG,Financial Services,Asset Management,NASDAQ,86.9,46,58,27,20,44.51,7447159682.805679,166715021.0,0.075100005,-36.76,2677240,2583340,2892508,1.102
3159,AXIL,Technology,Consumer Electronics,NYSE ARCA,86.89,46,54,38,68,5.98,42065314.41015053,6817717.0,0.002,-39.35,17260,20510,25446,0.489
3160,FULTP,Financial Services,Banks - Regional,NASDAQ,86.89,46,37,39,50,17.08,,,0.37,-15.74,9851,8073,10766,0.137
3161,LKFT,Healthcare,Biotechnology,NASDAQ,86.89,46,28,35,33,30.0,1923284812.8569221,65484670.0,0.085200004,-18.92,314590,306703,297130,-0.815
3162,VTVT,Healthcare,Biotechnology,NASDAQ,86.85,46,77,73,90,31.01,120871577.75335693,3953928.0,0.0668,-29.52,39590,44286,61978,
3163,FGBIP,Financial Services,Banks - Regional,NASDAQ,86.85,46,53,71,38,16.95,,,0.2,-21.02,8579,5759,5413,1.768
3164,CTRE,Real Estate,REIT - Healthcare Facilities,NYSE,86.85,46,60,69,76,35.82,8577442943.422596,236293199.0,0.082100004,-17.88,2987070,2411373,2369618,0.435
3165,HYFT,Healthcare,Biotechnology,NASDAQ,86.85,46,20,32,75,1.5,63129636.69252157,47111668.0,0.015700001,-49.83,351730,250676,207862,0.213
3166,HERZ,Financial Services,Asset Management,NASDAQ,86.84,46,49,69,63,14.85,30830837.461209297,2017725.0,0.0038,-47.53,18790,26270,25284,1.943
3167,ATR,Healthcare,Medical Instruments & Supplies,NYSE,86.84,46,42,36,36,120.43,7624013411.231049,63581129.0,0.0347,-18.02,476350,439726,455066,0.063
3168,WTM,Financial Services,Insurance - Property & Casualty,NYSE,86.83,46,51,55,74,2031.5,4823372308.2052,2386721.0,0.0585,-12.92,15390,19873,20670,0.225
3169,GLRE,Financial Services,Insurance - Reinsurance,NASDAQ,86.82,46,54,65,85,14.77,489205108.0,33166448.0,0.032,-23.83,121590,133773,134644,-0.103
3170,REGCP,Real Estate,REIT - Retail,NASDAQ,86.81,46,51,47,52,21.99,,,0.66,-11.15,7763,4177,3822,0.089
3171,FOF,Financial Services,Asset Management,NYSE,86.81,46,52,59,62,12.44,347819300.0,27825544.0,0.0005,-17.29,83631,70390,61476,
3172,CBU,Financial Services,Banks - Regional,NYSE,86.81,46,55,69,57,59.22,3193259202.1930504,52615905.0,0.0541,-16.72,275430,276953,250968,0.12
3173,CEPU,Utilities,Utilities - Regulated Electric,NYSE,86.8,46,57,73,79,12.54,1751302025.5981293,149940238.0,0.0025,-32.23,247570,258350,250804,2.247
3174,BMHL,Financial Services,Capital Markets,NASDAQ,86.8,46,88,94,31,4.13,114789624.90536213,25520147.0,0.0019,-34.96,7600,3530,2396,-0.315
3175,ASND,Healthcare,Biotechnology,NASDAQ,86.79,46,80,78,79,228.41,14994675581.233154,65803642.0,0.0713,-19.05,814400,822233,705726,1.147
3176,NEXT,Energy,Oil & Gas Equipment & Services,NASDAQ,86.78,46,43,72,70,6.66,1724881610.9170842,266185433.0,0.14729999,-27.92,2607190,2492076,2525290,
3177,TSLX,Financial Services,Asset Management,NYSE,86.78,46,35,27,30,17.18,1717129955.2123127,95343139.0,0.0548,-25.92,503450,430443,459998,-0.149
3178,REG,Real Estate,REIT - Retail,NASDAQ,86.74,46,50,64,69,70.8,13111430885.78022,183120547.0,0.045100003,-15.37,1204380,1303036,1308814,0.089
3179,BRX,Real Estate,REIT - Retail,NYSE,86.72,46,50,72,73,26.84,8405232547.940002,306872316.0,0.0932,-18.32,3814130,3320796,2874084,0.043
3180,HOV,Consumer Cyclical,Residential Construction,NYSE,86.71,46,53,64,30,111.26,680885153.5179291,5859597.0,0.095,-25.07,94690,109346,126872,-0.118
3181,MELI,Consumer Cyclical,Internet Retail,NASDAQ,86.7,46,51,31,25,1872.78,86010169371.63574,50696802.0,0.0163,-22.87,648240,591036,553638,0.498
3182,FSCO,Financial Services,Asset Management,NYSE,86.7,46,53,25,24,4.91,1033597912.9559112,202269645.0,0.0101,-31.33,1215393,1008461,953862,
3183,FTF,Financial Services,Asset Management,NYSE ARCA,86.69,46,51,42,46,5.37,216976853.7559719,40405374.0,0.32,-16.36,295575,210085,205257,-0.048
3184,AFYA,Consumer Defensive,Education & Training Services,NASDAQ,86.68,46,36,35,59,13.9,1081203823.1462326,88478216.0,0.28959998,-13.99,604200,396773,284600,0.057
3185,KRG,Real Estate,REIT - Retail,NYSE,86.65,46,58,79,73,23.75,4952793054.948013,203066551.0,0.1021,-20.62,2334140,2147936,2387338,-0.08
3186,APEI,Consumer Defensive,Education & Training Services,NASDAQ,86.65,46,58,86,93,46.05,800326467.0122185,18301543.0,0.122,-25.23,263310,252773,289032,0.055
3187,MAGN,Consumer Defensive,Household & Personal Products,NYSE,86.64,46,34,60,20,11.66,415452002.71606445,35600000.0,0.056799997,-24.87,378610,371766,419484,0.021
3188,FE,Utilities,Utilities - Regulated Electric,NYSE,86.63,46,50,59,70,44.58,25069207212.761593,578431175.0,0.069299996,-14.83,4840640,4359450,4389026,0.088
3189,CRWV,Technology,Software - Infrastructure,NASDAQ,86.62,46,55,14,86,88.45,49428711786.08052,551536602.0,0.17639999,-42.27,23961540,26631673,29004848,1.125
3190,GS,Financial Services,Capital Markets,NYSE,86.6,46,75,86,76,887.21,262799665293.6123,291171408.0,0.0239,-23.12,2033770,2016696,2004748,0.425
3191,IOR,Financial Services,Mortgage Finance,NYSE ARCA,86.59,46,57,55,47,17.37,69125026.0,4066178.0,0.0058,-19.4,220,243,252,
3192,ETX,Financial Services,Asset Management,NYSE,86.59,46,37,49,50,17.44,190683813.0246277,10902448.0,0.0018000001,-12.8,36979,28609,23767,
3193,BETA,Industrials,Aerospace & Defense,NYSE,86.57,46,36,18,8,20.26,5186473318.048286,233941060.0,0.0733,-48.71,1994260,3286003,2800950,1.457
3194,PIM,Financial Services,Asset Management,NYSE,86.56,46,47,40,50,2.99,144071180.04952168,48184341.0,0.0002,-13.08,106840,79463,66918,-0.132
3195,MGIH,Consumer Cyclical,Packaging & Containers,NASDAQ,86.52,46,37,56,29,1.48,16762500.10728836,11250000.0,0.0324,-40.32,17420,14053,348374,-0.233
3196,MIN,Financial Services,Asset Management,NYSE,86.52,46,38,39,39,2.31,265149885.85788345,113798238.0,1.02,-13.81,235640,278246,227202,-0.023
3197,ARI,Real Estate,REIT - Mortgage,NYSE,86.51,46,47,56,75,6.23,794914952.145484,128212093.0,0.0368,-44.57,3559380,2739060,3000722,5.249
3198,NBIX,Healthcare,Drug Manufacturers - Specialty & Generic,NASDAQ,86.5,46,55,82,50,143.47,14554128991.079163,101649181.0,0.0634,-22.92,1515120,1276386,1347520,0.395
3199,MUJ,Financial Services,Asset Management,NYSE,86.47,46,50,59,59,11.18,600991617.5442524,53185098.0,0.0057,-11.83,203383,150557,121934,0.02
3200,TWAV,Financial Services,Asset Management,NASDAQ,86.47,46,15,9,12,1.67,6087234.03336823,3877219.0,0.0056,-47.98,80380,61580,55356,-0.118
3201,ZTR,Financial Services,Asset Management,NYSE,86.47,46,60,63,68,6.08,299461670.52737236,49993603.0,0.69,-14.49,188478,138292,124417,
3202,NVST,Healthcare,Medical Instruments & Supplies,NYSE,86.46,46,72,67,83,23.04,3768091306.0900955,160617709.0,0.0714,-24.26,2457290,2660536,2908758,0.071
3203,SBGI,Communication Services,Broadcasting,NASDAQ,86.44,46,42,36,71,13.05,898913507.8697205,72318060.0,0.2913,-27.01,512880,470140,487556,0.071
3204,SKYH,Real Estate,Real Estate - Development,NYSE,86.43,46,64,33,57,9.52,367727480.5700226,39583152.0,0.122200005,-18.6,228190,169590,185980,0.496
3205,SPH,Utilities,Utilities - Regulated Gas,NYSE,86.43,46,33,43,50,16.97,1112095496.3797512,66712387.0,0.0057,-18.41,213240,204870,215960,0.005
3206,DTM,Energy,Oil & Gas Midstream,NYSE,86.42,46,54,80,76,122.69,12343850816.0,102015296.0,0.070700005,-19.75,839350,920246,973582,0.11
3207,KBDC,Financial Services,Asset Management,NYSE,86.42,46,33,42,47,12.4,836699057.7382851,66037810.0,0.0083,-21.87,422238,365442,389077,
3208,PXLW,Technology,Semiconductors,NASDAQ,86.41,46,41,27,16,6.36,42527234.05921316,6049393.0,0.013200001,-58.75,19690,25723,31764,-0.597
3209,GAB,Financial Services,Asset Management,NYSE,86.38,46,53,51,55,5.2,1799308082.206688,343379420.0,0.0,-17.55,1228224,1019851,883328,0.366
3210,AMX,Communication Services,Telecom Services,NYSE,86.37,46,49,76,85,22.31,63634748236.465454,2988950000.0,0.0058999998,-21.61,2757640,2771460,2894666,0.031
3211,GBR,Real Estate,Real Estate Services,NYSE ARCA,86.37,46,26,21,25,0.74,3951589.082116127,5131934.0,0.0049,-43.51,148420,98646,69804,0.025
3212,SID,Basic Materials,Steel,NYSE,86.36,46,40,15,23,1.23,1538268934.2568393,1326093947.0,0.0054,-44.09,11115670,8791456,6964374,0.057
3213,FMY,Financial Services,Asset Management,NYSE,86.36,46,47,40,49,10.98,46639181.76425934,4213115.0,1.33,-11.17,4247,3765,3527,-0.27
3214,TFIN,Financial Services,Banks - Regional,NYSE,86.36,46,51,83,59,61.91,1485762317.952034,23894537.0,0.126,-25.87,242250,227326,203870,0.119
3215,JLS,Financial Services,Asset Management,NYSE,86.33,46,38,40,56,16.25,89597621.06266785,5476627.0,0.00090000004,-14.38,34890,24013,27468,
3216,GENI,Communication Services,Internet Content & Information,NYSE,86.33,46,31,36,6,6.34,1611114276.035421,267626957.0,0.15609999,-48.83,9104350,7229453,7039926,0.647
3217,WMT,Consumer Defensive,Discount Stores,NASDAQ,86.31,46,30,48,72,108.16,827172400034.9705,7933746241.0,0.0183,-19.98,22215010,22956723,24682690,0.059
3218,CWCO,Utilities,Utilities - Regulated Water,NASDAQ,86.3,45,28,26,51,30.25,482787873.64157677,16012865.0,0.0477,-22.67,105000,91400,91556,-0.021
3219,OSTX,Healthcare,Biotechnology,NYSE ARCA,86.29,45,55,60,28,1.55,75824472.82318473,46805230.0,0.048499998,-31.11,945250,822673,630204,
3220,JMM,Financial Services,Asset Management,NYSE,86.28,45,41,38,41,5.53,52799912.27807999,9462350.0,0.0043,-13.46,12629,9343,8987,-0.01
3221,SFBS,Financial Services,Banks - Regional,NYSE,86.27,45,63,63,39,38.18,4390202719.8472595,109345020.0,0.0647,-17.07,647210,663953,571600,0.301
3222,ZBH,Healthcare,Medical Devices,NYSE,86.26,45,51,37,48,88.49,16840230736.43557,190737689.0,0.059299998,-17.21,2035100,1978260,2152208,0.048
3223,IRS,Real Estate,Real Estate Services,NYSE,86.25,45,59,52,63,13.99,1130249277.595067,84599499.0,0.0178,-26.91,201500,187493,160304,0.041
3224,NGG,Utilities,Utilities - Regulated Electric,NYSE,86.25,45,42,58,72,76.11,76529665225.12358,1005381798.0,0.0014,-19.58,944050,926573,863816,0.02
3225,FIZZ,Consumer Defensive,Beverages - Non-Alcoholic,NASDAQ,86.24,45,32,34,29,29.6,2838318904.0718536,93612102.0,0.17709999,-22.53,399960,406883,372162,0.0
3226,TOL,Consumer Cyclical,Residential Construction,NYSE,86.22,45,36,67,64,133.86,12588201726.242065,92147000.0,0.0519,-20.49,1169280,1065366,994038,-0.097
3227,VBF,Financial Services,Asset Management,NYSE,86.21,45,38,41,48,14.09,161779258.49666977,11425089.0,0.0047999998,-11.16,45264,73971,68246,-0.042
3228,IBN,Financial Services,Banks - Regional,NYSE,86.2,45,52,36,29,27.86,98487786183.88225,3589204966.0,0.0114,-15.65,4428010,4622413,4987620,0.114
3229,GLU,Financial Services,Asset Management,NYSE ARCA,86.19,45,57,59,66,17.55,104557874.32142258,5991855.0,0.00059999997,-19.09,8905,7181,7795,0.224
3230,BNL,Real Estate,REIT - Diversified,NYSE,86.19,45,67,77,74,18.28,3797387100.971489,204600604.0,0.1409,-20.87,1781570,1871763,2150678,0.083
3231,APO,Financial Services,Asset Management,NYSE,86.19,45,55,35,27,115.55,67333729006.76583,590543159.0,0.0434,-24.62,3163090,2753646,3170486,0.638
3232,MHO,Consumer Cyclical,Residential Construction,NYSE,86.18,45,54,70,35,129.32,3407141118.6761627,25283031.0,0.074,-20.98,195600,203596,208220,-0.085
3233,REGCO,Real Estate,REIT - Retail,NASDAQ,86.18,45,46,41,49,20.8,,,0.76,-14.19,4010,3983,3228,0.089
3234,CXT,Industrials,Business Equipment & Supplies,NYSE,86.18,45,68,39,24,48.16,2807840338.8547363,57561304.0,0.19229999,-30.2,496650,530516,540630,0.22
3235,STAG,Real Estate,REIT - Industrial,NYSE,86.17,45,43,59,63,35.28,6950557880.602776,192803274.0,0.053200003,-17.2,1936100,1671130,1615698,0.081
3236,DAIO,Technology,Electronic Components,NASDAQ,86.16,45,24,75,30,2.9,30978968.65828085,10395627.0,0.0007,-35.41,19890,22416,31926,-0.134
3237,MCN,Financial Services,Asset Management,NYSE,86.16,45,51,40,54,5.24,110425657.00502396,20993470.0,0.23,-18.0,67340,58036,57428,
3238,ENSG,Healthcare,Medical Care Facilities,NASDAQ,86.15,45,47,34,77,169.22,10011756441.37445,58282434.0,0.0306,-22.38,353220,361650,347332,0.173
3239,WTW,Financial Services,Insurance Brokers,NASDAQ,86.15,45,62,34,31,290.67,26803768377.141235,92871937.0,0.030199999,-17.61,552560,517450,547726,0.091
3240,BMRN,Healthcare,Biotechnology,NASDAQ,86.13,45,71,54,36,55.2,11068547598.694023,193573759.0,0.052199997,-22.23,2189420,2031350,2143200,0.199
3241,NMAD,Industrials,Electrical Equipment & Parts,NASDAQ,86.13,45,19,94,75,4.25,66336398.317379,16101068.0,0.060900003,-49.28,157200,203700,255162,
3242,ACNT,Basic Materials,Specialty Chemicals,NASDAQ,86.13,45,68,62,42,13.6,124060171.93420029,9009453.0,0.018099999,-24.11,26100,29936,40684,0.376
3243,ECVT,Basic Materials,Specialty Chemicals,NYSE,86.13,45,37,69,92,10.31,1107820175.232336,109468398.0,0.048899997,-31.65,1095420,1247650,1281846,0.42
3244,INVH,Real Estate,REIT - Residential,NYSE,86.12,45,51,64,31,25.86,15379829345.771713,590623226.0,0.0361,-16.29,5340400,5353243,4729790,0.101
3245,DSU,Financial Services,Asset Management,NYSE,86.11,45,43,46,48,8.88,578511700.7601852,64782943.0,0.0134000005,-15.75,418045,316915,293007,-0.018
3246,LMT,Industrials,Aerospace & Defense,NYSE,86.1,45,53,36,73,499.22,116643955318.91098,230790753.0,0.0125,-27.86,1055060,1122533,1116382,0.105
3247,HESM,Energy,Oil & Gas Midstream,NYSE,86.09,45,66,70,64,33.03,4845245757.75,128350881.0,0.0756,-20.29,2484950,1721740,1557028,-0.037
3248,MSD,Financial Services,Asset Management,NYSE,86.08,45,52,50,53,6.65,135751909.7017622,20231283.0,0.63,-16.25,89098,77946,63897,-0.061
3249,IONQ,Technology,Computer Hardware,NYSE,86.06,45,21,29,54,41.34,17732787848.576385,405135656.0,0.1004,-51.16,23821690,22522280,21593964,2.868
3250,GMED,Healthcare,Medical Devices,NYSE,86.06,45,35,46,80,73.75,10150200493.532578,134261914.0,0.061,-27.27,1615790,1501560,1457906,0.059
3251,LAD,Consumer Cyclical,Auto & Truck Dealerships,NYSE,86.05,45,77,53,28,287.37,6765743369.806274,21983116.0,0.1336,-34.61,337340,290566,310798,0.022
3252,ACRV,Healthcare,Biotechnology,NASDAQ,86.05,45,79,84,33,1.88,85278190.7886815,42853362.0,0.0419,-47.19,240310,287573,344314,
3253,BRT,Real Estate,REIT - Residential,NYSE,86.05,45,39,52,37,13.47,249950587.68453312,18793277.0,0.0304,-14.8,68950,58503,52142,-0.001
3254,DASH,Consumer Cyclical,Internet Retail,NASDAQ,86.03,45,62,32,23,191.24,81958302138.90927,433297937.0,0.0401,-33.02,4148880,3992876,4210774,0.356
3255,USLM,Basic Materials,Building Materials,NASDAQ,86.03,45,50,24,69,110.27,3184695237.914955,28688363.0,0.0937,-22.04,119470,141696,150258,0.083
3256,MHH,Industrials,Staffing & Employment Services,NYSE ARCA,86.03,45,64,63,29,6.77,85889955.295609,12012581.0,0.0099,-19.12,6120,7306,9940,-0.156
3257,RF,Financial Services,Banks - Regional,NYSE,86.03,45,68,74,69,26.7,23087289937.585316,851929506.0,0.0859,-17.77,10590910,8818053,8347532,0.034
3258,VTEX,Technology,Software - Application,NYSE,86.02,45,31,35,37,3.84,622274350.6088233,170486119.0,0.047,-16.88,695280,718560,791680,0.095
3259,RDN,Financial Services,Insurance - Specialty,NYSE,86.02,45,61,62,56,33.7,4309053886.884842,132301318.0,0.0505,-17.9,2549413,1600587,1363364,0.935
3260,TFII,Industrials,Trucking,NYSE,86.02,45,70,88,84,112.35,9772751511.316612,82193031.0,7.26,-33.0,393670,270083,284202,0.124
3261,BCS,Financial Services,Banks - Diversified,NYSE,85.99,45,76,80,71,23.0,79145529450.99979,3338065479.0,1.92,-19.83,5378590,4623216,4029738,0.156
3262,RIV,Financial Services,Asset Management,NYSE,85.99,45,43,58,57,10.34,322337331.87690544,30728059.0,0.040700004,-14.9,73404,121491,140678,
3263,IR,Industrials,Specialty Industrial Machinery,NYSE,85.97,45,35,32,48,77.24,29515116445.62197,387999429.0,0.0397,-23.49,4984110,4514850,4351248,0.085
3264,AX,Financial Services,Banks - Regional,NYSE,85.96,45,59,63,71,87.68,5045358994.883858,56734049.0,0.0804,-17.08,367630,379500,353468,0.181
3265,HWM,Industrials,Aerospace & Defense,NYSE,85.94,45,58,81,83,222.75,92230801250.5934,398801399.0,0.0249,-28.15,2296910,3485156,2951550,0.241
3266,KR,Consumer Defensive,Grocery Stores,NYSE,85.93,45,25,28,50,59.25,34862450240.06653,590588700.0,0.0504,-22.63,8329110,7629590,7022022,0.02
3267,AEE,Utilities,Utilities - Regulated Electric,NYSE,85.93,45,53,62,65,101.32,27667715180.826843,276843251.0,0.0498,-14.37,2570840,1856833,1749728,-0.062
3268,JBS,Consumer Defensive,Packaged Foods,NYSE,85.91,45,36,26,79,12.24,38386874559.93854,3289363694.0,0.168,-34.37,6281700,5425786,5728408,0.138
3269,IVT,Real Estate,REIT - Retail,NYSE,85.91,45,57,77,71,29.31,2370544272.6535892,77978431.0,0.083500005,-21.25,755070,676166,658328,0.126
3270,HEPS,Consumer Cyclical,Internet Retail,NASDAQ,85.89,45,38,59,50,2.65,871629508.4405899,357225200.0,0.0714,-20.42,321920,493100,361208,0.362
3271,CHA,Consumer Cyclical,Restaurants,NASDAQ,85.88,45,40,26,11,11.16,2094581232.1554794,190763326.0,0.0715,-36.81,697040,1203113,918424,0.025
3272,EAD,Financial Services,Asset Management,NYSE ARCA,85.87,45,42,40,52,6.0,356326798.4780655,59092336.0,0.003,-15.01,317217,267569,266649,-0.096
3273,DTI,Energy,Oil & Gas Equipment & Services,NASDAQ,85.86,45,41,27,80,2.36,80796291.61408997,35282224.0,0.0075,-49.68,84280,166470,197308,-0.034
3274,VNT,Technology,Scientific & Technical Instruments,NYSE,85.86,45,33,19,39,32.27,4280431979.370117,135200000.0,0.1154,-33.05,1326720,1306106,1450846,-0.022
3275,IDA,Utilities,Utilities - Regulated Electric,NYSE,85.85,45,53,69,71,132.04,7680844501.626205,57842043.0,0.1146,-14.76,715920,606073,555886,0.042
3276,F,Consumer Cyclical,Auto Manufacturers,NYSE,85.83,45,59,68,60,12.12,48249909091.84703,3987595667.0,0.0,-31.83,42300510,46014720,46004356,-0.038
3277,DORM,Consumer Cyclical,Auto Parts,NASDAQ,85.8,44,41,68,25,122.87,3651881478.6297607,29675618.0,0.0796,-25.08,267940,215713,259438,0.007
3278,IQMX,Technology,Computer Hardware,NASDAQ,85.8,44,39,76,52,10.45,4908093345.897484,474211900.0,2.29,-30.79,202690,352570,353518,0.277
3279,BGH,Financial Services,Asset Management,NYSE,85.8,44,50,43,46,13.01,263682058.72824955,20082411.0,0.0016,-15.79,116587,90199,86451,
3280,UTG,Financial Services,Asset Management,NYSE ARCA,85.79,44,53,58,72,36.6,3249611052.3620605,92109160.0,0.0017,-16.63,422595,369258,329651,-0.038
3281,NGS,Energy,Oil & Gas Equipment & Services,NYSE,85.79,44,65,84,87,33.24,427836089.8325348,12898285.0,0.0378,-25.49,106430,110820,119706,0.242
3282,CCXI,Financial Services,Shell Companies,NASDAQ,85.79,44,84,91,40,11.24,667842987.2512817,55700000.0,0.1014,-42.92,2632530,2166410,2513508,
3283,MDXG,Healthcare,Biotechnology,NASDAQ,85.78,44,40,23,9,4.61,669838459.267807,145934300.0,0.0933,-42.16,1061830,1112593,1282272,-0.347
3284,HLN,Healthcare,Drug Manufacturers - Specialty & Generic,NYSE,85.78,44,40,47,45,9.02,38699225121.1831,4397639123.0,0.005,-20.04,18564680,18392753,14746658,0.022
3285,BPRE,Financial Services,Asset Management,NYSE,85.75,44,23,28,61,12.8,,,0.24,-29.92,952443,949311,906680,
3286,FHN,Financial Services,Banks - Regional,NYSE,85.75,44,59,65,65,22.99,11095861076.506329,473777158.0,0.0001,-13.44,5349560,4994256,4941334,0.09
3287,UHT,Real Estate,REIT - Healthcare Facilities,NYSE,85.75,44,54,61,66,37.29,508969793.2346039,13898684.0,0.0438,-19.46,207000,137543,123736,0.007
3288,AWF,Financial Services,Asset Management,NYSE,85.75,44,43,39,50,9.54,830391809.0082035,86229678.0,0.68,-14.29,347460,289013,290848,-0.046
3289,SR,Utilities,Utilities - Regulated Gas,NYSE,85.74,44,50,39,72,77.82,4583607108.899391,59112807.0,0.0668,-18.35,455090,533130,505048,0.192
3290,PFO,Financial Services,Asset Management,NYSE,85.74,44,45,47,52,8.5,112595772.37025642,13077326.0,1.99,-13.97,30804,25534,26602,0.01
3291,BLW,Financial Services,Asset Management,NYSE,85.73,44,43,41,38,11.77,458241040.5205765,39099064.0,0.0061000003,-16.88,302530,216023,184470,-0.084
3292,SHW,Basic Materials,Specialty Chemicals,NYSE,85.72,44,42,37,37,315.0,77563659196.69507,242758151.0,0.026500002,-16.62,1706610,1668063,1714226,0.075
3293,MDGL,Healthcare,Biotechnology,NASDAQ,85.72,44,72,75,80,487.72,11538200383.383606,23104126.0,0.114700004,-20.7,251010,234333,294606,0.712
3294,LSE,Energy,Oil & Gas Equipment & Services,NASDAQ,85.72,44,66,31,30,4.5,76612500.0,17025000.0,0.0029,-35.53,7330,5176,5444,-0.256
3295,JGH,Financial Services,Asset Management,NYSE,85.72,44,47,50,55,11.54,325978455.12166214,28125837.0,0.0023999999,-15.77,79562,66944,62968,
3296,CAF,Financial Services,Asset Management,NYSE,85.72,44,58,81,71,17.64,236231311.87177658,13353946.0,0.5,-17.61,12057,9992,12533,
3297,INKT,Healthcare,Biotechnology,NASDAQ,85.72,44,34,18,69,11.42,63481342.738695145,5103002.0,0.0224,-32.53,26750,18073,14372,
3298,SIGIP,Financial Services,Insurance - Property & Casualty,NASDAQ,85.71,44,37,38,38,15.14,,,0.06,-18.6,10114,9114,7896,0.045
3299,EPAC,Industrials,Specialty Industrial Machinery,NYSE,85.7,44,41,30,26,35.08,1822545672.2280579,51137646.0,0.0494,-22.04,453440,427923,380890,0.056
3300,VMRK,Real Estate,REIT - Residential,NYSE,85.69,44,54,66,37,59.29,46264254293.21594,773779120.0,0.027,-17.08,4828760,5887150,5467800,0.033
3301,KEY,Financial Services,Banks - Regional,NYSE,85.68,44,63,74,75,19.83,21427941282.904552,1067128554.0,0.0001,-17.62,14824220,14026783,12176740,0.101
3302,RLI,Financial Services,Insurance - Property & Casualty,NYSE,85.66,44,60,52,31,55.54,5133781493.968964,91773000.0,0.1037,-17.25,801570,672726,690200,0.152
3303,ELS,Real Estate,REIT - Residential,NYSE,85.65,44,38,52,53,57.98,11304264056.75,194064619.0,0.0642,-15.97,1837320,1636730,1518866,0.064
3304,BXP,Real Estate,REIT - Office,NYSE,85.64,44,52,63,25,59.42,9651541182.0121,159661556.0,0.103199996,-21.75,1237570,1338193,1361444,0.037
3305,TR,Consumer Defensive,Confectioners,NYSE,85.61,44,38,37,71,36.91,2855444623.598694,75163056.0,0.078200005,-18.09,198830,168026,157564,-0.006
3306,XLO,Healthcare,Biotechnology,NASDAQ,85.61,44,54,35,25,9.01,59287180.0360775,6580153.0,0.0701,-28.41,7360,9540,10714,1.312
3307,GEL,Energy,Oil & Gas Midstream,NYSE,85.59,44,39,30,63,14.32,1717111191.2105312,122214318.0,0.039100002,-23.18,276380,302646,278496,0.41
3308,LAW,Technology,Software - Application,NYSE,85.59,44,26,27,24,4.3,271364606.55578375,64919765.0,0.049200002,-52.8,142180,186680,207902,0.132
3309,DOV,Industrials,Specialty Industrial Machinery,NYSE,85.59,44,36,62,71,188.29,25547492209.059143,134680225.0,0.0357,-20.73,1194120,1305703,1165474,0.069
3310,HON,Industrials,Conglomerates,NASDAQ,85.58,44,33,40,65,208.11,67821994480.90347,316940010.0,0.0234,-20.04,2129020,2891543,2949394,0.043
3311,HBANP,Financial Services,Banks - Regional,NASDAQ,85.58,44,40,35,45,15.49,,,0.71,-16.72,87125,80068,66405,0.476
3312,DBL,Financial Services,Asset Management,NYSE,85.58,44,42,40,39,13.27,270479639.07390594,19771903.0,2.28,-15.96,132516,95008,76235,
3313,BCRX,Healthcare,Drug Manufacturers - Specialty & Generic,NASDAQ,85.57,44,62,70,80,8.4,2087721827.3457813,255535105.0,0.1375,-25.13,5776810,5044943,4341162,0.336
3314,CTRM,Industrials,Marine Shipping,NASDAQ,85.55,44,73,50,24,1.93,19324708.0,9662354.0,0.001,-27.44,33980,50616,49358,0.425
3315,RFL,Real Estate,Real Estate Services,NYSE,85.55,44,91,94,24,1.48,80079991.85635757,51999996.0,0.0366,-62.63,406000,218233,169330,-0.506
3316,PPL,Utilities,Utilities - Regulated Electric,NYSE,85.54,44,38,39,63,33.95,24683470210.65385,752544841.0,0.054,-15.36,8007730,7190730,7576366,0.042
3317,HRI,Industrials,Rental & Leasing Services,NYSE,85.5,44,64,77,19,124.42,4625908743.040527,33431444.0,0.0975,-33.94,646150,785860,631772,0.202
3318,GNL,Real Estate,REIT - Diversified,NYSE,85.47,44,61,60,77,8.01,1908372320.25,231317857.0,0.0,-20.18,3174650,2471386,2598054,-0.1
3319,UE,Real Estate,REIT - Retail,NYSE,85.45,44,40,72,72,19.31,2487016076.516884,126244466.0,0.0509,-19.91,963850,861396,830036,0.076
3320,AEXA,Financial Services,Shell Companies,NYSE,85.44,44,52,56,40,10.85,550003134.0196705,49460714.0,0.006,-9.51,84420,75923,65018,
3321,OPP,Financial Services,Asset Management,NYSE,85.44,44,48,49,52,6.9,173681398.73351097,24990130.0,0.54,-19.58,118725,119601,106271,
3322,SONM,Financial Services,Capital Markets,NASDAQ,85.43,44,9,29,6,3.87,6072937.086439133,1488465.0,0.0168,-77.2,13910,17466,15728,
3323,ARQT,Healthcare,Biotechnology,NASDAQ,85.43,44,52,77,79,24.17,3162409719.580929,125691961.0,0.1566,-23.92,2263640,2973920,2483496,0.593
3324,MDU,Utilities,Utilities - Regulated Gas,NYSE,85.43,44,50,61,73,18.89,3914603504.547119,210349456.0,0.10609999,-17.8,2088590,1960330,1789242,0.069
3325,AWI,Industrials,Building Products & Equipment,NYSE,85.43,44,41,25,40,162.32,6893911970.758545,42262826.0,0.0419,-21.23,321420,351810,373232,0.112
3326,SVRA,Healthcare,Biotechnology,NASDAQ,85.43,44,60,85,90,4.88,985699877.9939709,204927212.0,0.2466,-30.34,3017670,1976450,1797070,
3327,CLDX,Healthcare,Biotechnology,NASDAQ,85.42,44,87,85,86,30.43,2485459657.843361,78529532.0,0.1353,-32.59,1929680,1679623,1381578,-0.97
3328,PFGC,Consumer Defensive,Food Distribution,NYSE,85.41,44,39,75,35,93.48,14741250037.476448,157072459.0,0.0502,-20.43,1262730,1439580,1584124,0.073
3329,CPZ,Financial Services,Asset Management,NASDAQ,85.41,44,36,32,36,12.54,246384038.44454384,19632194.0,0.0014,-22.73,71625,64228,64545,
3330,KIO,Financial Services,Asset Management,NYSE,85.39,44,48,51,45,10.21,424196473.3845997,40985165.0,1.27,-18.45,258331,212893,202844,
3331,NNI,Financial Services,Credit Services,NYSE,85.38,44,37,44,62,124.52,4431999083.3311615,35779438.0,0.0444,-13.76,125300,143300,144218,-0.305
3332,SPE,Financial Services,Asset Management,NYSE,85.36,44,42,39,49,12.56,139421034.69565964,11021426.0,0.42,-19.9,43831,38227,33238,0.176
3333,GHY,Financial Services,Asset Management,NYSE,85.35,44,40,41,48,10.9,445247347.97237206,40961118.0,0.55,-15.9,228208,196026,180699,
3334,WERN,Industrials,Trucking,NASDAQ,85.33,44,75,90,63,32.34,2120192373.0821228,59977156.0,0.11359999,-31.9,782170,839903,941102,0.24
3335,DUK,Utilities,Utilities - Regulated Electric,NYSE,85.33,44,42,52,60,115.5,88987409145.57397,779702193.0,0.0271,-14.12,4319910,3960800,4294758,0.011
3336,ALV,Consumer Cyclical,Auto Parts,NYSE,85.31,43,46,56,43,110.52,8191582609.698875,73237217.0,0.0722,-16.38,778540,694420,629474,0.033
3337,TM,Consumer Cyclical,Auto Manufacturers,NYSE,85.31,43,42,28,59,182.91,214917445600.2535,1184183366.0,0.00090000004,-26.51,302390,319980,345880,0.104
3338,WWD,Industrials,Aerospace & Defense,NASDAQ,85.3,43,58,81,87,324.25,19580774540.090332,59045820.0,0.0202,-28.09,670650,731676,707486,0.212
3339,PDT,Financial Services,Asset Management,NYSE,85.29,43,39,52,58,11.8,579401937.366128,49185225.0,0.36,-13.55,165518,143479,136671,0.032
3340,INDO,Energy,Oil & Gas E&P,NYSE ARCA,85.28,43,48,31,66,2.77,41082863.97392273,15386840.0,0.0438,-67.41,136920,210413,193108,0.664
3341,DRD,Basic Materials,Gold,NYSE,85.27,43,70,24,85,23.7,2111078301.6191368,86875653.0,0.0337,-39.8,242260,266460,286014,0.498
3342,LYFT,Technology,Software - Application,NASDAQ,85.27,43,35,39,32,15.6,5852232263.980165,378540249.0,0.2021,-38.92,8122280,9626613,10288166,0.161
3343,SACH,Real Estate,REIT - Mortgage,NYSE ARCA,85.26,43,28,24,58,0.88,43974397.338201046,47954632.0,0.0075,-39.31,110690,153180,144536,-0.913
3344,NFG,Energy,Oil & Gas Integrated,NYSE,85.26,43,47,34,60,77.68,7264296945.575462,95045099.0,0.0627,-19.97,953320,795790,731418,0.011
3345,PRDO,Consumer Defensive,Education & Training Services,NASDAQ,85.24,43,47,64,71,32.19,1996833815.5014992,62577055.0,0.076799996,-16.39,724550,676146,685318,0.018
3346,CTW,Communication Services,Electronic Gaming & Multimedia,NASDAQ,85.24,43,69,63,31,2.2,120183919.36616278,59203902.0,0.95,-29.94,16560,21296,23678,-0.007
3347,RFI,Financial Services,Asset Management,NYSE,85.23,43,48,50,53,10.3,280729576.49474716,26761638.0,0.0011999999,-14.88,114912,91387,94960,-0.489
3348,THRM,Consumer Cyclical,Auto Parts,NASDAQ,85.22,43,69,66,28,30.38,962131271.2479897,30739019.0,0.0915,-37.17,2939430,1185520,876286,0.11
3349,ZDGE,Communication Services,Internet Content & Information,NYSE ARCA,85.21,43,41,32,38,2.97,47055234.0,15685078.0,0.0064,-36.81,68320,93430,82502,0.03
3350,CSR,Real Estate,REIT - Residential,NYSE,85.2,43,38,32,58,54.42,915468382.5,16797585.0,0.080299996,-21.82,282380,337063,254102,-0.04
3351,EQX,Basic Materials,Gold,NYSE ARCA,85.2,43,70,24,89,10.95,12970478221.604479,1167459822.0,3.36,-42.25,11531120,12445320,14128550,1.693
3352,NXP,Financial Services,Asset Management,NYSE,85.19,43,41,52,51,13.13,837478783.4961414,63015710.0,0.0005,-10.38,471460,300456,238864,0.16
3353,BTZ,Financial Services,Asset Management,NYSE,85.19,43,41,42,50,9.36,874450151.4098635,93324457.0,0.0026,-16.28,453717,417109,370705,-0.087
3354,HYT,Financial Services,Asset Management,NYSE,85.19,43,37,40,40,7.79,1533955425.6949768,195657576.0,0.0021,-18.43,1210951,1059097,984016,0.147
3355,TYG,Financial Services,Asset Management,NYSE,85.16,43,58,52,74,38.51,967994015.5029297,25400000.0,0.0019,-24.76,207415,155771,142551,-0.029
3356,BCO,Industrials,Security & Protection Services,NYSE,85.16,43,44,48,55,102.07,4192228776.074524,41181028.0,0.2051,-25.15,436960,427833,445692,0.071
3357,KHC,Consumer Defensive,Packaged Foods,NYSE,85.15,43,56,60,29,21.98,26313429823.31821,1185823758.0,0.109799996,-21.75,13888630,20836306,18159898,-0.014
3358,NKTX,Healthcare,Biotechnology,NASDAQ,85.14,43,85,77,85,2.27,184433840.24033618,71624791.0,0.0612,-38.98,584570,590176,589728,
3359,PAI,Financial Services,Asset Management,NYSE,85.14,43,39,39,44,11.3,108234760.02844334,9510963.0,0.47,-12.74,21685,22565,20087,0.025
3360,DGICB,Financial Services,Insurance - Property & Casualty,NASDAQ,85.14,43,91,91,71,17.6,618036031.1401176,37119282.0,0.0069,-41.31,4440,2420,2884,-0.024
3361,IRMD,Healthcare,Medical Devices,NASDAQ,85.12,43,31,70,81,85.47,1092009050.9113998,12786991.0,0.0844,-20.79,145140,130003,131406,0.003
3362,PSBD,Financial Services,Asset Management,NYSE,85.12,43,35,33,30,9.56,299462443.2010155,30651221.0,0.0197,-27.08,136810,112733,115664,
3363,TSI,Financial Services,Asset Management,NYSE,85.12,43,36,36,37,4.21,273332714.36950684,63713920.0,0.0032,-15.46,158694,154614,163480,0.082
3364,CNP,Utilities,Utilities - Regulated Electric,NYSE,85.11,43,40,64,67,38.53,24893040286.596436,658720288.0,0.0907,-14.87,7204530,6721750,6505304,0.107
3365,ODFL,Industrials,Trucking,NASDAQ,85.1,43,40,83,83,175.61,37423722252.63693,207356622.0,0.0494,-30.32,1836110,1874366,1803600,0.104
3366,OEC,Basic Materials,Specialty Chemicals,NYSE,85.1,43,31,24,29,5.72,327266425.05383015,56522699.0,0.043,-33.8,427860,418260,426772,0.074
3367,ENTA,Healthcare,Biotechnology,NASDAQ,85.09,43,68,72,90,12.37,376855805.90925217,29078380.0,0.106800005,-27.87,328330,272786,248908,-0.216
3368,HYI,Financial Services,Asset Management,NYSE,85.09,43,39,40,46,9.73,125320945.91829205,12814003.0,0.93,-16.77,78151,66817,62798,
3369,FOR,Real Estate,Real Estate - Development,NYSE,85.08,43,42,73,58,25.68,1313474874.75,51008733.0,0.0395,-19.9,187558,168486,143285,0.042
3370,H,Consumer Cyclical,Lodging,NYSE,85.08,43,36,76,67,157.14,14974216775.22461,94236736.0,0.2868,-24.04,765620,767653,815124,-0.066
3371,GIGM,Communication Services,Electronic Gaming & Multimedia,NASDAQ,85.07,43,27,40,33,1.37,15804695.470287204,11052235.0,0.0002,-20.35,3020,3716,4698,1.449
3372,DMRC,Technology,Software - Application,NASDAQ,85.07,43,9,28,21,6.61,143408151.370543,22548451.0,0.26479998,-62.16,210950,171523,149314,-0.078
3373,TRMB,Technology,Scientific & Technical Instruments,NASDAQ,85.07,43,29,15,30,60.06,13408574679.589985,233111519.0,0.044299997,-28.86,2343550,3232903,3060390,0.11
3374,EVI,Industrials,Industrial Distribution,NYSE ARCA,85.05,43,18,14,29,19.3,248426894.0706482,12878532.0,0.026600001,-39.37,53580,55903,81376,0.108
3375,NNY,Financial Services,Asset Management,NYSE,85.02,43,35,55,54,7.89,147877777.88910866,18886051.0,0.00029999999,-11.74,88961,67163,57794,-0.016
3376,BKU,Financial Services,Banks - Regional,NYSE,85.01,43,53,68,75,42.26,3090055037.7042503,71232249.0,0.066,-18.9,932790,950210,796024,0.042
3377,FFC,Financial Services,Asset Management,NYSE,85.0,43,49,52,50,14.7,719777746.0237503,48177896.0,1.01,-13.53,160352,130950,115204,0.012
3378,TSLA,Consumer Cyclical,Auto Manufacturers,NASDAQ,84.99,43,33,55,59,377.81,1463662754278.7854,3949547394.0,0.0195,-24.26,36525470,38168913,36621718,0.255
3379,MOLN,Healthcare,Biotechnology,NASDAQ,84.99,43,63,45,55,3.81,149773479.95776486,38305237.0,0.16,-28.92,1080,1333,1212,
3380,RMI,Financial Services,Asset Management,NYSE,84.99,43,51,62,61,13.67,87847140.01769829,6374974.0,3.29,-16.44,39300,20243,22218,
3381,RQI,Financial Services,Asset Management,NYSE,84.97,43,44,52,67,10.96,1487764082.0258074,134517543.0,0.00090000004,-19.23,831929,695166,612195,0.043
3382,SVV,Consumer Cyclical,Specialty Retail,NYSE,84.97,43,52,40,21,9.24,1417419633.75,153234555.0,0.2383,-33.43,1339110,1237470,1629636,0.074
3383,ACGLO,Financial Services,Insurance - Diversified,NASDAQ,84.96,43,35,36,48,18.14,,,1.14,-17.77,43488,40852,34131,-0.105
3384,SRTA,Healthcare,Medical Care Facilities,NASDAQ,84.95,43,64,68,48,4.68,418447994.0673704,88466806.0,0.0625,-28.0,904480,814646,943854,0.607
3385,YETI,Consumer Cyclical,Leisure,NYSE,84.95,43,36,80,49,39.47,2983052014.559555,72988796.0,0.1455,-26.89,1563260,1722906,1790196,0.085
3386,SBSW,Basic Materials,Other Precious Metals & Mining,NYSE,84.94,43,85,17,86,9.68,7204768544.274388,723370333.0,0.014400001,-54.53,5156630,5356410,5348822,0.643
3387,GSK,Healthcare,Drug Manufacturers - General,NYSE,84.93,43,47,58,84,47.02,94225319432.59268,2003515243.0,0.0073,-23.79,4791600,3511390,3520954,0.053
3388,CBIO,Healthcare,Biotechnology,NASDAQ,84.92,43,89,62,86,13.49,531942594.26368713,37146830.0,0.1574,-50.78,437540,494220,377952,
3389,PPLC,Utilities,Utilities - Regulated Electric,NYSE,84.91,43,34,36,48,45.73,,,,-13.01,121060,106156,157138,0.042
3390,PCF,Financial Services,Asset Management,NYSE,84.9,43,42,37,37,5.02,95641061.99891567,18716450.0,0.0023,-20.94,177571,131557,111250,-0.358
3391,DOX,Technology,Software - Infrastructure,NASDAQ,84.89,43,29,15,21,58.74,6170251566.604614,106164000.0,0.104499996,-31.4,970710,1008346,1078538,0.027
3392,HIO,Financial Services,Asset Management,NYSE,84.88,43,40,49,52,3.26,312876413.72225285,95099215.0,0.39,-16.2,682110,542490,468916,-0.017
3393,PFD,Financial Services,Asset Management,NYSE,84.86,43,47,52,53,10.48,137393828.93685246,12852557.0,0.67,-13.6,38001,37613,36046,0.012
3394,HMH,Energy,Oil & Gas Equipment & Services,NASDAQ,84.85,43,56,53,39,18.06,218754489.00947,11947269.0,0.0713,-26.29,245210,206786,205074,-0.16
3395,MGF,Financial Services,Asset Management,NYSE,84.83,43,42,38,41,2.65,88319424.2732172,32590193.0,0.19,-15.34,54278,79962,67149,-0.073
3396,INMD,Healthcare,Medical Devices,NASDAQ,84.82,42,60,49,38,14.01,810797392.2605438,57544172.0,0.0464,-16.31,452030,501796,480160,-0.0
3397,JKHY,Technology,Information Technology Services,NASDAQ,84.81,42,59,30,27,145.69,9993850673.593262,70112608.0,0.07,-24.67,773350,960940,971534,0.047
3398,MSN,Technology,Consumer Electronics,NYSE ARCA,84.8,42,85,23,62,0.39,8206633.978982449,21042652.0,0.0219,-54.12,207440,374403,306024,-0.371
3399,TFC,Financial Services,Banks - Regional,NYSE,84.8,42,61,65,67,45.58,56744537364.626816,1221626188.0,0.0216,-18.9,7963530,7615306,7071106,0.082
3400,TAC,Utilities,Utilities - Independent Power Producers,NYSE,84.79,42,37,57,67,12.88,3906305120.6588745,316300000.0,0.0433,-27.96,1310120,1844016,1874418,0.125
3401,EHI,Financial Services,Asset Management,NYSE,84.75,42,38,43,52,5.36,165133588.12078285,30299742.0,0.00090000004,-18.42,161451,163397,151872,0.025
3402,FLC,Financial Services,Asset Management,NYSE,84.74,42,43,46,51,15.43,164172087.70551968,10456821.0,2.9288,-14.7,44752,37677,28656,0.008
3403,TGS,Energy,Oil & Gas Integrated,NYSE,84.74,42,54,67,72,26.24,3765310856.5786667,150552212.0,0.0078,-27.81,240920,233020,227042,0.154
3404,COCP,Healthcare,Biotechnology,NASDAQ,84.73,42,71,14,80,1.06,22152679.540729523,19263200.0,0.020399999,-47.78,40870,47556,64348,
3405,GOODN,Real Estate,REIT - Diversified,NASDAQ,84.73,42,52,51,52,20.11,,,0.09,-15.89,6059,3929,3257,0.113
3406,NNN,Real Estate,REIT - Retail,NYSE,84.71,42,54,67,61,39.84,7790662993.29784,190248177.0,0.0448,-20.32,2703790,2071916,1787162,0.077
3407,COF,Financial Services,Credit Services,NYSE,84.71,42,63,39,36,195.91,119460720748.90137,613500000.0,0.018099999,-24.55,3368120,3424126,3354164,11.11
3408,CMPR,Industrials,Specialty Business Services,NASDAQ,84.7,42,68,90,84,73.59,1827184701.332611,24349476.0,0.1512,-30.95,215210,195113,206528,0.087
3409,NTGR,Technology,Communication Equipment,NASDAQ,84.7,42,23,26,48,23.1,640337720.2448368,27179021.0,0.0913,-37.33,295450,328290,334508,-0.012
3410,FERG,Industrials,Industrial Distribution,NYSE,84.69,42,37,38,71,215.06,43203795641.832504,193452717.0,0.0337,-20.83,1493410,1416200,2641698,0.046
3411,ONL,Real Estate,REIT - Office,NYSE,84.67,42,57,67,76,2.27,137477765.63618708,57044714.0,0.0346,-25.57,234680,270093,279638,-0.074
3412,ES,Utilities,Utilities - Regulated Electric,NYSE,84.67,42,57,64,57,65.24,24295521633.0,376674754.0,0.0317,-14.8,2783070,2441596,2380190,0.023
3413,EPAM,Technology,Information Technology Services,NYSE,84.66,42,29,9,18,108.32,5586354219.719292,51586981.0,0.1752,-51.32,1037030,1092040,1340294,0.045
3414,ADV,Communication Services,Advertising Agencies,NASDAQ,84.66,42,61,86,49,28.98,354406429.3739319,12822230.0,0.1188,-38.93,69740,60983,81626,0.018
3415,CBUS,Healthcare,Biotechnology,NASDAQ,84.65,42,53,92,23,1.62,130693531.3555336,76428964.0,0.060599998,-61.35,164690,124066,137314,0.065
3416,OBDC,Financial Services,Asset Management,NYSE,84.64,42,39,35,32,10.02,5079368554.75948,493142569.0,0.038599998,-26.19,4802120,3533440,3885898,-0.174
3417,BRW,Financial Services,Asset Management,NYSE,84.63,42,42,45,46,5.98,308932658.7367058,50895000.0,0.0015,-22.84,301479,239203,234097,-0.307
3418,LDP,Financial Services,Asset Management,NYSE,84.63,42,43,54,53,19.09,565009292.3342743,29079222.0,0.0014,-13.42,110809,88899,81533,
3419,ACEL,Consumer Cyclical,Gambling,NYSE,84.63,42,41,61,50,10.94,882299048.4195709,81392900.0,0.0431,-21.86,430650,340460,327840,0.096
3420,TCBI,Financial Services,Banks - Regional,NASDAQ,84.62,42,55,62,74,90.58,4076156930.3112717,43474369.0,0.1454,-16.84,665910,536926,479430,0.086
3421,GEN,Technology,Software - Infrastructure,NASDAQ,84.62,42,77,69,18,22.39,13162928696.674301,598587032.0,0.0654,-29.26,18174800,10707293,8560262,0.063
3422,UTSI,Technology,Communication Equipment,NASDAQ,84.6,42,25,35,58,2.29,21266806.49054289,9494110.0,0.0013,-36.91,2430,14053,12108,-0.273
3423,COYA,Healthcare,Biotechnology,NASDAQ,84.6,42,29,36,29,4.91,112832252.34773111,23457849.0,0.0511,-36.65,97390,129496,128758,0.49
3424,WFC,Financial Services,Banks - Diversified,NYSE,84.59,42,65,51,48,80.26,243280737352.6864,3023999336.0,0.0,-17.9,13161470,13934600,13178094,0.095
3425,RA,Financial Services,Asset Management,NYSE,84.59,42,46,52,57,11.51,641507001.5898056,55254696.0,0.28,-15.31,331082,259690,221030,
3426,NIM,Financial Services,Asset Management,NYSE,84.58,42,40,51,52,8.61,108907723.75,12446597.0,0.001,-13.38,56086,36402,26655,0.012
3427,MNR,Energy,Oil & Gas E&P,NYSE,84.58,42,54,66,66,10.66,1717895880.8914356,166948094.0,0.0208,-29.03,535340,1025866,742702,0.636
3428,MLP,Real Estate,Real Estate Services,NYSE,84.57,42,34,38,36,15.5,311987325.80756664,19859155.0,0.0398,-22.19,13660,14970,17722,-0.196
3429,BFRI,Healthcare,Drug Manufacturers - Specialty & Generic,NASDAQ,84.55,42,96,65,77,0.94,15075144.1725353,14852359.0,0.0324,-43.37,351910,652583,622748,0.329
3430,WEA,Financial Services,Asset Management,NYSE,84.52,42,42,42,50,9.77,116876164.52636719,11865600.0,0.46,-14.45,37646,43148,36643,0.024
3431,BR,Technology,Information Technology Services,NYSE,84.51,42,33,18,17,160.13,17717401194.85547,112900032.0,0.0294,-32.92,809490,996526,1154116,0.075
3432,TKO,Communication Services,Entertainment,NYSE,84.5,42,34,38,48,178.64,12836846720.710419,73111098.0,0.1257,-21.28,1083170,1089026,1131322,0.182
3433,AIIR,Consumer Defensive,Tobacco,NASDAQ,84.48,42,22,15,38,7.89,1148328916.3332539,155389572.0,0.0007,-48.43,71830,27870,20572,
3434,BDN,Real Estate,REIT - Office,NYSE,84.48,42,35,51,25,2.77,478813987.29231,172235249.0,0.0791,-32.44,1576810,1755506,1841780,0.141
3435,UPS,Industrials,Integrated Freight & Logistics,NYSE,84.48,42,59,74,62,92.29,79139699901.62273,850781582.0,0.0343,-24.61,4970170,4553203,4735994,0.076
3436,AGX,Industrials,Engineering & Construction,NYSE,84.47,42,60,95,98,404.39,5385074066.471008,14029842.0,0.0952,-49.81,343360,418526,367020,0.615
3437,ABUS,Healthcare,Biotechnology,NASDAQ,84.45,42,76,67,74,4.29,881570518.5643282,198105743.0,0.13859999,-21.28,11357650,6870643,5503918,-0.906
3438,RTB,Technology,Software - Application,NASDAQ,84.43,42,90,96,15,8.43,133941412.21066475,14464515.0,2.28,-59.37,57130,139090,109360,3.503
3439,MUC,Financial Services,Asset Management,NYSE,84.41,42,41,57,53,9.76,917351388.4630108,94183923.0,0.0028,-12.54,944889,673383,559813,0.073
3440,CCL,Consumer Cyclical,Travel Services,NYSE,84.41,42,24,31,55,26.15,34637157230.79684,1344610129.0,0.038399998,-23.16,30827910,24858396,21852682,0.035
3441,NTES,Communication Services,Electronic Gaming & Multimedia,NASDAQ,84.41,42,30,45,33,120.61,75053129114.05998,640330430.0,0.0085,-22.9,655610,634526,724094,0.079
3442,NPCT,Financial Services,Asset Management,NYSE,84.4,42,45,40,59,8.99,263108239.030838,28755000.0,0.008,-18.3,116669,103573,103001,
3443,ORKT,Technology,Software - Application,NASDAQ,84.4,42,14,24,22,1.01,5927366.46646142,5839770.0,0.0163,-59.44,112860,109246,138196,0.609
3444,NTIC,Basic Materials,Specialty Chemicals,NASDAQ,84.39,42,34,38,39,7.65,73122578.488698,9496439.0,0.0013,-23.73,4090,9656,7944,0.126
3445,HIG,Financial Services,Insurance - Diversified,NYSE,84.39,42,57,54,63,126.92,34143416678.73575,270872002.0,0.0001,-13.11,1894240,1690263,1587970,0.081
3446,TRC,Industrials,Conglomerates,NYSE,84.37,42,29,50,69,16.16,442611230.0427017,27021444.0,0.095699996,-24.17,97768,142789,158409,0.717
3447,MRTN,Industrials,Trucking,NASDAQ,84.37,42,57,86,70,12.67,1089366676.9205818,81661669.0,0.09810001,-31.44,747100,714213,676514,-0.028
3448,MCO,Financial Services,Financial Data & Stock Exchanges,NYSE,84.37,42,50,53,30,449.63,76435156561.40918,173180984.0,0.0191,-17.78,922220,780976,759866,0.151
3449,EP,Energy,Oil & Gas E&P,NYSE ARCA,84.37,42,15,20,15,2.73,108582105.64574075,41602341.0,0.0001,-40.39,30870,36823,33476,0.27
3450,WM,Industrials,Waste Management,NYSE,84.36,42,38,55,48,208.94,81721768148.96606,399715184.0,0.0145000005,-15.79,2170170,2267403,2183170,0.04
3451,DFP,Financial Services,Asset Management,NYSE,84.34,42,44,52,53,18.81,392278424.5346775,20538137.0,0.04,-14.93,99166,89455,70353,
3452,CCS,Real Estate,Real Estate - Development,NYSE,84.33,42,56,59,33,56.32,1702260929.0306854,28432620.0,0.0926,-25.89,206410,269276,248188,-0.073
3453,JRS,Financial Services,Asset Management,NYSE,84.31,42,56,66,59,7.16,214382137.0243206,28892471.0,0.0007,-19.55,94105,60545,56533,-0.064
3454,LOPE,Consumer Defensive,Education & Training Services,NASDAQ,84.31,42,32,24,33,155.68,4060671939.2328033,26065037.0,0.0856,-30.2,299330,328483,320934,0.067
3455,OGG,Basic Materials,Gold,NYSE,84.31,42,34,16,77,2.76,859404304.4698186,305837837.0,14.32,-42.44,2113640,1501620,1793580,3.771
3456,JFU,Technology,Information Technology Services,NASDAQ,84.28,41,22,23,77,2.72,31317069.450513363,11773334.0,0.0044,-71.31,3570,4556,165106,-0.176
3457,ACGLN,Financial Services,Insurance - Diversified,NASDAQ,84.27,41,35,37,51,15.0,,,0.66,-17.17,57133,66787,56574,-0.105
3458,PZG,Basic Materials,Gold,NYSE ARCA,84.27,41,67,48,97,1.17,103458461.31106973,86215381.0,0.004,-56.83,266130,299426,433820,
3459,ERIC,Technology,Communication Equipment,NASDAQ,84.26,41,41,58,86,9.46,30311719114.412796,3262833072.0,0.0215,-31.3,7269040,8301680,8499886,-0.061
3460,DIN,Consumer Cyclical,Restaurants,NYSE,84.25,41,40,84,52,28.96,378761768.9658165,12659150.0,0.1723,-27.02,808510,509390,406822,0.044
3461,TG,Industrials,Metal Fabrication,NYSE,84.23,41,41,28,60,7.16,244824129.96670628,34825622.0,0.035099998,-32.0,156310,163280,171982,0.208
3462,HR,Real Estate,REIT - Healthcare Facilities,NYSE,84.23,41,52,78,64,16.88,6053731729.722515,346521578.0,0.0861,-23.41,4524650,4060443,3832322,-0.043
3463,LPTH,Technology,Electronic Components,NASDAQ,84.22,41,61,90,98,10.4,773200219.408329,70036252.0,0.16440001,-45.09,2205350,3198973,2973084,0.733
3464,CCU,Consumer Defensive,Beverages - Brewers,NYSE,84.21,41,52,30,31,10.95,1960625511.7700195,185139328.0,0.030299999,-28.71,135144,137474,127140,0.048
3465,BIT,Financial Services,Asset Management,NYSE,84.21,41,37,40,40,11.19,645949848.4658432,57062709.0,0.0045,-16.86,555769,455543,427069,
3466,VOYG,Industrials,Aerospace & Defense,NYSE,84.2,41,63,31,23,28.76,1887628844.424591,61029060.0,0.19139999,-45.11,2777340,2164843,2012296,0.155
3467,GPOR,Energy,Oil & Gas E&P,NYSE,84.19,41,38,23,60,162.04,2774512460.7220154,17969641.0,0.085200004,-28.23,276590,269443,294194,-0.162
3468,VGI,Financial Services,Asset Management,NYSE,84.19,41,49,46,55,6.66,76363384.5,11313094.0,0.0047,-17.16,59894,45561,42984,
3469,DHF,Financial Services,Asset Management,NYSE,84.18,41,42,42,50,2.2,162202472.2073393,72736534.0,0.07,-15.71,420503,373117,357880,-0.067
3470,JHI,Financial Services,Asset Management,NYSE,84.18,41,42,47,53,12.01,106508585.12862396,8744547.0,0.0004,-15.84,26280,26293,21828,0.022
3471,ATNM,Healthcare,Biotechnology,NYSE ARCA,84.18,41,43,15,29,1.07,36786478.77067995,31441436.0,0.0226,-38.51,117300,137956,154882,
3472,TNDM,Healthcare,Medical Devices,NASDAQ,84.17,41,69,26,67,15.84,1148048665.5,69578707.0,0.2401,-46.58,2257580,1981526,2087842,0.058
3473,NYT,Communication Services,Publishing,NYSE,84.13,41,37,62,82,64.9,10112480965.24961,161283586.0,0.0859,-25.49,2993280,3008483,2772488,0.113
3474,BANF,Financial Services,Banks - Regional,NASDAQ,84.12,41,37,39,36,106.01,3630016768.4585114,33586387.0,0.0416,-17.79,160020,140103,129914,0.087
3475,AMBA,Technology,Semiconductor Equipment & Materials,NASDAQ,84.09,41,54,69,30,65.33,3030277726.5037766,44140971.0,0.15630001,-32.43,1132100,1689436,1669030,0.132
3476,TLSI,Healthcare,Medical Devices,NASDAQ,84.07,41,65,25,25,4.25,266002282.56998062,61574600.0,0.0717,-46.54,311470,361766,297354,0.017
3477,ABT,Healthcare,Medical Devices,NYSE,84.05,41,44,19,20,98.73,168712371360.0,1730383296.0,0.0128999995,-27.0,8594800,8771370,8443780,0.13
3478,MMD,Financial Services,Asset Management,NYSE,84.05,41,39,54,55,13.66,258029679.92172432,18779453.0,0.28,-13.65,151089,94433,81099,0.07
3479,ENSC,Healthcare,Biotechnology,NASDAQ,84.05,41,58,4,4,0.43,7685433.838748753,19456794.0,0.062,-84.36,289740,484723,17693566,-0.151
3480,CRI,Consumer Cyclical,Apparel Retail,NYSE,84.04,41,35,73,63,32.45,1159706339.7516823,36711185.0,0.191,-26.98,1322890,1507690,1402148,0.052
3481,HIHO,Industrials,Metal Fabrication,NASDAQ,84.04,41,39,18,11,0.89,4164008.289691448,4626676.0,0.00029999999,-59.73,36800,34800,69676,0.292
3482,NRXP,Healthcare,Biotechnology,NASDAQ,84.03,41,80,93,53,2.9,125774201.89629817,43295767.0,0.2354,-42.63,660470,641240,889262,
3483,XIFR,Utilities,Utilities - Renewable,NYSE,84.02,41,69,77,54,10.36,979777032.3753357,94300000.0,0.0515,-21.81,1103770,851083,859858,0.061
3484,HBANZ,Financial Services,Banks - Regional,NASDAQ,84.0,41,34,35,41,18.54,,,0.68,-16.6,13984,11041,10594,0.476
3485,LNT,Utilities,Utilities - Regulated Electric,NASDAQ,83.99,41,42,68,66,65.21,16679785161.434464,259284699.0,0.1125,-17.26,3421110,2614906,2615480,0.01
3486,ARDC,Financial Services,Asset Management,NYSE,83.98,41,40,48,36,11.36,275369334.5146179,23966000.0,0.35,-18.8,145912,106910,99710,
3487,GECC,Financial Services,Asset Management,NASDAQ,83.98,41,33,27,16,5.01,69726544.73507404,13889750.0,0.0381,-43.07,44400,57706,57126,-0.237
3488,GLE,Technology,Information Technology Services,NASDAQ,83.97,41,22,24,11,4.0,9211499.851942062,20700000.0,0.018,266.97,12538,15143,326745,-0.634
3489,EFC,Real Estate,REIT - Mortgage,NYSE,83.97,41,60,63,48,11.59,1493804823.4066544,128887386.0,0.0752,-17.92,2005310,1503670,1356336,0.338
3490,JD,Consumer Cyclical,Internet Retail,NASDAQ,83.96,41,31,34,45,27.03,34815890927.31476,1350500000.0,0.0178,-25.21,6532480,6067976,7326610,-0.029
3491,CDE,Basic Materials,Gold,NYSE,83.96,41,84,35,91,16.5,18153331907.829567,1027934998.0,0.050100002,-40.58,36027970,34534930,36771356,1.259
3492,JBIO,Healthcare,Biotechnology,NASDAQ,83.96,41,93,94,89,13.77,897995097.1618567,63597387.0,0.21129999,-50.82,796790,916106,873590,
3493,NBB,Financial Services,Asset Management,NYSE,83.95,41,45,45,53,14.06,420344944.9066038,29394751.0,0.0050999997,-15.4,94431,80477,70456,
3494,SOMN,Utilities,Utilities - Regulated Electric,NYSE,83.95,41,33,38,49,45.73,,,0.75,-15.3,1037960,589116,371934,0.001
3495,WPC,Real Estate,REIT - Diversified,NYSE,83.95,41,48,61,68,62.73,14698744268.313866,227816879.0,0.048299998,-18.76,1708960,1584226,1413442,0.184
3496,XEL,Utilities,Utilities - Regulated Electric,NASDAQ,83.95,41,44,57,63,72.42,44598890401.51631,624634306.0,0.075,-14.02,5935940,5842336,5501878,-0.051
3497,AMTX,Basic Materials,Specialty Chemicals,NASDAQ,83.94,41,48,17,81,1.75,124131703.74478865,72169594.0,0.1372,-53.95,626020,752580,806402,0.2
3498,CE,Basic Materials,Chemicals,NYSE,83.94,41,33,30,89,43.86,4849804889.222786,109748926.0,0.101,-37.96,1563640,1799880,1833522,0.087
3499,WFRD,Energy,Oil & Gas Equipment & Services,NASDAQ,83.93,41,69,60,91,76.42,5714763603.466644,71685443.0,0.0659,-32.46,880940,1022523,930850,-0.082
3500,RPC,Financial Services,Asset Management,NYSE,83.93,41,30,29,17,7.91,840016900.1842117,110238440.0,0.048299998,-31.04,575540,566670,574442,0.113
3501,PDO,Financial Services,Asset Management,NYSE,83.92,41,42,49,51,11.85,1753903360.2762222,144831000.0,0.42,-16.84,1346430,1248240,1042218,
3502,CANG,Financial Services,Capital Markets,NYSE,83.92,41,4,2,2,3.58,109528655.0197277,41021967.0,0.030199999,-85.45,983180,695403,588772,
3503,PSF,Financial Services,Asset Management,NYSE,83.9,41,41,52,49,17.99,219634697.37303352,12028187.0,0.0025,-14.58,84625,59231,48985,
3504,PCAR,Industrials,Farm & Heavy Construction Machinery,NASDAQ,83.89,41,68,68,76,106.86,57731708205.673836,526364953.0,0.0271,-23.25,3553470,3357326,3309244,0.005
3505,CASY,Consumer Cyclical,Specialty Retail,NASDAQ,83.89,41,30,86,82,633.25,22832513126.85913,36960167.0,0.045500003,-31.75,610430,693706,529902,0.243
3506,JLL,Real Estate,Real Estate Services,NYSE,83.88,41,71,50,71,296.66,14115623245.106506,46007703.0,0.0214,-24.67,509280,391550,372844,0.108
3507,DXR,Healthcare,Medical Instruments & Supplies,NASDAQ,83.88,41,41,41,29,10.51,62001938.211868286,5838224.0,0.0008,-28.79,18410,35046,21602,0.255
3508,ISBA,Financial Services,Banks - Regional,NASDAQ,83.87,41,36,36,85,38.02,290812630.6114845,7628873.0,0.0421,-35.37,30604,53754,58518,0.083
3509,HTD,Financial Services,Asset Management,NYSE,83.85,41,55,62,64,22.28,788358106.25,35431825.0,0.003,-15.45,115504,81011,69540,0.055
3510,DSL,Financial Services,Asset Management,NYSE,83.85,41,40,42,43,9.8,1141128110.5705404,114571095.0,0.0011999999,-20.58,909428,712609,631229,
3511,TRT,Technology,Semiconductor Equipment & Materials,NASDAQ,83.81,41,97,97,94,5.86,63969738.09542084,10384698.0,0.0,-72.59,717250,345973,299944,0.399
3512,WEC,Utilities,Utilities - Regulated Electric,NYSE,83.8,41,38,54,59,103.18,33103037625.67392,325849383.0,0.048299998,-13.95,3016870,2623016,2608398,0.026
3513,RMCO,Financial Services,Asset Management,NASDAQ,83.8,41,71,40,86,2.5,38235223.87060356,15172708.0,0.0011999999,-50.0,4550,9003,12242,0.38
3514,PGZ,Financial Services,Asset Management,NYSE,83.8,41,46,58,60,8.85,61050282.43391991,6694110.0,0.0014,-16.35,22377,20129,20355,
3515,NUW,Financial Services,Asset Management,NYSE,83.8,41,38,51,56,13.01,239470824.9791565,17951336.0,0.00090000004,-11.5,133702,98420,77216,
3516,JF,Financial Services,Credit Services,NASDAQ,83.78,40,29,48,34,0.92,16872941.986084342,18340154.0,0.0013,-25.81,5790,6996,9244,
3517,RLTY,Financial Services,Asset Management,NYSE,83.77,40,50,63,59,13.58,231270873.70418167,16722406.0,0.44,-17.25,83861,59607,54550,
3518,GD,Industrials,Aerospace & Defense,NYSE,83.74,40,57,64,53,326.63,89308223506.73996,270557195.0,0.0111,-18.34,1437720,1252710,1122006,0.081
3519,HIX,Financial Services,Asset Management,NYSE,83.71,40,53,51,51,3.49,318846766.4241133,90069709.0,1.39,-20.5,542887,394552,379939,-0.026
3520,EMD,Financial Services,Asset Management,NYSE,83.7,40,58,59,65,9.22,539450495.5174971,58130443.0,0.0025,-18.41,297667,227069,197049,-0.04
3521,EDTK,Consumer Defensive,Education & Training Services,NASDAQ,83.7,40,30,34,51,0.93,16199451.0,16199451.0,0.0001,-31.62,51930,20750,18322,-0.984
3522,SLDB,Healthcare,Biotechnology,NASDAQ,83.69,40,93,90,93,6.85,734492870.0742044,107225238.0,0.18129998,-40.17,1337140,1206203,1085804,
3523,SO,Utilities,Utilities - Regulated Electric,NYSE,83.68,40,37,53,54,85.44,96308388917.77167,1150362966.0,0.0252,-15.27,6663740,6341076,6100228,0.001
3524,ANIX,Healthcare,Biotechnology,NASDAQ,83.68,40,37,40,25,2.95,102553217.55766726,34763802.0,0.032,-45.97,321920,360890,299182,
3525,LPA,Real Estate,Real Estate - Development,NYSE ARCA,83.66,40,31,26,28,3.11,94778918.95230174,31698635.0,0.0198,-34.22,449540,170256,114010,0.261
3526,BLLN,Healthcare,Diagnostics & Research,NASDAQ,83.66,40,59,83,19,95.75,4997107396.201706,47187038.0,0.1004,-36.35,648890,629826,716618,0.644
3527,HOS,Industrials,Marine Shipping,NYSE,83.65,40,69,82,86,7.47,2481930049.89624,327000000.0,3.27,-32.88,2892150,2711600,2205252,-0.113
3528,OTLY,Consumer Defensive,Packaged Foods,NASDAQ,83.65,40,77,19,64,10.37,336674327.98678017,31912258.0,0.029000001,-36.86,64120,57466,83890,0.152
3529,TECX,Healthcare,Biotechnology,NASDAQ,83.64,40,82,91,89,22.71,440642727.5379791,19549366.0,0.22950001,-42.55,325910,250793,234960,
3530,ORLY,Consumer Cyclical,Auto Parts,NASDAQ,83.64,40,28,30,38,84.61,68680772475.17621,808960792.0,0.032,-19.6,5078290,6035276,5745836,0.081
3531,EONR,Energy,Oil & Gas E&P,NYSE ARCA,83.63,40,65,61,93,0.48,27186706.668135166,55824861.0,0.0521,-69.62,506600,722216,611664,-0.237
3532,GE,Industrials,Aerospace & Defense,NYSE,83.63,40,61,72,65,303.62,321187848991.1684,1037562513.0,0.0152,-21.92,4054680,4163450,3915858,0.211
3533,TXRH,Consumer Cyclical,Restaurants,NASDAQ,83.62,40,63,62,29,162.48,10249174145.575958,65640926.0,0.029000001,-24.88,1479510,1142510,1021018,0.111
3534,CRSP,Healthcare,Biotechnology,NASDAQ,83.62,40,53,25,55,52.35,5359673785.298256,96692653.0,0.2258,-33.3,1476310,1554330,1556016,10.414
3535,RPM,Basic Materials,Specialty Chemicals,NYSE,83.62,40,33,34,36,98.33,12660909481.628418,127643000.0,0.033299997,-19.26,1342040,1492650,1289044,0.072
3536,PAXS,Financial Services,Asset Management,NYSE,83.55,40,42,48,44,13.11,631365296.1883545,47152000.0,0.27,-20.83,296671,306143,262840,
3537,SOGP,Communication Services,Internet Content & Information,NASDAQ,83.52,40,25,33,98,11.0,45281599.977716446,4188862.0,0.042600002,-57.46,6970,16823,14708,0.245
3538,CMP,Basic Materials,Other Industrial Metals & Mining,NYSE,83.52,40,65,84,85,22.57,931975434.828865,41980874.0,0.0692,-34.58,360620,384620,449270,0.003
3539,EVH,Healthcare,Health Information Services,NYSE,83.51,40,33,91,7,4.14,391185303.41287136,113059335.0,0.1258,-51.06,2271750,2318880,2822530,0.469
3540,FBK,Financial Services,Banks - Regional,NYSE,83.5,40,51,59,50,52.26,2669832040.447296,49978138.0,0.060300004,-16.59,492620,564470,461440,1.302
3541,EDIT,Healthcare,Biotechnology,NASDAQ,83.49,40,62,56,89,2.75,402379674.1241598,153580035.0,0.19540001,-39.39,2305480,2875830,2671880,2.323
3542,ORI,Financial Services,Insurance - Property & Casualty,NYSE,83.48,40,59,54,59,37.71,9188937342.877663,241432922.0,0.0589,-19.35,1657040,1443236,1308444,0.134
3543,NBHC,Financial Services,Banks - Regional,NYSE,83.48,40,55,68,59,37.7,1685510681.8970413,44285618.0,0.052800003,-20.26,656610,461686,428178,0.221
3544,RDZN,Technology,Software - Application,NASDAQ,83.47,40,29,33,27,1.19,103901379.296592,85165063.0,0.0385,-53.52,432680,377483,331892,0.49
3545,SMRT,Technology,Software - Application,NYSE,83.46,40,24,16,77,1.17,231405691.99523568,192838069.0,0.0464,-46.82,547710,722846,1027292,0.04
3546,BKV,Energy,Oil & Gas E&P,NYSE,83.45,40,32,54,78,23.68,2360573959.7022247,109437830.0,0.2343,-27.83,1776950,2170110,1726072,0.188
3547,BKT,Financial Services,Asset Management,NYSE,83.42,40,38,41,42,9.44,312553374.44459534,32388952.0,0.0013,-16.75,229661,191120,167770,0.45
3548,PHK,Financial Services,Asset Management,NYSE,83.41,40,48,53,53,4.13,776834367.8517342,187189000.0,1.07,-17.4,1781191,1401500,1129320,0.199
3549,JBSS,Consumer Defensive,Packaged Foods,NASDAQ,83.41,40,43,75,74,67.95,801237278.8657608,11693481.0,0.085200004,-26.21,121690,128833,140848,0.042
3550,BIPC,Utilities,Utilities - Regulated Gas,NYSE,83.39,40,26,34,44,37.64,4508521817.756905,123015597.0,8.55,-27.22,1116200,1217410,1144012,0.085
3551,ABOS,Healthcare,Biotechnology,NASDAQ,83.39,40,88,79,92,2.1,147527258.6413145,72317285.0,0.0556,-41.67,724010,498210,448274,
3552,TDS,Communication Services,Telecom Services,NYSE,83.38,40,34,22,66,35.35,4073955169.7387695,115116000.0,0.00059999997,-28.03,1736870,1543083,1404944,0.036
3553,NUV,Financial Services,Asset Management,NYSE,83.37,40,38,53,55,8.17,1739247353.7095213,210054035.0,0.0011,-11.77,2161341,1172523,901020,0.062
3554,STRR,Industrials,Staffing & Employment Services,NASDAQ,83.37,40,42,68,35,10.0,36008574.12443733,3689403.0,0.0029,-16.39,2400,3776,3822,0.546
3555,AUNA,Healthcare,Medical Care Facilities,NYSE,83.37,40,43,29,38,5.05,374724995.20246315,74056324.0,0.0292,-25.41,112660,116390,158162,0.132
3556,GRBK,Consumer Cyclical,Residential Construction,NYSE,83.36,40,43,58,38,64.52,2867093152.869873,43010696.0,0.00029999999,-22.43,337740,393130,337206,-0.087
3557,KMB,Consumer Defensive,Household & Personal Products,NASDAQ,83.35,40,34,50,26,96.48,31382158228.670135,332579038.0,0.18030001,-21.62,3688030,4397036,3997348,0.006
3558,CWEN,Utilities,Utilities - Renewable,NYSE,83.34,40,35,46,78,30.29,6022764189.002457,205274852.0,0.0792,-27.43,1166000,1216063,1203984,0.227
3559,TGE,Financial Services,Asset Management,NYSE,83.34,40,19,12,8,1.11,53791788.39324117,48461070.0,0.006,-65.42,20812750,6947183,4180794,-0.247
3560,TCMD,Healthcare,Medical Devices,NASDAQ,83.33,40,37,91,89,22.02,500615529.24116135,22652286.0,0.1263,-41.7,222190,270906,318490,0.086
3561,GRFS,Healthcare,Drug Manufacturers - General,NASDAQ,83.32,40,36,21,39,7.5,4975035426.226934,680579407.0,8.45,-24.24,499150,565803,534588,-0.009
3562,RFM,Financial Services,Asset Management,NYSE,83.32,40,48,60,55,12.85,79491087.0,6114699.0,0.68,-14.5,33861,25247,18940,
3563,HCAT,Healthcare,Health Information Services,NASDAQ,83.31,40,24,82,6,1.76,131698666.75,75256381.0,0.033099998,-51.31,342160,405643,649660,-0.127
3564,OZKAP,Financial Services,Banks - Regional,NASDAQ,83.3,40,37,43,49,14.72,,,0.11,-17.4,46530,47596,37390,-0.021
3565,ALLT,Technology,Software - Infrastructure,NASDAQ,83.3,40,37,48,23,8.13,415625097.4661102,49303094.0,0.0419,-31.8,227870,289143,282670,0.153
3566,NUVB,Healthcare,Biotechnology,NYSE,83.29,40,89,91,87,4.86,1804773370.7399907,351123233.0,0.2728,-50.15,6208300,5140533,5469564,5.556
3567,JHS,Financial Services,Asset Management,NYSE,83.29,40,40,39,43,10.08,120425690.67712784,11646585.0,0.81,-16.63,15223,12817,11972,-0.013
3568,RVP,Healthcare,Medical Instruments & Supplies,NYSE ARCA,83.29,40,34,34,32,0.69,20956011.643121243,29937160.0,0.0050999997,-39.47,24370,20750,26328,-0.311
3569,TYL,Technology,Software - Application,NYSE,83.29,40,31,17,14,332.34,13219803469.958862,40952274.0,0.095699996,-36.63,565580,873950,856568,0.082
3570,GTY,Real Estate,REIT - Retail,NYSE,83.29,40,63,75,77,27.55,1746502159.0508995,61932699.0,0.1535,-25.2,746380,678150,603232,0.109
3571,SUI,Real Estate,REIT - Residential,NYSE,83.28,40,30,36,54,110.79,13489455987.75,121800957.0,0.0633,-19.63,1133410,1188526,1568704,0.002
3572,DMC,Consumer Defensive,Farm Products,NYSE,83.23,40,41,19,74,29.63,1398828291.656971,47146218.0,0.1066,-32.01,369900,423673,398904,0.031
3573,RJET,Industrials,Airlines,NASDAQ,83.22,40,34,36,65,17.73,825895951.423645,46819500.0,0.0585,-33.6,58910,78313,87886,0.408
3574,AZIO,Technology,Software - Infrastructure,NASDAQ,83.22,40,17,51,23,1.09,20502451.88864708,17374960.0,0.0757,-77.8,161690,663566,619250,1.543
3575,WCN,Industrials,Waste Management,NYSE,83.21,39,37,44,30,155.16,38696382954.628174,251569244.0,0.0156,-13.68,1646940,1268140,1236822,0.064
3576,BHVN,Healthcare,Biotechnology,NYSE,83.21,39,85,76,15,11.88,1943933444.184411,151043781.0,0.1732,-36.01,1973250,3369083,2782398,
3577,EXE,Energy,Oil & Gas E&P,NASDAQ,83.21,39,40,28,36,88.12,20458850363.40464,239228849.0,0.0414,-30.41,3041450,3074950,3006540,-0.106
3578,TTGT,Technology,Information Technology Services,NASDAQ,83.2,39,28,17,15,3.99,258227591.371274,72332660.0,0.1449,-40.45,459950,335653,356156,-0.032
3579,IART,Healthcare,Medical Devices,NASDAQ,83.2,39,75,90,22,13.0,986155399.8142853,77772506.0,0.120699994,-36.55,1153510,980430,906898,0.008
3580,BMR,Technology,Software - Application,NASDAQ,83.19,39,14,14,19,1.57,19567617.15189576,15529855.0,0.0276,-50.94,61580,52300,55694,-0.172
3581,ELUT,Healthcare,Medical Devices,NASDAQ,83.19,39,20,28,56,0.82,34501309.47308123,44289230.0,0.0002,-40.79,824260,306600,205042,-0.116
3582,CIK,Financial Services,Asset Management,NYSE ARCA,83.17,39,34,33,35,2.33,127274173.21772933,54859559.0,0.0016,-23.36,580695,535985,497875,-0.033
3583,IGC,Healthcare,Biotechnology,NYSE ARCA,83.17,39,30,22,44,0.28,28178867.019727528,104366170.0,0.0177,-37.78,771700,739493,809958,-0.192
3584,MSDL,Financial Services,Asset Management,NYSE,83.16,39,38,46,31,13.33,1137942278.2015095,84105122.0,0.0546,-25.57,590729,446779,458895,-0.108
3585,FHB,Financial Services,Banks - Regional,NASDAQ,83.15,39,42,67,58,24.64,3073670979.3706512,121681352.0,0.1504,-19.42,2196980,2104566,1967254,0.059
3586,BAM,Financial Services,Asset Management,NYSE,83.13,39,42,33,31,44.5,71636733302.83743,1597251633.0,0.0493,-25.0,3648670,2871566,2790306,0.608
3587,BMA,Financial Services,Banks - Regional,NYSE,83.13,39,71,84,65,65.91,4127264581.6264343,63939030.0,0.0208,-37.91,402640,297023,308180,0.012
3588,BTU,Energy,Thermal Coal,NYSE,83.11,39,72,37,77,24.85,3024338934.8983765,121900000.0,0.13939999,-39.6,1774180,2367990,2392242,0.127
3589,LGIH,Consumer Cyclical,Residential Construction,NASDAQ,83.1,39,53,81,18,44.61,1118401896.8801422,23232279.0,0.2143,-32.66,313150,304523,315610,0.057
3590,GDO,Financial Services,Asset Management,NYSE,83.09,39,36,39,54,9.53,73314159.75,7519401.0,0.17,-21.5,70764,54878,54272,
3591,RDY,Healthcare,Drug Manufacturers - Specialty & Generic,NYSE,83.09,39,24,33,36,12.27,10204110656.25,832988625.0,0.0422,-21.7,3581910,3048753,2824720,-0.056
3592,ISRG,Healthcare,Medical Instruments & Supplies,NASDAQ,83.09,39,17,20,30,414.52,140427081367.6112,358278038.0,0.0231,-31.36,1872690,2211973,2417650,0.185
3593,MFM,Financial Services,Asset Management,NYSE,83.08,39,40,57,54,4.84,201407510.09085798,41187631.0,0.11,-14.64,869237,521249,425585,0.002
3594,REFI,Real Estate,REIT - Mortgage,NASDAQ,83.07,39,36,34,39,9.61,257748739.5110607,25621146.0,0.056799997,-28.76,209560,216530,201430,-0.075
3595,BBN,Financial Services,Asset Management,NYSE,83.07,39,38,46,52,14.3,891048056.5943947,61792514.0,0.0034999999,-18.05,376408,261482,209543,
3596,ENB,Energy,Oil & Gas Midstream,NYSE,83.06,39,39,71,70,45.89,102459944805.5864,2228843639.0,0.0078,-21.49,4439040,5489060,5508634,0.971
3597,GHI,Financial Services,Mortgage Finance,NYSE,83.06,39,49,20,10,5.41,130300685.24361134,23562510.0,0.0086,-48.18,52620,43180,57348,
3598,GUG,Financial Services,Asset Management,NYSE,83.06,39,50,60,57,13.88,458423141.11909676,32980083.0,0.3,-15.67,184166,131828,122773,
3599,ASGI,Financial Services,Asset Management,NYSE,83.05,39,61,69,78,19.08,804852056.5416908,42183022.0,1.65,-26.47,260404,305318,243480,
3600,POR,Utilities,Utilities - Regulated Electric,NYSE,83.05,39,53,69,74,44.83,5239424727.272415,117607740.0,0.0731,-17.92,2146280,1442356,1300412,0.009
3601,ARL,Real Estate,Real Estate Services,NYSE,83.02,39,40,77,44,15.79,259078784.50763702,16152043.0,0.0215,-35.39,3116,4928,6853,0.09
3602,ROP,Technology,Software - Application,NASDAQ,83.01,39,49,22,19,358.57,35042558400.051636,98900874.0,0.060500003,-31.21,747900,809030,785604,0.085
3603,REYN,Consumer Cyclical,Packaging & Containers,NASDAQ,83.0,39,34,74,35,21.92,4704854653.911697,210790982.0,0.1181,-19.77,1349320,1564893,1433572,0.006
3604,VZLA,Basic Materials,Other Industrial Metals & Mining,NYSE ARCA,82.99,39,64,22,28,3.42,1281755270.6730518,355056872.0,0.1016,-52.43,4731210,4890166,5131484,
3605,CLM,Financial Services,Asset Management,NYSE ARCA,82.96,39,33,52,52,6.49,1900742285.6344652,297921983.0,12.28,-23.92,1792323,2125704,2262434,-0.338
3606,PERI,Communication Services,Advertising Agencies,NASDAQ,82.95,39,48,35,62,8.68,351074556.5,41302889.0,0.0347,-22.98,270490,529080,450360,-0.046
3607,STE,Healthcare,Medical Devices,NYSE,82.95,39,34,30,30,209.68,20332672284.79721,97500110.0,0.0287,-22.18,612390,652943,689658,0.073
3608,HBANM,Financial Services,Banks - Regional,NASDAQ,82.95,39,38,35,45,19.28,,,0.03,-18.34,38049,24693,21197,0.476
3609,NRK,Financial Services,Asset Management,NYSE,82.94,39,43,62,60,9.13,816522415.4901352,87235304.0,0.0083,-16.24,766498,496372,409301,-0.018
3610,TJX,Consumer Cyclical,Apparel Retail,NYSE,82.94,39,21,51,66,138.8,146572177804.18298,1104704446.0,0.0168,-18.35,8300310,9012100,7945852,0.054
3611,UDR,Real Estate,REIT - Residential,NYSE,82.94,39,35,65,31,33.32,10688460813.00309,321264222.0,0.0425,-20.67,3730170,3888443,3602282,-0.001
3612,CRNT,Technology,Communication Equipment,NASDAQ,82.93,39,26,37,58,2.13,198991522.2536316,91280512.0,0.0072000003,-35.26,298000,308340,361258,0.142
3613,IIIN,Industrials,Metal Fabrication,NYSE,82.92,39,40,22,29,29.59,572229770.9815807,19358247.0,0.0535,-24.19,131730,140486,164950,0.099
3614,SGHC,Consumer Cyclical,Gambling,NYSE,82.91,39,69,83,62,11.35,5715863865.0,508076788.0,0.176,-28.44,3173860,2674180,2547310,0.181
3615,CNDT,Technology,Information Technology Services,NASDAQ,82.91,39,39,21,16,1.6,256609316.29209518,155520800.0,0.0399,-42.86,1163930,1087700,1049586,-0.119
3616,RCI,Communication Services,Telecom Services,NYSE,82.91,39,39,37,53,30.68,16655145279.524082,540225278.0,14.08,-25.43,1584550,1289403,1217806,0.077
3617,QNME,Industrials,Integrated Freight & Logistics,NASDAQ,82.89,39,6,5,33,0.58,19279433.122081697,34427559.0,0.0322,-65.48,3981450,19885883,16526516,-0.637
3618,SBI,Financial Services,Asset Management,NYSE,82.88,39,41,52,54,6.92,98717038.38318634,14082316.0,0.69,-13.61,115836,69002,62117,-0.021
3619,AEMD,Healthcare,Medical Devices,NASDAQ,82.88,39,1,2,6,6.07,4586827.064361572,711136.0,0.105399996,-85.01,90640,5409990,3272264,
3620,ATAT,Consumer Cyclical,Lodging,NASDAQ,82.87,39,29,25,71,31.92,4457878579.579468,138185952.0,0.026400002,-26.06,913140,900033,934994,0.414
3621,GATX,Industrials,Rental & Leasing Services,NYSE,82.86,39,56,42,73,163.34,6038224026.643005,35305058.0,0.1145,-20.54,281570,240573,229818,0.348
3622,COCO,Consumer Defensive,Beverages - Non-Alcoholic,NASDAQ,82.82,39,28,92,69,50.65,3238656714.0449524,57864153.0,0.12550001,-40.99,961540,1349666,1154458,0.281
3623,KTF,Financial Services,Asset Management,NYSE,82.82,39,37,56,57,8.01,317300002.7432518,39172838.0,0.63,-14.51,329353,301641,265994,-0.028
3624,WH,Consumer Cyclical,Lodging,NYSE,82.81,39,30,34,59,72.24,5327616516.322311,74211122.0,0.1069,-20.04,1027610,1198053,1209152,-0.055
3625,AYI,Industrials,Electrical Equipment & Parts,NYSE,82.81,39,60,59,34,300.42,9242899784.059326,29935547.0,0.0418,-20.98,545490,352123,312748,0.029
3626,FC,Consumer Defensive,Education & Training Services,NYSE,82.8,39,52,44,68,18.05,195722818.22834587,11293873.0,0.0856,-32.67,46437,58002,65033,0.01
3627,PCN,Financial Services,Asset Management,NYSE,82.8,39,43,39,41,10.64,822761161.3378525,75691000.0,0.73,-21.13,648424,531171,463858,0.271
3628,BFS,Real Estate,REIT - Retail,NYSE,82.8,39,36,67,61,29.58,745467762.3884697,24717101.0,0.0007,-23.01,144008,135879,121883,0.084
3629,RRX,Industrials,Specialty Industrial Machinery,NYSE,82.79,39,31,82,86,164.17,10646041452.1344,66591867.0,0.056399997,-33.75,1033740,1184460,1299282,0.042
3630,ZIONP,Financial Services,Banks - Regional,NASDAQ,82.79,39,31,31,32,17.25,,,0.28,-22.54,3687,5380,5040,0.352
3631,WAL,Financial Services,Banks - Regional,NYSE,82.79,39,42,44,36,74.35,8333123692.665527,109100864.0,0.0,-23.53,1271020,1159556,1070982,0.136
3632,RAPP,Healthcare,Biotechnology,NASDAQ,82.77,39,88,93,97,30.86,1543461372.7691345,47978286.0,0.074200004,-41.7,467260,427076,367718,
3633,APC,Energy,Oil & Gas Refining & Marketing,NASDAQ,82.76,39,58,64,57,16.24,737338456.5,47570223.0,0.067600004,-25.23,221470,166856,166746,0.274
3634,BKE,Consumer Cyclical,Apparel Retail,NYSE,82.75,39,23,25,72,43.63,2209883497.2017365,51512434.0,0.1254,-25.63,442970,486483,457866,0.046
3635,AXS,Financial Services,Insurance - Specialty,NYSE,82.74,38,42,67,51,95.35,6994860429.193085,73723236.0,0.0274,-20.54,726960,659973,691842,0.074
3636,SLM,Financial Services,Credit Services,NASDAQ,82.74,38,64,46,22,22.6,4277000000.0,188000000.0,0.109799996,-27.24,2462950,2074766,2068764,0.081
3637,OGS,Utilities,Utilities - Regulated Gas,NYSE,82.73,38,52,39,72,72.65,4561479494.717789,62856270.0,0.0797,-19.97,623883,577501,545040,-0.029
3638,FGBI,Financial Services,Banks - Regional,NASDAQ,82.71,38,47,66,70,8.28,137439878.08008003,16539094.0,0.074200004,-24.83,20730,22746,21054,1.768
3639,AIR,Industrials,Aerospace & Defense,NYSE,82.71,38,84,87,87,99.62,4120308655.474098,40194211.0,0.041100003,-35.31,915490,561493,496540,0.241
3640,ITRG,Basic Materials,Other Precious Metals & Mining,NYSE ARCA,82.71,38,53,23,78,2.53,535584926.082232,202873070.0,0.0235,-48.05,1552640,1820693,2262934,0.159
3641,CMI,Industrials,Specialty Industrial Machinery,NYSE,82.69,38,58,87,88,517.32,72730902780.12482,137664487.0,0.0304,-29.88,1039260,1116213,1062168,0.094
3642,DIBS,Communication Services,Internet Content & Information,NASDAQ,82.69,38,61,71,94,3.92,135133477.21883917,33615293.0,0.0506,-40.83,84460,108110,106960,0.053
3643,FAX,Financial Services,Asset Management,NYSE ARCA,82.68,38,54,44,53,12.79,532545885.4519272,41282628.0,1.86,-21.87,304103,194074,169928,-0.157
3644,GIB,Technology,Information Technology Services,NYSE,82.67,38,28,19,21,69.0,14534623322.885193,207075407.0,14.52,-27.52,474660,431673,438834,0.025
3645,RMMZ,Financial Services,Asset Management,NYSE,82.67,38,45,56,57,13.02,112197853.87039185,8455000.0,0.0014,-14.85,40412,28564,21068,
3646,PHM,Consumer Cyclical,Residential Construction,NYSE,82.66,38,35,49,51,112.33,22044986272.140038,190486353.0,0.0617,-22.26,1723380,1632546,1523928,-0.096
3647,BKD,Healthcare,Medical Care Facilities,NYSE,82.66,38,62,85,91,10.77,2593555274.7286034,238817252.0,0.1912,-36.98,4983890,4522550,4838294,-0.089
3648,YUMC,Consumer Cyclical,Restaurants,NYSE,82.66,38,32,32,54,40.65,13528966177.995815,338393355.0,0.0178,-30.38,1362220,1453923,1481046,0.126
3649,RNP,Financial Services,Asset Management,NYSE,82.61,38,42,46,50,18.14,889441496.8290386,48000079.0,0.001,-18.58,157163,133087,119562,-0.009
3650,CPT,Real Estate,REIT - Residential,NYSE,82.6,38,37,62,34,95.8,11105698078.92366,115732578.0,0.0433,-20.04,1260720,1097303,1033904,-0.008
3651,DMO,Financial Services,Asset Management,NYSE,82.6,38,36,42,51,9.34,108900526.78862762,11427128.0,0.46,-22.68,89632,63744,57182,-0.087
3652,PENN,Consumer Cyclical,Resorts & Casinos,NASDAQ,82.6,38,37,81,51,15.72,1980163610.440815,134066591.0,0.16620001,-29.7,3664880,3158686,2913726,0.052
3653,OTEX,Technology,Software - Application,NASDAQ,82.6,38,28,23,20,23.14,5391957472.576981,242662360.0,0.0661,-42.01,1117040,1279430,1491188,0.029
3654,ATO,Utilities,Utilities - Regulated Gas,NYSE,82.59,38,40,52,68,159.21,26559930565.582718,168988553.0,0.028900001,-17.3,1055220,1001223,1032252,0.048
3655,BHFAP,Financial Services,Insurance - Life,NASDAQ,82.56,38,32,35,50,13.35,,,0.71,-25.63,47423,43157,40860,0.867
3656,MDAI,Healthcare,Medical Devices,NASDAQ,82.56,38,32,23,56,1.64,52827814.0377599,31823985.0,0.0767,-44.78,126300,119536,147590,-0.304
3657,ARES,Financial Services,Asset Management,NYSE,82.56,38,48,28,18,115.75,26736472304.265152,227447653.0,0.1499,-36.12,2146990,2117206,2229094,0.096
3658,PMM,Financial Services,Asset Management,NYSE,82.56,38,42,61,55,5.58,242008697.13491106,42833397.0,0.001,-15.45,313288,175796,145797,
3659,RAND,Financial Services,Asset Management,NASDAQ,82.55,38,40,25,21,9.77,30262403.413816452,2969814.0,0.0002,-44.14,1280,2790,3314,-0.13
3660,LSF,Consumer Defensive,Packaged Foods,NYSE ARCA,82.55,38,81,87,16,3.12,38727379.06697464,11192884.0,0.012200001,-47.03,22480,24396,33014,2.444
3661,SHEN,Communication Services,Telecom Services,NASDAQ,82.53,38,23,28,77,11.83,601260405.7920456,55364680.0,0.078099996,-31.82,856670,966810,771370,0.055
3662,PFN,Financial Services,Asset Management,NYSE,82.52,38,51,53,48,6.19,626512475.0785828,98819000.0,1.03,-19.08,623761,568983,478616,0.14
3663,EOT,Financial Services,Asset Management,NYSE,82.52,38,44,57,53,15.21,242655018.95769596,15624921.0,0.09,-15.5,74304,54164,42726,
3664,BGSF,Industrials,Staffing & Employment Services,NYSE,82.51,38,54,68,90,4.7,52544444.61480141,10679765.0,0.0034,-30.37,11370,10373,8938,-0.051
3665,PRMB,Consumer Defensive,Beverages - Non-Alcoholic,NYSE,82.51,38,47,70,28,19.0,7061521767.39234,361943705.0,0.32759997,-27.51,4154110,4524546,4564136,0.038
3666,LINE,Real Estate,REIT - Industrial,NASDAQ,82.5,38,35,74,31,34.21,7818337728.840351,227674365.0,0.0731,-25.22,1271610,996956,975684,0.008
3667,BCBP,Financial Services,Banks - Regional,NASDAQ,82.5,38,33,76,65,8.31,261390487.0,30751822.0,0.0618,-29.04,338470,366980,293432,-0.808
3668,HIMS,Healthcare,Drug Manufacturers - Specialty & Generic,NYSE,82.5,38,26,67,17,29.54,6766088977.0,233313413.0,0.2726,-54.76,9281340,9513830,11413854,0.382
3669,OSS,Technology,Computer Hardware,NASDAQ,82.5,38,49,96,95,7.95,215981521.99443817,24940130.0,0.19370002,-61.93,906670,767333,851942,0.623
3670,INFQ,Technology,Software - Infrastructure,NYSE,82.49,38,35,15,41,11.64,2963445147.833107,225357052.0,2.52,-45.3,6744940,7886700,8581484,1.565
3671,NVMI,Technology,Semiconductor Equipment & Materials,NASDAQ,82.49,38,35,79,92,377.77,12599056340.01648,31806161.0,0.0699,-38.67,247320,505660,518452,0.159
3672,EXC,Utilities,Utilities - Regulated Electric,NASDAQ,82.49,38,39,52,58,41.49,41962243604.297165,1030253967.0,0.037100002,-18.08,10013050,8360163,7751660,0.099
3673,XBIT,Healthcare,Biotechnology,NASDAQ,82.46,38,28,29,28,2.19,66768132.63452196,30487731.0,0.013300001,-36.34,33240,46386,39022,
3674,BLBD,Industrials,Farm & Heavy Construction Machinery,NASDAQ,82.45,38,58,88,81,55.84,1772049433.1245422,31347063.0,0.1539,-33.04,533290,535976,569464,0.299
3675,DSWL,Technology,Electronic Components,NASDAQ,82.45,38,34,67,63,3.02,48767682.66954589,15885239.0,0.0004,-25.62,6090,9223,8962,-0.134
3676,YAAS,Technology,Software - Application,NASDAQ,82.43,38,76,5,3,1.13,18228978.3954674,15714637.0,0.01,-77.31,21010,1032733,676970,4.443
3677,AAL,Industrials,Airlines,NASDAQ,82.42,38,41,78,35,12.85,8565890888.166354,661969951.0,0.1393,-31.61,62947670,67502550,62151842,0.163
3678,NMFC,Financial Services,Asset Management,NASDAQ,82.41,38,29,24,33,6.74,655499592.0046091,94452390.0,0.040599998,-31.5,636950,518276,525684,-0.264
3679,OCFC,Financial Services,Banks - Regional,NASDAQ,82.41,38,55,57,59,16.46,1621706841.1810055,96645219.0,0.052800003,-20.14,1121410,1053446,1030996,0.322
3680,FT,Financial Services,Asset Management,NYSE,82.4,38,40,53,61,7.08,177933807.60258865,25131894.0,0.19,-15.21,72832,65120,60274,
3681,NEE,Utilities,Utilities - Regulated Electric,NYSE,82.39,38,52,59,73,77.06,160237063473.99747,2085605358.0,0.0,-21.96,14644190,12306700,11714800,0.124
3682,BBIO,Healthcare,Biotechnology,NASDAQ,82.39,38,72,83,87,66.5,13146904048.25,195492997.0,0.123100005,-28.81,2988920,2641916,2470386,1.204
3683,CNXC,Technology,Information Technology Services,NASDAQ,82.39,38,23,13,13,26.16,1518214670.7000732,60948000.0,0.1657,-47.01,2592750,1965270,1631450,-0.012
3684,LOMA,Basic Materials,Building Materials,NYSE,82.37,38,36,60,64,9.52,1068941112.9935074,116696630.0,0.0174,-27.88,582320,424883,434608,0.021
3685,CRF,Financial Services,Asset Management,NYSE ARCA,82.36,38,33,51,52,6.18,1042013653.1548691,170263672.0,0.1035,-25.09,1197003,1482171,1568934,-0.324
3686,DOLE,Consumer Defensive,Farm Products,NYSE,82.35,38,37,39,58,12.8,1204349789.25,94458807.0,0.049200002,-22.75,856600,995660,1066280,0.029
3687,NEOV,Industrials,Electrical Equipment & Parts,NASDAQ,82.3,38,90,10,29,2.79,179990400.5360291,59013247.0,0.0924,-60.87,1983840,1828176,1747704,-0.997
3688,APAM,Financial Services,Asset Management,NYSE,82.3,38,65,37,31,33.75,2476355658.8723717,70996433.0,0.0686,-27.47,1395200,1020446,949442,0.089
3689,NCA,Financial Services,Asset Management,NYSE,82.29,38,41,53,58,8.25,278887133.06700706,33121987.0,0.0008,-15.82,214544,129524,100120,0.01
3690,UNIT,Real Estate,REIT - Specialty,NASDAQ,82.29,38,74,85,89,7.84,1951510076.140771,242725135.0,0.1879,-39.4,3304250,2399220,2369128,2.025
3691,EVV,Financial Services,Asset Management,NYSE ARCA,82.28,38,38,40,44,8.36,979595203.2624817,116203460.0,0.37,-18.28,1000034,677378,583866,-0.034
3692,FEDU,Consumer Defensive,Education & Training Services,NYSE,82.28,38,29,21,31,10.1,21144446.162670135,2261438.0,0.0078,-31.43,3970,1506,2006,-0.062
3693,SF,Financial Services,Capital Markets,NYSE,82.27,38,64,39,62,69.71,10612401681.191711,151001734.0,0.0001,-22.39,1676940,1318836,1196056,0.127
3694,NMI,Financial Services,Asset Management,NYSE,82.23,37,42,57,60,9.22,112207034.93925095,12078260.0,0.003,-18.26,63396,42312,35397,0.129
3695,FMN,Financial Services,Asset Management,NYSE,82.23,37,39,56,57,9.88,77874262.25825977,7818701.0,0.002,-15.99,84170,43993,34870,-0.223
3696,BHFAO,Financial Services,Insurance - Life,NASDAQ,82.22,37,31,35,53,13.58,,,0.1,-25.3,42400,40453,43308,0.867
3697,EIM,Financial Services,Asset Management,NYSE ARCA,82.22,37,37,54,54,8.7,464408293.0002909,51372599.0,0.49,-13.52,339084,234551,200020,-0.556
3698,MDA,Industrials,Aerospace & Defense,NYSE,82.21,37,25,56,68,29.0,4846089423.373215,162130797.0,3.65,-41.26,1202490,1227306,1235584,0.336
3699,BAH,Industrials,Consulting Services,NYSE,82.21,37,26,15,23,68.69,8101192748.009697,120284973.0,0.0683,-37.04,1937570,1698996,1741398,-0.042
3700,EMA,Utilities,Utilities - Regulated Electric,NYSE,82.2,37,51,64,66,45.81,14752414125.061035,307150000.0,16.18,-17.44,679760,470826,511652,0.012
3701,TSN,Consumer Defensive,Farm Products,NYSE,82.2,37,31,40,66,51.7,18254980242.957397,351801512.0,0.0344,-25.59,2994900,3564836,3395616,-0.001
3702,BHFAN,Financial Services,Insurance - Life,NASDAQ,82.18,37,32,35,50,10.88,,,0.8,-24.71,54346,65355,69287,0.867
3703,NI,Utilities,Utilities - Regulated Gas,NYSE,82.16,37,35,59,69,40.54,18909054889.35013,479560100.0,0.0394,-17.62,5591080,5480576,5826622,0.046
3704,PEG,Utilities,Utilities - Regulated Electric,NYSE,82.16,37,32,43,48,71.74,33920737682.064377,498321402.0,0.025,-18.13,4830840,3824996,3368884,-0.089
3705,ALG,Industrials,Farm & Heavy Construction Machinery,NYSE,82.13,37,53,27,28,156.91,1959647007.7928925,12170965.0,0.059899997,-28.64,180160,187886,174762,0.076
3706,AIRJ,Industrials,Building Products & Equipment,NASDAQ,82.12,37,77,55,16,3.68,287521790.07596207,73347394.0,0.1376,-45.48,782540,858606,1275214,
3707,HWKN,Basic Materials,Specialty Chemicals,NASDAQ,82.11,37,22,29,38,132.38,2743199201.4169617,20875117.0,0.078200005,-28.89,158500,180140,167652,0.076
3708,ASPC,Financial Services,Shell Companies,NASDAQ,82.1,37,46,29,33,10.79,25308988.70228958,2337581.0,0.042600002,-83.14,2910,7960,26148,
3709,PTA,Financial Services,Asset Management,NYSE,82.07,37,35,45,47,17.1,958441770.1540604,55273458.0,0.0008,-17.39,347409,267303,218721,
3710,OC,Industrials,Building Products & Equipment,NYSE,82.07,37,65,68,31,114.68,9356202168.127487,79048683.0,0.0342,-28.28,1141490,1154586,1028004,0.003
3711,BHK,Financial Services,Asset Management,NYSE,82.06,37,44,41,42,8.08,590071915.590271,72224224.0,0.011,-20.16,495255,408068,359661,0.173
3712,FURY,Basic Materials,Gold,NYSE ARCA,82.04,37,55,27,52,0.52,97537818.2108903,190132195.0,0.0026,-49.02,224720,244443,267210,
3713,AERO,Industrials,Airlines,NYSE,82.01,37,30,26,19,16.33,2245453514.60196,145903409.0,0.0078,-29.15,333580,368206,329576,0.126
3714,CLSK,Financial Services,Capital Markets,NASDAQ,82.01,37,64,55,34,11.52,3271849451.239237,256817073.0,0.42810002,-51.21,15174720,16634696,18713416,-0.305
3715,AEBI,Industrials,Farm & Heavy Construction Machinery,NASDAQ,82.01,37,45,45,33,10.95,846651412.9286842,77603247.0,0.1911,-31.39,501380,399893,404822,0.787
3716,YUM,Consumer Cyclical,Restaurants,NYSE,81.98,37,38,53,56,140.35,37147294357.67517,272901085.0,0.041199997,-17.51,2134850,2228213,2390912,0.122
3717,ISOU,Energy,Uranium,NYSE ARCA,81.97,37,82,54,87,9.72,598401449.7386703,65256428.0,14.52,-28.42,151570,176686,150476,
3718,AWP,Financial Services,Asset Management,NYSE,81.97,37,52,61,66,10.0,314110495.8763962,30855647.0,2.49,-21.32,167538,137586,129993,-0.107
3719,RMM,Financial Services,Asset Management,NYSE,81.96,37,51,60,58,12.55,252272440.56895065,19739628.0,1.52,-16.33,133921,80023,64524,
3720,STRO,Healthcare,Biotechnology,NASDAQ,81.96,37,80,97,99,14.66,254356244.97112083,16570439.0,0.12560001,-66.57,217180,280963,283014,-0.846
3721,TCBIO,Financial Services,Banks - Regional,NASDAQ,81.95,37,38,43,65,18.28,,,0.04,-20.33,33926,28455,21819,0.086
3722,AGI,Basic Materials,Gold,NYSE,81.94,37,53,20,87,31.53,13587900550.656166,418604465.0,1.83,-43.1,3403480,3478326,4193706,0.356
3723,WDFC,Basic Materials,Specialty Chemicals,NASDAQ,81.92,37,33,78,39,201.5,2724750967.2611084,13421096.0,0.057600003,-32.59,111730,118566,114354,0.243
3724,MHF,Financial Services,Asset Management,NYSE,81.92,37,38,54,50,6.15,139121149.58662987,22223825.0,0.88,-17.67,164326,98592,84335,-0.001
3725,BWG,Financial Services,Asset Management,NYSE,81.91,37,40,41,53,6.96,115695747.79804802,16791836.0,0.0015,-20.64,131285,97428,82485,
3726,GLOO,Technology,Software - Application,NASDAQ,81.91,37,8,7,48,3.98,377107878.44510365,91531041.0,1.81,-60.12,941640,1073783,694330,1.88
3727,WDI,Financial Services,Asset Management,NYSE,81.9,37,36,48,53,11.69,615158594.4029007,51912116.0,0.17,-22.07,408318,349682,299497,
3728,GFI,Basic Materials,Gold,NYSE,81.88,37,82,25,86,35.05,31859187439.45793,894418540.0,0.0076,-43.14,4388740,3814433,3820552,0.789
3729,RITM,Real Estate,REIT - Mortgage,NYSE,81.88,37,49,30,34,8.53,4863725261.311538,558407031.0,0.0519,-29.79,8180670,6054730,5702596,0.097
3730,PSHG,Industrials,Marine Shipping,NASDAQ,81.87,37,23,28,53,1.66,21010347.731373787,12432158.0,0.0344,-35.66,48230,61323,53008,0.91
3731,LOB,Financial Services,Banks - Regional,NYSE,81.87,37,63,72,63,34.26,1697683195.72464,46283620.0,0.0714,-23.06,239430,212756,212722,0.122
3732,KEQU,Consumer Cyclical,"Furnishings, Fixtures & Appliances",NASDAQ,81.86,37,25,31,26,33.84,98905053.07820511,2895347.0,0.0188,-27.34,3370,4346,3810,-0.067
3733,GF,Financial Services,Asset Management,NYSE,81.82,37,53,41,52,10.34,172046185.36044598,16307695.0,0.0001,-17.21,22420,24783,24540,-0.054
3734,ADMA,Healthcare,Biotechnology,NASDAQ,81.78,37,18,13,11,10.14,2177131149.4103622,223984680.0,0.13319999,-50.44,3130340,2828273,2630166,0.02
3735,CCJ,Energy,Uranium,NYSE,81.76,37,61,33,90,89.07,37098699284.13412,435532979.0,3.25,-34.14,3369000,3074463,3026026,-0.072
3736,GEHC,Healthcare,Medical Devices,NASDAQ,81.7,37,29,22,38,64.67,29038909554.611115,451686252.0,0.0424,-27.96,3680240,3469656,3600466,0.058
3737,OSK,Industrials,Farm & Heavy Construction Machinery,NYSE,81.68,37,71,56,70,128.61,8263865780.479523,61739749.0,0.0373,-28.74,695910,601706,641206,0.067
3738,ICU,Healthcare,Biotechnology,NASDAQ,81.67,37,33,80,36,3.72,20668084.542161465,4406841.0,0.0278,-49.39,306800,129986,107804,0.82
3739,ZJK,Industrials,Tools & Accessories,NASDAQ,81.64,37,22,33,13,1.96,118996162.18356192,64322249.0,0.0033000002,-51.6,5330,12163,70866,0.366
3740,IRT,Real Estate,REIT - Residential,NYSE,81.64,37,31,51,32,14.44,3420220089.770809,235714682.0,0.0935,-18.83,4210150,3843610,3433986,0.03
3741,VRDN,Healthcare,Biotechnology,NASDAQ,81.64,37,65,49,16,18.28,2197869975.382429,113292269.0,0.17809999,-46.69,1970820,1669333,1711054,2.787
3742,SCKT,Technology,Computer Hardware,NASDAQ,81.63,37,7,9,26,0.66,5887093.332079828,8291681.0,0.0058,-76.34,32331980,10869820,11985006,-0.25
3743,BTGO,Financial Services,Capital Markets,NYSE,81.63,37,27,4,10,7.26,867486703.8120289,117545622.0,0.028099999,-70.37,957210,1881266,1795360,0.796
3744,BOH,Financial Services,Banks - Regional,NYSE,81.62,37,58,71,72,66.4,2733123386.7227783,39450396.0,0.0001,-23.07,572850,419250,378258,0.129
3745,VFS,Consumer Cyclical,Auto Manufacturers,NASDAQ,81.61,37,35,25,77,3.03,7112189381.153784,2339536010.0,0.0544,-42.67,351220,375506,352422,0.417
3746,DTE,Utilities,Utilities - Regulated Electric,NYSE,81.61,37,39,60,62,127.24,25896559552.01561,208088069.0,0.028499998,-18.3,2011050,1755913,1583606,-0.015
3747,FPF,Financial Services,Asset Management,NYSE,81.58,37,40,49,54,15.68,965046515.3295565,60847827.0,0.0013,-19.01,264614,201508,161616,
3748,FTW,Energy,Oil & Gas E&P,NYSE,81.56,37,35,73,53,9.52,293482727.7510071,29825480.0,6.58,-44.65,114538,92929,95679,0.263
3749,IQI,Financial Services,Asset Management,NYSE,81.55,37,52,62,55,8.68,472781122.98907566,52883797.0,0.0124,-16.7,408041,267220,222608,0.009
3750,TNL,Consumer Cyclical,Travel Services,NYSE,81.55,37,35,61,82,62.9,3855868675.989151,61282085.0,0.1495,-22.35,692770,689760,697346,0.044
3751,LADR,Real Estate,REIT - Mortgage,NYSE,81.51,37,35,37,38,8.67,1093578897.3414183,126865303.0,0.0542,-24.48,1706210,1341243,1264436,0.022
3752,VIVO,Technology,Software - Infrastructure,NASDAQ,81.5,37,81,88,24,3.25,107498341.44374251,31993555.0,0.0661,-52.62,481840,367740,440848,
3753,NTST,Real Estate,REIT - Retail,NYSE,81.5,37,60,72,71,17.21,1704005879.1623726,97260607.0,0.16219999,-23.41,2045750,1498256,1672662,0.269
3754,IIF,Financial Services,Asset Management,NYSE,81.48,36,41,35,32,21.13,199654283.7668724,9386661.0,0.0019,-24.51,17846,22845,26753,-0.387
3755,NSSC,Industrials,Security & Protection Services,NASDAQ,81.48,36,32,30,84,35.19,1293744300.7960358,35768437.0,0.0759,-32.03,309700,406803,399098,0.1
3756,COIN,Financial Services,Financial Data & Stock Exchanges,NASDAQ,81.47,36,25,13,20,178.45,48282156909.0,263836923.0,0.114700004,-55.63,7393170,9239580,9547048,-0.173
3757,VELO,Technology,Computer Hardware,NASDAQ,81.47,36,87,90,78,9.1,360070115.4680424,32149118.0,0.29459998,-71.34,1869410,1220890,1450136,0.523
3758,BOOM,Industrials,Conglomerates,NASDAQ,81.46,36,59,41,15,5.8,119137508.1178751,20540949.0,0.0101,-36.96,132550,102463,147188,0.009
3759,DHI,Consumer Cyclical,Residential Construction,NYSE,81.45,36,30,49,44,133.28,37759671045.0,279701267.0,0.0466,-24.29,3414910,2855680,2540594,0.0
3760,RFMZ,Financial Services,Asset Management,NYSE,81.44,36,50,61,55,11.41,287594260.3884039,24351757.0,0.5,-16.72,161522,94367,79170,
3761,MYN,Financial Services,Asset Management,NYSE,81.44,36,37,56,53,8.74,342903204.2923355,38313208.0,0.0021,-14.81,526275,356705,289335,0.065
3762,BHFAM,Financial Services,Insurance - Life,NASDAQ,81.44,36,30,33,50,9.57,,,0.05,-25.68,83753,62157,71750,0.867
3763,PMA,Industrials,Engineering & Construction,NASDAQ,81.44,36,22,66,13,1.26,200459253.10850143,162975000.0,0.00090000004,-53.33,16470,47796,170480,-0.623
3764,OPNW,Technology,Information Technology Services,NASDAQ,81.42,36,20,16,31,6.06,72399745.27862549,13407360.0,,-68.92,378829,599805,361543,
3765,BCE,Communication Services,Telecom Services,NYSE,81.42,36,38,31,56,19.76,18398733942.533558,932525817.0,7.87,-25.49,4672430,4155136,3941608,0.015
3766,VMO,Financial Services,Asset Management,NYSE,81.4,36,49,59,57,8.39,573920236.2759476,67440684.0,0.0049,-16.93,580085,390705,302869,-0.004
3767,CPSH,Technology,Electronic Components,NASDAQ,81.4,36,25,68,92,3.6,73990838.66617584,19268448.0,0.0777,-74.98,173050,201823,214938,0.029
3768,IMCR,Healthcare,Biotechnology,NASDAQ,81.4,36,61,49,37,29.41,1530023863.921608,51498617.0,0.1676,-27.77,490940,399306,410440,0.183
3769,CARR,Industrials,Building Products & Equipment,NYSE,81.39,36,33,65,41,55.0,45781592028.6044,830580423.0,0.0234,-28.35,5621630,6611696,6421054,0.039
3770,ELMD,Healthcare,Medical Devices,NYSE ARCA,81.37,36,30,95,55,28.2,232867091.66127205,8287085.0,0.026600001,-40.51,86170,114116,94054,0.116
3771,NIPG,Communication Services,Entertainment,NASDAQ,81.36,36,9,1,7,11.35,82638443.02642822,7478592.0,0.32,-78.98,6380,20310,33572,0.423
3772,MUX,Basic Materials,Other Precious Metals & Mining,NYSE,81.36,36,72,37,93,17.08,1088500946.7961388,61358566.0,0.21059999,-42.49,1617970,1235463,1191676,0.268
3773,ARE,Real Estate,REIT - Office,NYSE,81.34,36,35,26,17,45.21,8152153087.672413,172095277.0,0.0546,-46.37,1945390,1874793,2021820,-0.119
3774,PCQ,Financial Services,Asset Management,NYSE,81.29,36,41,53,51,7.7,147292564.34440613,18981000.0,1.2,-16.21,385076,238558,198855,1.937
3775,CVV,Industrials,Specialty Industrial Machinery,NASDAQ,81.29,36,92,96,75,4.19,30098708.4596653,6951203.0,0.0399,-53.96,45710,91720,123920,-0.426
3776,SNY,Healthcare,Drug Manufacturers - General,NASDAQ,81.28,36,37,35,39,40.2,96933661869.51657,2428198054.0,0.0044,-23.69,3475410,2719430,2836482,0.146
3777,RDNW,Consumer Cyclical,Auto & Truck Dealerships,NASDAQ,81.27,36,34,83,94,4.88,207599011.29595184,38587176.0,0.123100005,-42.92,76740,70596,71674,-0.01
3778,AVA,Utilities,Utilities - Diversified,NYSE,81.26,36,37,60,60,35.23,2957312542.317009,83752830.0,0.069,-19.01,709970,717806,708224,0.005
3779,BMRA,Healthcare,Medical Devices,NASDAQ,81.26,36,46,13,16,1.91,9841792.002450943,4598968.0,0.0088,-40.5,22090,143676,89130,0.168
3780,PTY,Financial Services,Asset Management,NYSE,81.24,36,39,36,35,10.76,2449598137.1358013,221883890.0,0.54,-26.75,2053728,1751646,1590059,0.191
3781,O,Real Estate,REIT - Retail,NYSE,81.24,36,46,60,66,53.35,51218783136.9599,946218033.0,0.049099997,-21.47,9143840,7895340,6937066,0.096
3782,SPGI,Financial Services,Financial Data & Stock Exchanges,NYSE,81.24,36,36,38,25,395.18,113872392761.23047,294800000.0,0.0223,-24.36,2142190,1926886,1952818,0.104
3783,ERH,Financial Services,Asset Management,NYSE ARCA,81.24,36,44,55,64,10.56,90706297.51304245,8832161.0,0.45,-19.2,33279,29369,27923,-0.06
3784,BANC,Financial Services,Banks - Regional,NYSE,81.23,36,49,73,65,17.17,2810510022.738743,158427850.0,0.0837,-21.71,2410520,2538540,2792492,
3785,LOVE,Consumer Cyclical,"Furnishings, Fixtures & Appliances",NASDAQ,81.23,36,61,60,43,14.32,212024462.34894848,14423433.0,0.22780001,-25.59,196860,281993,246632,0.004
3786,BKTI,Technology,Communication Equipment,NYSE ARCA,81.2,36,35,73,91,75.28,286360486.93130493,3769389.0,0.0582,-28.0,46720,41876,39268,0.106
3787,OZK,Financial Services,Banks - Regional,NASDAQ,81.2,36,49,56,51,43.56,5093147036.953079,109037618.0,0.16319999,-18.41,1780390,1312893,1173316,-0.021
3788,GRO,Basic Materials,Other Industrial Metals & Mining,NYSE ARCA,81.19,36,47,39,83,2.19,133184368.15765142,61946215.0,0.0064999997,-45.11,193720,198320,191294,
3789,NMZ,Financial Services,Asset Management,NYSE,81.16,36,36,53,52,8.96,1927540999.2218685,215367714.0,0.0007,-16.81,1887740,1338330,1061068,-0.013
3790,AKR,Real Estate,REIT - Retail,NYSE,81.14,36,43,60,62,18.08,2558508495.605793,137332722.0,0.21190001,-21.49,1262140,1326363,1406776,0.134
3791,TRSG,Industrials,Metal Fabrication,NASDAQ,81.11,36,44,68,28,1.19,18642973.806061506,16353486.0,0.0064,-32.0,128090,44333,27896,0.109
3792,ELME,Real Estate,REIT - Residential,NYSE,81.11,36,16,12,22,1.75,156389873.2325852,88857883.0,0.0274,-90.1,1828480,1074193,842172,0.017
3793,SBAC,Real Estate,REIT - Specialty,NASDAQ,81.11,36,35,31,61,170.38,16813905136.659393,106088110.0,0.0496,-24.09,922900,925636,993562,0.023
3794,SPCB,Industrials,Security & Protection Services,NASDAQ,81.11,36,60,78,55,9.1,59099052.36167908,6280452.0,0.013099999,-29.29,53390,69160,80284,0.133
3795,NXE,Energy,Uranium,NYSE,81.05,36,68,37,91,8.99,6034554909.0,670506101.0,8.89,-35.6,4646370,4240683,4716618,
3796,ZTO,Industrials,Integrated Freight & Logistics,NYSE,81.02,36,36,67,80,19.8,14614499718.0,749461524.0,0.0247,-24.43,2903420,2775856,2475598,0.23
3797,FCNCO,Financial Services,Banks - Regional,NASDAQ,81.01,36,36,37,46,18.43,,,0.27,-21.34,21320,20490,18358,0.085
3798,TOUR,Consumer Cyclical,Travel Services,NASDAQ,80.99,36,27,19,32,5.12,53971144.07148695,10863757.0,13.2,-46.11,4940,5860,6334,0.03
3799,AJG,Financial Services,Insurance Brokers,NYSE,80.97,36,57,39,20,227.1,57961263666.45813,256341000.0,0.0252,-27.46,1553290,1443380,1413932,0.309
3800,HEI,Industrials,Aerospace & Defense,NYSE,80.96,36,40,61,30,295.78,42269628848.27301,139757405.0,0.0134000005,-21.51,464260,516390,481170,0.231
3801,SCYX,Healthcare,Drug Manufacturers - Specialty & Generic,NASDAQ,80.94,36,31,17,86,4.78,50941996.94135761,9949609.0,0.0471,-47.59,1003400,381576,333320,-0.828
3802,CRWS,Consumer Cyclical,"Furnishings, Fixtures & Appliances",NASDAQ,80.93,36,41,64,44,2.44,26685511.965236187,10760287.0,0.004,-22.29,66140,84136,97874,0.083
3803,MNTN,Technology,Software - Application,NYSE,80.92,36,63,23,12,10.05,739803307.7516279,74803163.0,0.084,-45.98,895700,820076,967424,0.206
3804,GBAB,Financial Services,Asset Management,NYSE,80.91,36,36,41,45,12.39,348736104.90660095,27699452.0,0.15,-21.58,206030,146370,131728,
3805,GSIT,Technology,Semiconductors,NASDAQ,80.91,36,36,62,79,5.39,215267334.65322447,38372073.0,0.12100001,-70.3,323280,452466,504988,0.005
3806,KOSS,Technology,Consumer Electronics,NASDAQ,80.89,36,19,26,26,3.73,36540449.68693113,9466438.0,0.0473,-34.56,63870,48793,35322,0.058
3807,TTAN,Technology,Software - Application,NASDAQ,80.89,36,12,47,12,71.74,6472031258.993988,96467903.0,0.1727,-35.58,1952320,3482230,2584492,0.209
3808,BRUN,Technology,Software - Infrastructure,NASDAQ,80.89,36,76,97,69,13.75,1312337669.1032314,79487441.0,2.22,-67.26,2325970,2344890,2347762,2.697
3809,PEP,Consumer Defensive,Beverages - Non-Alcoholic,NASDAQ,80.89,36,33,34,62,123.73,171826197403.5563,1364891558.0,0.0211,-27.85,8885430,8874816,8055162,0.064
3810,ITRI,Technology,Scientific & Technical Instruments,NASDAQ,80.88,36,54,20,26,85.58,3787992095.568596,43786753.0,0.1996,-39.73,645440,571066,661732,-0.072
3811,SKIL,Consumer Defensive,Education & Training Services,NYSE,80.87,36,55,24,8,6.3,51963535.58715439,9100444.0,0.1671,-65.85,40330,86373,70386,-0.029
3812,OMCL,Healthcare,Health Information Services,NASDAQ,80.86,36,28,84,55,35.21,1528091273.004692,45478909.0,0.0875,-35.98,513350,568186,672454,0.075
3813,AAON,Industrials,Building Products & Equipment,NASDAQ,80.85,35,21,81,52,87.13,6865914242.738609,82453639.0,0.0709,-42.09,1142860,1128393,1205820,1.012
3814,ADC,Real Estate,REIT - Retail,NYSE,80.83,35,40,58,62,65.16,8194108601.182022,124379310.0,0.0,-20.61,1784730,1571093,1592300,0.168
3815,ADAMZ,Real Estate,REIT - Mortgage,NASDAQ,80.82,35,40,55,53,16.09,,,0.0,-21.28,12272,14684,11962,1.298
3816,RCS,Financial Services,Asset Management,NYSE,80.81,35,27,29,29,5.01,237203470.8366394,47346000.0,1.4,-36.9,179481,166643,153174,-0.089
3817,PMO,Financial Services,Asset Management,NYSE,80.81,35,38,57,54,9.13,258416603.3003378,28058263.0,0.0005,-16.01,223962,123220,98942,0.022
3818,LNSR,Healthcare,Medical Devices,NASDAQ,80.8,35,45,14,6,6.51,82929588.75,12285865.0,0.0381,-49.69,36510,66220,123116,0.184
3819,NEWT,Financial Services,Banks - Regional,NASDAQ,80.79,35,49,80,62,10.94,322931301.39492035,28884731.0,0.1427,-30.27,247720,258610,256004,0.147
3820,PFL,Financial Services,Asset Management,NYSE,80.79,35,39,42,50,6.8,348588180.952549,49941000.0,1.23,-21.84,373079,292666,233241,-0.092
3821,DAKT,Technology,Electronic Components,NASDAQ,80.76,35,43,55,59,17.81,863743949.9698639,48092650.0,0.044699997,-37.0,417860,662870,571258,0.071
3822,NBH,Financial Services,Asset Management,NYSE ARCA,80.75,35,39,56,53,8.84,271005228.55160713,29618059.0,0.0021,-17.54,165430,122146,104964,0.018
3823,HBNB,Real Estate,Real Estate Services,NASDAQ,80.74,35,32,70,75,4.51,1113994210.9257622,234032386.0,0.0002,-56.76,22540,10280,7728,8.926
3824,LZM,Basic Materials,Other Industrial Metals & Mining,NYSE,80.74,35,45,21,24,3.74,346171035.87507963,89914557.0,0.0004,-41.56,369600,334013,368110,4.124
3825,GBLI,Financial Services,Insurance - Property & Casualty,NASDAQ,80.71,35,54,36,40,23.82,356498956.484951,14640614.0,0.0016,-21.9,9630,7960,6464,0.051
3826,VKQ,Financial Services,Asset Management,NYSE,80.68,35,51,61,57,8.38,475885441.5088234,55335514.0,0.0109,-17.11,450520,301643,247304,0.027
3827,BBAR,Financial Services,Banks - Regional,NYSE,80.68,35,60,88,64,12.97,2528450282.7130346,204236693.0,0.013200001,-42.28,694220,640906,681414,0.051
3828,MYI,Financial Services,Asset Management,NYSE,80.68,35,37,53,55,9.47,649385072.6962929,66467251.0,0.0055,-17.36,1077726,664998,518665,0.063
3829,ENPH,Technology,Solar,NASDAQ,80.67,35,27,81,23,33.5,4411286584.286499,131798220.0,0.2174,-54.57,4910940,4581360,4515698,-0.196
3830,PAX,Financial Services,Asset Management,NASDAQ,80.66,35,27,24,35,11.11,1647831184.0266867,161393847.0,0.095699996,-37.58,1192780,1146920,1196404,0.349
3831,SAIA,Industrials,Trucking,NASDAQ,80.66,35,32,79,81,334.72,9341585039.932251,26605107.0,0.0471,-32.34,352670,363056,431466,0.171
3832,ISD,Financial Services,Asset Management,NYSE,80.65,35,33,36,42,11.53,390125226.54012966,33344037.0,0.46,-22.04,192269,178393,166191,
3833,LMNR,Consumer Defensive,Farm Products,NASDAQ,80.64,35,61,38,27,12.0,217402759.77991295,18132007.0,0.0673,-22.23,152460,146880,114176,-0.077
3834,ODD,Consumer Defensive,Household & Personal Products,NASDAQ,80.6,35,40,13,4,19.14,871754053.004879,46124554.0,0.3073,-68.36,734750,1503243,1224914,-0.251
3835,ADBE,Technology,Software - Application,NASDAQ,80.58,35,30,18,19,232.77,94481775970.45898,397500000.0,0.0521,-36.0,4101390,5203883,4991640,0.129
3836,DERM,Healthcare,Drug Manufacturers - Specialty & Generic,NASDAQ,80.57,35,58,64,15,5.95,186563254.71836329,28224395.0,0.1847,-37.73,171830,160270,190822,0.233
3837,USAS,Basic Materials,Other Industrial Metals & Mining,NYSE ARCA,80.57,35,78,35,96,4.17,1494656679.6793785,338157614.0,0.0659,-60.29,3373290,3818596,4349502,0.721
3838,CAG,Consumer Defensive,Packaged Foods,NYSE,80.55,35,41,30,21,13.25,6378217703.213763,477411517.0,0.1092,-34.79,17870380,13138026,12279716,-0.014
3839,NEA,Financial Services,Asset Management,NYSE,80.54,35,39,56,56,9.89,3048466571.5509987,302127505.0,0.0091,-16.89,3267105,2214238,1676167,-0.014
3840,SSYS,Technology,Computer Hardware,NASDAQ,80.52,35,25,26,21,8.24,762006883.2941055,87587000.0,0.0467,-35.68,671370,667550,722020,-0.003
3841,HBAN,Financial Services,Banks - Regional,NASDAQ,80.52,35,46,60,52,15.17,30972959128.43458,2020414826.0,0.025999999,-22.05,30064750,28486253,25986634,0.476
3842,ACP,Financial Services,Asset Management,NYSE,80.51,35,41,50,55,4.37,559599228.6663265,125470678.0,0.0,-24.78,1093037,977292,772901,-0.069
3843,MMU,Financial Services,Asset Management,NYSE,80.45,35,37,52,56,8.9,490662969.07045937,54336986.0,0.0007,-16.9,424421,260900,203888,-0.003
3844,PCM,Financial Services,Asset Management,NYSE,80.44,35,34,42,39,4.98,62685652.36759186,12413000.0,0.48,-26.33,55881,85033,71942,-0.015
3845,AXP,Financial Services,Credit Services,NYSE,80.43,35,42,60,50,304.25,204470310411.38718,675309833.0,0.020599999,-21.48,3320720,3020756,2799304,0.128
3846,INGR,Consumer Defensive,Packaged Foods,NYSE,80.43,35,32,24,33,94.25,6011889233.543594,63063979.0,0.080299996,-23.68,704250,653033,651948,0.009
3847,GBCI,Financial Services,Banks - Regional,NYSE,80.43,35,42,65,55,42.77,5717606836.361233,130211953.0,0.083500005,-21.64,1048190,1012223,998254,0.415
3848,RECT,Consumer Cyclical,Specialty Retail,NASDAQ,80.41,35,28,7,13,1.25,19817919.55703497,15482750.0,0.0026,-71.91,2750,3633,23556,0.235
3849,TEX,Industrials,Farm & Heavy Construction Machinery,NYSE,80.4,35,67,68,70,54.13,6481952895.355225,114300000.0,0.0719,-27.53,1659730,1213290,1230774,0.505
3850,AZN,Healthcare,Drug Manufacturers - General,NYSE,80.37,35,27,32,78,160.12,243337101453.82257,1550905742.0,0.0013,-24.72,2575760,2894120,3462314,0.064
3851,IREN,Financial Services,Capital Markets,NASDAQ,80.37,35,59,55,98,38.69,16455888479.065643,394058648.0,0.2171,-49.67,35838960,39192416,42216672,-0.267
3852,BRCC,Consumer Defensive,Packaged Foods,NYSE,80.37,35,14,65,14,9.46,128916782.11700821,14244948.0,0.0588,-49.0,74000,104303,127837,0.128
3853,LUNR,Industrials,Aerospace & Defense,NASDAQ,80.34,35,42,32,96,14.41,2374384618.3374157,161412958.0,0.275,-69.18,8450110,7344906,8803290,3.098
3854,CWST,Industrials,Waste Management,NASDAQ,80.31,35,39,53,21,83.72,5267486393.784592,63640046.0,0.1084,-22.45,631360,534863,532330,0.169
3855,ASUR,Technology,Software - Application,NASDAQ,80.3,35,36,31,32,7.38,221793234.0825348,28879328.0,0.044,-27.65,105830,103003,109170,0.232
3856,SEB,Industrials,Conglomerates,NYSE ARCA,80.3,35,32,64,90,4042.0,3854435290.6604004,957795.0,0.08,-32.51,8860,12303,14944,0.178
3857,FCPT,Real Estate,REIT - Retail,NYSE,80.29,35,52,53,47,21.03,2365250465.5625076,109756406.0,0.0494,-21.71,1399750,1152746,969752,0.077
3858,EDUC,Communication Services,Publishing,NASDAQ,80.29,35,48,58,46,1.3,11082452.79349804,8524964.0,0.0031,-24.86,10230,52523,78988,-0.331
3859,CMS,Utilities,Utilities - Regulated Electric,NYSE,80.28,35,34,50,62,65.07,19690535949.991295,308919602.0,0.0,-19.03,4843180,3671326,3740230,-0.005
3860,NAZ,Financial Services,Asset Management,NYSE,80.26,35,40,57,63,10.6,139193884.54384804,12828929.0,0.004,-21.01,76173,41904,30946,0.023
3861,PFLT,Financial Services,Asset Management,NYSE,80.25,35,27,25,37,6.66,678650423.7794495,99217896.0,0.0401,-31.69,831560,753086,848822,0.041
3862,RYAM,Basic Materials,Chemicals,NYSE,80.24,35,69,45,91,6.79,481626753.21873474,67644208.0,0.0752,-42.7,1037400,835180,916632,0.106
3863,FLNT,Communication Services,Advertising Agencies,NASDAQ,80.24,35,86,86,86,2.77,94189116.88285732,31607086.0,0.0033000002,-38.31,39200,36236,36538,0.084
3864,SHIM,Industrials,Engineering & Construction,NASDAQ,80.21,35,67,70,97,3.03,130207846.39209127,41335823.0,0.0136,-55.2,111990,177373,143566,-0.17
3865,WAFU,Consumer Defensive,Education & Training Services,NASDAQ,80.2,35,20,36,50,1.46,6395310.760311842,4410559.0,0.2025,-52.29,79520,1374040,1931366,-0.027
3866,NZF,Financial Services,Asset Management,NYSE,80.2,35,35,55,57,10.66,2152401374.051569,196386986.0,0.0034999999,-18.13,1830334,1229391,951296,-0.018
3867,OXSQ,Financial Services,Asset Management,NASDAQ,80.19,35,32,31,42,1.26,137865948.91845584,107707775.0,0.0425,-38.54,1056560,1257600,1523688,-0.013
3868,MGRX,Healthcare,Health Information Services,NASDAQ,80.17,35,19,10,5,0.44,9424963.552836,21567422.0,0.026300002,-84.0,803400,568536,16247590,-0.591
3869,ELTK,Technology,Electronic Components,NASDAQ,80.15,35,26,34,28,8.0,53564989.77991438,6720827.0,0.0016,-30.97,1870,10793,9938,-0.079
3870,VLT,Financial Services,Asset Management,NYSE,80.15,35,36,45,47,9.04,59056972.02292633,6511243.0,0.0004,-20.7,27708,28699,27399,-0.084
3871,HPI,Financial Services,Asset Management,NYSE,80.11,35,41,54,52,13.84,379108912.27960587,26792150.0,3.89,-21.41,148939,107403,81427,0.012
3872,PRG,Industrials,Rental & Leasing Services,NYSE,80.1,34,71,90,50,30.26,1234780623.0,39831633.0,0.09810001,-36.6,696220,650153,629832,0.223
3873,EVER,Communication Services,Internet Content & Information,NASDAQ,80.1,34,69,83,15,19.39,689778921.0,35373278.0,0.2719,-32.51,834500,834760,783350,0.246
3874,VALN,Healthcare,Biotechnology,NASDAQ,80.09,34,31,16,16,5.87,544286627.2166328,94823458.0,0.002,-51.81,29270,30470,92468,-0.277
3875,TAP,Consumer Defensive,Beverages - Brewers,NYSE,80.09,34,27,26,28,36.95,6872692084.182449,186453933.0,0.2765,-32.6,3463590,4813503,4007764,-0.033
3876,BMEA,Healthcare,Biotechnology,NASDAQ,80.05,34,87,17,75,1.32,91820287.42099762,72299440.0,0.2224,-55.85,1431660,2008513,1711520,
3877,SOHU,Communication Services,Electronic Gaming & Multimedia,NASDAQ,80.01,34,29,25,74,12.66,374314224.26548004,30065400.0,5.5796003,-26.82,44260,85343,72774,0.073
3878,FCNCP,Financial Services,Banks - Regional,NASDAQ,80.0,34,35,39,53,17.89,,,0.33,-21.67,25640,17496,16200,0.085
3879,WPRT,Consumer Cyclical,Auto Parts,NASDAQ,79.99,34,34,24,22,1.82,35711979.82942128,18995734.0,0.0253,-28.63,35270,51256,61782,-0.783
3880,STEP,Financial Services,Asset Management,NASDAQ,79.95,34,56,18,26,44.18,3725218857.558872,82288907.0,0.0744,-43.21,1115000,1112510,1212952,0.04
3881,CAMP,Healthcare,Biotechnology,NASDAQ,79.94,34,79,86,91,3.84,251012800.0,62753200.0,0.0216,-50.45,419020,349746,298576,0.188
3882,KREF,Real Estate,REIT - Mortgage,NYSE,79.94,34,43,51,23,6.23,360840150.7417145,58577948.0,0.1494,-31.58,1137390,821650,815460,
3883,RYTM,Healthcare,Biotechnology,NASDAQ,79.94,34,63,72,37,88.45,6391538898.1319275,68852082.0,0.1506,-27.62,835420,664366,665236,0.469
3884,MNDO,Technology,Software - Application,NASDAQ,79.91,34,32,30,23,0.97,20387017.467499256,20185166.0,0.001,-24.81,19230,37186,40502,-0.03
3885,WAFD,Financial Services,Banks - Regional,NASDAQ,79.91,34,53,77,60,29.47,2279554759.5336914,74011520.0,0.088199995,-25.37,1367570,1264116,967212,0.056
3886,BCSF,Financial Services,Asset Management,NYSE,79.89,34,30,42,39,10.67,716797014.7226858,64868507.0,0.030199999,-27.41,544830,534786,479240,-0.121
3887,NRO,Financial Services,Asset Management,NYSE ARCA,79.87,34,42,55,53,2.52,162839906.5801413,63361833.0,0.33,-22.46,266291,211373,203104,0.285
3888,ATTT,Consumer Defensive,Household & Personal Products,NASDAQ,79.85,34,20,15,36,2.64,15803058.67,5874743.0,0.0075,-68.87,946180,320423,195132,1.96
3889,WULF,Financial Services,Capital Markets,NASDAQ,79.85,34,62,94,98,14.4,7729024692.525133,498968677.0,0.2855,-51.74,26410450,27605400,30205868,-0.06
3890,CVNA,Consumer Cyclical,Auto & Truck Dealerships,NYSE,79.84,34,53,34,57,62.76,45909070114.10158,719916415.0,0.1163,-35.55,8245600,7098713,8749456,0.524
3891,OFLX,Industrials,Specialty Industrial Machinery,NASDAQ,79.82,34,26,34,56,26.32,265783497.48986435,10094322.0,0.028900001,-30.59,33820,32700,34802,-0.058
3892,DEI,Real Estate,REIT - Office,NYSE,79.81,34,30,62,23,9.86,1644705270.8275528,167485267.0,0.277,-36.47,2643860,2110100,1927976,0.016
3893,PNI,Financial Services,Asset Management,NYSE,79.81,34,39,53,51,6.0,147848151.36671066,23885000.0,0.18,-16.67,97151,90457,79040,0.982
3894,GIII,Consumer Cyclical,Apparel Manufacturing,NASDAQ,79.8,34,29,80,61,26.95,1173530059.9433975,42876508.0,0.2852,-28.21,658570,840166,665774,-0.096
3895,YMM,Technology,Software - Application,NYSE,79.8,34,24,27,23,8.35,8544955644.775394,1045894194.0,0.0222,-40.65,7533030,6131470,6653508,0.044
3896,PHG,Healthcare,Medical Devices,NYSE,79.79,34,33,38,57,24.09,23380065204.8118,977427472.0,3.64,-27.96,1084580,846060,871734,0.005
3897,SORA,Consumer Cyclical,Luxury Goods,NASDAQ,79.78,34,21,10,10,2.09,55446720.474243164,24864000.0,0.001,-70.1,707660,267856,225484,-0.319
3898,MHD,Financial Services,Asset Management,NYSE,79.78,34,39,56,55,10.04,538622889.3019104,52141616.0,0.0047999998,-16.89,1290655,809615,602489,0.112
3899,SJ,Communication Services,Internet Content & Information,NASDAQ,79.77,34,32,70,93,0.78,35074245.31511307,42462768.0,0.00059999997,-52.15,28380,45620,36810,-0.08
3900,MCFT,Consumer Cyclical,Recreational Vehicles,NASDAQ,79.76,34,62,66,64,19.42,489221366.3847332,24339371.0,0.0506,-31.72,210120,258883,228246,0.634
3901,IFN,Financial Services,Asset Management,NYSE,79.75,34,38,30,27,10.42,454313728.86730576,43309222.0,0.006,-32.64,214191,156297,152272,-0.124
3902,GNTX,Consumer Cyclical,Auto Parts,NASDAQ,79.71,34,33,50,33,21.08,4651887932.406137,210683331.0,0.081599995,-23.76,2444650,2376506,2312716,-0.01
3903,TWI,Industrials,Farm & Heavy Construction Machinery,NYSE,79.7,34,36,29,32,6.85,451151025.707428,64542352.0,0.0535,-41.45,599750,589160,590002,0.052
3904,TLPH,Healthcare,Drug Manufacturers - Specialty & Generic,NASDAQ,79.69,34,87,94,71,1.05,58653549.23249388,51905796.0,0.0167,-33.12,201290,143716,212014,
3905,GLPI,Real Estate,REIT - Specialty,NASDAQ,79.68,34,30,39,56,37.78,10961867309.021751,290920043.0,0.0401,-24.36,3177680,4039366,3539448,0.09
3906,DDL,Consumer Defensive,Grocery Stores,NYSE,79.68,34,29,35,68,2.07,470112826.70276785,218657119.0,0.0165,-39.3,195800,244196,287324,-0.988
3907,PRTA,Healthcare,Biotechnology,NASDAQ,79.66,34,59,36,73,8.48,429177085.0148487,51336974.0,0.2005,-28.14,567920,473093,452420,-0.771
3908,AKTX,Healthcare,Biotechnology,NASDAQ,79.66,34,15,91,2,8.62,19926639.410204887,2285165.0,0.0095999995,-80.5,40430,79063,65104,
3909,DBD,Technology,Software - Application,NYSE,79.66,34,31,79,88,65.04,2164773932.299515,33946588.0,0.18100001,-29.37,248030,241713,269148,0.017
3910,KTB,Consumer Cyclical,Apparel Manufacturing,NYSE,79.66,34,31,78,69,65.0,3536635700.1631165,54653620.0,0.1525,-26.93,632180,740420,739416,0.186
3911,AGIO,Healthcare,Biotechnology,NASDAQ,79.65,34,74,70,61,31.79,1898519802.0510788,59701882.0,0.1279,-30.89,1197790,992300,1074468,2.593
3912,GROY,Basic Materials,Gold,NYSE ARCA,79.62,34,40,18,78,2.88,688091730.1784384,231680715.0,0.042,-47.2,1263370,1680423,2017428,0.761
3913,HTLM,Consumer Cyclical,Specialty Retail,NASDAQ,79.62,34,16,25,13,1.8,170406247.86168337,89687500.0,0.0058999998,-57.04,19670,8803,6600,0.044
3914,SINT,Healthcare,Medical Devices,NASDAQ,79.62,34,12,7,30,2.17,14728620.394231796,6664534.0,0.0155,-53.23,139630,63833,137206,1.993
3915,BURL,Consumer Cyclical,Apparel Retail,NYSE,79.61,34,20,68,76,272.56,17295535561.263885,62815195.0,0.0921,-27.96,1444010,1803173,1412678,0.11
3916,PAYP,Technology,Software - Infrastructure,NASDAQ,79.6,34,65,19,68,15.35,10102975625.861921,677143135.0,0.0156,-38.33,676900,744246,787850,0.27
3917,MAMA,Consumer Defensive,Packaged Foods,NASDAQ,79.59,34,80,90,87,12.86,609616788.5582657,47147469.0,0.083000004,-38.76,662400,799320,679654,0.55
3918,CLWT,Industrials,Pollution & Treatment Controls,NASDAQ,79.58,34,86,83,54,1.25,9931362.0073843,7411464.0,0.0023999999,-53.36,8220,11773,15468,-0.092
3919,MAA,Real Estate,REIT - Residential,NYSE,79.55,34,35,48,29,114.21,13373850593.911995,116021957.0,0.039,-20.91,1313080,1169590,1088216,0.01
3920,MQY,Financial Services,Asset Management,NYSE,79.55,34,36,54,54,9.79,721209511.939765,71833617.0,0.0015,-18.01,1491092,1024667,771090,0.071
3921,SLSR,Basic Materials,Other Precious Metals & Mining,NYSE ARCA,79.55,34,69,55,94,6.83,1184537825.4731064,167071622.0,6.32,-40.51,128530,157680,150118,
3922,VHC,Technology,Software - Infrastructure,NASDAQ,79.55,34,19,12,32,11.81,43974172.39921951,4196009.0,0.0377,-59.28,34410,104093,70720,
3923,OFRM,Consumer Defensive,Packaged Foods,NYSE,79.54,34,24,34,19,16.59,681088362.8273067,41990653.0,0.2576,-38.56,491290,396496,420418,0.423
3924,HSY,Consumer Defensive,Confectioners,NYSE,79.54,34,32,32,54,160.34,32186281485.371155,200925657.0,0.0736,-33.05,1435730,1422820,1391208,0.066
3925,INDP,Healthcare,Biotechnology,NASDAQ,79.53,34,27,21,13,2.26,317116746.3683739,133242324.0,0.0223,-62.08,517720,1172336,1043066,
3926,NHS,Financial Services,Asset Management,NYSE ARCA,79.51,34,32,35,36,5.39,227695516.3150077,41855793.0,0.0015,-30.45,297530,254803,218802,0.029
3927,KNSL,Financial Services,Insurance - Property & Casualty,NYSE,79.5,34,51,24,22,330.7,7510502318.805695,22778425.0,0.1084,-31.81,249350,204590,218820,0.168
3928,LEO,Financial Services,Asset Management,NYSE,79.49,34,37,55,57,5.44,348205883.36483,62290854.0,0.0016,-16.95,305630,192393,220672,0.01
3929,MGEE,Utilities,Utilities - Regulated Electric,NASDAQ,79.48,34,41,41,32,70.39,2671321164.4574356,37746521.0,0.0636,-19.96,238410,190663,180528,0.011
3930,ABEO,Healthcare,Biotechnology,NASDAQ,79.45,34,58,84,37,5.08,287635617.50768423,57184017.0,0.29549998,-33.59,1108080,1316523,1442166,27.45
3931,TDF,Financial Services,Asset Management,NYSE,79.44,34,37,40,61,9.52,238218922.0,25075676.0,0.0005,-21.97,48658,43919,47209,-0.013
3932,MNDY,Technology,Software - Application,NASDAQ,79.43,33,20,20,4,83.51,3331200706.210373,42274119.0,0.1714,-60.33,1105900,1148270,1315140,0.219
3933,VERU,Healthcare,Biotechnology,NASDAQ,79.4,33,24,20,15,2.46,42796303.03739548,17050320.0,0.09729999,-66.44,250470,227450,240162,
3934,AIFF,Technology,Software - Application,NASDAQ,79.39,33,10,13,37,1.22,21338829.98445177,15690316.0,0.020299999,-61.27,15218850,5566033,3391622,0.719
3935,PDI,Financial Services,Asset Management,NYSE,79.36,33,32,37,46,14.3,6863277302.985237,476616492.0,0.17,-28.36,4327571,4197573,4029118,
3936,SIFY,Communication Services,Telecom Services,NASDAQ,79.36,33,61,89,92,12.88,964104756.044774,72434615.0,0.036,-27.84,32190,31936,31372,0.152
3937,IPHA,Healthcare,Biotechnology,NASDAQ,79.34,33,64,48,27,1.52,174252534.92845488,111700347.0,0.0007,-43.91,57140,48340,199166,0.165
3938,KBR,Industrials,Engineering & Construction,NYSE,79.32,33,32,27,22,33.89,4316560142.800541,126067755.0,0.0875,-29.59,1692320,1408523,1476146,0.016
3939,JPC,Financial Services,Asset Management,NYSE,79.31,33,33,50,53,6.64,2592815030.1049805,375226496.0,0.0056,-20.0,2786506,2136895,1701597,
3940,NCEL,Healthcare,Biotechnology,NASDAQ,79.31,33,24,51,7,3.04,16461964.249145508,5776128.0,1.87,-84.65,4300,6536,8582,
3941,BBSI,Industrials,Staffing & Employment Services,NASDAQ,79.3,33,34,60,17,31.62,739415347.3469925,24235180.0,0.051,-30.55,316150,214600,245414,0.038
3942,IIM,Financial Services,Asset Management,NYSE,79.3,33,44,60,58,10.63,514349857.79356956,47101635.0,0.004,-19.29,381491,207870,162024,0.018
3943,MRCY,Industrials,Aerospace & Defense,NASDAQ,79.29,33,34,85,76,79.75,5165492710.986832,60863586.0,0.095699996,-37.91,557230,644876,708410,0.061
3944,FMS,Healthcare,Medical Care Facilities,NYSE,79.28,33,40,46,34,20.69,11841880982.5,532219370.0,4.46,-25.14,1009590,783923,790298,0.014
3945,NXT,Technology,Solar,NASDAQ,79.28,33,26,72,89,86.04,12790798999.041748,151729520.0,0.0796,-47.26,2030620,2072973,2328526,0.082
3946,RIVN,Consumer Cyclical,Auto Manufacturers,NASDAQ,79.26,33,54,71,73,14.34,20704407285.1575,1447860630.0,0.1359,-36.8,27630100,23324356,23003356,0.272
3947,VVV,Consumer Cyclical,Auto & Truck Dealerships,NYSE,79.25,33,24,69,37,30.73,3900053286.0897694,127536079.0,0.1148,-25.19,3040370,2757270,2563054,0.241
3948,RSI,Consumer Cyclical,Gambling,NYSE,79.24,33,74,94,84,20.24,2313683229.9347706,115626347.0,0.082600005,-41.38,3579930,3278243,3063804,0.463
3949,DMB,Financial Services,Asset Management,NYSE,79.23,33,38,55,57,9.23,174488606.13441467,18405972.0,0.57,-18.17,135993,87504,76136,-0.0
3950,CDIO,Healthcare,Biotechnology,NASDAQ,79.23,33,16,17,13,1.96,5800559.352894783,2959469.0,0.0018000001,-75.22,27120,31196,39440,-0.283
3951,ADT,Industrials,Security & Protection Services,NYSE,79.21,33,40,28,26,6.3,4565995300.0,730559248.0,0.0563,-29.1,7585520,7759510,7739240,0.02
3952,PML,Financial Services,Asset Management,NYSE,79.21,33,36,50,51,6.47,435535712.682724,66494000.0,0.6,-19.23,1251595,769885,593919,0.971
3953,FEBO,Technology,Consumer Electronics,NASDAQ,79.21,33,22,22,73,0.79,7024687.394499779,11062500.0,0.013099999,-45.89,95100,129100,81150,-0.359
3954,CSHR,Financial Services,Capital Markets,NASDAQ,79.21,33,29,9,12,4.82,652312009.4149199,131780209.0,0.0113,-53.79,323220,342666,309376,-0.489
3955,LRN,Consumer Defensive,Education & Training Services,NYSE,79.19,33,27,27,37,79.62,3278656146.6838837,41559845.0,0.2766,-48.65,591690,674550,875786,-0.027
3956,TSSI,Technology,Information Technology Services,NASDAQ,79.17,33,16,18,76,10.34,288963270.34116745,28219070.0,0.1967,-52.5,1040300,898713,934998,-0.201
3957,DPZ,Consumer Cyclical,Restaurants,NASDAQ,79.16,33,26,20,26,303.1,9845785809.16809,33081735.0,0.1122,-31.48,696410,815973,791152,0.043
3958,ALH,Consumer Cyclical,"Furnishings, Fixtures & Appliances",NYSE,79.13,33,31,57,49,21.1,4234207593.135956,198789096.0,0.09,-25.26,1261370,1096036,1385400,0.066
3959,PWP,Financial Services,Capital Markets,NASDAQ,79.11,33,35,19,64,15.13,1223060502.6465454,77311032.0,0.10479999,-41.64,3059000,1904113,1622766,0.008
3960,RYAAY,Industrials,Airlines,NASDAQ,79.1,33,29,52,38,56.0,28511711180.65541,517923916.0,0.0049,-24.57,1325450,1429986,1280636,0.011
3961,SRRK,Healthcare,Biotechnology,NASDAQ,79.09,33,86,77,81,42.2,5700769217.666634,121785282.0,0.1989,-31.67,1690660,1977923,1621498,
3962,AQB,Consumer Defensive,Farm Products,NASDAQ,79.06,33,57,31,54,0.92,4761163.761359453,5147204.0,0.026199998,-58.09,119250,75576,632778,
3963,PEPG,Healthcare,Biotechnology,NASDAQ,79.05,33,93,68,16,2.4,157911696.77846932,69259517.0,0.0789,-69.23,977630,771203,892202,
3964,AFB,Financial Services,Asset Management,NYSE,79.04,33,38,59,55,9.31,275663940.62612915,28744936.0,0.9,-19.04,229203,133884,102978,0.07
3965,OXLC,Financial Services,Asset Management,NASDAQ,79.03,33,51,21,17,8.46,873449476.9017715,98030246.0,0.0589,-50.56,1253161,950077,960728,-0.102
3966,MUA,Financial Services,Asset Management,NYSE,79.02,33,32,56,52,9.2,639841904.4017496,67139761.0,0.00090000004,-18.29,581503,456144,401592,-0.021
3967,GDS,Technology,Information Technology Services,NASDAQ,79.01,33,29,22,80,31.63,5524410729.259605,200377613.0,0.1086,-34.93,1949590,1416373,1639884,0.065
3968,OWL,Financial Services,Asset Management,NYSE,79.01,33,41,21,10,9.11,6209889999.501915,683908596.0,0.1754,-47.43,20961100,19713543,20376228,0.071
3969,ASM,Basic Materials,Other Precious Metals & Mining,NYSE ARCA,78.99,33,87,50,93,5.32,942696786.4473219,169855271.0,0.0432,-55.63,2534700,3490906,3843658,0.228
3970,CARS,Communication Services,Internet Content & Information,NYSE,78.98,33,67,49,27,9.54,536933107.1252232,53532714.0,0.1676,-30.31,824610,675310,665498,0.007
3971,RYAN,Financial Services,Insurance Brokers,NYSE,78.97,33,37,30,13,37.6,4598666810.8090515,122077702.0,0.113900006,-36.47,1924530,2015170,1960400,0.074
3972,NLY,Real Estate,REIT - Mortgage,NYSE,78.92,33,65,69,67,17.93,13943717177.0,753714442.0,0.0,-26.88,16901630,11413440,9517380,4.794
3973,MPA,Financial Services,Asset Management,NYSE,78.92,33,36,54,54,9.57,126129393.23606491,12949630.0,0.0007,-19.38,55945,41745,33317,0.036
3974,AQN,Utilities,Utilities - Diversified,NYSE,78.88,33,36,37,61,5.06,3926499591.0764337,769901895.0,4.52,-28.83,4724410,4527163,4187802,0.031
3975,SERA,Healthcare,Medical Devices,NASDAQ,78.87,33,25,18,17,2.07,82449380.55402517,39449466.0,0.0068,-47.59,9760,20816,25416,0.765
3976,VKI,Financial Services,Asset Management,NYSE ARCA,78.87,33,41,64,57,7.64,340831356.2002697,44436943.0,0.003,-20.42,410316,205522,150443,0.002
3977,DIT,Consumer Defensive,Food Distribution,NYSE ARCA,78.86,33,21,27,74,65.14,65942813.89703369,976063.0,0.0028,-31.85,758,359,347,0.133
3978,NBTX,Healthcare,Biotechnology,NASDAQ,78.83,33,96,99,99,24.62,1311174807.5,50919410.0,0.0047,-56.91,179340,154406,156892,-0.792
3979,WLDN,Industrials,Engineering & Construction,NASDAQ,78.81,33,25,23,39,73.42,1120167986.0853958,15232091.0,0.1375,-46.41,182650,187293,227290,0.332
3980,AOMR,Real Estate,REIT - Mortgage,NYSE,78.81,33,51,57,59,7.14,182375220.3168826,24914647.0,0.048499998,-24.84,153990,156676,151186,0.194
3981,NAN,Financial Services,Asset Management,NYSE,78.81,33,36,57,53,9.6,332002287.40517044,33569492.0,0.0054,-18.64,223328,162316,132161,-0.019
3982,ORCL,Technology,Software - Infrastructure,NYSE,78.74,33,21,12,30,143.56,431382622754.1073,3031501149.0,0.0273,-55.49,29907140,31150940,29483824,0.296
3983,SUPN,Healthcare,Drug Manufacturers - Specialty & Generic,NASDAQ,78.73,33,28,47,73,43.05,2467539242.530094,58224143.0,0.10520001,-27.87,693400,637616,800930,0.324
3984,NINE,Energy,Oil & Gas Equipment & Services,NYSE ARCA,78.73,33,66,86,60,7.99,105461923.60177517,13949990.0,0.028900001,-39.61,44850,47823,73116,-0.037
3985,FWRD,Industrials,Integrated Freight & Logistics,NASDAQ,78.73,33,34,9,32,15.37,537453509.2654495,33780862.0,0.096499994,-50.71,504200,544446,553972,0.088
3986,TKC,Communication Services,Telecom Services,NYSE,78.72,33,30,39,64,5.12,4387708157.670122,870577022.0,0.0058,-28.69,2627930,2487330,2313988,0.025
3987,NCDL,Financial Services,Asset Management,NYSE,78.72,33,33,36,52,10.69,544245478.9076042,49387065.0,0.0139,-29.06,280285,230471,202523,
3988,DX,Real Estate,REIT - Mortgage,NYSE,78.71,33,59,61,62,10.57,2726673765.28426,247429551.0,0.067,-29.2,8501200,6717816,6050462,
3989,NAC,Financial Services,Asset Management,NYSE,78.7,33,35,59,58,9.93,1599222048.9793167,156326698.0,0.0032,-18.94,1672093,1262217,932000,-0.005
3990,TII,Basic Materials,Other Industrial Metals & Mining,NYSE ARCA,78.7,33,93,67,95,2.28,241512001.10369968,98980326.0,2.52,-59.65,266550,282760,357604,0.573
3991,NDMO,Financial Services,Asset Management,NYSE,78.65,33,33,50,52,8.67,540728874.5998125,60484217.0,0.0001,-19.87,532922,350897,279686,
3992,HOUR,Consumer Cyclical,Internet Retail,NASDAQ,78.64,32,26,56,79,1.81,65471665.703537464,35199820.0,0.0072000003,-43.08,33350,17720,16146,0.252
3993,STAA,Healthcare,Medical Instruments & Supplies,NASDAQ,78.62,32,35,76,77,22.36,1126735286.0488586,50143984.0,0.1927,-37.66,849060,997520,1005170,1.11
3994,MC,Financial Services,Capital Markets,NYSE,78.61,32,51,42,45,56.15,4172235871.1523056,74080893.0,0.081999995,-28.21,957720,850213,889426,0.12
3995,NAD,Financial Services,Asset Management,NYSE,78.59,32,37,55,55,9.93,2402821098.3453627,233737467.0,0.0023999999,-19.33,2810580,1807793,1317396,-0.006
3996,MKL,Financial Services,Insurance - Property & Casualty,NYSE,78.59,32,32,37,41,1728.2,21523587903.91626,12389958.0,0.0227,-21.72,86600,74003,71406,0.127
3997,NLOP,Real Estate,REIT - Office,NYSE,78.58,32,47,50,79,9.56,144585375.39067268,14814075.0,0.062,-68.41,182530,150213,132010,-0.769
3998,ANIP,Healthcare,Drug Manufacturers - Specialty & Generic,NASDAQ,78.58,32,23,50,40,71.93,1658000014.369995,22970352.0,0.1321,-25.85,347570,398806,400336,0.259
3999,ALLY,Financial Services,Credit Services,NYSE,78.58,32,55,64,59,37.37,11532210315.21281,304199693.0,0.0493,-20.98,4042620,3640600,3288644,0.11
4000,ELDN,Healthcare,Biotechnology,NASDAQ,78.57,32,64,88,86,2.42,202340269.25496674,81261152.0,0.1017,-47.39,750860,918150,912762,
4001,HLNE,Financial Services,Asset Management,NASDAQ,78.55,32,44,15,17,85.2,4803356154.203941,55185617.0,0.1019,-45.27,671580,626300,655568,0.565
4002,EIC,Financial Services,Asset Management,NYSE,78.55,32,36,35,26,9.02,215823060.86391926,23433557.0,0.0029,-31.61,187716,125982,110439,-0.204
4003,CYTK,Healthcare,Biotechnology,NASDAQ,78.51,32,76,88,81,61.12,9119936008.667099,139023418.0,0.192,-30.79,2459880,2192246,2062026,-0.571
4004,AXR,Real Estate,Real Estate - Development,NYSE,78.49,32,40,51,74,20.6,114697252.33504486,5324849.0,0.010199999,-28.99,11290,9216,10764,-0.661
4005,DSM,Financial Services,Asset Management,NYSE,78.48,32,36,54,58,5.1,256040610.89500284,49428691.0,0.0016,-19.05,321363,185101,171084,0.031
4006,PICS,Technology,Software - Infrastructure,NASDAQ,78.47,32,22,16,16,12.09,1177950785.6434898,129587543.0,0.0431,-39.4,746650,549803,540514,0.67
4007,SRE,Utilities,Utilities - Diversified,NYSE,78.47,32,37,58,70,79.69,51252707480.249054,653900348.0,0.019,-21.13,3520340,3817420,3942234,-0.001
4008,XXI,Consumer Defensive,Education & Training Services,NYSE,78.45,32,15,6,10,6.39,2287798959.542195,346636211.0,3.65,-75.07,1494250,2298796,1980422,
4009,ELA,Consumer Cyclical,Luxury Goods,NYSE ARCA,78.45,32,54,97,96,12.11,315715864.19828796,25963476.0,0.067,-59.2,85540,115206,127682,0.035
4010,NKX,Financial Services,Asset Management,NYSE,78.44,32,36,57,49,10.42,593179546.2176418,56332342.0,0.0019,-21.06,448621,282540,228512,0.017
4011,CHCT,Real Estate,REIT - Healthcare Facilities,NYSE,78.4,32,32,70,71,13.58,390265324.760828,28653842.0,0.038599998,-29.14,418520,397286,394758,0.074
4012,MTH,Consumer Cyclical,Residential Construction,NYSE,78.38,32,30,58,30,60.07,4161365738.6022263,65174093.0,0.1031,-29.64,889420,847596,808952,-0.138
4013,NXST,Communication Services,Broadcasting,NASDAQ,78.36,32,25,32,56,158.05,4788226085.008316,30808301.0,0.11359999,-37.85,338890,376513,365824,0.622
4014,NPKI,Industrials,Building Products & Equipment,NYSE,78.34,32,55,76,89,11.41,1001087647.0209446,84909894.0,0.0339,-30.85,813280,834666,833960,0.196
4015,EVN,Financial Services,Asset Management,NYSE,78.33,32,39,58,49,9.12,370484278.619442,39922876.0,2.9,-19.01,270930,135536,115264,0.059
4016,CBRE,Real Estate,Real Estate Services,NYSE,78.32,32,38,28,40,127.56,37523167645.06821,289575298.0,0.0148,-26.8,2222050,1976856,1807688,0.155
4017,VGM,Financial Services,Asset Management,NYSE,78.3,32,49,60,57,8.6,482664494.512146,54231968.0,0.0053,-19.32,523360,300053,229998,0.038
4018,GXO,Industrials,Integrated Freight & Logistics,NYSE,78.28,32,30,30,71,45.99,5339714155.735302,114684579.0,0.0655,-31.2,1259000,1280613,1447104,0.043
4019,LGCY,Consumer Defensive,Education & Training Services,NYSE ARCA,78.28,32,28,58,86,9.79,122750819.06242752,12813238.0,0.0087,-33.4,110270,61933,54432,0.12
4020,GAU,Basic Materials,Gold,NYSE ARCA,78.25,32,38,21,79,1.95,520567612.85473347,261591764.0,0.0125,-46.13,2523420,2608570,2831080,1.167
4021,PINS,Communication Services,Internet Content & Information,NYSE,78.24,32,17,32,14,20.31,10907189029.638765,566313027.0,0.1592,-42.66,11807330,14253130,12990084,0.182
4022,ACIU,Healthcare,Biotechnology,NASDAQ,78.23,32,72,22,77,2.57,270938380.21790886,99426932.0,0.0748,-35.75,240880,181833,203352,10.572
4023,ARLO,Industrials,Building Products & Equipment,NYSE,78.23,32,33,29,61,11.95,1375297996.3841476,107613304.0,0.1388,-40.07,1468070,1360043,1363420,0.205
4024,ZNTL,Healthcare,Biotechnology,NASDAQ,78.23,32,95,96,98,2.55,238573221.47427654,94671914.0,0.0596,-63.31,1729840,1178460,1166148,
4025,NMT,Financial Services,Asset Management,NYSE,78.23,32,54,61,66,10.16,105604799.85558414,10252893.0,0.0014,-25.84,67373,43787,30872,0.054
4026,NPCE,Healthcare,Medical Devices,NASDAQ,78.22,32,54,78,79,12.76,435918273.2531643,34324274.0,0.0321,-34.9,145060,134140,170866,0.171
4027,MITQ,Technology,Communication Equipment,NYSE ARCA,78.18,32,27,32,20,0.57,5752384.984166205,9952223.0,0.0091,-49.11,231040,174733,114688,-0.227
4028,GROV,Consumer Defensive,Household & Personal Products,NYSE,78.18,32,22,21,48,1.06,44409086.211084366,42701046.0,0.090100005,-32.48,94210,105280,76422,-0.169
4029,BBWI,Consumer Cyclical,Specialty Retail,NYSE,78.17,32,28,32,16,17.81,3238423619.0897846,201645313.0,0.0805,-35.0,7359010,7095423,6588572,-0.023
4030,RHLD,Industrials,Specialty Business Services,NYSE,78.16,32,72,93,97,115.0,906369285.0862122,7819595.0,0.081499994,-51.31,110680,133470,150922,2.957
4031,HRL,Consumer Defensive,Packaged Foods,NYSE,78.15,32,28,62,23,19.55,11144603700.0,550350800.0,0.0714,-26.5,5516400,5839090,4944216,-0.024
4032,UFPI,Basic Materials,Lumber & Wood Production,NASDAQ,78.14,32,32,27,30,76.44,4255709114.8197556,55161491.0,0.0551,-35.22,459160,443193,442948,0.026
4033,KVHI,Communication Services,Telecom Services,NASDAQ,78.12,32,54,82,91,6.68,127168147.77213669,18140962.0,0.07,-48.62,84580,108903,136890,0.267
4034,KGC,Basic Materials,Gold,NYSE,78.11,32,77,33,90,23.18,28540952749.81907,1186240789.0,2.05,-40.73,9228100,7881953,8305400,0.295
4035,VSNT,Communication Services,Entertainment,NASDAQ,78.11,32,30,26,55,31.44,4305922287.64484,139170078.0,0.044499997,-46.71,1839990,1731393,1741858,-0.037
4036,TMDX,Healthcare,Medical Devices,NASDAQ,78.09,32,27,12,33,81.07,2766903131.782913,34675145.0,0.35819998,-48.03,738130,739703,825492,0.207
4037,HIVE,Financial Services,Capital Markets,NASDAQ,78.08,32,57,61,23,2.75,817346472.471425,274277338.0,2.53,-64.92,10039210,12501433,17610892,0.735
4038,HPF,Financial Services,Asset Management,NYSE,78.07,32,40,54,52,13.26,295533807.5908642,21650829.0,0.99,-22.59,97682,80534,59740,0.013
4039,AZ,Technology,Software - Application,NASDAQ,78.06,32,37,14,58,5.91,272523833.24921465,44026467.0,0.1079,-32.26,439400,431433,495742,4.09
4040,WW,Healthcare,Medical Care Facilities,NASDAQ,78.05,32,13,25,5,15.08,147381720.11146545,9998760.0,0.1713,-60.71,379030,277406,256602,-0.142
4041,KVYO,Technology,Software - Application,NYSE,78.0,32,22,21,15,17.41,4701685873.646619,299279813.0,0.15630001,-47.8,5674780,6470883,6625900,0.264
4042,SGML,Basic Materials,Other Industrial Metals & Mining,NASDAQ,77.99,32,57,75,97,9.86,1023245982.3465614,112568313.0,0.0563,-59.72,2808010,2291763,2098280,2.239
4043,BTCT,Technology,Computer Hardware,NASDAQ,77.99,32,47,8,9,1.08,19522404.195260525,16976004.0,0.2447,-65.38,1338580,4489363,13344390,0.004
4044,NABL,Technology,Information Technology Services,NYSE,77.98,32,24,18,16,4.48,799070370.1230869,188905524.0,0.0695,-48.71,1880920,2907733,2746820,0.059
4045,AOS,Industrials,Specialty Industrial Machinery,NYSE,77.95,32,30,30,31,55.34,7712811517.75,135908573.0,0.1114,-32.41,1492940,1447366,1489060,-0.007
4046,EDN,Utilities,Utilities - Regulated Electric,NYSE,77.95,32,41,55,61,20.17,948629294.2473564,47574186.0,0.080699995,-45.04,176180,96873,99646,0.104
4047,PHR,Healthcare,Health Information Services,NYSE,77.94,32,21,21,6,10.5,625054387.1374512,62070944.0,0.0617,-56.69,638180,702576,752888,0.104
4048,RVLV,Consumer Cyclical,Internet Retail,NYSE,77.93,32,24,48,62,21.3,1475022465.0,71085420.0,0.1224,-32.77,631240,804193,865690,0.124
4049,SKYX,Industrials,Electrical Equipment & Parts,NASDAQ,77.93,32,61,42,22,1.14,159808565.81636167,135430994.0,0.0313,-65.35,543440,809070,839022,0.096
4050,NRDS,Communication Services,Internet Content & Information,NASDAQ,77.91,32,30,25,39,9.09,551656998.9354267,63923174.0,0.1858,-44.03,708590,700840,735790,0.056
4051,NPB,Financial Services,Banks - Regional,NYSE,77.91,32,34,58,69,15.56,530831287.8919258,34581842.0,0.021,-21.06,233360,254133,226502,0.098
4052,SLRC,Financial Services,Asset Management,NASDAQ,77.9,31,29,29,62,11.43,630106033.1054707,54554634.0,0.0231,-30.13,380510,357006,362644,-0.094
4053,YALA,Technology,Software - Application,NYSE,77.89,31,25,18,50,5.36,807730236.903173,151828987.0,0.0233,-31.55,266540,300123,314120,-0.023
4054,MWH,Utilities,Utilities - Renewable,NASDAQ,77.87,31,23,30,61,25.75,5110264730.5,202386722.0,0.1864,-46.8,1336990,1356526,1646450,0.775
4055,ALGT,Industrials,Airlines,NASDAQ,77.86,31,43,88,82,76.28,2121683182.2356415,27337755.0,0.1035,-38.3,457720,484346,513346,0.369
4056,AIRI,Industrials,Aerospace & Defense,NYSE ARCA,77.85,31,22,22,36,2.61,13004467.016787052,4781054.0,0.028099999,-33.92,12660,12613,18870,-0.052
4057,SUPV,Financial Services,Banks - Regional,NYSE,77.85,31,47,62,48,7.14,644738463.9683776,93985197.0,0.044699997,-47.31,745570,571036,610170,0.023
4058,WGS,Healthcare,Diagnostics & Research,NASDAQ,77.83,31,62,17,12,68.53,2179729412.476593,29822541.0,0.3777,-59.89,852850,702060,752870,0.114
4059,PBH,Healthcare,Drug Manufacturers - Specialty & Generic,NYSE,77.83,31,24,18,24,47.57,2144170786.2034378,47374522.0,0.1221,-33.07,588930,574943,568186,0.065
4060,BEAM,Healthcare,Biotechnology,NASDAQ,77.82,31,36,64,77,24.77,2530547792.5,103287665.0,0.3875,-35.26,1801630,1876163,1796892,-0.942
4061,ALC,Healthcare,Medical Instruments & Supplies,NYSE,77.8,31,32,24,37,63.0,30821583188.62915,483400000.0,12.98,-28.12,1921230,1638236,1767290,0.087
4062,UPXI,Communication Services,Internet Content & Information,NASDAQ,77.79,31,20,5,5,1.08,96059891.05654407,82102474.0,0.1917,-86.06,3264500,4548976,3484836,-0.266
4063,ARR,Real Estate,REIT - Mortgage,NYSE,77.78,31,58,61,65,13.29,1923705916.7392807,141553046.0,0.0,-31.18,4974750,4348866,3922554,
4064,WMS,Industrials,Building Products & Equipment,NYSE,77.76,31,34,57,62,126.08,9596837623.209274,75405342.0,0.0385,-29.69,696420,751776,738546,0.206
4065,ATEC,Healthcare,Medical Devices,NASDAQ,77.75,31,19,16,23,10.25,1542506688.083825,153789305.0,0.1078,-55.99,2057160,2185673,2215180,0.151
4066,VFC,Consumer Cyclical,Apparel Manufacturing,NYSE,77.75,31,20,56,85,14.38,5633618358.106213,393134570.0,0.1007,-35.43,9980940,7793560,7965094,-0.052
4067,KAI,Industrials,Specialty Industrial Machinery,NYSE,77.74,31,39,36,46,257.86,3174644764.5403137,11809117.0,0.1333,-27.17,143440,159380,148286,0.226
4068,OMAB,Industrials,Airports & Air Services,NASDAQ,77.74,31,41,44,70,91.69,4546662373.669556,48271178.0,0.0099,-32.08,212330,139356,110128,0.026
4069,VTN,Financial Services,Asset Management,NYSE,77.73,31,34,59,58,9.31,141220523.39823532,14664644.0,0.0029,-23.06,87385,59661,45293,-0.172
4070,NVG,Financial Services,Asset Management,NYSE,77.73,31,35,57,57,10.42,2311447555.6629343,215821433.0,0.0034,-23.33,2135116,1237735,952279,-0.023
4071,AEYE,Technology,Software - Application,NASDAQ,77.72,31,35,21,12,6.95,86982145.03899002,12569674.0,0.0361,-57.6,59590,146163,143862,0.087
4072,VRSK,Industrials,Consulting Services,NASDAQ,77.71,31,25,30,16,168.68,21329967882.087402,130156012.0,0.041199997,-32.33,1212010,1182683,1314076,0.044
4073,MXCT,Healthcare,Medical Devices,NASDAQ,77.71,31,58,70,7,1.04,110430645.83338094,103206206.0,0.0115,-44.24,328680,383123,562292,-0.145
4074,RGP,Industrials,Consulting Services,NASDAQ,77.7,31,28,59,23,3.74,133985708.75328016,34443626.0,0.0249,-30.35,395080,348223,332748,-0.238
4075,PHIN,Consumer Cyclical,Auto Parts,NYSE,77.68,31,51,83,82,58.47,2190224855.9157715,36638088.0,0.161,-32.74,463990,411580,405872,0.056
4076,NVR,Consumer Cyclical,Residential Construction,NYSE,77.67,31,28,28,29,5931.62,15972771371.240234,2664860.0,0.0747,-27.66,39210,40680,37644,-0.109
4077,TOVX,Healthcare,Biotechnology,NYSE ARCA,77.65,31,56,22,14,0.23,10555313.831479132,45892668.0,0.0346,-73.26,513780,504163,515758,
4078,ZOOZ,Industrials,Electrical Equipment & Parts,NASDAQ,77.6,31,40,7,4,6.53,60873020.03614426,8009608.0,0.0017,-86.45,11250,32400,22456,
4079,BMN,Financial Services,Asset Management,NYSE,77.59,31,37,45,57,21.56,136785279.25,6147653.0,0.8,-22.89,50685,25715,18001,
4080,TTWO,Communication Services,Electronic Gaming & Multimedia,NASDAQ,77.59,31,33,52,29,204.01,37906544410.52336,186980443.0,0.044499997,-23.29,2163140,2684790,2530506,0.02
4081,UBER,Technology,Software - Application,NYSE,77.56,31,29,27,29,68.45,139118771087.98975,2042560121.0,0.0232,-32.43,14991250,17465013,18162930,0.122
4082,ATMU,Consumer Cyclical,Auto Parts,NYSE,77.55,31,32,51,85,44.12,3728915646.1524467,81595527.0,0.0424,-33.65,703200,724096,714636,0.164
4083,VSECU,Industrials,Aerospace & Defense,NASDAQ,77.55,31,58,52,63,45.2,,,0.41,-33.63,18122,25570,36480,0.65
4084,RERE,Consumer Cyclical,Internet Retail,NYSE,77.55,31,28,29,83,3.73,806226782.7553167,221490868.0,0.0221,-42.35,406180,622546,859368,0.324
4085,GANX,Healthcare,Biotechnology,NASDAQ,77.54,31,22,26,66,1.67,74630590.15487194,43643619.0,0.0677,-61.52,565450,431123,456294,
4086,SGRY,Healthcare,Medical Care Facilities,NASDAQ,77.5,31,29,33,16,13.71,1743831183.2469177,130918260.0,0.2011,-41.51,1542160,2317413,2344870,0.027
4087,CENX,Basic Materials,Aluminum,NASDAQ,77.49,31,80,78,97,36.03,3526141062.1637535,98993295.0,0.1412,-48.84,1968630,1726846,1951818,0.197
4088,BRN,Energy,Oil & Gas E&P,NYSE ARCA,77.44,31,31,30,31,0.93,14107649.074573517,14395560.0,0.0053,-33.57,1022230,370430,241306,0.059
4089,PTN,Healthcare,Biotechnology,NASDAQ,77.44,31,26,22,96,9.52,16616160.734125137,1780939.0,0.2134,-69.29,21760,110226,76186,
4090,FUL,Basic Materials,Specialty Chemicals,NYSE,77.43,31,26,31,54,49.91,2702221814.8683586,53829119.0,0.0744,-27.28,1249970,883310,798154,0.052
4091,FUTU,Financial Services,Capital Markets,NASDAQ,77.42,31,31,11,75,109.68,14323670582.256226,140194488.0,0.0759,-45.85,1342010,1046723,1215814,0.356
4092,GGAL,Financial Services,Banks - Regional,NASDAQ,77.41,31,57,69,57,37.05,6081684037.623825,169453445.0,0.17979999,-40.74,1091590,840733,851852,-0.079
4093,LOAR,Industrials,Aerospace & Defense,NYSE,77.39,31,35,38,21,61.0,5782452544.485809,93688471.0,0.14829999,-26.88,650200,695516,673264,0.394
4094,TMUS,Communication Services,Telecom Services,NASDAQ,77.33,31,26,32,31,167.65,175531982096.61322,1072671613.0,0.0379,-27.43,4172190,4764016,4680062,0.079
4095,DMRA,Healthcare,Biotechnology,NASDAQ,77.32,31,99,98,99,20.24,1274838443.7997684,61735519.0,0.089499995,-47.19,702530,703013,556858,
4096,ALGN,Healthcare,Medical Instruments & Supplies,NASDAQ,77.32,31,34,55,66,139.87,10211268716.713562,71039852.0,0.062800005,-30.22,890220,905756,921240,0.043
4097,NOA,Energy,Oil & Gas Equipment & Services,NYSE,77.29,31,40,32,32,11.88,327811237.1334686,26913894.0,2.71,-31.17,81770,112970,111060,0.251
4098,HYFM,Industrials,Farm & Heavy Construction Machinery,NASDAQ,77.28,31,19,6,5,0.98,4963902.552118063,4819323.0,0.1026,-71.84,26040,76426,3311526,-0.409
4099,MDRR,Real Estate,Real Estate Services,NASDAQ,77.27,31,63,34,34,10.08,16952684.75151062,1628500.0,0.0061000003,-30.58,1020,3573,4606,-0.266
4100,BX,Financial Services,Asset Management,NYSE,77.26,31,48,28,24,111.83,83882356489.5,750625114.0,0.026300002,-34.22,5421510,4190830,4225014,0.286
4101,PEGA,Technology,Software - Application,NASDAQ,77.25,31,22,12,30,34.35,5578259834.022408,164404945.0,0.137,-49.56,1665810,2158790,2043420,0.094
4102,COCH,Healthcare,Medical Devices,NASDAQ,77.22,31,26,33,19,0.65,52337933.34868193,77194595.0,0.0114,-65.61,68400,59883,86774,-0.346
4103,TIMB,Communication Services,Telecom Services,NYSE,77.2,31,25,49,85,19.02,8470195987.896328,475053058.0,0.020299999,-32.6,683540,525403,558038,0.055
4104,RM,Financial Services,Credit Services,NYSE,77.18,31,30,74,62,33.2,293380242.1612778,9225794.0,0.0509,-25.06,80300,72183,92766,0.06
4105,CASH,Financial Services,Banks - Regional,NASDAQ,77.13,31,40,61,79,71.14,1536397834.501419,20773362.0,0.1594,-29.75,228050,242503,213448,-0.135
4106,ACRE,Real Estate,REIT - Mortgage,NYSE,77.12,31,35,39,75,3.65,212492658.557127,55481113.0,0.038900003,-38.03,760440,482830,493492,-0.588
4107,MTRX,Industrials,Engineering & Construction,NASDAQ,77.12,31,25,39,32,10.48,290840940.32524204,28291921.0,0.0477,-34.38,612180,505253,379386,0.13
4108,GLOB,Technology,Information Technology Services,NYSE,77.11,31,18,8,14,35.49,1515602349.7132263,43179556.0,0.26389998,-50.78,825590,957646,1375072,0.0
4109,PPC,Consumer Defensive,Packaged Foods,NASDAQ,77.1,31,25,17,21,28.12,6547984410.0,238108524.0,0.026800001,-37.29,1616100,1420993,1556938,-0.028
4110,CXDO,Communication Services,Telecom Services,NASDAQ,77.09,30,24,82,56,5.95,196862439.33706284,33253790.0,0.0551,-47.02,189890,278263,315072,0.489
4111,MESO,Healthcare,Biotechnology,NASDAQ,77.09,30,60,65,62,13.94,1826120895.0649738,129696087.0,0.0349,-35.16,238360,219123,207380,3.907
4112,CC,Basic Materials,Specialty Chemicals,NYSE,77.07,30,29,70,93,13.98,2061678396.1264544,150377709.0,0.14649999,-51.24,1990350,1832193,2278902,-0.015
4113,EVCM,Technology,Software - Application,NASDAQ,77.07,30,12,36,54,9.3,1579387225.1083126,176665246.0,0.12810001,-35.46,146540,169690,159144,0.027
4114,NPV,Financial Services,Asset Management,NYSE,77.04,30,30,52,57,9.34,182715807.78503418,19562720.0,0.0011,-20.91,131384,117848,109594,0.067
4115,RRR,Consumer Cyclical,Resorts & Casinos,NASDAQ,77.04,30,32,66,56,50.7,2974849750.5532265,59130385.0,0.1607,-26.51,1200200,1167523,997484,-0.03
4116,MARA,Financial Services,Capital Markets,NASDAQ,77.04,30,43,34,24,10.36,4338140928.476215,386299297.0,0.3098,-55.82,34425280,43031630,44931108,-0.267
4117,TLS,Technology,Software - Infrastructure,NASDAQ,77.04,30,31,68,63,4.31,313147150.18647337,74736789.0,0.0572,-48.44,611970,707406,616144,0.327
4118,AGNC,Real Estate,REIT - Mortgage,NASDAQ,77.04,30,63,71,67,8.46,10420381873.90747,1185481447.0,0.0919,-30.6,42876000,36382146,28465954,
4119,PPTA,Basic Materials,Other Precious Metals & Mining,NASDAQ,77.03,30,66,19,88,19.99,2549452360.155424,125095803.0,0.1273,-46.51,979900,964330,1105976,
4120,STRT,Consumer Cyclical,Auto Parts,NASDAQ,77.02,30,34,64,79,64.91,262213867.56129456,3985013.0,0.088199995,-30.2,58810,83523,83808,-0.001
4121,MIDD,Industrials,Specialty Industrial Machinery,NASDAQ,77.02,30,30,71,39,105.24,4728901021.129234,45222349.0,0.0557,-29.16,532330,578040,597192,0.099
4122,DOO,Consumer Cyclical,Recreational Vehicles,NASDAQ,77.01,30,34,29,40,55.66,3985128295.5965805,71150302.0,3.92,-32.03,266660,311816,271534,0.185
4123,FPH,Real Estate,Real Estate - Development,NYSE,76.99,30,33,34,27,4.54,325999609.54081535,71806082.0,0.0105,-29.83,183780,149593,163234,0.86
4124,HAPN,Financial Services,Banks - Regional,NASDAQ,76.99,30,42,81,66,15.16,1774966809.5273361,115407464.0,0.0636,-30.04,1816150,1462493,1378742,0.065
4125,MAZE,Healthcare,Biotechnology,NASDAQ,76.97,30,32,72,86,26.25,1468164527.1922607,55549168.0,0.115100004,-51.07,743660,755973,597182,
4126,SMSI,Technology,Software - Application,NASDAQ,76.96,30,19,15,39,2.6,14813182.533092499,5589880.0,0.0231,-44.09,13390,16306,23352,-0.018
4127,INO,Healthcare,Biotechnology,NASDAQ,76.96,30,25,23,14,1.16,119941117.4287355,103397518.0,0.21370001,-57.35,2535210,2898386,4501208,
4128,CX,Basic Materials,Building Materials,NYSE,76.96,30,43,80,84,9.59,13751336491.780125,1442952453.0,1.69,-29.85,7348580,6490340,6884720,0.122
4129,GOLF,Consumer Cyclical,Leisure,NYSE,76.95,30,38,82,76,80.57,4885582019.719025,58405044.0,0.1291,-32.66,316300,336373,380978,0.138
4130,BGIN,Technology,Computer Hardware,NASDAQ,76.93,30,13,8,17,2.21,262475375.56736112,113135941.0,0.0017,-66.0,1318660,444110,307374,-0.845
4131,EIX,Utilities,Utilities - Regulated Electric,NYSE,76.91,30,31,83,80,54.41,20737625093.438187,384813979.0,0.0529,-33.34,5311570,6736033,5458660,-0.041
4132,IE,Basic Materials,Copper,NYSE ARCA,76.9,30,38,14,77,9.77,1666122236.9932623,159590259.0,0.0859,-54.66,1992170,2181163,2086180,-0.322
4133,TOON,Communication Services,Entertainment,NYSE ARCA,76.9,30,21,26,34,0.55,34896502.25245297,62204105.0,0.0201,-57.36,489870,315576,288552,-0.434
4134,STZ,Consumer Defensive,Beverages - Brewers,NYSE,76.89,30,24,25,51,118.39,19275762314.63698,170778434.0,0.056900002,-29.78,2667960,2497853,2185926,-0.033
4135,SHAK,Consumer Cyclical,Restaurants,NYSE,76.89,30,27,10,43,64.17,2464088907.5226173,40408149.0,0.1104,-40.28,1589720,1363736,1523860,0.172
4136,EXOD,Technology,Software - Infrastructure,NYSE ARCA,76.89,30,12,5,3,6.5,221389878.8356743,30203258.0,0.0529,-79.82,60970,94553,94454,0.016
4137,LE,Consumer Cyclical,Apparel Retail,NASDAQ,76.88,30,18,29,32,10.63,304009343.53297997,29544154.0,0.1349,-46.96,160250,190666,180404,0.027
4138,BCIC,Financial Services,Asset Management,NASDAQ,76.87,30,21,21,17,6.88,85323360.62660408,12383652.0,0.0050999997,-49.04,37020,52696,54014,0.201
4139,BC,Consumer Cyclical,Recreational Vehicles,NYSE,76.87,30,39,64,76,63.36,4239695733.8146057,64797428.0,0.0001,-29.8,741970,784016,752280,0.077
4140,QNCX,Healthcare,Biotechnology,NASDAQ,76.86,30,36,3,0,26.72,29698240.37595749,1017063.0,0.0496,-97.06,24630,22046,26716,
4141,MDLN,Healthcare,Medical Instruments & Supplies,NASDAQ,76.85,30,25,28,65,35.45,31242477408.472687,877351218.0,0.09810001,-30.32,9551780,8650576,8190162,0.116
4142,OTF,Financial Services,Asset Management,NYSE,76.85,30,33,24,25,9.25,4389415991.663229,458185389.0,0.0125,-38.33,2177360,2225786,2550244,0.058
4143,BMM,Basic Materials,Other Industrial Metals & Mining,NASDAQ,76.85,30,63,70,94,4.93,516974576.92907286,104863001.0,3.88,-42.87,245150,390216,334602,
4144,ADNT,Consumer Cyclical,Auto Parts,NYSE,76.84,30,24,30,62,17.55,1334547851.7457962,77096932.0,0.10609999,-35.76,1057200,989816,1009520,0.05
4145,ARBB,Technology,Information Technology Services,NASDAQ,76.81,30,19,28,11,4.26,8120177.431652069,1765256.0,0.0081,-60.07,2970,2936,6438,0.82
4146,VSEC,Industrials,Aerospace & Defense,NASDAQ,76.79,30,68,71,85,167.34,4694708481.901001,28064972.0,0.0825,-32.48,424920,393790,392772,0.65
4147,ESOA,Industrials,Engineering & Construction,NASDAQ,76.78,30,38,90,90,10.44,205437587.0807476,18659181.0,0.0373,-47.64,112610,118086,148730,0.255
4148,EFSCP,Financial Services,Banks - Regional,NASDAQ,76.77,30,32,54,54,16.45,,,0.0034999999,-31.69,9660,6210,4122,0.012
4149,HUBS,Technology,Software - Application,NYSE,76.76,30,25,15,8,220.27,10697796039.658173,49866201.0,0.085,-56.21,1322750,1595526,1812332,0.198
4150,WRN,Basic Materials,Other Industrial Metals & Mining,NYSE ARCA,76.74,30,72,37,88,2.07,493062443.77883863,226175426.0,0.0087,-51.41,997260,1117453,1046520,
4151,FRPH,Real Estate,Real Estate Services,NASDAQ,76.72,30,31,43,26,19.95,388773190.1631832,19170275.0,0.0423,-22.49,81650,100770,103046,0.023
4152,KKR,Financial Services,Asset Management,NYSE,76.71,30,40,24,22,89.67,81047519236.09995,897635601.0,0.0197,-38.09,4714200,3977963,4444382,0.078
4153,TPR,Consumer Cyclical,Luxury Goods,NYSE,76.71,30,28,60,88,113.42,23552145553.0056,199391678.0,0.0938,-31.18,2695710,3239050,3240166,0.089
4154,TDG,Industrials,Aerospace & Defense,NYSE,76.71,30,27,30,29,1096.21,60272417599.40491,55276525.0,0.025799999,-25.07,338280,375346,409254,0.225
4155,AMSC,Industrials,Specialty Industrial Machinery,NASDAQ,76.71,30,21,29,74,31.74,1453748722.5175266,48442143.0,0.0841,-54.97,720390,704550,710012,0.3
4156,LEVI,Consumer Cyclical,Apparel Manufacturing,NYSE,76.69,30,36,63,69,19.51,7646980989.919445,384850562.0,0.0809,-24.09,4450890,2999696,2642814,0.08
4157,CHKP,Technology,Software - Infrastructure,NASDAQ,76.68,30,27,22,14,130.31,13308818265.072815,102100634.0,0.081,-38.14,801610,1082883,1085636,0.013
4158,VCV,Financial Services,Asset Management,NYSE,76.68,30,38,55,51,8.79,440559787.05506706,49114802.0,0.0049,-22.76,452455,247851,182317,-0.033
4159,MNKD,Healthcare,Biotechnology,NASDAQ,76.68,30,41,55,9,3.45,1221869023.8675642,321544484.0,0.092700005,-47.0,5804500,4447590,4478646,0.429
4160,KMRK,Consumer Cyclical,Leisure,NASDAQ,76.67,30,9,9,95,1.05,24264999.496936798,21100000.0,0.0019,-84.07,366040,132290,105686,-0.15
4161,VICI,Real Estate,REIT - Diversified,NYSE,76.63,30,28,31,36,22.64,24939406359.272243,1101077562.0,0.028299998,-30.52,9913510,10172410,10156796,0.057
4162,PJT,Financial Services,Capital Markets,NYSE,76.57,30,68,36,35,137.61,3545584670.8341064,25564818.0,0.093100004,-29.65,441070,432696,429352,0.195
4163,RFIL,Industrials,Electrical Equipment & Parts,NASDAQ,76.56,30,59,95,96,8.59,91150621.86057091,10851265.0,0.0829,-61.48,251750,273580,251182,0.211
4164,PPSI,Industrials,Electrical Equipment & Parts,NASDAQ,76.55,30,19,61,13,3.06,36738569.824894905,11099266.0,0.0128,-51.35,93300,104476,106458,-0.4
4165,MREO,Healthcare,Biotechnology,NASDAQ,76.55,30,7,9,3,0.35,60682568.9785341,159690973.0,0.023699999,-85.23,1711830,1760366,4929602,
4166,BLIV,Technology,Software - Application,NASDAQ,76.52,30,19,25,16,2.3,24989044.08192587,10864802.0,0.0004,-46.82,8280,6223,4388,-0.625
4167,COSM,Healthcare,Medical Distribution,NASDAQ,76.51,30,18,14,20,0.32,38240833.26014078,100633773.0,0.0353,-75.76,4166720,3757626,3476250,0.288
4168,PLRZ,Healthcare,Biotechnology,NASDAQ,76.51,30,66,94,39,9.15,23338883.606204987,2428604.0,0.023699999,-49.73,12790,57230,62412,
4169,SHPH,Healthcare,Drug Manufacturers - Specialty & Generic,NASDAQ,76.51,30,5,3,5,4.71,19868782.683517456,4764696.0,0.0215,-91.57,31090,49380,147610,
4170,JRI,Financial Services,Asset Management,NYSE,76.5,30,38,56,54,10.49,394561205.4914532,36198277.0,0.0013,-26.13,277118,211336,180767,
4171,BA,Industrials,Aerospace & Defense,NYSE,76.49,29,36,36,50,188.32,152984019141.5857,790370020.0,0.0001,-25.96,10196320,7534306,6838150,0.08
4172,NHI,Real Estate,REIT - Healthcare Facilities,NYSE,76.46,29,32,40,70,63.96,3227537782.4292603,49110434.0,0.0419,-30.01,407700,380303,373618,0.338
4173,NTLA,Healthcare,Biotechnology,NASDAQ,76.46,29,57,32,74,11.71,1717953288.2524548,140126693.0,0.41970003,-58.55,5455140,4373443,4030120,-0.462
4174,TAOX,Financial Services,Capital Markets,NASDAQ,76.44,29,25,13,32,3.96,33001096.07814789,7483242.0,0.0627,-60.4,170000,214543,172616,21.369
4175,REAL,Consumer Cyclical,Luxury Goods,NASDAQ,76.4,29,37,73,83,9.4,1082872877.086153,121671115.0,0.1571,-45.95,2767790,2449580,2933894,0.166
4176,OLB,Technology,Software - Infrastructure,NASDAQ,76.38,29,7,7,6,0.39,4539839.051052555,24020313.0,0.0099,-78.33,84589810,41516866,25100036,-0.436
4177,CTEV,Healthcare,Health Information Services,NYSE,76.37,29,80,50,11,25.03,401993810.72310066,16947463.0,0.0922,-66.03,196410,155923,143388,0.066
4178,SABS,Healthcare,Biotechnology,NASDAQ,76.33,29,64,68,90,2.88,271139378.37542725,90986368.0,0.040900003,-44.08,828760,542756,483686,
4179,AA,Basic Materials,Aluminum,NYSE,76.33,29,49,52,95,42.48,11071001419.096928,263909445.0,0.045500003,-49.66,3777810,3736186,4342418,0.314
4180,AYTU,Healthcare,Drug Manufacturers - Specialty & Generic,NASDAQ,76.33,29,30,30,81,2.05,22494084.834568977,10866708.0,0.033299997,-33.22,35630,41850,39070,0.064
4181,INAB,Healthcare,Biotechnology,NASDAQ,76.28,29,11,20,10,1.4,13801735.964957833,9858383.0,0.0072000003,-48.72,70580,45433,59340,
4182,MIRM,Healthcare,Biotechnology,NASDAQ,76.27,29,74,91,89,80.64,5384827614.605736,64932203.0,0.1245,-37.97,917340,741413,732302,0.379
4183,KRKR,Communication Services,Advertising Agencies,NASDAQ,76.27,29,16,11,15,3.09,5921430.0,1973810.0,0.0015,-57.53,1760,3196,6824,0.337
4184,PDYN,Technology,Software - Infrastructure,NASDAQ,76.25,29,28,18,24,5.21,262974254.53577042,49338510.0,0.1471,-51.44,876910,812340,856258,4.698
4185,ZURA,Healthcare,Biotechnology,NASDAQ,76.25,29,94,92,97,4.17,393857765.86457014,95829137.0,0.1302,-43.95,2380690,1822556,1603428,
4186,AZO,Consumer Cyclical,Auto Parts,NYSE,76.21,29,22,23,35,2846.27,45155501663.81836,16173000.0,0.0345,-32.62,337060,364286,299716,0.056
4187,NMCO,Financial Services,Asset Management,NYSE,76.15,29,34,57,57,8.55,499150565.65611744,57307757.0,0.033099998,-22.27,914578,687462,482997,0.083
4188,VRTS,Financial Services,Asset Management,NYSE,76.13,29,56,41,23,130.91,886182132.7313232,6622690.0,0.1238,-32.87,139190,135480,137076,-0.044
4189,HOVR,Industrials,Aerospace & Defense,NASDAQ,76.08,29,24,34,87,1.6,112267402.65484536,66825837.0,0.0466,-61.72,416180,508666,706766,
4190,RYN,Real Estate,REIT - Specialty,NYSE,76.06,29,37,41,32,17.99,5374065116.541922,297567291.0,0.0465,-33.42,4415920,3899290,3568504,2.721
4191,VERX,Technology,Software - Application,NASDAQ,76.05,29,19,17,7,12.33,1948237976.928749,162217980.0,0.0695,-53.54,1416340,1403176,1864500,0.105
4192,NMS,Financial Services,Asset Management,NYSE,76.02,29,29,57,57,9.74,64032511.92294502,6409661.0,0.0037,-22.08,33397,42029,38587,
4193,WKHS,Consumer Cyclical,Auto Manufacturers,NASDAQ,75.99,29,14,9,3,2.94,32457897.762669325,10928585.0,0.2258,-79.24,49360,88290,95326,3.749
4194,ALK,Industrials,Airlines,NYSE,75.99,29,26,43,24,39.59,4410242187.909851,111566970.0,0.1159,-34.7,3283410,2702453,2580824,0.097
4195,LGPS,Industrials,Conglomerates,NYSE ARCA,75.98,29,35,85,9,0.71,17708152.5,23610870.0,0.0121,-55.63,566460,2990796,1809994,0.174
4196,LPX,Industrials,Building Products & Equipment,NYSE,75.95,29,24,31,22,64.74,4552013884.305344,69923410.0,0.1183,-35.48,1119730,1127050,1171378,-0.121
4197,HSLV,Basic Materials,Silver,NYSE ARCA,75.94,29,68,15,36,4.8,1068497944.5,203523418.0,4.27,-31.13,745100,686380,615232,
4198,BRO,Financial Services,Insurance Brokers,NYSE,75.93,29,34,25,18,61.72,20046506436.81251,334610357.0,0.0544,-36.07,2184340,2159243,2117104,0.324
4199,MFIC,Financial Services,Asset Management,NASDAQ,75.93,29,28,28,53,8.44,710052043.9332008,82372628.0,0.0334,-32.48,724900,565266,600460,-0.16
4200,UVV,Consumer Defensive,Tobacco,NYSE,75.92,29,26,39,40,42.83,1050748664.3966255,24899257.0,0.0992,-27.87,349750,337856,340554,-0.118
4201,NOAH,Financial Services,Asset Management,NYSE,75.89,29,26,33,35,7.73,534750491.15137196,68645763.0,0.0046,-37.91,114630,102540,109796,-0.015
4202,VIP,Financial Services,Capital Markets,NASDAQ,75.88,29,87,86,30,1.41,28013450.688477516,18429902.0,0.0255,-58.04,117450,135030,167172,-0.737
4203,PTCT,Healthcare,Biotechnology,NASDAQ,75.88,29,38,72,72,63.23,5296422418.509354,83460802.0,0.1582,-30.42,1225760,1130110,1132454,1.015
4204,SAMG,Financial Services,Asset Management,NASDAQ,75.88,29,19,17,30,10.24,82441581.9816227,7821782.0,0.038,-36.63,90130,95816,83758,0.004
4205,CAE,Industrials,Aerospace & Defense,NASDAQ,75.85,29,29,26,33,23.15,7727596508.475409,321849081.0,6.88,-32.39,792430,921193,816128,0.068
4206,NN,Technology,Software - Infrastructure,NASDAQ,75.83,29,23,41,89,12.71,1907388344.7641258,136436939.0,0.13260001,-47.95,2828380,2556820,2763872,-0.043
4207,ASIX,Basic Materials,Chemicals,NYSE,75.82,29,28,40,76,16.64,437959218.3797569,27001186.0,0.02,-37.75,275140,267346,282684,0.027
4208,ACIC,Financial Services,Insurance - Property & Casualty,NASDAQ,75.82,29,25,37,59,9.51,441024590.00362206,47269517.0,0.0784,-27.18,283490,258136,272150,-0.045
4209,PII,Consumer Cyclical,Recreational Vehicles,NYSE,75.81,29,38,75,52,52.79,3056288221.943268,56903524.0,0.1266,-32.3,824110,837016,825708,0.088
4210,CMG,Consumer Cyclical,Restaurants,NYSE,75.81,29,62,31,21,30.77,40948927252.34985,1265418000.0,0.036,-28.14,17647270,14122650,16403204,0.093
4211,SNN,Healthcare,Medical Devices,NYSE,75.8,29,23,30,63,26.89,11057199832.490257,418516268.0,0.0116,-28.31,1295630,1711936,1602086,0.046
4212,SRL,Financial Services,Capital Markets,NYSE,75.8,29,26,21,50,4.98,76131755.0,15226351.0,0.0007,-52.07,8100,6156,13778,0.026
4213,FVN,Financial Services,Shell Companies,NASDAQ,75.76,29,31,52,51,9.0,60469770.864486694,7554000.0,0.0053,-58.87,19900,64633,93680,
4214,BN,Financial Services,Asset Management,NYSE,75.76,29,26,38,58,36.98,82418411483.36241,2232351451.0,5.18,-25.4,5690720,4974993,4741378,0.085
4215,USAU,Basic Materials,Gold,NASDAQ,75.75,29,55,35,68,13.74,239169758.0236292,16528663.0,0.1095,-42.15,134060,153310,187392,
4216,TVGN,Healthcare,Biotechnology,NASDAQ,75.75,29,9,6,2,6.49,45450549.32419777,6511540.0,0.0215,-83.36,4340,6753,8024,
4217,HPS,Financial Services,Asset Management,NYSE,75.72,29,35,52,53,11.69,390851648.8785534,32168861.0,0.5,-25.45,157255,130701,99793,0.011
4218,MIR,Industrials,Specialty Industrial Machinery,NYSE,75.71,29,24,18,29,16.45,3551860236.003227,243278092.0,0.2354,-45.67,4113460,3880276,4019600,0.197
4219,SYNX,Technology,Communication Equipment,NYSE ARCA,75.71,29,16,28,22,0.94,6700784.33672905,6634440.0,0.0013,-51.79,22330,45036,39576,1.741
4220,CCI,Real Estate,REIT - Specialty,NYSE,75.71,29,23,29,32,69.01,28267260405.869568,425455439.0,0.0275,-31.33,3455360,3339550,3394142,-0.049
4221,IDXX,Healthcare,Diagnostics & Research,NASDAQ,75.7,29,23,30,42,506.67,40839343877.260254,78781116.0,0.0278,-34.2,461930,494173,551306,0.097
4222,PRQR,Healthcare,Biotechnology,NASDAQ,75.68,29,71,23,65,1.63,230729615.97418404,141119032.0,0.0224,-47.42,694160,662886,782980,1.204
4223,CXM,Technology,Software - Application,NYSE,75.67,29,23,26,18,5.19,1207290923.7168312,232171340.0,0.108100004,-37.28,2740070,3876496,3370230,0.008
4224,MAX,Communication Services,Internet Content & Information,NYSE,75.65,29,59,86,39,9.67,509626333.757411,52975711.0,0.1009,-34.22,979200,801096,802588,0.259
4225,AVTX,Healthcare,Biotechnology,NASDAQ,75.65,29,82,94,92,13.58,803913522.8350697,53629989.0,0.24139999,-44.05,1113670,1065086,938788,
4226,SEVN,Real Estate,REIT - Mortgage,NASDAQ,75.64,29,27,36,27,6.79,152932090.5,22656606.0,0.047199998,-37.76,205660,185353,167768,-0.506
4227,MWA,Industrials,Specialty Industrial Machinery,NYSE,75.56,29,33,32,64,21.39,3381682183.317112,156125679.0,0.0552,-31.0,1521020,1412263,1276258,0.041
4228,XZO,Financial Services,Insurance - Diversified,NYSE,75.55,29,51,25,19,15.22,1297237184.8349495,90085918.0,0.1342,-38.13,469330,375890,297158,0.069
4229,JEF,Financial Services,Capital Markets,NYSE,75.46,29,55,55,25,44.14,10598488179.305878,230552271.0,0.0423,-33.72,2736370,2307146,2178102,0.085
4230,CVM,Healthcare,Biotechnology,NYSE ARCA,75.45,28,13,2,22,2.13,40630558.96355009,17588987.0,0.0363,-80.09,388960,214413,212456,
4231,COOT,Consumer Defensive,Packaged Foods,NASDAQ,75.45,28,15,14,17,0.46,13771420.76104045,30068604.0,0.0502,-89.78,56300,3686846,2230998,0.098
4232,ONON,Consumer Cyclical,Footwear & Accessories,NYSE,75.45,28,12,30,20,33.22,10310523715.042791,334214703.0,0.0916,-34.96,10344070,10594603,10027486,0.135
4233,XBP,Technology,Software - Infrastructure,NASDAQ,75.39,28,16,10,4,3.19,44805587.81996918,14156584.0,0.0042,-62.69,10520,25770,19972,0.047
4234,LZB,Consumer Cyclical,"Furnishings, Fixtures & Appliances",NYSE,75.38,28,26,64,32,29.64,1199179985.1304874,40052771.0,0.0587,-33.99,690430,783633,723282,-0.034
4235,VC,Consumer Cyclical,Auto Parts,NASDAQ,75.38,28,31,50,38,87.09,2369753142.7152176,26695429.0,0.17819999,-31.4,534000,502953,459042,-0.009
4236,IRON,Healthcare,Biotechnology,NASDAQ,75.38,28,67,60,68,61.18,2476722448.455963,38392844.0,0.2189,-38.51,671690,602266,493076,
4237,DRS,Industrials,Aerospace & Defense,NASDAQ,75.34,28,25,38,60,35.78,9821607548.377934,266891515.0,0.0128,-29.27,816080,957766,900896,0.101
4238,VMET,Basic Materials,Other Precious Metals & Mining,NASDAQ,75.32,28,39,29,63,8.51,926139129.4790974,108829507.0,0.0114,-43.27,214370,302260,325266,3.919
4239,EPRT,Real Estate,REIT - Retail,NYSE,75.32,28,37,50,61,24.95,5601470721.098396,216273004.0,0.0912,-28.16,2112090,2184966,1922152,0.181
4240,TSCO,Consumer Cyclical,Specialty Retail,NASDAQ,75.32,28,22,11,25,32.52,16199137938.834415,521040137.0,0.0864,-44.13,10815530,9617280,10316052,0.023
4241,FSV,Real Estate,Real Estate Services,NASDAQ,75.31,28,28,29,27,126.87,5639077613.331299,43669770.0,3.7,-33.13,177220,213430,210554,0.024
4242,AAUC,Basic Materials,Gold,NYSE,75.31,28,52,54,94,19.58,2800892702.4570026,139347893.0,0.0308,-39.19,452830,450106,695174,0.454
4243,AGO,Financial Services,Insurance - Specialty,NYSE,75.29,28,28,40,42,69.14,3011256425.4455566,43979208.0,0.0774,-25.17,512010,509680,451854,-0.005
4244,UAVS,Technology,Computer Hardware,NYSE ARCA,75.28,28,31,10,18,0.86,60389476.410189986,62905706.0,0.051799998,-70.55,526590,951650,1622026,-0.36
4245,IPGP,Technology,Semiconductor Equipment & Materials,NASDAQ,75.27,28,23,71,92,80.89,3567386054.3276367,42443616.0,0.2193,-48.09,451400,471586,506506,0.111
4246,CORZ,Technology,Software - Infrastructure,NASDAQ,75.27,28,34,82,87,15.94,5257206393.825531,319587000.0,0.22209999,-47.67,11355380,11371490,12337198,1.088
4247,FCN,Industrials,Consulting Services,NYSE,75.26,28,31,32,60,137.73,3766218661.4723206,27611575.0,0.1766,-27.24,536870,451353,454106,0.053
4248,CRK,Energy,Oil & Gas E&P,NYSE,75.26,28,29,14,23,13.78,3752470525.034855,293620548.0,0.32709998,-50.96,2539150,2838526,2556878,-0.252
4249,DYN,Healthcare,Biotechnology,NASDAQ,75.26,28,63,93,92,15.97,2838545715.580945,186746431.0,0.1601,-41.51,3205850,3359120,2749260,
4250,TRU,Financial Services,Financial Data & Stock Exchanges,NYSE,75.25,28,51,35,30,62.82,12155103736.877441,191600000.0,0.0608,-29.51,3163810,2652666,2327300,0.149
4251,ROAD,Industrials,Engineering & Construction,NASDAQ,75.23,28,27,25,58,88.71,5169296053.322525,56755555.0,0.0805,-41.25,709740,601830,667396,0.282
4252,MFA,Real Estate,REIT - Mortgage,NYSE,75.23,28,39,57,69,7.15,773322735.340497,101087938.0,0.049200002,-31.45,2438060,1879080,1726158,0.202
4253,HGLB,Financial Services,Asset Management,NYSE,75.23,28,32,31,50,6.44,158527785.45052767,23590445.0,0.001,-39.47,140872,92454,84748,
4254,BNT,Financial Services,Insurance - Diversified,NYSE,75.18,28,26,38,59,36.91,10129888205.24617,274374017.0,9.41,-25.97,16660,18853,16802,0.389
4255,IMXI,Technology,Software - Infrastructure,NASDAQ,75.16,28,35,39,75,12.33,347735833.68489265,30211627.0,0.0709,-22.7,764000,551123,680692,-0.186
4256,HII,Industrials,Aerospace & Defense,NYSE,75.16,28,31,25,83,260.67,10581711083.629211,39404598.0,0.0345,-43.33,579170,492843,507454,0.109
4257,HCKT,Technology,Information Technology Services,NASDAQ,75.15,28,19,10,12,10.75,268183464.2968912,24877873.0,0.056599997,-48.02,187200,196250,261624,-0.12
4258,VMC,Basic Materials,Building Materials,NYSE,75.15,28,28,40,49,244.13,31495407984.985657,129578739.0,0.0494,-26.26,1326570,1204460,1119046,0.025
4259,HUYA,Communication Services,Entertainment,NYSE,75.14,28,17,21,59,2.29,525242003.0106561,228366093.0,0.0167,-53.55,729070,1045963,1089814,0.11
4260,LUMN,Communication Services,Telecom Services,NASDAQ,75.1,28,32,35,89,5.91,5924288652.5,1030311070.0,0.0799,-50.54,12590230,13129446,13454896,-0.093
4261,IP,Consumer Cyclical,Packaging & Containers,NYSE,75.06,28,36,29,21,31.82,16930349179.52321,529569895.0,0.1595,-36.68,5501790,5250393,4790812,-0.022
4262,ROCK,Industrials,Building Products & Equipment,NASDAQ,75.05,28,56,22,12,38.43,1190926093.1104965,29661919.0,0.1067,-48.81,328350,327520,329142,0.646
4263,PAC,Industrials,Airports & Air Services,NYSE,74.98,28,28,35,61,201.41,11953915274.829712,59501820.0,0.0088,-32.95,221870,163866,144956,0.037
4264,FLG,Financial Services,Banks - Regional,NYSE,74.97,28,41,73,74,11.3,4856586102.027325,415092836.0,0.0001,-26.81,6150530,4892040,4582150,0.153
4265,LASR,Technology,Semiconductors,NASDAQ,74.95,28,27,97,99,39.88,2341068299.8939056,57690197.0,0.0506,-54.13,801990,1040626,1218110,0.338
4266,SGA,Communication Services,Broadcasting,NASDAQ,74.93,28,25,19,53,8.21,53852160.05776596,6357988.0,0.0032,-37.76,8980,13343,13684,-0.065
4267,RMIX,Basic Materials,Building Materials,NASDAQ,74.93,28,61,93,69,11.18,897996911.1028347,73485834.0,5.41,-56.16,570170,473936,393512,1.462
4268,PAPL,Financial Services,Mortgage Finance,NYSE ARCA,74.92,28,17,24,2,0.88,23578027.5119645,25271197.0,0.0116,-85.87,181750,102093,88552,-0.167
4269,APLD,Technology,Information Technology Services,NASDAQ,74.91,28,41,81,98,23.81,7592939044.226389,299170185.0,0.2092,-53.06,21135870,17615890,17553448,4.066
4270,SRPT,Healthcare,Biotechnology,NASDAQ,74.9,28,83,24,26,17.5,1848472867.5,105627021.0,0.2886,-30.88,2360550,3053373,2945258,-0.343
4271,GLSI,Healthcare,Biotechnology,NASDAQ,74.9,28,36,67,95,15.39,249235965.1208496,14678208.0,0.2131,-54.87,110480,122686,123036,
4272,ASMB,Healthcare,Biotechnology,NASDAQ,74.9,28,83,48,88,22.95,458927852.4806824,20360596.0,0.137,-42.21,239130,343820,312616,0.389
4273,TRUP,Financial Services,Insurance - Property & Casualty,NASDAQ,74.86,28,25,18,17,24.63,1028570726.4320221,43620472.0,0.111499995,-47.57,465060,462940,516242,0.111
4274,CNM,Industrials,Industrial Distribution,NYSE,74.85,28,23,23,33,40.7,7626738443.561554,184443500.0,0.0553,-31.78,2141960,2696576,2350388,0.025
4275,LMAT,Healthcare,Medical Instruments & Supplies,NASDAQ,74.84,28,24,51,81,79.31,1805756511.78257,22869257.0,0.093100004,-32.79,272490,262963,345644,0.096
4276,LONA,Healthcare,Biotechnology,NASDAQ,74.8,28,82,93,96,5.83,45412417.277335644,9421663.0,0.0032,-58.97,920480,337826,222710,
4277,SAM,Consumer Defensive,Beverages - Brewers,NYSE,74.79,28,22,20,65,168.16,1723856567.5,10291681.0,0.2441,-36.41,185940,235110,217858,-0.033
4278,UPBD,Technology,Software - Application,NASDAQ,74.75,28,39,58,32,15.62,927543524.6542168,58299405.0,0.1596,-34.86,1206440,963810,1003406,0.005
4279,LOAN,Real Estate,REIT - Mortgage,NASDAQ,74.74,28,32,34,35,3.66,43202946.453003645,11429351.0,0.0013,-36.9,54120,36550,30056,-0.11
4280,HD,Consumer Cyclical,Home Improvement Retail,NYSE,74.73,28,29,35,31,285.77,282196516803.5142,997689626.0,0.0117999995,-28.13,5699810,4728683,4384838,0.057
4281,OTIS,Industrials,Specialty Industrial Machinery,NYSE,74.73,28,27,24,26,65.74,24381872324.66063,380669339.0,0.0482,-30.48,4659560,4564180,3983062,0.073
4282,TSHA,Healthcare,Biotechnology,NASDAQ,74.72,28,72,86,96,4.43,1508609350.63869,325833545.0,0.1603,-39.32,4835760,3693083,3319522,
4283,INGN,Healthcare,Medical Devices,NASDAQ,74.71,28,18,34,34,5.82,158433866.3220353,26538337.0,0.0525,-36.25,429830,352533,313388,0.03
4284,CMCSA,Communication Services,Telecom Services,NASDAQ,74.7,28,33,23,46,20.94,76544089796.65207,3548636573.0,0.0254,-36.28,29307670,28885753,27143050,-0.012
4285,OM,Healthcare,Medical Devices,NASDAQ,74.7,28,13,15,8,4.21,74436770.1570549,18797164.0,0.064,-73.95,298390,185776,166420,0.007
4286,CNL,Basic Materials,Gold,NASDAQ,74.69,28,69,28,90,11.67,1124969046.5235605,92742707.0,14.61,-46.88,157080,171703,132496,
4287,ADSE,Industrials,Electrical Equipment & Parts,NASDAQ,74.68,28,56,56,51,9.69,796219603.212471,75185986.0,0.0027,-28.22,28140,21910,20856,-0.497
4288,TNC,Industrials,Specialty Industrial Machinery,NYSE,74.65,27,32,59,46,65.87,1144349264.1873093,17049303.0,0.11359999,-28.35,153940,176733,211142,0.017
4289,NERV,Healthcare,Biotechnology,NASDAQ,74.65,27,59,79,98,3.27,156611992.15393138,47747559.0,0.0531,-73.76,85610,149180,185460,
4290,TUYA,Technology,Software - Infrastructure,NYSE,74.65,27,23,18,64,1.75,1036146942.5921311,613104679.0,0.0083,-35.19,313630,642880,607538,0.16
4291,BTCS,Financial Services,Capital Markets,NASDAQ,74.63,27,17,5,13,1.34,75034872.87773716,52471941.0,0.059,-78.21,1363100,1913310,1941742,-0.119
4292,AEVA,Technology,Software - Infrastructure,NASDAQ,74.63,27,27,71,32,14.34,1028857004.0343819,69705758.0,0.15720001,-54.19,1338140,1444426,1640060,0.113
4293,APWC,Industrials,Electrical Equipment & Parts,NASDAQ,74.62,27,25,30,20,1.31,54426842.76272833,41232455.0,0.0015,-42.54,2070,5746,8298,0.077
4294,SLGN,Consumer Cyclical,Packaging & Containers,NYSE,74.59,27,34,49,29,35.05,3685131924.5194244,105682020.0,0.0987,-29.26,1467740,1261453,1234456,0.068
4295,KULR,Technology,Electronic Components,NYSE ARCA,74.59,27,12,28,7,2.59,122642857.71363544,46280322.0,0.1512,-56.83,591650,614756,820546,-0.43
4296,BHM,Real Estate,REIT - Residential,NYSE ARCA,74.58,27,25,22,58,8.05,32905305.22025299,4108028.0,0.001,-39.47,2520,2420,3098,0.134
4297,BRLS,Consumer Defensive,Packaged Foods,NASDAQ,74.57,27,19,15,7,1.19,25970602.288760185,21463307.0,0.0124,-72.07,4350,80243,1028756,0.076
4298,NICM,Basic Materials,Other Industrial Metals & Mining,NASDAQ,74.57,27,41,29,32,5.45,104242920.25178719,19127142.0,2.37,-48.58,2580,3046,3098,13.998
4299,KROS,Healthcare,Biotechnology,NASDAQ,74.55,27,29,18,18,11.21,225236848.8728752,19827188.0,0.0779,-50.29,184400,179883,194912,
4300,FIG,Technology,Software - Application,NYSE,74.54,27,20,19,5,21.62,11385091084.443405,533009867.0,0.1776,-69.75,9213810,13500723,16697350,0.482
4301,VEL,Financial Services,Mortgage Finance,NYSE,74.48,27,42,32,51,14.74,576034463.6543922,39481457.0,0.2947,-31.11,223620,178713,150070,0.227
4302,GLXY,Financial Services,Capital Markets,NASDAQ,74.44,27,34,34,23,21.4,4480382455.756668,194292392.0,0.18100001,-53.4,4455940,4962723,5841930,-0.038
4303,KWY,Financial Services,Asset Management,NYSE,74.42,27,23,17,35,9.44,269940774.6558838,28625744.0,0.0856,-42.82,47300,43300,52006,0.332
4304,BKNG,Consumer Cyclical,Travel Services,NASDAQ,74.4,27,35,27,30,155.87,123221172203.35785,774878436.0,0.026199998,-30.72,7761340,7971966,7096814,0.081
4305,BHF,Financial Services,Insurance - Life,NASDAQ,74.39,27,24,72,66,49.66,2876728407.5867043,57511563.0,0.1557,-25.66,764320,957033,1013558,0.867
4306,ADUR,Industrials,Pollution & Treatment Controls,NASDAQ,74.33,27,38,82,70,11.15,435245237.2555847,35443424.0,8.32,-38.7,270910,305480,341708,-1.0
4307,HDL,Consumer Cyclical,Restaurants,NASDAQ,74.32,27,18,20,26,11.9,665441970.6888199,58836600.0,0.0001,-35.7,350,663,698,0.1
4308,PODC,Communication Services,Internet Content & Information,NASDAQ,74.3,27,43,96,45,2.15,71093832.71487808,30252696.0,0.0152,-58.65,73310,68940,79448,0.075
4309,REFR,Technology,Electronic Components,NASDAQ,74.29,27,5,5,14,0.68,25453484.44505024,34867786.0,0.012,-74.81,230440,3453976,2113456,-0.335
4310,JL,Consumer Cyclical,Apparel Manufacturing,NASDAQ,74.25,27,23,38,72,4.74,17247399.228497505,3761701.0,0.0057,-42.34,3090,13713,13632,-0.026
4311,DNUT,Consumer Defensive,Grocery Stores,NASDAQ,74.25,27,27,36,44,2.92,501415018.2008743,173500000.0,0.1996,-42.86,1964920,2091040,2583498,-0.128
4312,TELO,Healthcare,Biotechnology,NASDAQ,74.17,27,30,32,27,1.12,81154444.47261,68774956.0,0.0176,-46.44,188320,113790,89688,
4313,ONEW,Consumer Cyclical,Specialty Retail,NASDAQ,74.16,27,38,40,15,9.66,163656373.4940567,16665619.0,0.1013,-44.32,88340,102680,108262,-0.04
4314,BYD,Consumer Cyclical,Resorts & Casinos,NYSE,74.13,27,28,45,56,69.85,4886076591.5,72655414.0,0.0964,-23.59,1312250,1095620,977194,0.0
4315,MRP,Real Estate,REIT - Residential,NYSE,74.12,27,58,38,64,22.62,4086439584.8176117,166047927.0,0.0589,-32.46,4126140,2363506,1837424,0.321
4316,INEO,Consumer Cyclical,Auto Parts,NASDAQ,74.1,27,20,61,13,0.54,9475986.072669983,16170624.0,0.0028,-55.0,156460,71433,111158,-0.206
4317,TXT,Industrials,Aerospace & Defense,NYSE,74.07,27,29,42,61,73.03,13287709574.823692,171986917.0,0.0495,-28.1,1857260,1871146,1730344,0.03
4318,SMG,Basic Materials,Agricultural Inputs,NYSE,74.07,27,40,57,57,49.4,2853957858.1311264,58220274.0,0.1058,-34.43,1357990,1016263,1026782,0.011
4319,CYH,Healthcare,Medical Care Facilities,NYSE,74.06,27,34,40,42,2.72,383545455.07431006,141009357.0,0.103999995,-38.6,1116800,1177746,1190146,-0.098
4320,VIPS,Consumer Cyclical,Internet Retail,NYSE,74.03,27,21,27,38,12.77,5862914963.722229,475500000.0,0.0216,-38.07,2700740,3075576,2812526,-0.043
4321,GERN,Healthcare,Biotechnology,NASDAQ,74.01,27,65,32,81,1.2,770968121.4355195,642473409.0,0.1287,-40.3,9380920,10373373,10990516,0.172
4322,LMRI,Healthcare,Medical Devices,NASDAQ,74.01,27,29,22,8,10.59,991493723.0002441,96074976.0,0.082399994,-45.55,398810,378903,443254,0.051
4323,CARG,Communication Services,Internet Content & Information,NASDAQ,74.01,27,53,35,63,28.77,2673985850.3346024,89073478.0,0.17040001,-30.2,1691970,1297073,1141444,0.131
4324,DSS,Consumer Cyclical,Packaging & Containers,NYSE ARCA,74.0,27,27,10,31,0.65,6407126.598927498,10042518.0,0.0704,-65.05,25920,4091526,2468544,-0.318
4325,GIS,Consumer Defensive,Packaged Foods,NYSE,74.0,27,35,30,18,31.77,17115334581.985382,534687144.0,0.1091,-38.02,11983610,10510020,9494894,-0.028
4326,NYAX,Technology,Software - Infrastructure,NASDAQ,73.99,27,27,73,82,46.61,1831528811.0,37378139.0,0.0028,-39.36,33290,29383,28558,0.282
4327,SER,Healthcare,Biotechnology,NYSE ARCA,73.98,27,75,18,8,2.01,49784928.04895115,25400473.0,0.0054,-65.52,125460,78753,71206,
4328,NG,Basic Materials,Gold,NYSE ARCA,73.97,27,51,16,92,6.36,2874013105.3907604,438780614.0,0.0935,-55.83,4391170,5457740,5318906,
4329,AIRG,Technology,Communication Equipment,NASDAQ,73.96,27,64,83,89,4.12,60392080.48906994,13100234.0,0.0126,-46.2,80250,59143,63200,0.006
4330,SLNH,Financial Services,Capital Markets,NASDAQ,73.94,27,83,25,57,1.01,261711928.07928622,244590575.0,0.1094,-80.35,6029540,7239943,8598022,1.446
4331,EEFT,Technology,Software - Infrastructure,NASDAQ,73.93,27,37,38,27,62.52,2417768469.0,38075094.0,0.1458,-30.36,631040,610626,657116,0.032
4332,SRTS,Healthcare,Medical Devices,NASDAQ,73.93,27,34,17,44,2.94,49056936.13398886,16462059.0,0.0153,-46.45,26580,32330,32024,-0.687
4333,ERIE,Financial Services,Insurance Brokers,NASDAQ,73.92,27,34,25,18,217.77,11560766724.628784,52289868.0,0.0953,-34.12,144870,254040,260364,0.028
4334,CPB,Consumer Defensive,Packaged Foods,NASDAQ,73.92,27,26,32,17,18.9,5851364926.948515,298234693.0,0.2495,-41.01,8144310,8494830,7285464,-0.079
4335,LBTYK,Communication Services,Telecom Services,NASDAQ,73.92,27,29,33,67,8.92,2984516202.5,341087566.0,0.0885,-32.01,1560090,1706403,1576812,-0.077
4336,BABA,Consumer Cyclical,Internet Retail,NYSE,73.91,27,23,24,38,107.0,263327797997.15247,2487744939.0,0.0168,-43.57,7122220,8640323,10361208,0.086
4337,ALOY,Basic Materials,Other Industrial Metals & Mining,NASDAQ,73.9,27,30,56,91,7.93,563681711.7756338,69418931.0,4.48,-70.52,1570070,1844726,2492162,0.827
4338,LBTYA,Communication Services,Telecom Services,NASDAQ,73.89,27,28,36,73,9.1,3042501114.742916,341087566.0,0.0848,-32.69,3792080,2832753,2617202,-0.077
4339,PUK,Financial Services,Insurance - Life,NYSE,73.86,27,45,41,71,23.54,30247745863.012825,1231084503.0,0.00059999997,-30.83,1236510,1068006,1098998,-0.018
4340,EARN,Financial Services,Asset Management,NYSE,73.86,27,36,35,35,3.48,151402271.88224792,37568800.0,0.019299999,-39.16,609610,431293,425270,-0.193
4341,LEN,Consumer Cyclical,Residential Construction,NYSE,73.85,27,19,22,20,76.13,19225840694.897095,240895142.0,0.0022,-43.08,6582410,5111620,4003942,-0.087
4342,TTAM,Basic Materials,Building Materials,NYSE,73.84,27,33,59,57,13.27,2465071548.0701456,184373341.0,0.13069999,-32.19,205570,251000,266550,0.096
4343,PRZO,Industrials,Aerospace & Defense,NASDAQ,73.83,27,40,7,10,0.62,17789110.16717255,29162475.0,0.0482,-67.37,239890,891466,2558990,1.953
4344,MMS,Industrials,Specialty Business Services,NYSE,73.83,27,19,18,25,55.65,2756636301.841606,52357763.0,0.112799995,-44.35,789040,688490,663620,-0.051
4345,HFFG,Consumer Defensive,Food Distribution,NASDAQ,73.82,27,18,15,22,1.6,90632589.81486511,55602816.0,0.0036000002,-42.55,57540,74830,195084,0.028
4346,HLMN,Industrials,Tools & Accessories,NASDAQ,73.82,27,27,30,34,6.94,1369596785.5386972,194544999.0,0.0304,-36.04,1501720,1771126,1655862,0.098
4347,PTON,Consumer Cyclical,Leisure,NASDAQ,73.81,27,29,58,19,4.85,2159249294.403261,438871801.0,0.14649999,-44.89,8221010,8847580,8899864,0.001
4348,PSEC,Financial Services,Asset Management,NASDAQ,73.8,27,35,29,42,1.84,1067633698.0,533816849.0,0.052600004,-41.21,7513460,5180686,4748786,-0.067
4349,NEN,Real Estate,Real Estate Services,NYSE ARCA,73.78,26,23,29,23,49.75,169957754.35938263,3467818.0,0.04,-32.31,410,803,862,0.143
4350,MOS,Basic Materials,Agricultural Inputs,NYSE,73.74,26,65,25,26,19.97,6698061164.205948,317895646.0,0.129,-44.53,8601360,8263216,8265134,-0.06
4351,VKTX,Healthcare,Biotechnology,NASDAQ,73.72,26,62,66,71,28.54,3763118278.0649815,125688651.0,0.20459999,-33.86,9787560,6456136,4626554,
4352,ICG,Technology,Computer Hardware,NASDAQ,73.7,26,26,6,14,1.01,57069211.23525149,60711927.0,0.0064,-55.7,77810,43973,115674,-0.871
4353,ORA,Utilities,Utilities - Renewable,NYSE,73.69,26,25,43,70,89.97,5710605978.794754,61496941.0,0.1142,-38.54,724160,888916,868884,0.106
4354,ALMU,Technology,Semiconductors,NASDAQ,73.68,26,15,53,75,12.9,253411787.54958248,19314923.0,0.253,-59.42,377270,564226,544944,-0.558
4355,SPXC,Industrials,Building Products & Equipment,NYSE,73.68,26,31,59,74,170.62,8669361323.980103,50085860.0,0.035099998,-32.05,687990,582383,536560,0.229
4356,ANNX,Healthcare,Biotechnology,NASDAQ,73.64,26,66,85,97,4.01,794336582.3078051,189579134.0,0.1835,-44.15,3525980,3143710,2940892,
4357,PROF,Healthcare,Medical Devices,NASDAQ,73.63,26,75,63,55,5.68,213350354.53443146,36532594.0,0.048699997,-36.54,157290,132653,126008,0.123
4358,CTM,Technology,Information Technology Services,NYSE ARCA,73.61,26,14,17,13,0.63,59712209.72804761,94781286.0,0.0629,-53.68,353120,535336,805976,-0.011
4359,MBUU,Consumer Cyclical,Recreational Vehicles,NASDAQ,73.57,26,31,30,21,22.59,452786596.6838951,19677818.0,0.0735,-35.4,226910,269040,231252,0.427
4360,CNTN,Healthcare,Biotechnology,NASDAQ,73.56,26,16,25,93,2.26,179283062.25,79681361.0,0.0861,-67.2,766790,769403,762710,
4361,MNRO,Consumer Cyclical,Auto Parts,NASDAQ,73.56,26,21,54,47,13.64,443324380.34103394,31264060.0,0.4378,-42.95,754760,915836,1102828,-0.046
4362,JYNT,Healthcare,Medical Care Facilities,NASDAQ,73.56,26,30,36,30,7.2,102962164.0873518,14143154.0,0.1029,-32.52,87520,92016,82508,0.144
4363,KEP,Utilities,Utilities - Regulated Electric,NYSE,73.56,26,26,20,66,11.13,14225923848.364056,1283928154.0,0.0042,-52.46,675690,895483,942854,-0.001
4364,LFWD,Healthcare,Medical Devices,NASDAQ,73.56,26,55,55,14,6.5,16567293.329917908,2832016.0,0.0372,-36.27,6160,5083,5614,0.157
4365,RYET,Consumer Defensive,Education & Training Services,NASDAQ,73.53,26,19,23,13,0.94,32060803.973294735,37280004.0,0.0021,-53.69,91290,467236,287122,1.762
4366,AMPG,Technology,Communication Equipment,NASDAQ,73.51,26,21,98,18,2.96,91633853.91739583,30043887.0,0.1607,-70.72,669330,876073,1563240,-0.268
4367,SAFE,Real Estate,REIT - Diversified,NYSE,73.5,26,40,63,50,12.02,854044366.5156937,70816280.0,0.0919,-31.12,729400,534283,428442,0.2
4368,NOC,Industrials,Aerospace & Defense,NYSE,73.49,26,28,26,69,473.46,67906126428.0,142063026.0,0.015800001,-38.83,1045180,898070,807844,0.051
4369,ULS,Industrials,Specialty Business Services,NYSE,73.47,26,27,61,79,67.13,13301149528.264732,201563115.0,0.0793,-37.58,1145360,926870,942562,0.052
4370,CTRI,Utilities,Utilities - Regulated Gas,NYSE,73.46,26,18,48,88,20.76,2111137422.8242607,100963053.0,0.055999998,-51.7,1891670,1722200,1935650,0.329
4371,ORN,Industrials,Engineering & Construction,NYSE,73.45,26,25,86,82,9.07,376606204.7238636,40495290.0,0.081499994,-47.87,609760,462283,550884,0.081
4372,GBX,Industrials,Railroads,NYSE,73.44,26,29,36,60,38.78,1255532514.532257,30939686.0,0.1317,-34.48,378790,407006,379872,-0.316
4373,CLX,Consumer Defensive,Household & Personal Products,NYSE,73.44,26,24,26,26,82.21,9724062554.912567,120931005.0,0.081,-36.22,2840270,3287893,3037054,-0.02
4374,PRVA,Healthcare,Health Information Services,NASDAQ,73.42,26,27,76,42,20.3,2593004304.646534,127734207.0,0.056900002,-29.56,1333960,1257693,1248344,0.214
4375,CRUS,Technology,Semiconductors,NASDAQ,73.41,26,21,57,88,112.68,6072744774.602005,50117561.0,0.082600005,-37.55,641330,870006,853178,0.129
4376,TLK,Communication Services,Telecom Services,NYSE,73.4,26,31,23,49,13.04,12371908258.428223,985809408.0,0.0057,-44.56,981980,782366,739548,0.064
4377,CHDN,Consumer Cyclical,Gambling,NASDAQ,73.38,26,28,26,31,73.95,5300703692.858261,69700243.0,0.0672,-37.52,1244230,1132956,1138958,0.049
4378,BRSL,Consumer Cyclical,Gambling,NYSE,73.37,26,25,20,30,10.04,1800012266.4606762,182742355.0,0.0539,-45.46,2480520,2198146,2177210,-0.074
4379,HLI,Financial Services,Capital Markets,NYSE,73.36,26,27,20,27,125.22,8831557196.949005,69886500.0,0.0478,-38.67,807250,825033,887188,-0.155
4380,GLIBK,Communication Services,Telecom Services,NASDAQ,73.35,26,30,11,52,23.68,927392051.4264717,39904994.0,0.0837,-42.49,315650,314786,361246,0.0
4381,RLX,Consumer Defensive,Tobacco,NYSE,73.32,26,19,27,46,1.73,2090055351.0653114,1222254564.0,0.0216,-33.46,1841210,4040760,3582662,0.155
4382,CHRW,Industrials,Integrated Freight & Logistics,NASDAQ,73.31,26,32,88,87,135.18,18429780554.400696,116851258.0,0.0497,-35.73,2394360,1759750,1870296,0.193
4383,LXEH,Consumer Defensive,Education & Training Services,NASDAQ,73.31,26,16,7,6,1.58,3009167.290533185,1916667.0,0.0058999998,-94.26,103560,992816,634470,-0.008
4384,SYM,Industrials,Specialty Industrial Machinery,NASDAQ,73.29,26,28,18,82,43.31,5620919771.143158,129873381.0,0.3168,-50.72,1282460,1591336,1670614,0.217
4385,CNEY,Basic Materials,Specialty Chemicals,NASDAQ,73.28,26,9,39,7,0.5,3042452.044269085,5623756.0,0.031600002,-80.95,576590,230770,183546,0.082
4386,NEPH,Healthcare,Medical Instruments & Supplies,NASDAQ,73.26,26,75,37,24,3.2,39856641.2285614,10860120.0,0.0069,-50.16,41700,28260,30556,0.362
4387,TRN,Industrials,Railroads,NYSE,73.25,26,33,77,76,25.37,2081763602.3187065,79669486.0,0.0916,-33.78,896700,685073,725198,-0.042
4388,KNDI,Consumer Cyclical,Recreational Vehicles,NASDAQ,73.25,26,14,15,17,0.67,82340598.58177334,100415365.0,0.0148,-50.37,10245900,3466300,2113036,0.574
4389,SNDL,Consumer Defensive,Beverages - Wineries & Distilleries,NASDAQ,73.21,26,24,20,31,1.25,305189847.66719127,246120843.0,0.0077,-56.75,1315780,1256263,1471792,-0.037
4390,GDTC,Healthcare,Biotechnology,NASDAQ,73.17,26,10,19,17,0.98,10980115.559185266,11934908.0,0.001,-73.37,19980,15096,20390,3.856
4391,BKSY,Industrials,Specialty Business Services,NYSE,73.17,26,34,31,96,21.85,897072627.442318,40924846.0,0.1754,-58.68,947070,936006,956722,0.501
4392,ATHR,Technology,Software - Application,NASDAQ,73.16,26,22,58,8,3.14,42221304.13355613,12238059.0,0.056799997,-54.23,11720,13146,12778,-0.04
4393,BON,Basic Materials,Specialty Chemicals,NASDAQ,73.16,26,14,20,19,1.16,9312443.283144236,8168810.0,0.0014,-50.43,7950,8040,7764,0.019
4394,LAR,Basic Materials,Other Industrial Metals & Mining,NYSE,73.15,26,78,88,97,5.37,900908962.4404907,164100000.0,0.0405,-55.44,1186670,1635780,1837650,
4395,CPRT,Industrials,Specialty Business Services,NASDAQ,73.15,26,27,16,17,26.62,25214714267.379356,926330452.0,0.045700002,-41.99,9015200,9691433,10230190,0.024
4396,CSV,Consumer Cyclical,Personal Services,NYSE,73.14,26,19,24,62,33.8,510933433.23864746,15882296.0,0.044499997,-35.12,223860,170983,186234,0.008
4397,RNAC,Healthcare,Biotechnology,NASDAQ,73.14,26,66,62,14,6.68,222679394.7595253,30255352.0,0.13,-39.27,165810,128346,130982,
4398,MKC,Consumer Defensive,Packaged Foods,NYSE,73.1,26,29,27,19,45.25,12019109784.258224,269064479.0,0.0,-37.51,4443070,3564756,3169828,0.174
4399,CIFR,Technology,Information Technology Services,NASDAQ,73.09,26,65,91,98,14.56,6520132658.452166,415030722.0,0.2134,-51.69,29662330,32757360,34961060,-0.43
4400,UA,Consumer Cyclical,Apparel Manufacturing,NYSE,73.06,26,31,67,64,4.7,1971614098.733448,429545541.0,11.31,-40.56,3257761,2661507,2744962,-0.032
4401,TV,Communication Services,Telecom Services,NYSE,73.02,26,23,51,84,2.23,1206967379.8942566,527060000.0,1.35,-36.1,891900,1465616,1181804,-0.03
4402,NXB,Consumer Cyclical,Auto & Truck Dealerships,NYSE ARCA,73.02,26,25,12,35,2.03,48022928.61076534,25142895.0,0.0067000003,-47.95,25250,47230,49228,0.884
4403,DTST,Technology,Information Technology Services,NASDAQ,73.01,26,18,25,33,3.25,7761290.003939152,2337738.0,0.0017,-36.89,32720,17783,18820,0.093
4404,FSLR,Technology,Solar,NASDAQ,73.0,26,27,61,40,180.13,18765299748.274353,107469788.0,0.128,-43.88,2594130,2261240,2407892,-0.037
4405,CRMD,Healthcare,Biotechnology,NASDAQ,72.97,26,27,39,26,7.28,560419694.02001,77944324.0,0.21069999,-44.09,881350,874283,1111042,1.565
4406,MYSE,Technology,Software - Application,NASDAQ,72.96,26,91,86,86,1.66,8833931.247785091,5196430.0,0.0395,-71.23,35980,119426,105922,-0.526
4407,LDOS,Technology,Information Technology Services,NYSE,72.95,26,24,12,30,113.55,14809980498.133255,125785466.0,0.0478,-44.82,1170110,1254430,1372728,0.072
4408,TRAK,Technology,Software - Application,NYSE,72.94,25,15,23,9,7.84,147247743.13728333,18201204.0,0.1155,-50.38,83910,89330,78952,-0.032
4409,PIPR,Financial Services,Capital Markets,NYSE,72.94,25,39,30,68,63.79,4619010262.893723,70670291.0,0.040999997,-32.9,1067680,781576,673376,0.249
4410,PNNT,Financial Services,Asset Management,NYSE,72.92,25,23,13,21,3.18,212212305.5,65296094.0,0.0422,-52.32,480127,546422,544937,-0.162
4411,BFRG,Healthcare,Health Information Services,NASDAQ,72.92,25,10,13,39,0.71,11458739.778677762,18541651.0,0.0063,-65.2,7363740,11197996,6770420,5.476
4412,CRNC,Technology,Software - Application,NASDAQ,72.9,25,25,64,23,8.29,365912786.0315895,45230257.0,0.1359,-38.55,667200,633610,678230,0.118
4413,ALB,Basic Materials,Specialty Chemicals,NYSE,72.87,25,56,58,97,102.75,12342148479.482574,118005057.0,0.0004,-53.51,2004250,2354880,2343600,0.311
4414,UAA,Consumer Cyclical,Apparel Manufacturing,NYSE,72.87,25,30,65,61,4.82,2023159514.495862,429545541.0,0.374,-40.86,11562970,9448300,9317592,-0.032
4415,MCD,Consumer Cyclical,Restaurants,NYSE,72.83,25,24,30,46,230.88,164094994191.67987,707641531.0,0.019199999,-32.44,5834530,5696053,5184214,0.037
4416,LWAY,Consumer Defensive,Packaged Foods,NASDAQ,72.8,25,47,83,55,21.3,320414090.03936005,15106747.0,0.084300004,-34.88,145700,138213,151868,0.241
4417,BBUC,Industrials,Conglomerates,NYSE,72.8,25,21,31,56,26.05,5259315636.769909,205442014.0,0.0454,-31.9,306420,352276,336628,-0.03
4418,GLIBA,Communication Services,Telecom Services,NASDAQ,72.79,25,32,11,51,23.54,924199654.9509811,39904994.0,0.106400006,-43.78,36700,38010,38610,0.0
4419,SAH,Consumer Cyclical,Auto & Truck Dealerships,NYSE,72.78,25,56,83,47,60.52,1986358067.5484314,31614802.0,0.22719999,-46.76,382020,326760,323544,0.076
4420,BRIA,Consumer Cyclical,Apparel Retail,NYSE ARCA,72.75,25,19,23,22,1.37,34999999.40395355,25000000.0,0.0018000001,-40.43,4010,4340,4806,-0.34
4421,HUN,Basic Materials,Chemicals,NYSE,72.73,25,21,59,79,8.63,1495979547.648857,175378616.0,0.08140001,-46.36,2771170,2575853,2766794,0.141
4422,IBM,Technology,Information Technology Services,NYSE,72.71,25,28,23,31,220.51,209756800014.5668,942134390.0,0.026500002,-33.67,5266890,5508383,5680928,0.011
4423,SYPR,Consumer Cyclical,Auto Parts,NASDAQ,72.71,25,18,19,93,1.91,41447578.30201411,23026433.0,0.0037,-59.7,15690,25610,26932,-0.035
4424,PTHS,Healthcare,Biotechnology,NYSE ARCA,72.7,25,25,62,59,20.99,78866462.86044502,3828469.0,0.0454,-44.03,25590,38466,57358,
4425,LAZ,Financial Services,Capital Markets,NYSE,72.69,25,34,27,49,35.82,3515042102.3004456,97450572.0,0.1164,-39.03,1457390,1685606,1605850,0.001
4426,SEDG,Technology,Solar,NASDAQ,72.67,25,30,91,90,33.16,2035887010.708084,61525748.0,0.2199,-59.19,2564240,3093336,3359728,0.196
4427,HNRG,Utilities,Utilities - Independent Power Producers,NASDAQ,72.66,25,32,47,35,13.65,635963875.1397419,47143357.0,0.1001,-44.74,748860,693920,773000,-0.013
4428,DRVN,Consumer Cyclical,Auto & Truck Dealerships,NASDAQ,72.65,25,29,55,20,11.69,1926964301.2278442,164979816.0,0.16860001,-32.43,950530,1117976,1003082,0.068
4429,PHIO,Healthcare,Biotechnology,NASDAQ,72.65,25,22,14,20,1.0,11442992.401186109,11617251.0,0.012999999,-76.13,112730,134820,146082,
4430,FABC,Technology,Semiconductors,NASDAQ,72.62,25,13,21,10,2.3,16388453.818875074,7003613.0,0.21620001,-70.7,95700,132520,177634,
4431,MCHX,Communication Services,Advertising Agencies,NASDAQ,72.62,25,42,38,29,1.37,57195876.40864372,44337890.0,0.0031,-32.84,26820,49406,38218,-0.056
4432,MPAA,Consumer Cyclical,Auto Parts,NASDAQ,72.59,25,27,65,31,10.62,199366664.6542883,18933207.0,0.0908,-41.39,121110,121516,124626,-0.108
4433,WEN,Consumer Cyclical,Restaurants,NASDAQ,72.56,25,53,35,18,6.11,1166899949.7795582,190669930.0,0.35900003,-39.62,5466350,6556186,7809354,0.017
4434,BEPC,Utilities,Utilities - Renewable,NYSE,72.55,25,24,31,78,29.51,5294536191.900585,185642921.0,7.9,-34.68,2031320,1816866,1819396,0.13
4435,ONDS,Technology,Communication Equipment,NASDAQ,72.53,25,27,76,99,7.19,4215871407.481489,582302699.0,0.4096,-52.95,57990200,60831976,65811990,12.354
4436,RDDT,Communication Services,Internet Content & Information,NYSE,72.53,25,20,71,45,152.71,28447748086.02951,192396510.0,0.1369,-42.05,3930420,4482473,6366436,0.611
4437,MAIA,Healthcare,Biotechnology,NYSE ARCA,72.52,25,37,35,24,1.18,73472919.27290249,61741946.0,0.0376,-63.01,619500,601256,501418,
4438,LKQ,Consumer Cyclical,Auto Parts,NASDAQ,72.49,25,26,21,29,22.03,5768447367.774727,253002086.0,0.0766,-40.67,2776530,3160260,3431882,-0.03
4439,GORO,Basic Materials,Gold,NYSE ARCA,72.49,25,33,78,72,3.28,551027839.0880334,169026945.0,0.98,-50.0,1125620,1479346,1427468,2.935
4440,DH,Healthcare,Health Information Services,NASDAQ,72.47,25,20,7,4,0.97,99592820.23209089,106744713.0,0.0405,-72.13,535280,1003983,691606,-0.091
4441,TYRA,Healthcare,Biotechnology,NASDAQ,72.47,25,53,94,97,20.39,1404683854.7526474,68755939.0,0.2382,-49.84,866410,1159816,947886,
4442,STI,Industrials,Electrical Equipment & Parts,NASDAQ,72.46,25,28,78,31,5.67,45202813.522895336,8512771.0,0.0162,-87.67,172190,313756,236758,30.229
4443,MP,Basic Materials,Other Industrial Metals & Mining,NYSE,72.45,25,31,25,75,46.31,8365431805.769165,178101588.0,0.205,-53.81,5212210,5110050,6043376,1.197
4444,SYK,Healthcare,Medical Devices,NYSE,72.45,25,21,26,32,275.4,105647521250.4071,383573046.0,0.0209,-29.84,2540320,2887343,2691906,0.094
4445,ACAD,Healthcare,Biotechnology,NASDAQ,72.39,25,77,67,39,19.65,3437495215.5586777,172305518.0,0.0887,-36.53,3119120,2063160,1971848,0.164
4446,CWK,Real Estate,Real Estate Services,NYSE,72.36,25,34,31,61,11.42,2797787417.267235,234713708.0,0.078600004,-34.37,3078580,2176636,2023858,0.112
4447,MINE,Basic Materials,Gold,NYSE ARCA,72.35,25,33,9,16,2.51,177917020.80282593,67138496.0,0.61,-48.57,207690,190666,183846,
4448,CSBR,Healthcare,Biotechnology,NASDAQ,72.33,25,22,28,23,4.88,68757731.6564269,13918569.0,0.01,-41.28,12750,12976,12004,0.088
4449,AISP,Technology,Software - Infrastructure,NASDAQ,72.28,25,11,14,10,2.14,73011867.49870491,34439562.0,0.12189999,-70.28,4995090,1809406,1240324,0.921
4450,NVO,Healthcare,Drug Manufacturers - General,NYSE,72.27,25,54,40,16,38.26,164789448880.1519,4415580124.0,0.0083,-40.37,14147840,13227970,13807900,0.021
4451,WAVE,Utilities,Utilities - Renewable,NASDAQ,72.26,25,17,87,53,5.9,36439638.71209717,6239664.0,0.0007,-45.72,9590,17530,15834,
4452,FTAI,Industrials,Aerospace & Defense,NASDAQ,72.26,25,29,61,91,174.83,17155165284.355133,102707091.0,0.0936,-45.96,1358700,1363113,1483620,0.409
4453,AMS,Healthcare,Medical Care Facilities,NYSE ARCA,72.21,25,21,21,12,1.35,9376499.778032303,6650000.0,0.0011,-47.67,11210,8856,12088,0.192
4454,GOF,Financial Services,Asset Management,NYSE,72.19,25,24,31,29,8.65,1853256820.2671814,212043120.0,0.57,-42.6,2754071,2946497,2893622,
4455,SE,Consumer Cyclical,Internet Retail,NYSE,72.17,25,58,34,13,94.66,58302403144.50354,612484522.0,0.0334,-51.08,4081000,3721066,4160070,0.481
4456,FBIN,Industrials,Building Products & Equipment,NYSE,72.16,25,28,59,15,38.52,4599954323.344578,119293417.0,0.0738,-40.59,2235600,2155816,2393954,-0.041
4457,LOW,Consumer Cyclical,Home Improvement Retail,NYSE,72.15,25,23,26,43,181.54,101438568347.40099,561054019.0,0.0186,-38.05,3291830,3257453,3082916,0.083
4458,SITC,Real Estate,REIT - Retail,NYSE,72.11,25,11,16,27,3.16,179465663.38355064,52475339.0,0.1296,-64.69,1940202,1324815,1175716,-0.693
4459,BMI,Technology,Scientific & Technical Instruments,NYSE,72.11,25,25,21,23,124.07,3703649343.8830795,28986847.0,0.1926,-39.18,406980,367276,360112,-0.066
4460,HLLY,Consumer Cyclical,Auto Parts,NYSE,72.1,25,33,29,56,2.36,283687884.21439004,121234143.0,0.043899998,-47.32,1065710,1207563,1125808,0.032
4461,EXP,Basic Materials,Building Materials,NYSE,72.09,25,27,34,26,167.5,5256523710.722733,30675325.0,0.0785,-31.78,472130,440113,436038,0.026
4462,SFM,Consumer Defensive,Grocery Stores,NASDAQ,72.07,25,21,23,13,65.26,6011674497.577667,93247625.0,0.1618,-42.92,2371630,2042713,1945896,0.047
4463,TBLA,Communication Services,Internet Content & Information,NASDAQ,72.07,25,33,91,55,3.29,872601940.6928053,270155398.0,0.038399998,-42.38,2100130,2067270,2486558,0.024
4464,BTDR,Technology,Software - Application,NASDAQ,72.07,25,43,33,34,10.4,2995040464.3120384,271782245.0,0.2999,-62.59,9509490,10107533,12791166,0.471
4465,AMPX,Industrials,Electrical Equipment & Parts,NYSE,72.07,25,18,39,98,9.33,1412599587.2050667,146080618.0,0.1576,-61.49,6616170,5160056,5540384,1.259
4466,STN,Industrials,Engineering & Construction,NYSE,72.06,25,22,15,28,66.67,7581359624.333328,112399703.0,7.72,-41.78,386700,351220,374070,0.115
4467,PDC,Technology,Software - Application,NASDAQ,72.05,24,17,58,96,3.3,28074917.7895298,8114138.0,0.0004,-62.63,29790,41853,40514,-0.386
4468,DNN,Energy,Uranium,NYSE ARCA,72.05,24,73,60,92,2.56,2326512033.247534,905257624.0,3.36,-42.21,29561020,25328543,25852108,-0.436
4469,IRIX,Healthcare,Medical Devices,NASDAQ,72.03,24,9,38,27,0.88,11241543.428731918,17564912.0,0.014400001,-46.67,1998330,709070,466704,-0.074
4470,CGTX,Healthcare,Biotechnology,NASDAQ,72.01,24,15,40,83,0.94,87961716.18360579,95093746.0,0.087799996,-54.15,386750,394570,458056,
4471,NA,Technology,Semiconductors,NASDAQ,71.93,24,24,6,11,2.18,48414611.249358416,22006641.0,0.0806,-63.48,24730,516096,317164,-0.665
4472,VLRS,Industrials,Airlines,NYSE,71.93,24,35,65,76,6.35,746034364.9897194,114951370.0,0.0108,-41.2,312960,347860,410254,0.239
4473,WY,Real Estate,REIT - Specialty,NYSE,71.89,24,36,37,36,18.57,13311993425.109863,720736000.0,0.045300003,-33.08,9381710,7185810,6498946,-0.009
4474,INFY,Technology,Information Technology Services,NYSE,71.89,24,20,16,22,10.55,44715792736.851654,4050343559.0,0.0357,-64.83,20335630,16895383,17558574,0.029
4475,BGDE,Financial Services,Capital Markets,NASDAQ,71.86,24,88,36,26,5.21,30983933.141574383,5664339.0,0.0421,-86.98,72730,59260,63392,-0.355
4476,GELS,Healthcare,Drug Manufacturers - Specialty & Generic,NASDAQ,71.86,24,73,10,9,0.56,5580462.035230994,10711059.0,0.0307,-72.14,102400,6018506,3625362,0.489
4477,COHN,Financial Services,Capital Markets,NYSE ARCA,71.79,24,29,58,97,10.72,31579325.737771988,3228970.0,0.0075,-67.12,12870,19453,20198,0.168
4478,CINT,Technology,Software - Infrastructure,NYSE,71.78,24,14,16,36,3.12,410843677.3123808,127988683.0,0.0011999999,-46.21,70630,84586,83336,0.219
4479,MLM,Basic Materials,Building Materials,NYSE,71.76,24,24,32,51,479.01,34250516576.897766,71019382.0,0.045700002,-32.63,865440,829530,743668,0.21
4480,XPER,Technology,Software - Application,NYSE,71.76,24,28,76,36,5.33,264830985.08776188,48771822.0,0.103,-39.09,381540,408866,446184,0.081
4481,OXBR,Financial Services,Insurance - Reinsurance,NASDAQ,71.72,24,85,89,7,1.04,9115206.27880776,8138577.0,0.003,-51.27,25690,19653,43232,0.416
4482,EVR,Financial Services,Capital Markets,NYSE,71.69,24,28,51,76,267.26,10063631065.366821,38457778.0,0.030199999,-31.24,528330,501770,535106,0.188
4483,SNTG,Financial Services,Credit Services,NASDAQ,71.67,24,12,40,38,1.72,4965425.196492672,2805325.0,0.0086,-49.25,25250,11903,20866,-0.359
4484,PDCC,Financial Services,Asset Management,NYSE,71.64,24,23,20,18,8.28,58113122.26126099,6935568.0,0.0045,-50.57,2260,2213,3528,
4485,KBH,Consumer Cyclical,Residential Construction,NYSE,71.64,24,27,43,29,43.98,2781600000.0,60800000.0,0.2338,-34.91,1401900,1557930,1287774,-0.2
4486,ALLR,Healthcare,Biotechnology,NASDAQ,71.61,24,27,36,65,0.98,16547152.353054047,15910724.0,0.0069999998,-46.74,94470,109320,96792,
4487,OPXS,Industrials,Aerospace & Defense,NASDAQ,71.6,24,19,43,56,10.19,72730671.52250957,6959873.0,0.0061000003,-42.62,10930,34000,30346,-0.124
4488,BW,Industrials,Specialty Industrial Machinery,NYSE,71.6,24,84,99,99,5.64,849100847.7871685,148965066.0,0.20459999,-74.4,5772490,4933166,5174212,1.303
4489,CGC,Healthcare,Drug Manufacturers - Specialty & Generic,NASDAQ,71.56,24,25,22,37,0.88,370157965.625,423037675.0,0.066199996,-63.03,1886200,2194360,2944312,0.125
4490,FENG,Communication Services,Internet Content & Information,NYSE,71.56,24,18,16,29,1.4,16815086.113640785,12010776.0,0.0008,-51.56,1450,1926,2428,0.158
4491,SPRC,Healthcare,Biotechnology,NASDAQ,71.54,24,10,12,2,4.64,108905702.11904097,23073243.0,0.0189,-89.39,20650,26826,218742,
4492,CTGO,Basic Materials,Gold,NYSE ARCA,71.54,24,46,15,62,16.25,557790736.085289,33440691.0,0.089499995,-52.73,360020,379310,380740,
4493,BFAM,Consumer Cyclical,Personal Services,NYSE,71.54,24,22,19,22,66.84,3125304867.4562225,48635306.0,0.062,-39.16,716180,885133,816678,0.065
4494,OLED,Technology,Electronic Components,NASDAQ,71.53,24,19,14,20,77.22,3694354655.201683,45966835.0,0.1033,-49.65,623630,752853,775966,-0.114
4495,KYTX,Healthcare,Biotechnology,NASDAQ,71.48,24,69,66,96,6.17,384666208.7047291,61843444.0,0.1665,-54.86,1151830,876370,814794,
4496,BUDA,Consumer Defensive,Beverages - Non-Alcoholic,NYSE ARCA,71.48,24,50,70,70,7.45,96888995.33938026,12566666.0,0.00059999997,-37.92,5990,6133,9980,0.264
4497,BARK,Consumer Cyclical,Specialty Retail,NYSE,71.43,24,14,17,8,8.22,73351669.80620289,9033457.0,0.098500006,-60.48,39570,51526,53218,-0.234
4498,PXED,Consumer Defensive,Education & Training Services,NYSE,71.41,24,25,59,22,25.72,905149633.3615723,36047376.0,0.1538,-45.37,86050,80913,94352,0.0
4499,MWG,Industrials,Rental & Leasing Services,NYSE ARCA,71.39,24,11,7,18,1.4,7353094.050290108,5142024.0,0.0088,-76.86,3150,2810,18094,0.08
4500,RYM,Consumer Defensive,Tobacco,NASDAQ,71.38,24,38,28,59,19.4,42710909.63127136,2179128.0,0.0171,-63.84,11810,13513,13110,10.274
4501,ELVA,Industrials,Electrical Equipment & Parts,NASDAQ,71.37,24,32,70,95,6.37,328234598.06568146,49507480.0,9.73,-50.16,313510,346533,480984,0.034
4502,RDAC,Financial Services,Shell Companies,NASDAQ,71.34,24,16,22,11,5.61,32730665.0,5951030.0,0.0174,-76.62,16050,887370,895588,
4503,ALLO,Healthcare,Biotechnology,NASDAQ,71.34,24,59,66,92,1.43,518236321.5,345490881.0,0.1909,-67.94,5113690,5400066,5519724,
4504,BIVI,Healthcare,Biotechnology,NASDAQ,71.32,24,80,30,16,1.4,12676756.931219101,8682710.0,0.1232,-63.06,206650,412156,5821590,
4505,BULL,Technology,Software - Application,NASDAQ,71.31,24,84,34,9,5.89,3961333563.7503433,539691210.0,0.0806,-59.39,16847120,15946103,15405504,0.519
4506,TIL,Healthcare,Biotechnology,NASDAQ,71.31,24,17,17,19,6.9,48965872.5170846,6781977.0,0.0402,-68.61,12050,14430,11634,
4507,SPIR,Industrials,Specialty Business Services,NYSE,71.3,24,41,54,95,10.63,434568147.6309147,39115046.0,0.102,-59.01,619080,639940,614834,-0.059
4508,CCAP,Financial Services,Asset Management,NASDAQ,71.27,24,23,26,38,9.01,333462967.62319565,36969285.0,0.028800001,-40.63,291130,294230,262240,-0.155
4509,NFLX,Communication Services,Entertainment,NASDAQ,71.27,24,21,14,56,69.7,279233784506.69165,4163939676.0,0.0228,-44.18,34815880,33182350,32647618,0.134
4510,OSIS,Technology,Electronic Components,NASDAQ,71.26,24,22,22,77,194.05,3137060443.57959,15941968.0,0.16530001,-37.75,170760,229026,246664,-0.041
4511,SNDX,Healthcare,Biotechnology,NASDAQ,71.26,24,59,87,92,17.03,1559536509.0020428,88610027.0,0.2354,-33.45,1636700,1684876,1572288,0.918
4512,NUCL,Energy,Uranium,NASDAQ,71.25,24,22,17,85,6.11,175408197.06229115,29579798.0,0.064899996,-57.03,182860,256983,325824,
4513,FWRG,Consumer Cyclical,Restaurants,NASDAQ,71.24,24,24,27,15,10.5,652300419.1168594,61712435.0,0.1185,-44.22,1395900,1259476,1246966,0.152
4514,JMIA,Consumer Cyclical,Internet Retail,NYSE,71.2,24,29,31,86,6.74,924690829.9148426,133625841.0,0.04,-54.21,1079990,1438410,1639316,0.139
4515,TGLS,Basic Materials,Building Materials,NYSE,71.19,24,22,22,16,37.52,1541226834.304535,44364616.0,0.1011,-44.39,403700,328890,297420,0.156
4516,OZ,Real Estate,Real Estate - Development,NYSE ARCA,71.14,24,29,21,25,40.45,165794945.58540344,4053666.0,0.0308,-41.38,25470,15860,12930,1.681
4517,NC,Energy,Thermal Coal,NYSE,71.14,24,23,58,68,36.04,273567693.75,7546695.0,0.0182,-39.35,27110,22636,19868,0.06
4518,LOBO,Consumer Cyclical,Auto Manufacturers,NASDAQ,71.13,24,22,59,27,0.52,6845478.711853564,14441938.0,0.0031,-64.86,288570,6091330,3669834,0.206
4519,BV,Industrials,Specialty Business Services,NYSE,71.13,24,27,62,28,10.4,951927975.2731323,92600000.0,0.2909,-30.67,1097380,937796,1115394,0.013
4520,GNLX,Healthcare,Biotechnology,NASDAQ,71.08,24,19,34,32,2.52,115828055.01104116,45245335.0,0.0932,-70.47,222200,276403,310528,
4521,SGI,Consumer Cyclical,"Furnishings, Fixtures & Appliances",NYSE,71.05,24,27,28,47,61.76,14267922823.383698,230239189.0,0.0934,-37.34,2771370,3605626,3430140,-0.03
4522,ZJYL,Healthcare,Medical Instruments & Supplies,NASDAQ,71.04,24,13,8,5,2.12,142907054.53505516,73663428.0,0.0011,-82.33,48120,96143,920628,-0.097
4523,RAVE,Consumer Cyclical,Restaurants,NASDAQ,71.02,24,37,78,25,2.32,32828718.956807613,14211567.0,0.0104,-35.56,172850,79676,57046,0.088
4524,CHGG,Consumer Defensive,Education & Training Services,NYSE,71.01,24,20,19,81,0.74,82160337.73884058,111027482.0,0.0581,-52.87,575490,1055273,1119504,-0.507
4525,GTM,Technology,Software - Application,NASDAQ,70.96,24,21,4,12,3.69,1080018281.764967,291110046.0,0.1552,-70.02,4956350,5282110,6087556,0.012
4526,MDWD,Healthcare,Biotechnology,NASDAQ,70.93,24,26,20,34,12.85,174546964.46985626,12910278.0,0.1604,-35.85,61510,102083,87444,-0.458
4527,SFD,Consumer Defensive,Packaged Foods,NASDAQ,70.92,23,26,50,81,18.5,7426453988.996567,393767431.0,0.121400006,-37.93,1763210,1998156,1835262,-0.023
4528,AKTS,Healthcare,Biotechnology,NASDAQ,70.92,23,77,78,26,18.0,1030073146.9405861,55619499.0,0.20120001,-47.35,311390,418460,364604,1.114
4529,SAR,Financial Services,Asset Management,NYSE,70.92,23,22,30,54,14.91,265013488.31874084,16080916.0,0.0481,-39.46,195580,161256,148786,-0.048
4530,SQFTP,Real Estate,REIT - Diversified,NASDAQ,70.91,23,32,7,6,6.15,,,0.43,-61.54,5180,5570,5354,-0.129
4531,AMRC,Industrials,Engineering & Construction,NYSE,70.9,23,24,34,76,21.93,1144638155.0754776,53066211.0,0.1999,-51.19,518330,611836,709738,0.091
4532,GFUZ,Industrials,Specialty Industrial Machinery,NASDAQ,70.89,23,21,85,49,7.6,800515136.0,,4.84,-48.82,94150,132046,164920,
4533,XYL,Industrials,Specialty Industrial Machinery,NYSE,70.87,23,28,31,33,101.82,23766622807.24356,233486812.0,0.060399998,-34.0,2685860,2611180,2236586,0.015
4534,ORC,Real Estate,REIT - Mortgage,NYSE,70.86,23,53,52,53,5.0,1008751406.0067201,197407315.0,0.082200006,-40.48,8186340,5969886,5299386,
4535,GRRR,Technology,Software - Infrastructure,NASDAQ,70.84,23,33,73,18,11.76,362300499.0288105,27509529.0,0.1929,-49.94,540940,683186,834754,1.38
4536,LEGN,Healthcare,Biotechnology,NASDAQ,70.84,23,14,55,18,19.12,3611649770.0568466,194488413.0,0.17799999,-49.01,1928420,2050100,2204522,0.519
4537,AAP,Consumer Cyclical,Auto Parts,NYSE,70.81,23,18,57,80,41.2,2336272018.432617,60400000.0,0.27629998,-36.81,1785680,1716043,1985142,-0.005
4538,COUR,Consumer Defensive,Education & Training Services,NYSE,70.8,23,19,21,25,5.11,1437520327.1781425,286358632.0,0.1001,-54.01,8763120,6235796,6354302,0.596
4539,VYX,Technology,Information Technology Services,NYSE,70.79,23,50,27,11,6.71,925068290.2652569,138069898.0,0.38639998,-47.82,2859830,3149753,2763292,-0.208
4540,AMRN,Healthcare,Drug Manufacturers - General,NASDAQ,70.78,23,33,31,50,12.02,258968504.14908028,20969109.0,0.0254,-42.49,68810,61870,67176,-0.42
4541,QURE,Healthcare,Biotechnology,NASDAQ,70.74,23,98,97,32,23.14,1627335962.013153,69366412.0,0.1449,-67.64,5729450,2710853,2151824,0.11
4542,CSPI,Technology,Information Technology Services,NASDAQ,70.73,23,22,20,18,7.49,76310484.3804574,10080645.0,0.0113,-50.07,8260,10473,11148,-0.068
4543,THO,Consumer Cyclical,Recreational Vehicles,NYSE,70.71,23,23,22,24,65.84,3589778965.0645294,51614361.0,0.1461,-46.4,841290,810110,700872,-0.084
4544,TSQ,Communication Services,Advertising Agencies,NYSE,70.71,23,26,63,61,4.49,82953960.92740917,18231639.0,0.0155,-43.66,88070,70026,78200,-0.001
4545,INTU,Technology,Software - Application,NASDAQ,70.7,23,18,9,12,297.24,75114691291.62598,267236000.0,0.030199999,-56.87,3649770,3895610,3845112,0.137
4546,SLSN,Consumer Defensive,Household & Personal Products,NASDAQ,70.67,23,9,4,8,0.82,57930576.39469296,70647045.0,0.018099999,-80.43,30530,22196,22180,-0.247
4547,LAES,Technology,Semiconductors,NASDAQ,70.67,23,15,22,14,2.34,533085410.9387398,224930564.0,0.0507,-73.13,3777210,4816756,7376116,1.311
4548,PLRX,Healthcare,Biotechnology,NASDAQ,70.67,23,26,21,33,0.99,64087455.64818871,61920249.0,0.061,-49.23,376140,376136,396872,
4549,FER,Industrials,Engineering & Construction,NASDAQ,70.66,23,29,44,76,50.6,38625206354.69673,720082155.0,0.0087,-32.34,2178060,1683370,1614268,0.052
4550,ARMP,Healthcare,Biotechnology,NYSE ARCA,70.66,23,33,23,99,3.81,130880565.37081003,37181979.0,0.0856,-76.68,102540,283546,213720,0.157
4551,PW,Real Estate,REIT - Specialty,NYSE ARCA,70.65,23,12,46,22,7.1,2441348.0350112915,367120.0,0.0216,-45.05,11940,19783,17040,1.545
4552,CUVL,Healthcare,Biotechnology,NASDAQ,70.65,23,24,39,25,5.8,304080235.52019405,50427898.0,1.03,-34.98,6640,20090,14848,-0.038
4553,SLVM,Basic Materials,Paper & Paper Products,NYSE,70.65,23,23,25,25,31.77,1291412674.4392052,39760243.0,0.106300004,-44.07,453760,328860,304542,0.015
4554,DPRO,Industrials,Aerospace & Defense,NASDAQ,70.65,23,38,19,47,4.7,206869459.48728943,39142756.0,0.1075,-67.36,1501070,1764413,1349252,0.26
4555,TLSA,Healthcare,Biotechnology,NASDAQ,70.64,23,15,25,44,1.1,142530227.32681882,127259131.0,0.0477,-52.79,593000,609113,828820,
4556,FLY,Industrials,Aerospace & Defense,NASDAQ,70.63,23,20,11,72,21.51,3903876270.3121567,167404645.0,0.1096,-65.4,3837860,3062213,3116588,6.569
4557,HSAI,Consumer Cyclical,Auto Parts,NASDAQ,70.63,23,25,13,75,16.0,19334777785.30799,1257137688.0,0.0725,-45.49,765680,1217306,1428478,0.219
4558,EVAX,Healthcare,Biotechnology,NASDAQ,70.63,23,24,17,83,3.16,28868746.03017783,9021483.0,0.0070999996,-73.99,36150,50743,251304,
4559,JACK,Consumer Cyclical,Restaurants,NASDAQ,70.61,23,42,37,9,12.26,237466515.56199646,19073616.0,0.32729998,-48.62,463320,524503,680906,-0.018
4560,DSY,Consumer Defensive,Household & Personal Products,NASDAQ,70.61,23,9,15,2,3.51,16916667.608095646,4751873.0,0.038599998,-83.75,5530,16926,731542,-0.173
4561,DJT,Communication Services,Internet Content & Information,NASDAQ,70.59,23,26,16,11,8.22,2476456682.1995277,277941271.0,0.0892,-54.26,3269310,3301383,3835220,0.89
4562,GSHD,Financial Services,Insurance Brokers,NASDAQ,70.59,23,69,28,8,43.72,1083265615.5977821,23802805.0,0.124,-45.25,508310,462536,443900,0.207
4563,FNF,Financial Services,Insurance - Specialty,NYSE,70.57,23,28,44,30,39.02,10529249937.867245,268192827.0,0.0279,-33.2,3238640,2741230,2275136,0.105
4564,MITT,Real Estate,REIT - Mortgage,NYSE,70.53,23,29,55,60,5.59,183188023.27923775,31803475.0,0.0001,-39.7,497890,386946,354034,0.537
4565,ATHE,Healthcare,Biotechnology,NASDAQ,70.52,23,70,82,54,3.32,62533645.16430044,18125694.0,0.0014,-43.63,23640,20213,16938,-0.79
4566,ATCH,Financial Services,Capital Markets,NYSE ARCA,70.46,23,18,14,27,0.18,28545682.894568205,151838744.0,0.0482,-70.64,18901680,7716550,5136260,1.368
4567,BL,Technology,Software - Application,NASDAQ,70.44,23,20,15,12,28.33,1593213641.8307877,58125270.0,0.1489,-52.44,908550,921390,1014714,0.092
4568,BOLT,Healthcare,Biotechnology,NASDAQ,70.44,23,20,18,18,3.6,6645890.341855288,1926345.0,0.0095999995,-50.0,16780,31040,29388,-0.997
4569,MSGY,Industrials,Engineering & Construction,NASDAQ,70.36,23,2,6,1,4.3,9315751.834571362,2119625.0,0.15529999,-91.86,10942630,3682810,3135803,0.21
4570,IVR,Real Estate,REIT - Mortgage,NYSE,70.35,23,39,64,71,5.62,622390004.15802,109000000.0,0.0955,-40.84,3930090,3352956,2998546,
4571,DLHC,Industrials,Specialty Business Services,NASDAQ,70.33,23,13,29,80,4.2,58696794.51432705,14493035.0,0.0108,-48.15,16940,13546,14378,-0.469
4572,QUBT,Technology,Computer Hardware,NASDAQ,70.32,23,18,16,20,7.62,1851517392.0555801,226346861.0,0.3231,-68.08,6967040,6841013,7545778,90.0
4573,PULM,Healthcare,Biotechnology,NASDAQ,70.31,23,14,19,3,1.49,5734087.641569972,3652285.0,0.0153,-72.9,16080,35686,26374,
4574,OKYO,Healthcare,Biotechnology,NASDAQ,70.29,23,23,21,22,1.41,77144906.19145131,52479527.0,0.001,-55.94,54120,73603,70844,
4575,TMS,Financial Services,Financial Conglomerates,NASDAQ,70.28,23,14,13,48,7.02,563828145.0521507,73993196.0,1.21,-46.82,95164,174381,137312,0.203
4576,GLDG,Basic Materials,Gold,NYSE ARCA,70.24,23,38,15,68,0.86,201911217.40787888,214799168.0,0.028800001,-62.11,494350,566660,663128,
4577,WU,Financial Services,Credit Services,NYSE,70.21,23,27,36,62,6.11,1871273886.0,311878981.0,0.18020001,-40.97,8404520,8601563,10398748,-0.013
4578,MGM,Consumer Cyclical,Resorts & Casinos,NYSE,70.2,23,52,83,66,30.0,7798345525.680599,255851235.0,0.1599,-41.85,7588220,4203813,3471568,0.01
4579,QNRX,Healthcare,Biotechnology,NASDAQ,70.17,23,41,7,16,4.7,8977628.038617134,2008418.0,0.0631,-88.76,51220,1130640,688100,
4580,BTBT,Financial Services,Capital Markets,NASDAQ,70.15,23,25,19,10,1.46,587832608.1703655,360633503.0,0.1577,-67.91,18805240,25879456,27791358,0.256
4581,KMPR,Financial Services,Insurance - Property & Casualty,NYSE,70.14,23,27,16,16,26.25,1511301539.9317474,58874232.0,0.099700004,-48.53,869960,899956,886498,-0.091
4582,RSSS,Technology,Software - Application,NASDAQ,70.13,23,23,24,26,2.02,72589741.56985903,33762669.0,0.0023,-46.7,28510,43156,36756,-0.029
4583,SCM,Financial Services,Asset Management,NYSE,70.11,23,24,19,21,7.13,211036328.8243065,28479937.0,0.0256,-47.38,103990,141543,167752,-0.132
4584,CW,Industrials,Aerospace & Defense,NYSE,70.11,23,30,77,86,509.1,20152910565.191895,36934444.0,0.0239,-37.01,402910,422800,400850,0.054
4585,AON,Financial Services,Insurance Brokers,NYSE,70.1,23,28,54,34,270.47,57157200780.7218,212125434.0,0.0176,-29.26,1839430,1993683,1633872,0.022
4586,PALI,Healthcare,Biotechnology,NASDAQ,70.09,23,95,81,96,1.48,250949613.49184132,174270558.0,0.1737,-48.25,3368220,3127353,2514522,
4587,ARVN,Healthcare,Biotechnology,NASDAQ,70.07,23,38,23,70,7.45,478102067.3348465,64521198.0,0.0889,-48.66,720460,787986,842456,10.147
4588,OPAL,Industrials,Engineering & Construction,NASDAQ,70.05,22,26,31,67,1.72,52706275.908877134,30290963.0,0.1301,-40.07,502680,317310,263606,0.037
4589,WOOF,Consumer Cyclical,Specialty Retail,NASDAQ,69.98,22,24,23,38,2.22,627258408.2190471,286419357.0,0.2117,-42.78,2494770,2788463,2271630,0.0
4590,OSG,Financial Services,Insurance - Specialty,NYSE,69.96,22,19,59,14,4.62,207236831.3035555,45051486.0,0.041500002,-55.49,508850,540573,512734,0.51
4591,PDD,Consumer Cyclical,Internet Retail,NASDAQ,69.92,22,20,19,36,78.5,107295621396.08485,1423396462.0,0.0328,-43.69,4884340,6378253,6377630,0.081
4592,BIRK,Consumer Cyclical,Footwear & Accessories,NYSE,69.83,22,16,58,25,33.17,5503656681.67511,165126204.0,0.1438,-34.61,1922130,2187240,2554888,0.133
4593,STWD,Real Estate,REIT - Mortgage,NYSE,69.79,22,32,34,48,12.66,4830704868.104124,370168950.0,0.0548,-34.84,6880820,5134760,4990538,0.134
4594,LPCN,Healthcare,Biotechnology,NASDAQ,69.78,22,20,16,10,2.2,16900718.256883383,8244253.0,0.0123000005,-82.22,10567960,3547323,2144610,-0.695
4595,SUNS,Real Estate,REIT - Mortgage,NASDAQ,69.76,22,24,40,28,6.08,83798273.622056,13515851.0,0.027,-41.82,107580,80383,83256,0.012
4596,EQPT,Industrials,Rental & Leasing Services,NASDAQ,69.75,22,18,13,11,17.68,4687455315.5,253375963.0,0.107200004,-50.2,3773290,3203790,2916162,0.263
4597,XBIO,Healthcare,Biotechnology,NASDAQ,69.74,22,92,29,78,2.21,5248725.462346315,2343181.0,0.01,-84.13,28850,129226,106648,0.12
4598,IMDX,Healthcare,Diagnostics & Research,NASDAQ,69.74,22,30,70,26,3.46,112571538.83249855,32724284.0,0.061,-59.34,359660,265750,247298,-0.539
4599,IHT,Real Estate,REIT - Hotel & Motel,NYSE ARCA,69.69,22,37,77,19,1.12,14816431.668752074,11224569.0,0.0084,-41.05,19390,68220,50330,0.021
4600,DECK,Consumer Cyclical,Footwear & Accessories,NYSE,69.69,22,16,53,57,80.38,10774708899.874641,136181857.0,0.078,-34.27,3087410,3304840,2891470,0.057
4601,IMTE,Technology,Electronic Components,NASDAQ,69.68,22,14,13,23,0.48,1550895.2589153051,3446434.0,0.0047999998,-64.18,11150,92283,320252,
4602,IRTC,Healthcare,Medical Devices,NASDAQ,69.67,22,27,20,25,104.99,3638126731.6455917,32963003.0,0.0936,-50.48,446690,512810,597332,0.201
4603,WGO,Consumer Cyclical,Recreational Vehicles,NYSE,69.65,22,31,28,34,24.45,743471864.3325462,28268893.0,0.1099,-51.26,644150,599580,545212,-0.099
4604,MATW,Industrials,Conglomerates,NASDAQ,69.65,22,22,54,62,19.58,602102135.7465134,31213173.0,0.2635,-36.7,1022730,1092930,960398,-0.296
4605,AACG,Consumer Defensive,Education & Training Services,NASDAQ,69.64,22,16,50,54,0.77,33270352.445868015,43208251.0,0.0005,-48.67,3220,5613,276852,-0.117
4606,WBTN,Communication Services,Internet Content & Information,NASDAQ,69.63,22,25,34,46,9.8,1424966235.0,135711070.0,0.16139999,-48.45,459780,462103,444140,-0.028
4607,FCUV,Technology,Scientific & Technical Instruments,NASDAQ,69.63,22,17,1,1,4.51,3081536.985845566,702745.0,0.0421,-97.85,28330,219363,2546266,18.11
4608,CLB,Energy,Oil & Gas Equipment & Services,NYSE,69.62,22,27,22,74,10.11,455174660.14071274,45884542.0,0.2289,-50.34,745060,580653,596662,-0.043
4609,UEC,Energy,Uranium,NYSE ARCA,69.62,22,48,27,90,9.47,4608937479.025273,495584665.0,0.1457,-53.44,11516440,9599266,9004632,
4610,ESRT,Real Estate,REIT - Diversified,NYSE,69.6,22,14,28,21,4.47,721963159.5389729,173132649.0,0.08189999,-44.4,4772160,4558260,3605234,0.032
4611,ALT,Healthcare,Biotechnology,NASDAQ,69.58,22,39,20,24,2.66,532005891.8292811,194517701.0,0.26639998,-58.7,3983700,3884706,4309214,
4612,CRE,Industrials,Specialty Business Services,NASDAQ,69.57,22,13,24,4,2.65,5437759.596034288,2013985.0,0.008,-72.4,62570,2276070,1392290,0.574
4613,ASPS,Real Estate,Real Estate Services,NASDAQ,69.55,22,17,23,34,5.95,72746710.91306114,11420206.0,0.0502,-58.57,16580,10906,13734,0.17
4614,ARKO,Consumer Cyclical,Specialty Retail,NASDAQ,69.51,22,17,92,86,4.23,467814465.12909126,112185721.0,0.100600004,-51.68,564210,851316,989654,0.222
4615,ASTS,Technology,Communication Equipment,NASDAQ,69.44,22,32,30,92,60.65,17522685105.97109,299789305.0,0.2184,-54.69,11500920,10351213,10855326,26.266
4616,FND,Consumer Cyclical,Home Improvement Retail,NYSE,69.43,22,21,27,16,45.82,4844228686.58987,106489965.0,0.122200005,-40.85,2327350,2491260,2496418,0.03
4617,NFGC,Basic Materials,Gold,NYSE ARCA,69.42,22,29,13,54,1.51,622659231.2127596,384357549.0,6.12,-57.94,697580,996566,1226508,
4618,LCII,Consumer Cyclical,Recreational Vehicles,NYSE,69.41,22,34,35,74,80.12,2013235835.3157349,24311507.0,0.1225,-49.82,409670,343223,309970,-0.125
4619,ANNA,Energy,Oil & Gas E&P,NASDAQ,69.38,22,29,31,63,2.65,109309803.12347412,40940000.0,0.0696,-75.09,120220,239626,221434,1.535
4620,DY,Industrials,Engineering & Construction,NYSE,69.37,22,21,82,89,282.46,8256561978.75,30160957.0,0.0538,-50.14,573700,723723,634476,0.456
4621,MOGU,Consumer Cyclical,Internet Retail,NYSE,69.37,22,23,17,58,1.76,15220925.097062945,8183293.0,0.001,-49.28,5960,3483,3320,-0.285
4622,RBA,Industrials,Specialty Business Services,NYSE,69.37,22,18,50,36,80.4,15254243488.311768,186300000.0,0.114700004,-32.62,1476390,1649573,1898638,0.111
4623,UNCY,Healthcare,Biotechnology,NASDAQ,69.37,22,20,32,78,4.18,117549178.6957345,27855257.0,0.15439999,-52.17,956160,856353,826166,
4624,NMRK,Real Estate,Real Estate Services,NASDAQ,69.33,22,32,35,60,12.19,2292542062.416765,181228627.0,0.042,-38.54,1984230,1953526,1767226,0.17
4625,SPMC,Financial Services,Asset Management,NYSE,69.32,22,26,32,14,8.23,173333444.54227352,20537139.0,4.54,-54.78,18660,21843,26642,-0.353
4626,AN,Consumer Cyclical,Auto & Truck Dealerships,NYSE,69.31,22,53,34,41,156.21,5371058764.725861,33060806.0,0.119799994,-33.76,612510,602560,536594,-0.006
4627,RLMD,Healthcare,Biotechnology,NASDAQ,69.28,22,65,99,99,3.25,384011435.42717075,106669846.0,0.144,-59.38,1256920,1223970,1217432,
4628,LHX,Industrials,Aerospace & Defense,NYSE,69.24,22,23,32,78,233.63,44058379282.16382,186214616.0,0.0275,-38.39,1462580,1598193,1664030,0.084
4629,GENK,Consumer Cyclical,Restaurants,NASDAQ,69.23,22,26,20,8,1.59,8637340.956744194,5364808.0,0.056799997,-50.62,17940,36476,238842,0.013
4630,RPT,Real Estate,REIT - Mortgage,NYSE,69.22,22,28,31,36,10.71,86275463.36499786,7772564.0,0.037100002,-40.3,18390,19096,36330,0.096
4631,HAYW,Industrials,Electrical Equipment & Parts,NYSE,69.21,22,28,54,40,11.8,2630282735.882801,212119582.0,0.0462,-33.45,4193500,3318420,2966730,0.063
4632,GPGI,Industrials,Metal Fabrication,NYSE,69.19,22,26,24,34,12.8,3739581947.2157097,289890082.0,0.1698,-52.2,1756350,1776056,1577538,
4633,AGBK,Financial Services,Banks - Regional,NYSE,69.19,22,19,19,14,6.51,872703637.897253,159835830.0,0.0403,-46.68,273890,205533,255104,-0.152
4634,MOMO,Communication Services,Internet Content & Information,NASDAQ,69.18,22,23,29,34,4.76,677960398.3440342,143635684.0,0.0293,-36.41,1161150,1038590,810216,-0.051
4635,PCG,Utilities,Utilities - Regulated Electric,NYSE,69.16,22,27,63,64,12.79,36989159365.670334,3002366906.0,0.0,-33.25,37206220,52176440,41815488,0.001
4636,MTZ,Industrials,Engineering & Construction,NYSE,69.15,22,32,90,95,223.37,17340246833.468994,80304948.0,0.0854,-49.4,1355150,1478026,1583722,0.234
4637,STOK,Healthcare,Biotechnology,NASDAQ,69.15,22,53,74,96,24.29,1653162374.1925774,64526242.0,0.17950001,-39.61,1179260,928266,936948,-0.325
4638,AS,Consumer Cyclical,Leisure,NYSE,69.13,22,20,35,64,27.13,15808104436.469498,581822024.0,0.0945,-36.55,5346460,7081293,6908104,0.321
4639,SPHL,Consumer Cyclical,Residential Construction,NASDAQ,69.09,22,12,33,5,2.25,5315655.134280682,2261981.0,0.016900001,-91.04,1340990,455276,283396,0.384
4640,WSC,Industrials,Rental & Leasing Services,NASDAQ,69.08,22,24,78,21,16.88,3134603435.1622696,181190958.0,0.1148,-43.3,2936870,2761106,2928832,0.039
4641,RKTO,Technology,Software - Infrastructure,NASDAQ,69.07,22,8,26,14,0.67,17378511.88229066,24897581.0,0.0865,-72.65,285370,372986,457142,
4642,EBS,Healthcare,Drug Manufacturers - Specialty & Generic,NYSE,69.06,22,12,24,62,7.07,324560212.9681549,51273336.0,0.19389999,-49.72,1059260,1179443,1290272,0.663
4643,SHOE,Consumer Cyclical,Apparel Retail,NASDAQ,69.05,22,16,20,33,12.76,341972390.6260395,27183815.0,0.4884,-42.6,1106960,1365350,1025824,-0.072
4644,POST,Consumer Defensive,Packaged Foods,NYSE,69.05,22,22,23,35,72.54,3288606729.5091553,45322586.0,0.1531,-38.15,744750,919716,978122,-0.018
4645,AXON,Industrials,Aerospace & Defense,NASDAQ,69.03,22,32,54,11,406.0,33579485986.08383,81237415.0,0.053200003,-46.86,1042380,1020256,987398,0.353
4646,KAZR,Industrials,Engineering & Construction,NASDAQ,69.02,22,25,52,32,2.29,45752338.84445429,17942094.0,0.1546,-53.27,213140,279156,224090,0.121
4647,QTRX,Healthcare,Medical Devices,NASDAQ,68.99,21,11,27,8,3.33,172146761.56123996,47293065.0,0.1185,-62.03,650310,810473,833660,0.344
4648,JBLU,Industrials,Airlines,NASDAQ,68.99,21,31,60,75,3.97,1565845587.1332936,377312181.0,0.2949,-40.03,17986120,18695196,22585706,0.145
4649,KC,Technology,Software - Application,NASDAQ,68.97,21,22,14,81,9.23,2694326985.0,299369665.0,0.0366,-50.16,1050950,1200436,1432184,0.308
4650,IBP,Consumer Cyclical,Residential Construction,NYSE,68.94,21,28,28,76,184.4,5129781161.0,26579177.0,0.13159999,-47.16,428540,437360,385004,0.023
4651,DOYU,Communication Services,Internet Content & Information,NASDAQ,68.84,21,18,18,15,4.1,134295916.79383945,30178859.0,0.0050999997,-45.97,27860,29630,28550,-0.069
4652,TROO,Financial Services,Credit Services,NASDAQ,68.83,21,81,54,95,1.61,210115489.01503038,122160166.0,0.040700004,-69.51,142180,279343,284916,0.27
4653,WLK,Basic Materials,Specialty Chemicals,NYSE,68.81,21,24,24,85,61.52,8115080798.0,127796548.0,0.16309999,-50.48,1126510,821896,949266,0.108
4654,PRKS,Consumer Cyclical,Leisure,NYSE,68.81,21,35,66,24,32.77,1471778848.6287918,45341309.0,0.32840002,-41.16,679060,716876,690608,-0.014
4655,SPWH,Consumer Cyclical,Specialty Retail,NASDAQ,68.78,21,21,12,25,1.12,44229855.26335895,39141465.0,0.011,-66.57,231930,520116,425974,0.006
4656,CRML,Basic Materials,Other Industrial Metals & Mining,NASDAQ,68.78,21,23,63,90,7.06,1032627964.4084868,146888753.0,0.35740003,-78.04,6518330,9124830,8424340,5.577
4657,DLPN,Communication Services,Advertising Agencies,NASDAQ,68.77,21,26,21,64,1.0,13424845.557099104,13033831.0,0.003,-46.81,6690,8000,10800,0.025
4658,PL,Industrials,Aerospace & Defense,NYSE,68.77,21,44,93,99,17.75,6367339807.5,363847989.0,0.0968,-65.71,11474100,11722040,9092994,0.581
4659,HDB,Financial Services,Banks - Regional,NYSE,68.76,21,19,23,19,22.14,114816259592.80429,5139492337.0,0.0069999998,-40.88,9954590,11234430,9711176,0.166
4660,TE,Industrials,Electrical Equipment & Parts,NYSE,68.76,21,56,97,96,3.73,1154348000.466776,294476525.0,0.29639998,-70.14,19778440,19514363,25797292,0.884
4661,ABG,Consumer Cyclical,Auto & Truck Dealerships,NYSE,68.75,21,39,32,25,167.77,3157383249.6158447,17951917.0,0.1247,-35.16,255480,242046,249504,0.003
4662,PAR,Technology,Software - Application,NYSE,68.73,21,30,16,3,14.78,589418589.0,41362708.0,0.2539,-63.54,861080,902820,929158,0.187
4663,RDACU,Financial Services,Shell Companies,NASDAQ,68.73,21,68,63,7,5.7,,,1.9,-71.26,200,66,158,
4664,OWLS,Technology,Software - Infrastructure,NASDAQ,68.7,21,15,11,5,5.43,482300427.4296522,88333411.0,2.22,-93.97,10460,25053,24894,0.008
4665,YHGJ,Consumer Cyclical,Packaging & Containers,NASDAQ,68.66,21,12,18,8,2.65,7246642.670918465,2597363.0,0.0068,-74.25,9780,4450,4294,-0.285
4666,RDCM,Communication Services,Telecom Services,NASDAQ,68.64,21,19,62,48,10.3,172237898.6914816,16738377.0,0.045500003,-38.47,42590,87386,140064,-0.334
4667,PROK,Healthcare,Biotechnology,NASDAQ,68.61,21,30,12,67,1.57,352943512.2308109,205199713.0,0.138,-54.89,1307180,1488010,1341998,-0.321
4668,PMN,Healthcare,Biotechnology,NASDAQ,68.6,21,87,76,68,9.12,84296310.7790966,8967693.0,0.0269,-66.72,34660,40653,40276,
4669,BCTX,Healthcare,Biotechnology,NASDAQ,68.6,21,22,8,10,4.0,35147139.14812946,8699787.0,0.0911,-72.75,132420,155906,325928,
4670,LRE,Real Estate,Real Estate - Development,NASDAQ,68.58,21,37,30,30,1.06,15006091.425248265,13641901.0,0.036199998,-43.92,40380,20560,16084,0.038
4671,IMTX,Healthcare,Biotechnology,NASDAQ,68.56,21,62,51,88,7.45,1155388357.6577034,152225077.0,0.0404,-39.97,1111280,766283,674658,0.93
4672,AMTM,Industrials,Specialty Business Services,NYSE,68.55,21,19,18,57,18.51,4431961857.319,244319846.0,0.0795,-51.43,1797500,1743756,2096568,-0.02
4673,VERA,Healthcare,Biotechnology,NASDAQ,68.49,21,44,76,84,30.25,2192166656.197996,72063335.0,0.2691,-46.03,1868420,2406413,2304060,
4674,EFX,Industrials,Consulting Services,NYSE,68.49,21,26,20,24,142.43,16447885440.0,117484896.0,0.0765,-41.72,2356800,1694180,1490332,0.106
4675,ACHR,Industrials,Aerospace & Defense,NYSE,68.46,21,25,11,12,4.67,3765430949.1903305,770026800.0,0.141,-68.06,23944730,23621600,30618874,
4676,TRTX,Real Estate,REIT - Mortgage,NYSE,68.46,21,32,59,56,5.96,471361705.0102315,76769009.0,0.0695,-36.39,1396470,1004936,1004508,-0.116
4677,STC,Financial Services,Insurance - Property & Casualty,NYSE,68.41,21,42,59,45,50.4,1573419335.1634102,30522199.0,0.047399998,-35.89,400480,302883,257964,0.243
4678,WXM,Industrials,Industrial Distribution,NASDAQ,68.35,21,13,4,6,3.55,30522127.042584658,8117587.0,0.0084,-90.33,7030,45503,921554,-0.734
4679,WIT,Technology,Information Technology Services,NYSE,68.3,21,15,17,18,1.67,17016712535.373512,9893437356.0,0.0458,-45.95,9883520,9826393,8042574,0.106
4680,ACI,Consumer Defensive,Grocery Stores,NYSE,68.27,21,16,25,28,11.74,5754896470.25,489778423.0,0.1707,-41.3,6843510,7647146,7494706,0.002
4681,BDTX,Healthcare,Biotechnology,NASDAQ,68.23,21,31,12,71,1.83,108587581.00811756,57453747.0,0.1288,-62.96,559060,581173,594670,
4682,LZ,Industrials,Specialty Business Services,NASDAQ,68.2,21,21,36,17,5.8,959082930.8669147,171264812.0,0.1001,-53.23,2794820,2634276,2946972,0.066
4683,SOFI,Financial Services,Credit Services,NASDAQ,68.2,21,27,27,34,15.66,20368064600.713974,1291570324.0,0.14829999,-52.15,42490340,43458450,49482032,0.426
4684,VRM,Financial Services,Credit Services,NASDAQ,68.18,21,24,4,13,8.86,47024870.41941357,5207627.0,0.0292,-68.07,5260,46496,32932,-0.042
4685,BANL,Energy,Oil & Gas Midstream,NASDAQ,68.18,21,29,23,22,4.54,9775763.721630096,2111396.0,0.0321,-72.31,10700,32180,134344,0.492
4686,IMA,Healthcare,Biotechnology,NASDAQ,68.15,21,20,23,13,4.61,52320996.915278435,11374130.0,0.0031,-49.34,8440,14973,13248,
4687,HTT,Financial Services,Credit Services,NYSE,68.14,21,17,26,23,2.26,358704885.3546066,155283504.0,0.0038,-55.25,68070,80316,79684,-0.939
4688,WSO,Industrials,Industrial Distribution,NYSE,68.13,21,23,40,53,282.65,12271290199.536682,41252194.0,0.0,-38.42,500850,492236,533848,0.021
4689,NWCL,Industrials,Specialty Industrial Machinery,NASDAQ,68.12,21,44,53,48,7.91,2209909548.3748474,276584432.0,,-31.81,284700,637693,467674,
4690,COO,Healthcare,Medical Instruments & Supplies,NASDAQ,68.09,21,28,33,30,54.75,10821737752.524605,190155294.0,0.060300004,-39.05,4644270,4597750,3461626,0.006
4691,CALX,Technology,Software - Infrastructure,NYSE,68.06,21,16,18,38,35.54,2191776543.5578804,62963989.0,0.1242,-50.1,1076810,1066590,972476,0.213
4692,CIM,Real Estate,REIT - Mortgage,NYSE,68.03,21,31,54,65,8.96,775171453.8401146,83711818.0,0.0414,-36.81,1733280,1305853,1116666,0.081
4693,BTQ,Technology,Software - Infrastructure,NASDAQ,67.9,21,12,20,11,3.08,466245757.3113651,147080677.0,5.05,-80.75,1657260,2277600,2014078,
4694,CLRO,Technology,Communication Equipment,NASDAQ,67.87,21,70,91,6,4.11,10915680.755882263,2675412.0,0.0292,-75.09,3180660,1072240,2414404,
4695,CATX,Healthcare,Medical Devices,NYSE ARCA,67.87,21,33,22,87,2.46,315058588.7913649,114151663.0,0.2386,-60.06,1992900,2055530,1684850,-0.721
4696,AHG,Healthcare,Medical Distribution,NASDAQ,67.83,21,7,23,87,1.21,985209783.1245807,856704177.0,0.86,-51.6,612360,213040,135014,-0.129
4697,YI,Healthcare,Medical Distribution,NASDAQ,67.83,21,12,17,65,3.15,28326224.33168316,8796964.0,0.0021,-71.8,10890,17716,12384,-0.283
4698,HUIZ,Financial Services,Insurance Brokers,NASDAQ,67.8,21,19,9,16,1.29,13441081.51370573,10106076.0,0.1243,-69.03,21010,87853,2365592,-0.093
4699,ZKH,Consumer Cyclical,Internet Retail,NYSE,67.8,21,38,32,36,2.23,432290174.14461327,157770136.0,0.0002,-42.82,166210,232290,303974,0.128
4700,BCAX,Healthcare,Biotechnology,NASDAQ,67.77,21,86,93,92,16.42,1158359102.4391212,65703866.0,0.2356,-47.02,831580,645093,659390,
4701,CALM,Consumer Defensive,Farm Products,NASDAQ,67.74,21,24,48,28,62.7,3114196483.180313,46710613.0,0.1279,-34.39,1840300,1252683,1094826,-0.415
4702,ALKT,Technology,Software - Application,NASDAQ,67.72,21,49,24,18,14.15,1485424138.915615,106941980.0,0.090100005,-42.92,2007430,1864570,1669352,0.159
4703,TTI,Energy,Oil & Gas Equipment & Services,NYSE,67.71,21,29,90,93,6.12,888436674.0,148072779.0,0.0789,-51.2,2241910,2052513,1974542,0.068
4704,PTLO,Consumer Cyclical,Restaurants,NASDAQ,67.7,21,23,17,20,3.79,254540559.088408,72518678.0,0.1552,-43.35,1862980,1479663,1422968,0.056
4705,ASR,Industrials,Airports & Air Services,NYSE,67.69,21,23,26,65,230.67,7039817404.270721,30032069.0,0.039300002,-39.54,92310,66560,61116,0.099
4706,BRSP,Real Estate,REIT - Mortgage,NYSE,67.68,21,23,51,74,3.78,482057118.56022835,126524180.0,0.0369,-38.69,1938260,1681656,1542916,-0.035
4707,SLDP,Consumer Cyclical,Auto Parts,NASDAQ,67.66,20,15,12,66,2.4,531662206.5511551,228181212.0,0.1234,-72.91,2686170,2782766,3007498,
4708,CG,Financial Services,Asset Management,NASDAQ,67.63,20,28,23,34,37.8,14189171907.61586,356332798.0,0.0727,-43.83,3235410,3286340,3764064,-0.329
4709,HDSN,Basic Materials,Specialty Chemicals,NASDAQ,67.63,20,22,27,24,5.15,220123101.61277533,42088547.0,0.0682,-46.63,391160,444026,552600,0.075
4710,CDRE,Industrials,Aerospace & Defense,NYSE,67.62,20,27,21,23,24.97,1070518350.0,42820734.0,0.0735,-48.79,468840,458853,438704,0.318
4711,ESBA,Real Estate,REIT - Office,NYSE ARCA,67.62,20,15,27,22,4.31,1078744005.028689,280193255.0,0.18,-45.65,11920,6926,6656,0.032
4712,SWAG,Communication Services,Advertising Agencies,NASDAQ,67.6,20,30,71,56,1.42,27400197.833282948,18639590.0,0.0002,-59.43,26440,18043,28652,0.024
4713,ECC,Financial Services,Asset Management,NYSE,67.57,20,29,23,17,3.09,460217193.15395737,133010748.0,0.01,-54.89,1127156,926822,877181,-0.218
4714,JBTM,Industrials,Specialty Industrial Machinery,NYSE,67.52,20,26,43,37,104.33,5633822247.042259,51876817.0,0.0911,-38.7,538500,536696,601466,0.049
4715,SIDU,Industrials,Aerospace & Defense,NASDAQ,67.52,20,84,25,98,1.64,183217834.2678404,101225326.0,0.16549999,-75.85,4021860,3686383,4515616,-0.538
4716,MLTX,Healthcare,Biotechnology,NASDAQ,67.48,20,14,60,35,10.77,971067262.8637505,85106685.0,0.1449,-53.76,1868630,1659980,1532258,
4717,RXST,Healthcare,Medical Devices,NASDAQ,67.48,20,34,11,21,4.8,194656430.9400444,41593256.0,0.1009,-63.69,795220,815673,821078,0.003
4718,ISPR,Consumer Defensive,Tobacco,NASDAQ,67.47,20,16,20,13,1.41,79701169.70460522,57754471.0,0.0311,-63.57,22840,24980,23752,0.325
4719,ROOT,Financial Services,Insurance - Property & Casualty,NASDAQ,67.45,20,24,33,10,47.74,732124426.3960876,15826296.0,0.1421,-47.54,188730,192513,238798,0.016
4720,RILY,Financial Services,Financial Conglomerates,NASDAQ,67.44,20,65,59,85,4.99,195370814.66724634,40199755.0,0.17469999,-55.6,757580,597286,601712,0.104
4721,IFBD,Technology,Software - Application,NASDAQ,67.42,20,30,65,44,0.8,7066740.0258645415,8188575.0,0.0017,-63.22,2621660,876073,528798,-0.458
4722,ASTE,Industrials,Farm & Heavy Construction Machinery,NASDAQ,67.4,20,26,67,83,39.21,965690460.0,22992630.0,0.033,-40.31,231730,222190,259400,0.236
4723,YTRA,Consumer Cyclical,Travel Services,NASDAQ,67.38,20,28,16,29,0.87,56439338.85728657,63990178.0,0.0007,-56.5,16820,33276,35150,-0.104
4724,GEVO,Basic Materials,Specialty Chemicals,NASDAQ,67.37,20,28,18,45,1.3,323880592.09297943,247237104.0,0.1014,-56.23,2540950,2686866,2787748,0.071
4725,CREX,Technology,Software - Application,NASDAQ,67.37,20,25,44,88,2.42,33816265.0,13526506.0,0.0032,-45.25,20680,29170,30524,0.65
4726,MFI,Technology,Software - Application,NASDAQ,67.33,20,20,5,25,9.3,475171326.348567,50176485.0,0.00059999997,-78.66,3500,12533,16574,-0.204
4727,MZTI,Consumer Defensive,Packaged Foods,NASDAQ,67.32,20,17,15,21,100.43,2716273196.685791,27291000.0,0.33150002,-43.02,377000,444766,397980,-0.022
4728,CABA,Healthcare,Biotechnology,NASDAQ,67.27,20,71,64,95,1.97,339090890.0,169545445.0,0.2167,-53.43,5228160,5702230,5075992,
4729,MEC,Industrials,Metal Fabrication,NYSE,67.27,20,34,96,79,15.41,419225455.258646,25500331.0,0.095699996,-60.24,574090,535790,593028,0.232
4730,GNSS,Technology,Scientific & Technical Instruments,NASDAQ,67.27,20,19,24,28,1.44,66035915.221612215,45542009.0,0.0187,-41.7,63390,81750,81436,-0.26
4731,SQNS,Technology,Semiconductors,NYSE,67.26,20,16,14,3,2.79,42002160.88470745,15000772.0,0.0136,-72.62,30400,35736,40754,-0.084
4732,OGI,Healthcare,Drug Manufacturers - Specialty & Generic,NASDAQ,67.23,20,22,9,52,0.96,137377516.78200984,144152692.0,8.98,-57.14,542560,538896,1025644,0.494
4733,XPL,Basic Materials,Other Industrial Metals & Mining,NYSE ARCA,67.23,20,19,41,81,0.56,53970143.232763946,94684463.0,0.001,-42.86,102740,198496,157418,
4734,GGR,Consumer Cyclical,Auto Manufacturers,NASDAQ,67.22,20,10,28,30,2.99,64235453.75718284,20073579.0,0.0058,-52.31,10230,15606,46552,0.073
4735,ANGI,Communication Services,Internet Content & Information,NASDAQ,67.21,20,9,10,8,6.1,245365326.285491,40556251.0,0.1196,-63.01,790500,831026,845540,-0.109
4736,AIRO,Industrials,Aerospace & Defense,NASDAQ,67.19,20,14,10,7,6.34,207953497.8450508,31555917.0,0.1283,-71.78,343110,393210,471892,0.759
4737,FIGR,Financial Services,Capital Markets,NASDAQ,67.18,20,74,20,24,27.68,6401500842.228058,224377872.0,0.0791,-64.51,4848030,4642826,4629124,1.208
4738,BRID,Consumer Defensive,Packaged Foods,NASDAQ,67.16,20,20,23,36,5.39,50739492.26501465,9076832.0,0.0043,-37.47,1600,3306,3238,-0.095
4739,HGV,Consumer Cyclical,Resorts & Casinos,NYSE,67.16,20,26,56,57,34.59,2709463742.1390533,77724145.0,0.1545,-37.56,1138010,1092180,1142352,0.062
4740,DOUG,Real Estate,Real Estate Services,NYSE,67.14,20,21,27,18,1.53,140880228.8160045,90890473.0,0.0272,-49.5,612640,520933,469478,0.045
4741,CSIQ,Technology,Solar,NASDAQ,67.03,20,25,56,37,11.25,759764592.8193903,67896749.0,0.3419,-67.48,1820240,1972426,1851308,-0.287
4742,NEUP,Healthcare,Biotechnology,NASDAQ,67.0,20,15,11,23,3.42,18777329.134819508,5411334.0,0.0046,-84.02,9840,19353,33536,
4743,CDZI,Industrials,Pollution & Treatment Controls,NASDAQ,66.99,20,33,28,68,3.62,324313190.7896519,84677075.0,0.1675,-47.99,1274510,1015023,970864,-0.763
4744,EBON,Technology,Computer Hardware,NASDAQ,66.98,20,21,15,8,1.89,13095084.599586487,6280616.0,0.0022,-66.47,2970,4306,6402,0.095
4745,RGTI,Technology,Computer Hardware,NASDAQ,66.89,20,19,24,56,14.59,5089973391.75,333768747.0,0.1876,-74.91,14428570,15828736,17286056,1.853
4746,JLHL,Industrials,Building Products & Equipment,NASDAQ,66.89,20,28,93,97,4.36,88572541.89170265,22198632.0,0.069699995,-92.48,235000,527510,1081702,0.216
4747,KRRO,Healthcare,Biotechnology,NASDAQ,66.87,20,68,34,56,10.49,141955232.49564934,14725646.0,0.118,-81.23,129900,168796,141238,
4748,ALTI,Financial Services,Asset Management,NASDAQ,66.85,20,31,29,33,2.76,334852735.02650857,115069665.0,0.0317,-49.31,96910,175870,193006,0.108
4749,EGG,Industrials,Consulting Services,NYSE ARCA,66.85,20,7,72,76,4.69,149528720.81336975,27845200.0,0.0121,-64.12,730130,248806,259570,-0.591
4750,CELC,Healthcare,Biotechnology,NASDAQ,66.8,20,53,98,99,65.78,3527990492.1358337,48931908.0,0.3483,-56.44,1523800,1065166,969702,
4751,CIGI,Real Estate,Real Estate Services,NASDAQ,66.78,20,21,17,24,85.88,4588100986.997406,51103821.0,4.55,-49.93,274190,269306,247024,0.167
4752,STKS,Consumer Cyclical,Restaurants,NASDAQ,66.76,20,21,25,12,1.5,49434875.6267395,31689024.0,0.054,-48.45,19070,21363,22084,-0.033
4753,GDEV,Communication Services,Electronic Gaming & Multimedia,NASDAQ,66.7,20,20,14,38,11.19,194968772.38728714,18119774.0,0.00029999999,-73.48,1410,1876,5330,-0.22
4754,WWR,Basic Materials,Other Industrial Metals & Mining,NYSE ARCA,66.66,20,29,8,16,0.48,65568063.60391021,128564833.0,0.0376,-87.2,652010,793426,4154444,
4755,MATH,Financial Services,Capital Markets,NASDAQ,66.66,20,11,8,6,1.02,52767165.140036345,47537986.0,0.0022,-75.12,52390,152103,105486,0.011
4756,PLBY,Consumer Cyclical,Apparel Manufacturing,NASDAQ,66.61,20,13,15,65,1.02,124599990.9496994,119807688.0,0.045500003,-62.91,498540,507980,655132,0.109
4757,YB,Technology,Software - Application,NASDAQ,66.58,20,17,16,28,12.01,596277781.6039782,46080201.0,0.0005,-50.78,38630,36673,30032,0.301
4758,EQ,Healthcare,Biotechnology,NASDAQ,66.57,20,92,99,98,1.39,89405393.50352693,63408082.0,0.1005,-60.73,707320,619943,573256,
4759,SFHG,Industrials,Specialty Business Services,NASDAQ,66.42,20,20,20,14,2.06,8525999.612808228,4060000.0,0.0044,-58.38,7850,14756,230312,-0.06
4760,WB,Communication Services,Internet Content & Information,NASDAQ,66.39,20,17,22,31,6.48,1555107362.0166702,245672572.0,0.1826,-49.26,879120,1031586,1086064,0.02
4761,BOOT,Consumer Cyclical,Apparel Retail,NYSE,66.34,20,21,32,47,122.34,3691116703.5401917,30284844.0,0.1266,-41.81,658440,661183,703892,0.177
4762,GNLN,Consumer Defensive,Tobacco,NASDAQ,66.32,20,6,4,1,2.95,1679680.9941985607,631459.0,0.020499999,-92.23,37790,26033,45578,-0.896
4763,CCLD,Healthcare,Health Information Services,NASDAQ,66.31,20,19,23,80,2.01,85837594.36949396,42493859.0,0.0167,-47.79,170690,294046,341732,0.164
4764,GIL,Consumer Cyclical,Apparel Manufacturing,NYSE,66.28,20,27,30,53,41.26,7592865768.0,185191848.0,0.074,-44.02,2922140,1718513,1589864,0.723
4765,CNVS,Communication Services,Entertainment,NASDAQ,66.27,20,23,33,24,1.92,45403348.37654436,23771387.0,0.0178,-45.92,107920,113576,119382,1.752
4766,CAVA,Consumer Cyclical,Restaurants,NYSE,66.24,19,20,29,74,52.07,6355425215.356789,116806198.0,0.13350001,-47.29,3189010,3375873,3454086,0.313
4767,BLRX,Healthcare,Biotechnology,NASDAQ,66.21,19,20,44,17,2.21,11798371.350288391,4978216.0,0.0301,-51.54,16450,24796,17932,-0.033
4768,TDOC,Healthcare,Health Information Services,NYSE,66.19,19,27,88,21,5.56,1002895792.4546523,181684021.0,0.1528,-43.76,3747240,3470190,4382864,-0.04
4769,IDR,Basic Materials,Gold,NYSE ARCA,66.17,19,34,33,83,26.35,437435329.1404724,15826170.0,0.1014,-51.83,186260,210420,221312,0.132
4770,PMT,Real Estate,REIT - Mortgage,NYSE,66.14,19,29,29,40,7.9,680178440.2325306,87202362.0,0.1412,-42.8,2387890,1825996,1644684,0.061
4771,TRON,Consumer Cyclical,Leisure,NASDAQ,66.14,19,24,9,97,1.28,668878694.4057903,474382064.0,0.0334,-72.47,567640,919593,999080,0.168
4772,OGCP,Real Estate,REIT - Office,NYSE ARCA,66.14,19,15,28,20,4.1,1092753721.221311,280193255.0,0.84,-49.69,580,383,840,0.032
4773,CRH,Basic Materials,Building Materials,NYSE,66.1,19,23,31,59,81.46,54513414455.56976,665284511.0,0.020299999,-38.08,6234280,5240690,5000260,0.056
4774,KYNB,Healthcare,Biotechnology,NASDAQ,66.08,19,55,29,23,6.13,25549972.208307266,4049124.0,0.0254,-49.46,25980,25550,20928,
4775,EVLV,Industrials,Security & Protection Services,NASDAQ,66.04,19,18,31,71,4.69,822012374.5769739,179871410.0,0.0626,-46.77,2003960,2085583,2072740,0.344
4776,TATT,Industrials,Aerospace & Defense,NASDAQ,66.02,19,31,57,55,32.5,457404423.17977524,12998137.0,0.19319999,-49.61,122750,116153,150902,0.228
4777,MYGN,Healthcare,Diagnostics & Research,NASDAQ,66.01,19,10,57,21,4.28,434249384.6512556,95649645.0,0.1001,-50.17,1799510,2001360,2339786,-0.105
4778,UIS,Technology,Information Technology Services,NYSE,66.0,19,18,86,14,2.29,166248375.3138578,72915955.0,0.088199995,-54.02,701980,621973,653752,-0.02
4779,PRIM,Industrials,Engineering & Construction,NYSE,65.99,19,12,14,90,82.16,4290480359.143753,54254935.0,0.13859999,-60.02,1390950,1289273,1262482,-0.107
4780,VGAS,Utilities,Utilities - Renewable,NASDAQ,65.97,19,16,7,14,1.08,48559089.46700406,44549622.0,0.017,-67.89,15700,14883,204228,
4781,FBRT,Real Estate,REIT - Mortgage,NYSE,65.96,19,28,27,28,6.14,520694756.7360344,83045416.0,0.10560001,-44.48,1817350,2320650,2010252,0.142
4782,NRG,Utilities,Utilities - Independent Power Producers,NYSE,65.92,19,23,27,74,108.61,20018345001.752632,210210483.0,0.037100002,-42.82,3340300,2914060,3085180,0.11
4783,URG,Energy,Uranium,NYSE ARCA,65.85,19,33,26,81,1.1,417756887.02837944,397863720.0,0.146,-53.19,7176200,6514533,6375722,0.377
4784,FTLF,Consumer Defensive,Packaged Foods,NASDAQ,65.84,19,14,30,11,9.23,86585686.34768677,9391072.0,0.0164,-56.01,8170,11523,10980,0.646
4785,BLIN,Technology,Software - Infrastructure,NASDAQ,65.8,19,22,76,21,0.78,10205902.020040452,12599879.0,0.0041,-51.85,86950,50286,54562,0.02
4786,NYC,Real Estate,Real Estate Services,NYSE,65.75,19,17,29,17,6.17,20595245.0440979,3163632.0,0.0034,-55.83,11310,18883,29820,-0.401
4787,SARO,Industrials,Aerospace & Defense,NYSE,65.75,19,31,35,27,20.25,6965853770.07851,330919431.0,0.116000004,-41.27,4137060,3806966,3621556,0.046
4788,GPK,Consumer Cyclical,Packaging & Containers,NYSE,65.74,19,19,20,8,8.52,2597891178.8495436,295887387.0,0.09020001,-56.04,6944140,6643460,5834926,-0.007
4789,ABTC,Financial Services,Capital Markets,NASDAQ,65.74,19,5,1,12,8.22,619695774.2971096,72819713.0,0.1596,-92.58,978410,1586570,1614488,1.213
4790,KRUS,Consumer Cyclical,Restaurants,NASDAQ,65.71,19,19,21,25,39.95,504582674.2486572,12149836.0,0.2348,-50.58,280810,247913,210026,0.162
4791,CENN,Consumer Cyclical,Auto Manufacturers,NASDAQ,65.7,19,12,6,2,3.84,9279738.591085434,2456452.0,0.0221,-90.3,7720,16820,12502,-0.029
4792,WETH,Technology,Electronic Components,NASDAQ,65.68,19,23,37,65,0.97,13381534.0,13381534.0,0.0019,-73.64,82190,63483,88094,0.127
4793,MMLP,Energy,Oil & Gas Midstream,NASDAQ,65.67,19,18,19,38,1.86,85291818.09185457,39124686.0,0.0061000003,-43.12,31310,16903,15426,0.182
4794,HIND,Healthcare,Biotechnology,NASDAQ,65.67,19,12,12,5,2.04,13405388.245731354,7018528.0,0.0047999998,-68.9,10080,16800,13650,-0.46
4795,SITE,Industrials,Industrial Distribution,NYSE,65.66,19,21,21,50,86.36,3909776621.819458,43655390.0,0.0952,-48.77,1016400,1000943,964598,0.047
4796,CURX,Healthcare,Biotechnology,NASDAQ,65.64,19,6,4,13,4.77,7402097.190969944,1568241.0,0.0047,-71.84,33980,25973,24236,
4797,BWXT,Industrials,Aerospace & Defense,NYSE,65.61,19,26,32,86,141.54,12356140278.721619,91621980.0,0.0442,-41.47,1442580,1217760,1144230,0.18
4798,ABVX,Healthcare,Biotechnology,NASDAQ,65.61,19,74,99,99,87.01,8105779002.301598,87271525.0,0.0795,-41.54,1345680,1282740,1131582,-0.068
4799,VS,Technology,Software - Application,NASDAQ,65.6,19,26,66,14,1.04,6740721.146993637,6212646.0,0.0013,-57.89,11510,13840,12106,-0.247
4800,NXRT,Real Estate,REIT - Residential,NYSE,65.58,19,21,35,25,19.5,477015010.65929604,25549813.0,0.13949999,-39.74,1001160,836060,621550,0.024
4801,ELVR,Basic Materials,Other Industrial Metals & Mining,NASDAQ,65.56,19,88,93,96,34.71,715721347.1431732,19302085.0,2.75,-66.24,46720,49090,48106,0.775
4802,GLND,Energy,Oil & Gas E&P,NASDAQ,65.54,19,2,3,42,2.71,163113624.45408726,43730194.0,1.74,-88.22,38751550,23896090,15065696,
4803,WYFI,Technology,Information Technology Services,NASDAQ,65.52,19,37,93,24,16.83,696546767.5955048,38848118.0,0.4149,-64.09,1203060,1536763,2041952,0.557
4804,AVX,Technology,Software - Infrastructure,NASDAQ,65.48,19,6,3,1,6.14,45863773.189061165,7397383.0,0.0049,-88.1,511570,331826,211246,5.232
4805,KD,Technology,Information Technology Services,NYSE,65.43,19,23,10,6,11.45,2517979211.6801805,217818263.0,0.1442,-63.05,4715950,3961240,4155116,-0.033
4806,FISK,Real Estate,REIT - Office,NYSE ARCA,65.43,19,15,27,19,4.16,1075942075.15082,280193255.0,1.39,-49.02,2348,1589,1051,0.032
4807,SVC,Real Estate,REIT - Hotel & Motel,NASDAQ,65.43,19,17,36,12,6.38,826270548.2611847,129509488.0,0.0403,-51.85,1269930,1468870,1524362,-0.164
4808,OPTU,Communication Services,Telecom Services,NYSE,65.38,19,11,9,14,1.0,349391312.23385334,381431560.0,0.3635,-63.5,1680140,2007480,2173964,-0.058
4809,DTCX,Financial Services,Financial Data & Stock Exchanges,NASDAQ,65.34,19,13,14,23,1.83,73462837.30277753,40143626.0,0.0198,-67.64,117730,205673,206500,-0.008
4810,CCIF,Financial Services,Asset Management,NYSE,65.26,19,20,18,15,2.29,52349175.51885843,21367010.0,0.0007,-60.03,155698,129126,127085,
4811,SMID,Basic Materials,Building Materials,NASDAQ,65.26,19,17,26,28,22.58,117709209.97296524,5304606.0,0.0622,-46.43,15010,14166,14668,-0.108
4812,UPWK,Communication Services,Internet Content & Information,NASDAQ,65.24,19,14,13,15,8.4,1005472112.0734262,124903365.0,0.2191,-63.22,2466300,2674920,3241984,-0.017
4813,INSM,Healthcare,Biotechnology,NASDAQ,65.22,19,57,19,74,101.74,24266553213.162712,218381503.0,0.0557,-52.18,3021420,2368126,2656184,2.961
4814,HYPR,Healthcare,Medical Devices,NASDAQ,65.21,19,11,31,73,0.85,94807509.4286167,106048669.0,0.0478,-61.71,664640,512430,541450,0.448
4815,ARQ,Industrials,Pollution & Treatment Controls,NASDAQ,65.18,19,17,13,8,2.05,84716859.51873064,43668483.0,0.013099999,-72.18,252170,220096,228740,0.045
4816,ASLE,Industrials,Airports & Air Services,NASDAQ,65.17,19,22,26,34,4.84,240542883.69936848,47726763.0,0.0746,-43.59,506910,485536,475756,-0.339
4817,EYE,Consumer Cyclical,Specialty Retail,NASDAQ,65.16,19,19,20,68,16.82,1296736703.0374508,79069313.0,0.2814,-43.97,1823940,2242283,2230942,0.025
4818,LMND,Financial Services,Insurance - Property & Casualty,NYSE,65.16,19,23,79,87,46.83,3598168761.2576485,77396615.0,0.1533,-53.12,1018100,1025016,1229586,0.794
4819,ZTS,Healthcare,Drug Manufacturers - Specialty & Generic,NYSE,65.16,19,15,9,27,71.55,28797553832.226685,413223602.0,0.0476,-51.75,4122040,4539116,5396600,-0.002
4820,GEMI,Financial Services,Capital Markets,NASDAQ,65.15,19,10,7,3,4.49,605475793.231678,129652202.0,0.2078,-83.21,2005200,2636910,2645394,0.366
4821,PNBK,Financial Services,Banks - Regional,NASDAQ,65.14,19,21,26,28,0.93,117188147.70128489,126008760.0,0.0128,-53.5,86170,183623,197786,1.44
4822,IMUX,Healthcare,Biotechnology,NASDAQ,65.13,19,80,93,80,7.63,108609957.84049511,13644467.0,0.1392,-56.22,480880,403573,310940,
4823,MAIR,Industrials,Building Products & Equipment,NYSE,65.12,19,16,64,42,24.12,12563134663.82077,501722612.0,0.0668,-45.8,2705650,2681443,2856526,0.209
4824,TBBK,Financial Services,Banks - Regional,NASDAQ,65.1,19,23,48,33,48.13,1990804203.3021584,40786809.0,0.1105,-41.05,514370,594920,511974,0.004
4825,PUSA,Industrials,Aerospace & Defense,NASDAQ,65.09,19,22,97,97,2.54,425336011.55281067,134600000.0,,-69.21,1602980,866806,855280,
4826,FBLG,Healthcare,Biotechnology,NASDAQ,65.08,18,27,3,1,1.14,8626309.30634427,6956701.0,0.099700004,-90.0,168160,232006,240558,
4827,HROW,Healthcare,Drug Manufacturers - Specialty & Generic,NASDAQ,65.07,18,36,56,63,30.62,1142629650.8394241,37487850.0,0.2223,-44.18,541340,550026,547930,0.109
4828,RKT,Financial Services,Mortgage Finance,NYSE,65.03,18,26,27,33,11.44,33130215785.60707,2831642421.0,0.0645,-53.04,38860240,33824780,31266492,0.919
4829,CPRI,Consumer Cyclical,Luxury Goods,NYSE,65.01,18,10,22,41,14.44,1657655722.469637,114796106.0,0.1304,-48.92,3385380,5217786,4879136,-0.035
4830,SFIX,Consumer Cyclical,Apparel Retail,NASDAQ,64.9,18,14,33,26,2.73,348705609.05441546,133603687.0,0.15560001,-52.48,5425570,3201426,2520512,0.042
4831,INLX,Technology,Software - Application,NYSE ARCA,64.89,18,14,11,15,5.24,22699720.557352066,4494994.0,0.0007,-55.4,7300,7240,4678,-0.016
4832,XNET,Technology,Software - Infrastructure,NASDAQ,64.85,18,22,30,65,4.81,300217521.9315052,63740450.0,0.0347,-56.39,203590,210090,219940,-0.014
4833,MLYS,Healthcare,Biotechnology,NASDAQ,64.84,18,57,55,85,22.09,2089054618.3559895,88406885.0,0.1243,-53.64,1342410,1357536,1120512,
4834,INVE,Industrials,Building Products & Equipment,NASDAQ,64.81,18,16,23,60,2.37,56954017.23869848,24235753.0,0.0099,-55.28,165330,138233,197960,0.127
4835,PSQL,Technology,Computer Hardware,NASDAQ,64.78,18,21,50,50,7.26,1284376871.0418081,212293691.0,0.05,-70.6,1026360,1039840,790130,
4836,ZVIA,Consumer Defensive,Beverages - Non-Alcoholic,NYSE,64.76,18,17,53,9,1.21,87285187.1117897,72136516.0,0.0214,-56.47,325150,381333,414758,0.011
4837,AUST,Basic Materials,Gold,NYSE ARCA,64.61,18,19,12,29,0.98,13556071.120586634,13693001.0,0.0106,-75.0,27410,38636,89866,
4838,CPS,Consumer Cyclical,Auto Parts,NYSE,64.57,18,20,33,77,21.86,387901809.284317,17769208.0,0.0379,-54.44,263680,245316,231328,0.022
4839,EPSM,Consumer Defensive,Beverages - Wineries & Distilleries,NASDAQ,64.56,18,8,7,3,1.23,16778792.5,13423034.0,0.0072000003,-97.1,38650,522996,319876,-0.616
4840,BNKK,Consumer Defensive,Beverages - Non-Alcoholic,NASDAQ,64.53,18,9,3,5,1.46,13769801.5,7868458.0,0.0274,-91.35,1096880,439226,308516,24.883
4841,FKWL,Technology,Communication Equipment,NASDAQ,64.49,18,14,10,23,2.25,28164430.43622017,11784280.0,0.0063,-58.94,9510,10190,12236,0.212
4842,MB,Consumer Cyclical,Restaurants,NASDAQ,64.49,18,11,9,25,3.93,67076051.47242546,17155000.0,0.0121,-80.1,8710,17003,676542,-0.12
4843,CDNL,Industrials,Engineering & Construction,NASDAQ,64.47,18,56,98,96,26.07,658710016.5676498,21435406.0,0.1377,-72.96,630040,585423,683088,1.139
4844,OLN,Basic Materials,Chemicals,NYSE,64.43,18,18,30,79,15.92,1812321547.5191307,113982490.0,0.1314,-47.73,5256380,3549253,3423320,-0.009
4845,HUCK,Technology,Software - Application,NASDAQ,64.4,18,19,14,5,3.11,150515717.44285893,47036161.0,0.2007,-80.03,932090,1315900,1113306,-0.037
4846,AMBO,Consumer Defensive,Education & Training Services,NYSE ARCA,64.39,18,16,19,20,1.84,5237249.4974377155,2860322.0,0.0027,-72.74,6060,4233,13856,-0.135
4847,OFIX,Healthcare,Medical Devices,NASDAQ,64.37,18,17,24,31,9.2,370259412.93530273,40732608.0,0.0695,-45.85,490890,393466,388546,0.038
4848,AIB,Technology,Software - Infrastructure,NYSE ARCA,64.37,18,10,20,9,1.5,124606323.15310502,75979466.0,0.01,-76.11,5454490,2542443,2024440,-0.386
4849,ASTI,Technology,Solar,NASDAQ,64.36,18,26,84,98,2.43,22675955.048299313,9816431.0,0.0921,-75.38,326430,292826,310836,4.613
4850,TCOM,Consumer Cyclical,Travel Services,NASDAQ,64.34,18,14,15,28,38.09,23985472002.06539,629705222.0,0.019,-51.78,3160510,3830190,3287652,0.055
4851,HOLO,Technology,Software - Application,NASDAQ,64.33,18,13,8,8,1.48,35743280.288944244,22912360.0,0.0476,-73.81,169040,250033,292412,0.339
4852,GRCE,Healthcare,Biotechnology,NASDAQ,64.32,18,16,14,87,2.1,43544373.69570017,21035930.0,0.09689999,-59.46,112350,136063,174234,
4853,FOUR,Technology,Software - Infrastructure,NYSE,64.3,18,24,22,12,38.99,2855987395.819702,78960120.0,0.1909,-51.85,2196410,2130450,2061936,0.341
4854,BLNK,Industrials,Engineering & Construction,NASDAQ,64.29,18,13,12,16,0.51,81310618.15553236,144938716.0,0.098400004,-80.75,1014990,1149390,1218672,-0.245
4855,BNTC,Healthcare,Biotechnology,NASDAQ,64.26,18,57,38,55,8.99,313246863.51195526,34882726.0,0.1096,-46.36,194320,162853,172328,
4856,TULP,Consumer Defensive,Farm Products,NASDAQ,64.24,18,24,25,30,2.71,13043605.730358362,4830965.0,0.0011,-50.99,3340,1916,1698,-0.059
4857,MBLY,Consumer Cyclical,Auto Parts,NASDAQ,64.22,18,21,37,11,7.15,6308392042.024166,850187598.0,0.22649999,-54.78,6320150,5164653,4889558,0.004
4858,PACK,Consumer Cyclical,Packaging & Containers,NYSE,64.16,18,19,92,23,3.92,350751415.0956764,85758289.0,0.060599998,-49.81,527680,493340,516404,0.14
4859,WRAP,Technology,Scientific & Technical Instruments,NASDAQ,64.15,18,60,74,16,1.61,90811430.30743933,61776482.0,0.2007,-50.15,472660,607920,667716,1.028
4860,QBTS,Technology,Computer Hardware,NASDAQ,64.14,18,21,33,77,15.22,5986712097.339279,379626628.0,0.2034,-67.44,14944040,16130360,16152614,-0.006
4861,FG,Financial Services,Insurance - Life,NYSE,64.13,18,24,64,29,19.89,2870099791.2695637,130935209.0,0.12109999,-43.7,694590,679596,653510,0.042
4862,RBBN,Technology,Software - Application,NASDAQ,64.11,18,15,20,22,1.84,316517329.62921524,178823352.0,0.0537,-55.01,1481550,1096360,952176,-0.128
4863,APRE,Healthcare,Biotechnology,NASDAQ,64.1,18,26,13,18,0.61,8750839.429941177,12591136.0,0.0484,-63.91,373550,376186,341610,
4864,BGMS,Industrials,Building Products & Equipment,NASDAQ,64.09,18,14,10,4,0.85,5828058.688420057,6622794.0,0.0171,-87.31,9060,122800,84378,
4865,AREC,Industrials,Waste Management,NASDAQ,64.07,18,38,25,83,1.63,191478572.7993698,106971272.0,0.1309,-77.07,1439840,1556533,1930208,
4866,SST,Industrials,Specialty Business Services,NYSE,64.07,18,80,16,7,2.35,21249770.178328514,8708922.0,0.1117,-71.99,112570,978643,687294,-0.613
4867,CRTO,Communication Services,Advertising Agencies,NASDAQ,64.06,18,29,63,27,14.9,721734021.6406975,48997559.0,0.0348,-41.08,356850,265046,419424,-0.113
4868,AMRZ,Basic Materials,Building Materials,NYSE,64.05,18,18,32,62,36.39,20378448577.443466,546925644.0,0.0179,-44.81,3590830,4040703,4049142,0.086
4869,AHMA,Consumer Cyclical,Travel Services,NASDAQ,64.04,18,7,18,1,1.31,39237001.5591383,29725000.0,0.0173,-96.68,28300,971456,601110,0.046
4870,NCLH,Consumer Cyclical,Travel Services,NYSE,64.0,18,17,27,33,15.05,6952104146.089636,459187846.0,0.2343,-40.11,24479540,19405150,17867790,0.049
4871,PRT,Energy,Oil & Gas E&P,NYSE,63.98,18,18,16,28,1.78,22871576.10198927,12165732.0,0.0076,-55.61,31130,27703,27362,-0.546
4872,SIGA,Healthcare,Drug Manufacturers - Specialty & Generic,NASDAQ,63.94,18,10,11,21,3.26,242852048.30254745,71849716.0,0.0802,-63.58,747540,696986,683548,-0.495
4873,PRCT,Healthcare,Medical Devices,NASDAQ,63.91,18,12,11,12,17.91,976727354.3548737,56918844.0,0.1337,-53.0,1474860,1288570,1413516,0.193
4874,MIAX,Financial Services,Capital Markets,NYSE,63.91,18,58,52,75,30.18,3275611776.4242325,99230898.0,0.0867,-47.18,2117930,1813203,1584866,0.183
4875,LIF,Technology,Software - Application,NASDAQ,63.86,18,18,36,20,41.24,3511803779.5708237,81480369.0,0.1187,-63.36,581150,576520,776844,0.378
4876,DAIC,Technology,Information Technology Services,NASDAQ,63.85,18,16,1,3,2.34,6522369.840821266,2337767.0,0.044,-97.14,429730,7788220,9868424,-0.902
4877,RAIL,Industrials,Railroads,NASDAQ,63.81,18,20,19,43,6.29,226259835.12722015,32791280.0,0.0318,-57.79,186540,255186,231758,-0.046
4878,SANA,Healthcare,Biotechnology,NASDAQ,63.73,18,41,30,38,2.72,865152272.3341806,299360637.0,0.2333,-58.47,3566220,3706433,3249586,
4879,LI,Consumer Cyclical,Auto Manufacturers,NASDAQ,63.7,18,15,11,29,10.99,10447063706.28931,977274473.0,0.056599997,-56.16,3018110,2955663,2975784,-0.151
4880,CLBT,Technology,Software - Infrastructure,NASDAQ,63.69,18,18,64,17,11.23,2782345457.4967957,251341060.0,0.0669,-43.79,2443570,2594763,3428300,0.158
4881,TME,Communication Services,Internet Content & Information,NYSE,63.55,18,10,12,10,7.99,12614381446.796373,1629765093.0,0.0515,-66.51,6156630,7451390,9085694,0.058
4882,CMMB,Healthcare,Biotechnology,NASDAQ,63.53,18,82,15,12,1.37,10478553.415648937,7327660.0,0.0115,-61.73,195290,150176,119986,
4883,CLPT,Healthcare,Medical Devices,NASDAQ,63.53,18,64,75,18,10.66,332496062.66356087,30504227.0,0.1468,-64.58,916580,695013,676244,0.181
4884,LVS,Consumer Cyclical,Resorts & Casinos,NYSE,63.52,18,20,24,73,35.81,23466213599.825928,647701184.0,0.1442,-49.17,5578550,5840280,5350040,-0.007
4885,MMYT,Consumer Cyclical,Travel Services,NASDAQ,63.51,17,34,28,9,43.41,4196897397.97451,94058662.0,0.1375,-55.06,1372430,920140,799492,0.062
4886,TMDE,Energy,Oil & Gas Midstream,NYSE ARCA,63.48,17,18,27,80,0.66,15387944.932579994,23565000.0,0.0072000003,-86.16,63550,124936,120570,-0.107
4887,DRUG,Healthcare,Biotechnology,NASDAQ,63.48,17,59,83,94,52.0,500009238.54377365,9864061.0,0.1224,-57.98,178330,113743,136128,
4888,XRAY,Healthcare,Medical Instruments & Supplies,NASDAQ,63.48,17,34,41,33,8.54,1728398120.1294937,199353876.0,0.1376,-42.14,5112190,4643266,4591944,-0.041
4889,LPL,Technology,Consumer Electronics,NYSE,63.43,17,17,22,79,2.95,3119999885.559082,1000000000.0,0.0073,-49.4,2726450,2335296,2580366,0.004
4890,WLFC,Industrials,Rental & Leasing Services,NASDAQ,63.4,17,60,84,83,41.21,1091506014.3980713,23899848.0,0.221,-49.46,296810,207690,226424,0.004
4891,GRAB,Technology,Software - Application,NASDAQ,63.4,17,17,24,25,3.08,12601209847.858429,4091302000.0,0.0619,-53.33,73589370,70075906,58832466,0.219
4892,MLCI,Financial Services,Asset Management,NASDAQ,63.4,17,20,14,18,3.1,38041812.26704407,11188768.0,0.0076,-64.29,15740,17160,28994,-0.576
4893,TRDA,Healthcare,Biotechnology,NASDAQ,63.39,17,39,18,93,5.61,209479283.67594814,38936669.0,0.1094,-65.9,361010,329130,331268,-0.539
4894,CHWY,Consumer Cyclical,Internet Retail,NYSE,63.36,17,20,12,19,18.22,7303018144.994616,401927249.0,0.1026,-54.11,8715420,9761870,8400306,0.073
4895,INDI,Technology,Semiconductors,NASDAQ,63.35,17,28,74,29,2.74,688472389.1421053,231808883.0,0.287,-54.71,4528760,4817496,6199428,0.24
4896,WINA,Consumer Cyclical,Specialty Retail,NASDAQ,63.33,17,16,33,36,294.92,1069352798.3799438,3592169.0,0.1453,-42.77,73150,88790,70982,0.076
4897,RBLX,Communication Services,Electronic Gaming & Multimedia,NYSE,63.31,17,16,15,14,46.41,31518265753.884174,714375941.0,0.0376,-67.31,13900870,11604400,13587284,0.359
4898,BMBL,Communication Services,Internet Content & Information,NASDAQ,63.28,17,27,14,37,2.5,335199512.52580833,131968314.0,0.15560001,-58.16,2054100,2142446,2486086,-0.152
4899,MLEC,Healthcare,Biotechnology,NASDAQ,63.27,17,19,28,11,4.81,3449060.5,726118.0,0.0156,-79.29,19610,22506,17138,
4900,IXHL,Healthcare,Drug Manufacturers - Specialty & Generic,NASDAQ,63.27,17,8,9,3,3.18,40268253.14853954,12544627.0,0.057800002,-78.71,62460,83456,87870,
4901,YDKG,Communication Services,Advertising Agencies,NASDAQ,63.25,17,15,11,5,0.89,5142145.809547842,5529189.0,0.01,-99.76,57130,26806,27148,0.689
4902,SMXT,Technology,Solar,NASDAQ,63.19,17,3,5,9,4.39,10243184.807027578,4742215.0,0.0101,-71.19,523660,190060,123418,1.141
4903,WYNN,Consumer Cyclical,Resorts & Casinos,NASDAQ,63.18,17,22,26,50,74.97,7813658566.253761,102973891.0,0.1024,-44.35,2649350,2211173,1947614,0.069
4904,AVAV,Industrials,Aerospace & Defense,NASDAQ,63.18,17,13,9,18,138.86,7156571627.861938,50820702.0,0.1176,-66.77,1401430,2004523,1682996,0.057
4905,BEEM,Technology,Solar,NASDAQ,63.18,17,32,10,19,1.08,25575645.842075944,22633315.0,0.0671,-73.27,277930,557550,1182910,0.21
4906,PLG,Basic Materials,Other Precious Metals & Mining,NYSE ARCA,63.18,17,33,11,27,1.25,161135239.90039253,127885112.0,0.0596,-69.06,870900,1109310,1117040,
4907,PLUG,Industrials,Electrical Equipment & Parts,NASDAQ,63.13,17,43,32,90,1.78,2654670994.8882685,1397195278.0,0.2316,-61.14,48812630,48121196,54551290,0.025
4908,ENVB,Healthcare,Biotechnology,NASDAQ,63.13,17,9,4,3,1.5,6624308.405370712,4475884.0,0.0052,-88.68,58360,70843,98270,
4909,MAMO,Consumer Cyclical,Recreational Vehicles,NASDAQ,63.13,17,15,10,4,0.93,40350079.795473814,41640950.0,0.0069,-83.36,72320,35583,40442,-0.211
4910,REZI,Industrials,Industrial Distribution,NYSE,63.11,17,22,57,86,17.56,2786399444.225178,151847378.0,0.098500006,-44.28,1825520,2087193,2394301,0.02
4911,LUCY,Healthcare,Medical Instruments & Supplies,NASDAQ,63.11,17,18,13,11,0.91,7676794.792255402,8606272.0,0.0184,-55.61,141670,601016,4466662,0.745
4912,ACET,Healthcare,Biotechnology,NASDAQ,63.09,17,72,39,22,6.18,60849685.0,9361490.0,0.0292,-64.56,483960,256003,187004,
4913,UONEK,Communication Services,Broadcasting,NASDAQ,63.09,17,13,13,17,3.73,16127278.348428011,4517445.0,1.09,-65.78,8850,6300,11552,-0.064
4914,XFOR,Healthcare,Biotechnology,NASDAQ,63.08,17,35,87,86,2.81,280585275.1257038,99146743.0,0.0832,-41.82,1033120,1028476,902356,3.463
4915,MBC,Consumer Cyclical,"Furnishings, Fixtures & Appliances",NYSE,63.06,17,20,25,15,6.93,1428503235.918727,203490490.0,0.096499994,-50.34,2973710,2948110,2512040,0.115
4916,MOB,Industrials,Aerospace & Defense,NASDAQ,63.04,17,22,34,83,4.11,54172819.62086201,12867653.0,0.0292,-62.7,113820,131006,135280,0.19
4917,JBGS,Real Estate,REIT - Diversified,NYSE,63.03,17,14,28,30,10.81,618559110.3393297,58575671.0,0.2902,-50.82,1061720,1059603,1016530,0.01
4918,ARKR,Consumer Cyclical,Restaurants,NASDAQ,63.0,17,17,22,36,4.47,16227706.5,3606157.0,0.003,-52.95,8210,10910,8182,-0.065
4919,IQ,Communication Services,Entertainment,NASDAQ,62.98,17,12,14,17,1.01,957304521.4745718,965024735.0,0.1588,-59.76,5260940,9271216,8036694,-0.051
4920,SAFX,Utilities,Utilities - Renewable,NASDAQ,62.93,17,20,35,84,0.31,136632677.19976807,415296896.0,0.024300002,-76.52,3912410,3832936,4013172,-0.895
4921,AMSF,Financial Services,Insurance - Specialty,NASDAQ,62.92,17,15,33,23,24.29,437265611.048378,18536058.0,0.0734,-44.1,527220,543313,497046,0.134
4922,CATO,Consumer Cyclical,Apparel Retail,NYSE,62.92,17,17,44,36,2.37,47788679.498951435,19911949.0,0.0228,-48.59,42130,99670,129698,-0.062
4923,VNDA,Healthcare,Biotechnology,NASDAQ,62.91,17,25,33,79,4.56,279942247.7294054,60462687.0,0.1475,-54.12,1427350,979200,1005280,-0.039
4924,TIGR,Financial Services,Capital Markets,NASDAQ,62.89,17,16,9,22,4.44,748156653.5177765,179845356.0,0.0579,-60.88,2199810,2232346,2258008,0.324
4925,CSGP,Real Estate,Real Estate Services,NASDAQ,62.89,17,11,8,9,27.6,11094309619.384651,405197588.0,0.0369,-67.62,5306220,6734406,6736540,0.184
4926,XENE,Healthcare,Biotechnology,NASDAQ,62.86,17,80,91,90,36.41,3681873268.9700317,96840432.0,0.066599995,-49.89,2533010,2132340,1537966,
4927,RH,Consumer Cyclical,Specialty Retail,NYSE,62.79,17,26,57,14,115.19,2280688315.806175,18933159.0,0.5339,-51.88,766260,826323,779772,0.026
4928,ETOR,Financial Services,Capital Markets,NASDAQ,62.75,17,21,44,35,25.3,2021578633.8674355,79527090.0,0.066599995,-42.77,1072400,1039443,1234462,-0.246
4929,CELH,Consumer Defensive,Beverages - Non-Alcoholic,NASDAQ,62.73,17,16,15,16,26.92,6768687507.25,253035047.0,0.1233,-59.66,6123950,6977870,9516046,0.106
4930,RR,Industrials,Specialty Industrial Machinery,NASDAQ,62.71,17,11,11,22,1.65,378171252.4329332,225101943.0,0.24350001,-77.79,4053490,4976096,5173282,0.167
4931,USAR,Basic Materials,Other Industrial Metals & Mining,NASDAQ,62.65,17,32,54,56,13.23,5101587312.340385,375392734.0,0.1043,-69.92,12312890,12867366,12980874,
4932,RCKT,Healthcare,Biotechnology,NASDAQ,62.64,17,70,55,35,2.54,281022962.0386472,109774597.0,0.1658,-53.39,2292850,1838666,1697174,
4933,QNTM,Healthcare,Biotechnology,NASDAQ,62.62,17,22,12,4,3.14,22117807.167904377,6429595.0,0.0324,-83.36,230290,190196,238264,
4934,TMQ,Basic Materials,Other Industrial Metals & Mining,NYSE ARCA,62.54,17,63,29,88,2.85,560406120.2436426,181361209.0,0.0635,-74.76,1196720,1245530,1258292,
4935,TOMZ,Industrials,Pollution & Treatment Controls,NASDAQ,62.52,17,14,40,15,1.59,11236756.221173167,8142577.0,0.0042,-52.25,57150,114080,79490,1.179
4936,ELBM,Basic Materials,Other Industrial Metals & Mining,NASDAQ,62.51,17,18,13,10,0.5,53293270.237009406,106800138.0,0.0094,-94.25,315430,342073,374890,
4937,OCUL,Healthcare,Biotechnology,NASDAQ,62.49,17,63,36,25,7.23,1528526449.6576805,219615868.0,0.1609,-56.02,4960440,3111000,3039230,0.001
4938,BCYC,Healthcare,Biotechnology,NASDAQ,62.48,17,18,13,15,3.73,236575911.9900484,69992871.0,0.0853,-59.28,604860,465663,405584,-0.785
4939,WDH,Financial Services,Insurance - Diversified,NYSE,62.44,17,11,15,51,1.02,370081001.31028867,359301953.0,0.0014,-49.75,277520,807860,569570,0.728
4940,MPT,Real Estate,REIT - Healthcare Facilities,NYSE,62.39,17,21,38,60,3.23,1952843988.609314,597200000.0,0.32560003,-50.08,11141120,10838713,9694704,0.019
4941,IVA,Healthcare,Biotechnology,NASDAQ,62.39,17,38,32,77,3.37,840945504.0433459,236220651.0,0.0218,-57.79,3399730,2104316,1525800,-0.767
4942,MYND,Consumer Defensive,Education & Training Services,NYSE ARCA,62.36,17,19,23,10,0.3,16432087.61295247,45644686.0,0.0047999998,-68.39,1260230,428220,277234,-0.178
4943,ACM,Industrials,Engineering & Construction,NYSE,62.35,17,17,15,22,58.28,7678028695.862484,128696425.0,0.0622,-57.0,1671780,1942103,2036014,-0.142
4944,CFND,Financial Services,Asset Management,NYSE,62.33,17,16,13,9,2.89,20033461.08679676,6568348.0,0.04,-66.55,25080,77423,82712,
4945,JBI,Industrials,Building Products & Equipment,NYSE,62.32,16,18,19,14,4.21,574394681.1046124,136435790.0,0.0588,-59.21,2010670,2231560,1990562,0.024
4946,USNA,Consumer Defensive,Packaged Foods,NYSE,62.31,16,16,44,23,14.67,273822228.2414093,18476534.0,0.069,-46.17,149610,193006,211660,-0.053
4947,DKNG,Consumer Cyclical,Gambling,NASDAQ,62.3,16,17,25,13,19.15,9229080828.072876,496454048.0,0.078200005,-48.22,17802900,13784053,13323628,-0.046
4948,NUS,Consumer Defensive,Household & Personal Products,NYSE,62.29,16,13,10,27,4.8,224399289.2390318,48676634.0,0.1,-58.87,466770,525146,551414,-0.171
4949,VRCA,Healthcare,Biotechnology,NASDAQ,62.29,16,23,40,49,4.14,75243089.02595615,17178787.0,0.023,-57.85,42250,75683,71686,-0.539
4950,APYX,Healthcare,Medical Devices,NASDAQ,62.22,16,25,85,93,2.55,107416256.64137006,42124023.0,0.0055,-49.8,212470,157770,144090,0.221
4951,DTSS,Technology,Software - Infrastructure,NASDAQ,62.18,16,10,13,29,0.64,12102474.96640706,14424881.0,0.019199999,-72.05,397430,6429086,4041846,-0.648
4952,BIDU,Communication Services,Internet Content & Information,NASDAQ,62.18,16,18,35,65,85.3,28704516246.030968,340423581.0,0.0337,-48.4,2269440,2472353,2750406,-0.042
4953,OGEN,Healthcare,Biotechnology,NYSE ARCA,62.18,16,12,12,7,0.5,2124654.251351595,4336029.0,0.17889999,-65.52,23290,30300,30822,
4954,NKE,Consumer Cyclical,Footwear & Accessories,NYSE,62.18,16,14,20,17,34.36,50157642225.951996,1480887033.0,0.08979999,-52.53,59155160,41254410,34770852,-0.043
4955,TU,Communication Services,Telecom Services,NYSE,62.17,16,16,21,27,7.94,12662999939.918518,1575000000.0,10.76,-49.2,7082660,6571056,7691740,-0.022
4956,ADTN,Technology,Communication Equipment,NASDAQ,62.17,16,11,70,94,7.76,573629102.171731,81481407.0,0.175,-61.16,1881130,1716496,2038568,0.061
4957,DRIO,Healthcare,Health Information Services,NASDAQ,62.15,16,20,12,8,6.08,63304647.633820534,9799481.0,0.0082,-63.26,16960,23463,25514,-0.036
4958,NSLR,Financial Services,Asset Management,NASDAQ,62.1,16,30,65,93,7.4,196960773.1948099,26473222.0,0.019199999,-50.6,294490,415366,351656,0.791
4959,FIS,Technology,Information Technology Services,NYSE,62.09,16,19,16,17,33.82,16729499239.265697,515705917.0,0.0422,-51.08,6813970,6347510,6441156,0.291
4960,MRKR,Healthcare,Biotechnology,NASDAQ,62.06,16,36,39,64,1.04,17506782.55496335,16673127.0,0.0168,-57.72,88070,67933,71986,
4961,LII,Industrials,Building Products & Equipment,NYSE,62.04,16,16,54,28,358.43,12313968080.61676,34560675.0,0.0792,-38.97,470870,487626,542120,0.03
4962,VTSI,Technology,Software - Application,NASDAQ,62.03,16,14,10,30,2.67,31581750.528190613,11319624.0,0.0047999998,-57.55,31030,23670,31534,-0.174
4963,WORX,Healthcare,Health Information Services,NASDAQ,62.02,16,8,0,4,5.75,372624.3585629463,89789.0,0.033,-95.14,27980,10076,6382,0.034
4964,NTRP,Consumer Cyclical,Travel Services,NASDAQ,62.01,16,7,11,31,1.86,29417897.669361353,15086101.0,0.010299999,-64.23,71870,99703,82824,9.457
4965,IBIO,Healthcare,Biotechnology,NASDAQ,61.98,16,24,63,94,1.01,56136773.69311416,49678561.0,0.0771,-73.56,766240,680540,697598,-1.0
4966,CPNG,Consumer Cyclical,Internet Retail,NYSE,61.97,16,17,17,27,14.81,24769710773.572594,1797511702.0,0.0616,-54.77,17947790,16592956,17199460,0.039
4967,SEED,Basic Materials,Agricultural Inputs,NASDAQ,61.97,16,26,29,38,0.78,8975119.715666771,12128540.0,0.0023,-68.67,89260,39816,197818,-0.319
4968,KTTA,Healthcare,Biotechnology,NASDAQ,61.89,16,18,11,26,0.44,15905277.61446476,33414448.0,0.0082,-78.64,90560,173993,195946,
4969,DEFT,Financial Services,Capital Markets,NASDAQ,61.81,16,21,4,6,0.5,205689398.14656377,388093225.0,0.044099998,-78.35,2455520,2591333,2624704,-0.407
4970,OXM,Consumer Cyclical,Apparel Manufacturing,NYSE,61.74,16,19,33,63,25.17,373408375.39100647,14978274.0,0.3754,-49.23,630810,588893,455772,-0.022
4971,AGMB,Healthcare,Biotechnology,NASDAQ,61.72,16,77,35,19,8.8,421562686.6652727,49247975.0,0.021300001,-50.62,198890,187046,154246,
4972,AWRE,Technology,Software - Application,NASDAQ,61.67,16,13,19,12,1.06,23993901.220053792,21812637.0,0.0082,-62.68,30390,32610,36236,-0.165
4973,FINW,Financial Services,Banks - Regional,NASDAQ,61.66,16,22,24,37,10.88,155069536.65916443,13882680.0,0.0126,-45.22,34160,34543,31462,0.557
4974,BILI,Communication Services,Internet Content & Information,NASDAQ,61.66,16,16,14,41,14.92,5948271929.587209,411930201.0,0.0864,-59.01,2474050,3429636,3016568,0.082
4975,ITP,Basic Materials,Paper & Paper Products,NYSE ARCA,61.6,16,15,21,24,0.14,2375158.8101121783,16965420.0,0.0231,-64.1,104210,252446,416790,0.021
4976,MBI,Financial Services,Insurance - Specialty,NYSE,61.58,16,13,60,58,4.44,224472358.46530724,51016444.0,0.062800005,-43.58,351870,442913,483568,-0.25
4977,GURE,Basic Materials,Chemicals,NASDAQ,61.58,16,14,12,60,2.89,5476863.585409641,1813531.0,0.0014,-75.57,102810,135293,85084,0.545
4978,ILAG,Industrials,Building Products & Equipment,NASDAQ,61.57,16,26,26,22,2.81,6023149.398073196,2076948.0,0.0017,-60.92,4050,3956,2706,-0.279
4979,PTLE,Consumer Cyclical,Specialty Retail,NASDAQ,61.57,16,25,36,8,7.0,47359659.64039421,6281122.0,0.0011999999,-80.56,32920,39830,27968,-0.413
4980,AORT,Healthcare,Medical Devices,NYSE,61.54,16,25,11,58,21.61,1087751264.4713688,48756221.0,0.0809,-55.21,499560,602513,676768,0.113
4981,SRAD,Technology,Software - Application,NASDAQ,61.54,16,11,17,19,12.06,3480391612.8579597,295951662.0,0.1244,-56.7,1873440,2132713,2509198,0.189
4982,WRD,Technology,Software - Application,NASDAQ,61.48,16,20,15,25,4.96,1654284658.1709952,329210871.0,0.0438,-60.02,3094180,2553583,2544708,0.822
4983,TROX,Basic Materials,Chemicals,NYSE,61.46,16,24,63,95,3.71,627621124.6311271,159700029.0,0.16620001,-64.97,1975770,2246236,2504110,0.187
4984,POOL,Industrials,Industrial Distribution,NASDAQ,61.46,16,21,24,21,154.14,5866123314.198105,36340747.0,0.108100004,-50.44,809420,794003,733410,0.022
4985,EMPD,Consumer Cyclical,Recreational Vehicles,NASDAQ,61.41,16,14,12,19,3.16,88141150.65266895,28160111.0,0.2048,-61.04,133020,277590,337930,-0.579
4986,RZLV,Technology,Software - Infrastructure,NASDAQ,61.4,16,20,22,31,2.08,858749897.7865705,416868894.0,0.1504,-70.66,10973080,15718990,14601330,19.704
4987,BSX,Healthcare,Medical Devices,NYSE,61.39,16,13,8,14,41.58,61737175596.251236,1449229526.0,0.0321,-60.64,16525290,20218933,20426678,0.075
4988,LEU,Energy,Uranium,NYSE,61.38,16,38,14,70,147.14,2848504438.545105,20453108.0,0.2766,-68.31,659820,752023,683474,0.14
4989,CAR,Industrials,Rental & Leasing Services,NASDAQ,61.35,16,30,20,99,110.22,3928930403.0022583,35325754.0,0.48419997,-87.0,417580,430450,409332,-0.013
4990,IVDA,Industrials,Security & Protection Services,NASDAQ,61.3,16,13,10,1,0.28,3630517.725533098,12519027.0,0.09060001,-84.27,171540,337096,6129790,-0.475
4991,RMCF,Consumer Defensive,Confectioners,NASDAQ,61.29,16,8,7,83,1.02,8306836.514988542,9439587.0,0.0178,-65.89,167740,81800,4303082,-0.041
4992,AENT,Communication Services,Entertainment,NASDAQ,61.28,16,25,30,82,4.5,228798579.6367836,50957370.0,0.1076,-48.86,31640,323690,199200,0.177
4993,GPI,Consumer Cyclical,Auto & Truck Dealerships,NYSE,61.27,16,20,19,24,232.61,2978648650.339508,11922225.0,0.156,-49.57,321520,267030,246974,-0.056
4994,FLWS,Consumer Cyclical,Specialty Retail,NASDAQ,61.24,16,25,34,18,2.64,164313842.08729935,64185096.0,0.3659,-62.82,340550,391670,319946,-0.129
4995,PATK,Consumer Cyclical,Recreational Vehicles,NASDAQ,61.17,16,19,21,46,64.92,2157062727.8605957,32118264.0,0.2245,-56.28,582800,565756,531694,-0.006
4996,IBO,Healthcare,Biotechnology,NYSE ARCA,61.15,16,26,21,76,4.48,45452373.7466197,8543679.0,0.044899996,-57.36,13540,22007,14269,-0.571
4997,GHG,Consumer Cyclical,Lodging,NYSE,61.1,16,17,16,13,0.95,94843485.25944203,100897325.0,0.0027,-58.8,17830,11750,10600,-0.187
4998,SOUN,Technology,Software - Application,NASDAQ,61.08,16,16,15,13,5.63,2593615088.006138,444112161.0,0.4047,-74.61,15593120,20305263,24981560,0.45
4999,ZUMZ,Consumer Cyclical,Apparel Retail,NASDAQ,61.04,16,22,31,82,14.12,203743846.18518353,15330613.0,0.1363,-55.46,331770,356680,303654,-0.025
5000,NAMM,Basic Materials,Gold,NASDAQ,61.01,16,15,16,62,1.1,70374031.02734995,55852406.0,0.3,-85.18,4200040,1670496,1222392,0.397
5001,ALGS,Healthcare,Biotechnology,NASDAQ,61.0,16,18,15,46,5.32,34594851.08178902,6244558.0,0.13149999,-61.14,36900,47916,84688,27.785
5002,RIBB,Financial Services,Shell Companies,NASDAQ,61.0,16,85,51,49,7.11,38155830.34285545,4793446.0,0.0002,-61.51,10350,40603,24628,
5003,ONIT,Financial Services,Mortgage Finance,NYSE,60.94,16,25,31,60,27.17,227744217.11219788,8354520.0,0.0502,-49.78,139800,88353,81638,0.147
5004,PSN,Technology,Information Technology Services,NYSE,60.91,16,17,22,19,42.02,4356592119.043259,106805394.0,0.1429,-53.05,1302930,1207916,1537044,-0.005
5005,KRMD,Healthcare,Medical Instruments & Supplies,NASDAQ,60.89,15,15,38,62,2.98,136668831.68131828,46171902.0,0.025999999,-54.9,246150,243890,258210,0.182
5006,LINC,Consumer Defensive,Education & Training Services,NASDAQ,60.89,15,21,96,94,22.74,695017600.0496864,31721479.0,0.1041,-59.64,756450,790936,941518,0.224
5007,DRMA,Healthcare,Biotechnology,NASDAQ,60.85,15,16,13,4,1.12,5475503.829513073,4955207.0,0.0294,-80.92,24800,35333,892638,
5008,GOOS,Consumer Cyclical,Apparel Manufacturing,NYSE,60.81,15,12,18,38,7.55,748080250.0381737,97660609.0,0.1293,-48.32,699810,790996,837744,0.103
5009,ITOC,Healthcare,Medical Devices,NASDAQ,60.78,15,11,16,2,4.15,29145449.762791395,117050000.0,0.00059999997,260.87,19001,52049,63198,0.495
5010,NEON,Technology,Electronic Components,NASDAQ,60.78,15,8,4,6,0.89,15440289.440095246,16782923.0,0.029000001,-77.41,50950,52153,73782,-0.204
5011,AVBP,Healthcare,Biotechnology,NASDAQ,60.78,15,74,87,85,16.89,1393929521.401287,49307729.0,0.1886,-52.86,2944050,1350183,974462,
5012,GILT,Technology,Communication Equipment,NASDAQ,60.77,15,17,29,93,9.22,772607439.1408625,77029657.0,0.0374,-55.95,719620,581530,593764,0.169
5013,PMEC,Industrials,Specialty Business Services,NASDAQ,60.75,15,8,11,11,0.54,19247410.99238366,38417987.0,0.0088,-77.87,38690,239123,219360,0.068
5014,RWT,Real Estate,REIT - Mortgage,NYSE,60.74,15,22,33,63,3.34,443411881.3661995,125612432.0,0.0,-52.08,4339970,6487536,4547422,
5015,CLNE,Energy,Oil & Gas Refining & Marketing,NASDAQ,60.73,15,17,46,67,1.53,343894210.78603506,220445015.0,0.047199998,-50.8,848010,1587816,1754180,0.037
5016,CYD,Consumer Cyclical,Auto Manufacturers,NYSE,60.71,15,31,80,87,28.18,1198710448.4742088,37518323.0,0.0226,-54.16,224110,148040,138062,0.062
5017,MGPI,Consumer Defensive,Beverages - Wineries & Distilleries,NASDAQ,60.66,15,18,18,20,13.04,273338120.414752,21371237.0,0.0689,-51.29,282240,278876,240806,-0.145
5018,DWTX,Healthcare,Biotechnology,NASDAQ,60.64,15,20,8,5,1.43,49629128.67671299,33992553.0,0.0061000003,-80.14,63290,72180,67660,
5019,OCCI,Financial Services,Asset Management,NASDAQ,60.58,15,20,16,12,2.04,65500454.79023409,29372401.0,0.0049,-63.51,191371,181690,194694,-0.102
5020,BLDP,Industrials,Electrical Equipment & Parts,NASDAQ,60.56,15,24,65,84,2.0,719735930.5586905,351090706.0,0.0596,-69.56,2187810,2587073,3115518,0.154
5021,PSFE,Technology,Software - Infrastructure,NYSE,60.55,15,18,24,23,5.71,281441387.10848236,52215472.0,0.1142,-57.75,344990,341816,373080,0.045
5022,CRVO,Healthcare,Biotechnology,NASDAQ,60.53,15,12,9,8,3.18,45659669.63162613,15119096.0,0.1004,-68.2,303060,208023,274430,
5023,YELP,Communication Services,Internet Content & Information,NYSE,60.53,15,18,27,26,18.4,990853731.8799572,54263621.0,0.316,-46.65,1442010,1373156,1253510,0.014
5024,CAN,Technology,Computer Hardware,NASDAQ,60.51,15,13,5,9,0.31,256166528.63750994,731904380.0,0.0995,-86.04,7363180,14838840,17788574,-0.682
5025,MLCO,Consumer Cyclical,Resorts & Casinos,NASDAQ,60.48,15,17,19,27,4.17,1593222645.7277398,380244063.0,0.0356,-56.24,1972270,1853916,1706794,-0.057
5026,VNTG,Industrials,Marine Shipping,NYSE ARCA,60.48,15,10,14,10,0.63,19561648.17088604,30660890.0,0.0005,-91.77,370240,272516,173334,0.13
5027,RTO,Industrials,Specialty Business Services,NYSE,60.46,15,20,46,81,19.85,10039797525.097736,503247977.0,0.0067000003,-42.75,2457700,1972223,1913354,0.067
5028,XRTX,Healthcare,Biotechnology,NASDAQ,60.44,15,20,15,13,1.75,3113592.3857462406,1816565.0,0.043,-75.18,32290,467660,284550,
5029,ESAB,Industrials,Metal Fabrication,NYSE,60.39,15,17,19,22,67.12,4343304188.111961,62135967.0,0.0941,-51.16,1074050,954773,868084,0.129
5030,JRVR,Financial Services,Insurance - Specialty,NASDAQ,60.37,15,19,19,69,3.52,161409143.0610652,46249038.0,0.045900002,-51.11,337470,302003,278400,-0.077
5031,OMEX,Basic Materials,Other Industrial Metals & Mining,NASDAQ,60.34,15,10,6,33,0.73,38971080.81272954,58691389.0,0.0908,-83.52,247780,255823,315988,-0.423
5032,MYPS,Communication Services,Electronic Gaming & Multimedia,NASDAQ,60.33,15,20,67,9,4.43,59460075.85886669,12012137.0,0.0041,-55.3,54295,37190,34239,-0.073
5033,IH,Consumer Defensive,Education & Training Services,NYSE,60.33,15,12,17,22,1.15,58274982.10874534,51118406.0,0.0001,-62.78,2710,10380,7544,-0.134
5034,PAAI,Communication Services,Internet Content & Information,NYSE ARCA,60.29,15,7,3,7,1.03,55228355.89082301,47610653.0,0.038,-82.69,928930,4493666,2751402,-0.507
5035,FUFU,Financial Services,Capital Markets,NASDAQ,60.28,15,9,6,14,1.33,233375283.62564254,166696634.0,0.0049,-67.24,64210,88700,143948,-0.629
5036,PLUT,Financial Services,Capital Markets,NASDAQ,60.24,15,23,34,34,2.1,40677501.463890076,15350000.0,0.0001,-47.5,14520,5093,3222,-0.204
5037,NIU,Consumer Cyclical,Auto Manufacturers,NASDAQ,60.23,15,13,13,30,1.88,147459845.0659876,78436088.0,0.0446,-66.84,244480,209950,202522,0.147
5038,FULC,Healthcare,Biotechnology,NASDAQ,60.22,15,14,5,74,3.67,281536882.69576406,76297257.0,0.0953,-76.68,1473220,1368703,1572710,
5039,CCM,Healthcare,Medical Care Facilities,NYSE,60.22,15,28,32,21,3.13,13763262.241247177,4341723.0,0.0097,-55.03,8870,25810,57002,0.574
5040,ARBE,Technology,Scientific & Technical Instruments,NASDAQ,60.17,15,20,22,10,0.59,78609519.40343392,128237394.0,0.0721,-79.51,1464680,5001976,3438132,1.566
5041,KTCC,Technology,Computer Hardware,NASDAQ,60.16,15,17,88,38,2.17,25008904.514467478,11065887.0,0.0026,-50.9,13810,43163,31332,-0.077
5042,AGIG,Utilities,Utilities - Renewable,NYSE ARCA,60.1,15,12,7,2,0.91,44150321.0,44150321.0,0.026400002,-86.42,128910,141076,145818,3.044
5043,ENOV,Healthcare,Medical Devices,NYSE,60.07,15,18,29,29,17.61,1024786934.7789993,57669494.0,0.19600001,-48.63,1457740,1862980,1580722,0.032
5044,LQDA,Healthcare,Drug Manufacturers - Specialty & Generic,NASDAQ,60.06,15,95,99,95,26.68,2546900701.082596,88928099.0,0.1716,-71.5,7769810,3376460,2668350,18.427
5045,CTMX,Healthcare,Biotechnology,NASDAQ,60.05,15,72,45,98,2.55,557822154.571703,217899284.0,0.20120001,-68.94,2786850,3842296,3318624,-0.924
5046,AFJK,Financial Services,Shell Companies,NASDAQ,60.03,15,17,8,98,12.12,38344279.43292618,3166332.0,0.0019,-90.7,2100,20503,22494,
5047,RNTX,Healthcare,Biotechnology,NASDAQ,60.02,15,16,12,80,0.79,69099892.54972935,86267032.0,0.0078,-63.76,393650,392740,419210,
5048,AVEX,Industrials,Aerospace & Defense,NYSE,60.0,15,13,11,42,14.23,1001981303.2038498,69197606.0,0.0799,-66.39,1546330,1346133,1379718,0.995
5049,TMC,Basic Materials,Other Industrial Metals & Mining,NASDAQ,59.97,15,17,14,27,3.52,1671903459.9520168,441135482.0,0.103,-68.99,3971070,5000840,5615412,
5050,BXMT,Real Estate,REIT - Mortgage,NYSE,59.96,15,18,33,61,11.2,1837125077.6057224,168543591.0,0.0883,-45.82,3393840,2691530,2744548,-0.731
5051,FBYD,Industrials,Conglomerates,NASDAQ,59.93,15,14,64,88,8.64,415098405.0334873,48464498.0,0.054,-70.23,113470,143136,123362,1.204
5052,OWLT,Healthcare,Medical Devices,NYSE,59.88,15,19,25,19,4.73,147861683.94792223,29221677.0,0.0273,-72.08,115350,202590,207920,0.299
5053,SMPL,Consumer Defensive,Packaged Foods,NASDAQ,59.84,15,12,17,6,9.89,869377058.0624714,88441207.0,0.1376,-61.46,2128060,2275536,2134270,-0.063
5054,ALXO,Healthcare,Biotechnology,NASDAQ,59.81,15,82,95,96,1.13,168697940.29613662,138276997.0,0.050300002,-57.52,1474970,1135863,1117696,
5055,HAIN,Consumer Defensive,Packaged Foods,NASDAQ,59.81,15,20,8,10,0.53,47321178.14426947,91002269.0,0.0677,-67.68,870790,2177553,1654742,-0.276
5056,WTF,Financial Services,Capital Markets,NASDAQ,59.8,15,19,16,24,2.3,120593680.0,48237472.0,0.0275,-63.67,3020,2796,3714,0.029
5057,INTZ,Technology,Software - Infrastructure,NASDAQ,59.74,15,21,18,10,0.7,16385094.651085138,22757075.0,0.0178,-69.16,55370,185610,193076,-0.224
5058,LOCL,Consumer Defensive,Farm Products,NYSE,59.73,15,15,15,8,1.1,25602760.68895054,23381516.0,0.064899996,-72.47,30750,40686,32698,0.144
5059,ADCT,Healthcare,Drug Manufacturers - Specialty & Generic,NYSE,59.7,15,11,3,92,1.42,144264494.741233,127667695.0,0.0498,-71.49,1241590,1519713,1502218,0.022
5060,RC,Real Estate,REIT - Mortgage,NYSE,59.7,15,21,17,10,1.23,186665820.17230797,165190992.0,0.1145,-67.46,1871740,1434603,1314094,
5061,YSG,Consumer Defensive,Household & Personal Products,NYSE,59.65,15,12,19,10,2.64,247633459.2000692,93800549.0,0.0044,-70.86,97910,88966,86740,0.051
5062,HUDI,Basic Materials,Steel,NASDAQ,59.64,15,13,15,31,0.71,9808639.70413959,14319182.0,0.0438,-57.49,23350,24593,1362714,-0.165
5063,FUBO,Communication Services,Broadcasting,NYSE,59.58,14,13,6,4,9.25,261569034.21119308,30204277.0,0.20889999,-82.44,1085980,1209510,1403882,0.38
5064,FLO,Consumer Defensive,Packaged Foods,NYSE,59.58,14,13,23,14,5.84,1181159854.6620684,212057418.0,0.23629999,-55.52,7681120,8029903,7302900,
5065,TCX,Technology,Software - Infrastructure,NASDAQ,59.54,14,13,9,23,9.59,105000035.51907349,11182112.0,0.1337,-61.9,48340,66066,85372,0.021
5066,IMRX,Healthcare,Biotechnology,NASDAQ,59.53,14,29,54,93,3.86,263318437.2460451,64697402.0,0.3168,-54.48,612490,687283,666358,
5067,XPOF,Consumer Cyclical,Leisure,NYSE,59.5,14,10,22,24,4.85,198429291.9473648,42219000.0,0.4748,-47.57,907560,778943,924652,-0.134
5068,UPST,Financial Services,Credit Services,NASDAQ,59.47,14,15,20,13,24.02,2183180837.7745075,95711569.0,0.325,-56.5,4506080,4307536,4556758,0.423
5069,NKTR,Healthcare,Biotechnology,NASDAQ,59.4,14,83,89,99,40.26,1487951741.0376892,34142994.0,0.1852,-63.06,2452370,1498300,1146532,-0.093
5070,HE,Utilities,Utilities - Regulated Electric,NYSE,59.39,14,20,53,82,8.77,1539894915.19738,173021908.0,0.15010001,-49.54,3009770,2858010,2564844,0.259
5071,DOMH,Financial Services,Capital Markets,NASDAQ,59.38,14,9,20,14,2.16,54305767.271205425,24243646.0,0.0671,-71.35,238320,238600,223766,-0.569
5072,LAB,Healthcare,Medical Devices,NASDAQ,59.38,14,14,18,14,0.68,290508321.66392326,392578808.0,0.0109,-60.47,929510,1338503,1475334,-0.076
5073,AMTD,Financial Services,Asset Management,NYSE,59.3,14,16,31,39,0.66,70613048.3704949,94910009.0,0.0001,-60.0,33090,14450,14272,-0.826
5074,NIO,Consumer Cyclical,Auto Manufacturers,NYSE,59.3,14,13,30,88,3.54,8444097577.389166,2505667022.0,0.0728,-54.96,30055710,36187520,32792986,0.691
5075,JBDI,Consumer Cyclical,Specialty Retail,NASDAQ,59.29,14,21,26,16,1.0,9324253.301475525,9514544.0,0.0201,-78.07,15420,19563,29484,0.109
5076,FOXX,Technology,Consumer Electronics,NASDAQ,59.19,14,9,11,80,2.49,18394757.52528429,7074907.0,0.0041,-68.48,6410,10843,10968,-0.499
5077,EIKN,Healthcare,Biotechnology,NASDAQ,59.16,14,35,21,18,7.54,397029665.76753616,54165030.0,0.1337,-56.67,550400,602326,555762,
5078,OKUR,Healthcare,Biotechnology,NASDAQ,59.14,14,37,78,91,2.35,103412426.4885521,40395480.0,0.0378,-56.32,567800,296860,237396,
5079,IONS,Healthcare,Biotechnology,NASDAQ,59.12,14,18,24,88,44.16,7235665532.026291,166184322.0,0.1665,-49.09,3525750,3851996,3279144,-0.407
5080,BATL,Energy,Oil & Gas E&P,NYSE ARCA,59.12,14,18,50,98,1.0,59000618.0111444,57282155.0,0.113199994,-96.63,2543690,4222533,4674010,0.124
5081,XTLB,Healthcare,Biotechnology,NASDAQ,59.07,14,24,29,8,1.98,5308120.290925741,2457463.0,0.0039,-80.74,13510,7396,8688,
5082,BKKT,Technology,Software - Infrastructure,NYSE,59.06,14,29,10,9,7.27,349288299.5,45069458.0,0.2604,-84.59,1143790,1261030,1365092,-0.701
5083,GLUE,Healthcare,Biotechnology,NASDAQ,59.04,14,82,97,96,10.17,895790710.5,85313401.0,0.22940001,-60.54,1414070,1254990,1377822,-0.613
5084,FLD,Financial Services,Capital Markets,NASDAQ,58.98,14,6,2,5,0.58,29684242.5399462,54869209.0,0.0217,-86.32,79260,364130,356494,-0.255
5085,SPRB,Healthcare,Biotechnology,NASDAQ,58.98,14,97,6,7,44.4,131371131.59876251,2874013.0,0.1462,-81.5,69440,97770,80334,
5086,CNTY,Consumer Cyclical,Resorts & Casinos,NASDAQ,58.95,14,16,16,23,0.99,29263198.606632233,28137692.0,0.0076,-63.74,57760,45033,58170,0.008
5087,NAK,Basic Materials,Other Industrial Metals & Mining,NYSE ARCA,58.89,14,63,26,69,1.19,747621834.5836446,562121662.0,0.0523,-60.07,4082000,3922770,3910788,
5088,APTV,Consumer Cyclical,Auto Parts,NYSE,58.89,14,11,24,22,44.22,9040355421.833992,207633331.0,0.048699997,-50.28,2894190,4515996,4540836,0.023
5089,MIRA,Healthcare,Drug Manufacturers - General,NASDAQ,58.89,14,12,17,20,0.71,30676124.311507702,42022087.0,0.0154,-71.02,142210,1149883,729884,
5090,SES,Consumer Cyclical,Auto Parts,NYSE,58.88,14,5,7,26,0.73,328589345.4591274,371287400.0,0.1603,-80.43,28071600,21620053,19388970,0.438
5091,ZG,Communication Services,Internet Content & Information,NASDAQ,58.84,14,14,10,13,27.97,6318986293.182987,224874954.0,0.2022,-63.35,1016020,919020,1131970,0.179
5092,NNE,Industrials,Specialty Industrial Machinery,NASDAQ,58.83,14,13,10,18,16.01,838765034.3747349,53698146.0,0.3489,-73.7,1832360,1884353,1889080,
5093,HTOO,Utilities,Utilities - Renewable,NASDAQ,58.83,14,14,17,9,2.03,16159957.566806316,7516259.0,0.0025,-62.54,26570,90146,58490,3.663
5094,CIA,Financial Services,Insurance - Life,NYSE,58.82,14,14,70,67,3.47,179276600.38811874,50643108.0,0.092,-46.94,103880,117780,134344,-0.072
5095,VEEA,Technology,Information Technology Services,NASDAQ,58.81,14,1,2,24,4.71,207173134.73343658,62214156.0,0.64769995,-74.79,15425830,14141219,8516073,1.416
5096,KNF,Basic Materials,Building Materials,NYSE,58.71,14,18,41,55,50.54,2856421626.069412,56753855.0,0.103,-47.51,1177700,1067246,1001270,0.126
5097,SRFM,Industrials,Airlines,NYSE,58.59,14,4,5,5,0.91,129128965.94008327,132848730.0,0.1301,-85.25,9129620,6980233,5028036,0.076
5098,MLGO,Technology,Software - Infrastructure,NASDAQ,58.55,14,13,16,5,3.05,34684616.06477165,10941519.0,0.076,-73.41,50080,47800,41298,-0.273
5099,SUPX,Technology,Software - Infrastructure,NASDAQ,58.54,14,8,12,10,6.85,287539826.27359915,43239071.0,0.018099999,-91.05,516170,762790,579296,2.838
5100,FBIO,Healthcare,Biotechnology,NASDAQ,58.53,14,25,88,39,2.04,67702514.83582044,33350993.0,0.1981,-54.97,273280,289880,470232,0.14
5101,PLTK,Communication Services,Electronic Gaming & Multimedia,NASDAQ,58.49,14,13,62,31,2.32,831491670.942411,381418186.0,0.0874,-47.51,964000,1164216,1456478,0.05
5102,PLBL,Consumer Cyclical,Department Stores,NASDAQ,58.44,14,14,25,13,5.64,2070089240.441432,366387470.0,0.0414,-52.0,191520,228460,228198,-0.346
5103,IONR,Basic Materials,Other Industrial Metals & Mining,NASDAQ,58.39,14,17,31,25,3.01,234979635.53378248,80197826.0,0.0025,-63.29,100610,91910,83892,
5104,AARD,Healthcare,Biotechnology,NASDAQ,58.37,14,34,21,5,4.96,109201943.41111374,21884158.0,0.029000001,-72.35,101660,123543,127614,
5105,AIOS,Technology,Information Technology Services,NASDAQ,58.33,14,10,13,2,11.15,36676799.01123047,3240000.0,0.0092,-87.61,33120,58410,47234,
5106,CHRS,Healthcare,Biotechnology,NASDAQ,58.31,14,32,38,87,1.01,179221115.4029739,154500966.0,0.1524,-61.39,1495240,1311300,1310220,0.395
5107,ALNY,Healthcare,Biotechnology,NASDAQ,58.3,14,16,20,36,224.41,29400539570.30121,133809118.0,0.0716,-54.71,1237790,1480986,1861214,0.669
5108,ZENA,Technology,Software - Infrastructure,NASDAQ,58.28,14,16,5,8,1.35,118215980.50449574,88884193.0,0.1454,-81.01,1619970,1700250,3731898,3.163
5109,BROS,Consumer Cyclical,Restaurants,NYSE,58.28,14,18,70,25,38.18,5334170406.082855,137940798.0,0.3978,-48.42,3873140,4176350,4347192,0.325
5110,OPFI,Financial Services,Credit Services,NYSE,58.27,14,22,36,26,6.06,508693216.7125983,85208247.0,0.041100003,-48.16,573810,831653,955534,-0.139
5111,KTOS,Industrials,Aerospace & Defense,NASDAQ,58.25,14,15,13,63,41.94,8076485653.653442,187519984.0,0.0616,-68.7,4906910,4000390,4002008,0.305
5112,PODD,Healthcare,Medical Devices,NASDAQ,58.25,14,12,12,16,134.36,9133254635.631775,69354199.0,0.08270001,-62.14,1765210,1770313,1778324,0.235
5113,LHAI,Real Estate,Real Estate Services,NASDAQ,58.22,14,19,8,1,1.12,17191199.369430542,16530000.0,0.0559,-92.85,57430,3579146,2202910,0.128
5114,TOYO,Technology,Solar,NASDAQ,58.22,14,8,31,98,4.35,186681797.87120438,42718948.0,0.1013,-75.04,355610,462126,682152,0.35
5115,TEAD,Communication Services,Internet Content & Information,NASDAQ,58.2,14,7,30,11,0.53,54818427.05435562,98065162.0,0.0736,-70.88,4451080,1623563,1045102,-0.171
5116,TPB,Consumer Defensive,Tobacco,NYSE,58.17,14,22,33,31,57.37,1077609579.9389954,19367534.0,0.1566,-60.95,522770,416103,380896,0.226
5117,USGO,Basic Materials,Other Industrial Metals & Mining,NASDAQ,58.16,14,30,16,69,6.25,91512998.45228958,14035736.0,0.097600006,-65.24,88800,86783,89438,
5118,CTXR,Healthcare,Biotechnology,NASDAQ,58.16,14,17,8,21,0.5,14604767.38399446,27452570.0,0.20629999,-77.17,172550,231193,572860,
5119,BQ,Consumer Cyclical,Specialty Retail,NYSE ARCA,58.16,14,11,9,3,0.73,5918450.325952649,7379614.0,0.0069,-98.7,51600,60126,2521914,-0.031
5120,LRMR,Healthcare,Biotechnology,NASDAQ,58.15,14,41,32,90,2.75,307493497.48281956,103882937.0,0.2066,-57.17,1501530,1209113,1181900,
5121,WBX,Industrials,Electrical Equipment & Parts,NYSE,58.12,14,57,88,96,2.7,66701041.0,24254924.0,0.0064,-65.52,19970,16596,17806,-0.375
5122,BGSI,Consumer Cyclical,Auto & Truck Dealerships,NYSE,57.93,14,12,14,19,76.81,2182711928.0130615,27830064.0,5.69,-58.05,42110,54083,58812,0.299
5123,NAMS,Healthcare,Biotechnology,NASDAQ,57.89,14,17,58,81,22.13,2712172401.990658,116903979.0,0.1533,-47.57,1536450,1662110,1459666,-0.807
5124,UUUU,Energy,Uranium,NYSE ARCA,57.86,13,38,31,96,10.26,2682124335.5751038,249965000.0,0.2123,-63.23,7661190,7043100,7217598,4.961
5125,NPWR,Industrials,Specialty Industrial Machinery,NYSE,57.86,13,33,13,10,1.23,122988145.3242737,88480681.0,0.0571,-76.35,537910,600210,757530,
5126,HUBG,Industrials,Integrated Freight & Logistics,NASDAQ,57.85,13,26,78,60,26.31,1820540020.6938553,61153510.0,0.0846,-50.6,1354850,1317766,1323046,-0.053
5127,GT,Consumer Cyclical,Auto Parts,NASDAQ,57.79,13,22,25,18,4.69,1393429931.009861,287898737.0,0.2174,-55.84,8915780,9516780,9262778,-0.048
5128,LCTX,Healthcare,Biotechnology,NYSE ARCA,57.76,13,16,23,92,0.95,235203943.32893515,252907464.0,0.1933,-54.55,1708640,1367133,1183638,-0.613
5129,TZOO,Communication Services,Internet Content & Information,NASDAQ,57.76,13,15,85,21,5.41,53154176.15918827,10202337.0,0.0493,-56.34,54970,54256,64596,-0.029
5130,UONE,Communication Services,Broadcasting,NASDAQ,57.73,13,9,9,7,4.18,17979431.186163425,4517445.0,0.096499994,-75.32,3560,5236,5180,-0.064
5131,INTS,Healthcare,Biotechnology,NASDAQ,57.71,13,15,15,7,3.8,11231183.946817875,3264879.0,0.01,-91.26,19430,21180,26854,
5132,VYGR,Healthcare,Biotechnology,NASDAQ,57.68,13,23,21,55,2.47,150963975.53817272,61617948.0,0.0694,-55.5,822250,567426,525926,-0.391
5133,IZEA,Communication Services,Advertising Agencies,NASDAQ,57.64,13,18,28,82,2.42,42669901.53047323,17416286.0,0.0078,-58.7,44970,37673,55096,-0.364
5134,LMB,Industrials,Building Products & Equipment,NASDAQ,57.62,13,10,20,34,50.97,585324371.5098953,11921067.0,0.086899996,-55.66,251370,365623,406360,0.219
5135,EGAN,Technology,Software - Application,NASDAQ,57.61,13,10,19,40,5.24,153626508.2949133,26171467.0,0.1,-67.15,350490,332320,235792,-0.047
5136,PHAR,Healthcare,Biotechnology,NASDAQ,57.58,13,18,29,84,9.65,690086709.0,70778124.0,0.00029999999,-54.78,25990,28846,27586,-0.032
5137,BGS,Consumer Defensive,Packaged Foods,NYSE,57.58,13,19,28,77,2.53,218339237.33441305,81167001.0,0.1724,-60.34,2615480,2261946,2336284,-0.097
5138,LUCK,Consumer Cyclical,Leisure,NYSE,57.55,13,11,22,32,5.17,721175220.5994987,136328020.0,0.2034,-51.59,52360,91860,78416,0.009
5139,ELOG,Industrials,Integrated Freight & Logistics,NASDAQ,57.54,13,7,9,7,0.68,6377504.113197327,12832000.0,0.0223,-77.84,95540,720516,433500,-0.018
5140,CLGN,Healthcare,Biotechnology,NASDAQ,57.5,13,8,11,1,3.46,6542240.732129097,1890821.0,0.0347,-87.09,33610,745129,450061,-0.397
5141,WD,Financial Services,Mortgage Finance,NYSE,57.46,13,17,23,15,33.96,1166045599.5515442,34325745.0,0.0629,-62.27,591350,518493,494906,-0.1
5142,JSPR,Healthcare,Biotechnology,NASDAQ,57.39,13,23,7,5,0.57,18800126.885667264,33274561.0,0.1778,-78.81,410240,360783,518570,
5143,MENS,Healthcare,Biotechnology,NASDAQ,57.37,13,15,7,5,2.06,165740321.3153944,76027668.0,0.0058999998,-96.73,34440,44580,42498,
5144,BUR,Financial Services,Asset Management,NYSE,57.36,13,15,9,5,3.5,801523964.5922685,219595601.0,0.0708,-70.78,2328070,1958623,1805730,-0.372
5145,GWAV,Industrials,Waste Management,NASDAQ,57.35,13,41,9,6,2.45,1912299.5103838444,829631.0,0.028199999,-89.79,33110,50260,145900,0.455
5146,FVRR,Communication Services,Internet Content & Information,NYSE,57.33,13,13,16,8,8.5,307019215.74858856,35950728.0,0.096,-65.15,621080,539240,718766,-0.1
5147,GRI,Healthcare,Biotechnology,NASDAQ,57.31,13,6,3,1,1.85,4284785.483393669,2186115.0,0.053600002,-97.11,45640,404573,411000,
5148,MSB,Basic Materials,Steel,NYSE,57.31,13,22,23,39,18.42,247968183.99511337,13120010.0,0.011,-56.54,61270,41876,38764,-0.558
5149,RGC,Healthcare,Drug Manufacturers - Specialty & Generic,NASDAQ,57.21,13,3,2,99,7.11,3372414444.264647,494488909.0,0.0145000005,-89.7,153890,168596,175320,
5150,MTVA,Healthcare,Biotechnology,NASDAQ,57.19,13,11,13,2,1.46,10145675.288683891,6588101.0,0.0381,-90.17,59650,76220,79098,
5151,RGNX,Healthcare,Biotechnology,NASDAQ,57.17,13,59,74,30,7.59,490478005.22808456,66013192.0,0.1271,-53.12,1525650,1366440,1344462,4.057
5152,TGEN,Industrials,Electrical Equipment & Parts,NYSE ARCA,57.12,13,11,21,31,2.76,79997731.17893505,30187822.0,0.0461,-77.13,165470,150950,173478,-0.212
5153,BAK,Basic Materials,Chemicals,NYSE,57.12,13,8,23,74,1.77,350228726.42567253,225954024.0,0.0478,-67.19,1556400,2286676,2173498,0.216
5154,LFMD,Healthcare,Health Information Services,NASDAQ,57.1,13,11,32,19,2.79,132220993.84020352,48255837.0,0.1834,-60.81,693570,775333,871536,-0.035
5155,FMC,Basic Materials,Agricultural Inputs,NYSE,57.07,13,28,8,19,9.09,1312808216.9302988,155546005.0,0.2825,-71.59,5308370,4138133,3942042,-0.175
5156,NVNO,Healthcare,Medical Devices,NASDAQ,57.04,13,28,14,9,8.4,5628090.865055084,694826.0,0.0136,-76.12,23860,25656,22188,
5157,APUS,Healthcare,Drug Manufacturers - Specialty & Generic,NYSE ARCA,57.04,13,1,4,46,7.05,4859360.003176212,1509118.0,0.0128,-88.19,22704480,7676546,4670446,
5158,ABTS,Financial Services,Capital Markets,NASDAQ,57.01,13,10,8,3,1.18,3799474.1218179464,3214445.0,0.020399999,-88.97,11750,80313,177414,0.688
5159,BYRN,Industrials,Aerospace & Defense,NASDAQ,56.95,13,4,3,3,4.05,81448544.36641026,23404754.0,0.088999994,-86.77,361920,332363,436328,-0.425
5160,ATS,Industrials,Specialty Industrial Machinery,NYSE,56.93,13,15,32,62,17.75,1791797106.8994637,98126894.0,7.23,-50.45,209480,272550,276270,-0.058
5161,Z,Communication Services,Internet Content & Information,NASDAQ,56.88,13,13,10,12,27.28,6163822454.826805,224874954.0,0.078099996,-65.64,4270500,3867543,3907040,0.179
5162,ABAT,Industrials,Waste Management,NASDAQ,56.87,13,24,24,75,2.09,312245298.17836475,142577758.0,0.16,-81.81,4329900,3762743,3573682,1.966
5163,MGX,Healthcare,Biotechnology,NASDAQ,56.87,13,18,17,18,0.99,38532646.379458904,37777105.0,0.0467,-74.94,141730,146610,144402,
5164,SLND,Industrials,Engineering & Construction,NYSE ARCA,56.78,13,6,4,3,0.71,36471623.098486364,54435257.0,0.0347,-86.7,26160500,8792070,5424654,-0.474
5165,IIIV,Technology,Software - Infrastructure,NASDAQ,56.77,13,12,23,20,15.03,257321996.62820816,18019748.0,0.5678,-55.76,443000,571706,555350,0.022
5166,PFSI,Financial Services,Mortgage Finance,NYSE,56.75,13,17,20,20,60.91,3220997464.0,51951572.0,0.1018,-62.02,635430,590200,631136,0.018
5167,PLNT,Consumer Cyclical,Leisure,NYSE,56.7,13,15,10,17,43.09,3203358462.6045647,75533093.0,0.1378,-62.29,2668840,2413230,2318228,0.045
5168,CDXS,Healthcare,Biotechnology,NASDAQ,56.63,13,16,31,69,1.41,148927841.96649253,109505765.0,0.0372,-52.68,729630,824963,954830,-0.027
5169,MIND,Technology,Scientific & Technical Instruments,NASDAQ,56.61,13,8,11,20,4.33,40991640.130319595,9089055.0,0.0456,-70.14,67720,96586,94886,-0.585
5170,XTNT,Healthcare,Medical Devices,NYSE ARCA,56.61,13,10,19,24,0.32,47697906.90170884,140287960.0,0.0047999998,-66.32,159010,3390776,2140436,-0.35
5171,ATER,Consumer Cyclical,"Furnishings, Fixtures & Appliances",NASDAQ,56.59,13,19,87,14,0.61,11768325.535962582,17966910.0,0.0465,-67.38,171340,3638876,2279860,-0.92
5172,PONY,Technology,Information Technology Services,NASDAQ,56.59,13,10,8,36,6.07,2641567925.904312,435184160.0,0.0674,-75.34,4450080,3971323,3973884,0.688
5173,ARAY,Healthcare,Medical Devices,NASDAQ,56.58,13,7,4,4,0.25,33443006.10238275,119439307.0,0.047399998,-88.1,40943880,13945363,8901662,-0.209
5174,TRIP,Consumer Cyclical,Travel Services,NASDAQ,56.57,13,14,50,20,8.63,997366427.2448006,117199342.0,0.35919997,-51.57,3606630,4029756,3961904,-0.072
5175,ECX,Consumer Cyclical,Auto Parts,NASDAQ,56.54,13,17,20,21,0.85,337186157.9189014,392990869.0,0.0344,-68.52,1404450,1183206,977292,0.475
5176,NGEN,Healthcare,Biotechnology,NASDAQ,56.51,13,24,6,78,1.74,191390283.6637528,107522633.0,9.14,-72.38,471400,553013,510424,
5177,WBUY,Consumer Cyclical,Internet Retail,NASDAQ,56.46,13,10,6,8,0.72,4297185.423615456,5481104.0,0.024,-85.48,4023830,2768890,1707604,
5178,WING,Consumer Cyclical,Restaurants,NASDAQ,56.45,13,9,11,16,116.68,2911955725.3124695,27242546.0,0.18280001,-61.47,1262420,1293406,1310432,0.064
5179,CRDF,Healthcare,Biotechnology,NASDAQ,56.45,13,9,10,10,1.09,87130679.25095665,77795249.0,0.16149999,-67.07,467500,728630,769330,-0.141
5180,MDXH,Healthcare,Diagnostics & Research,NASDAQ,56.42,13,11,1,22,0.6,54483323.21106076,95417382.0,0.0183,-88.74,215410,218083,7199518,0.023
5181,AGNT,Real Estate,Real Estate Services,NASDAQ,56.39,13,9,8,13,3.79,609980485.9876084,167117937.0,0.148,-69.0,1710980,1738490,1599634,0.107
5182,SMR,Industrials,Specialty Industrial Machinery,NYSE,56.33,13,20,7,7,7.67,3180518795.5,410389522.0,0.20639999,-86.64,31251620,36112660,34920334,-0.991
5183,STLA,Consumer Cyclical,Auto Manufacturers,NYSE,56.31,12,13,11,25,4.61,12764141785.455317,2900941252.0,0.0513,-62.27,33191720,25397556,24529076,0.131
5184,QXO,Industrials,Industrial Distribution,NYSE,56.25,12,14,13,73,11.31,12512138385.888428,1037490709.0,0.1185,-59.04,23677880,18885800,18521176,0.703
5185,KLAR,Financial Services,Credit Services,NYSE,56.25,12,13,27,5,13.25,4743292512.442852,379160066.0,0.133,-70.39,5512990,6034563,6384912,0.266
5186,VNET,Technology,Information Technology Services,NASDAQ,56.24,12,15,25,58,5.39,1460468161.170373,284691643.0,0.2492,-62.78,5157960,4294110,4739738,0.142
5187,AIOT,Technology,Software - Application,NASDAQ,56.19,12,16,60,12,2.63,377174821.89953136,134225918.0,0.113900006,-55.27,1818650,1520353,1932702,0.064
5188,SDHC,Real Estate,Real Estate - Development,NYSE,56.15,12,14,37,15,9.88,84596238.07970428,8392484.0,0.23879999,-57.94,36120,52446,49392,0.219
5189,FUN,Consumer Cyclical,Leisure,NYSE,56.14,12,17,32,33,11.63,1186869258.2305756,102316312.0,0.2522,-57.51,3145500,2425103,2368960,-0.07
5190,LIDR,Technology,Software - Infrastructure,NASDAQ,56.12,12,13,19,80,1.06,52272829.502550244,46672169.0,0.060500003,-73.5,445660,5277063,3531580,8.182
5191,JZXN,Consumer Cyclical,Auto & Truck Dealerships,NASDAQ,56.12,12,8,10,2,1.18,58209417.424368024,51512759.0,0.0005,-93.59,234040,1750923,1178528,6.304
5192,BNAI,Technology,Software - Infrastructure,NASDAQ,56.09,12,94,97,99,5.38,45913540.534529686,7626834.0,0.098400004,-93.76,112290,136940,125216,31.017
5193,IOTR,Communication Services,Telecom Services,NASDAQ,56.07,12,22,49,12,1.87,9484554.531927586,4863874.0,0.0029,-74.97,2670,51680,35932,0.41
5194,BCHT,Industrials,Pollution & Treatment Controls,NYSE ARCA,56.04,12,8,17,8,1.45,39458949.0,26305966.0,0.0039,-69.79,176830,111036,96388,0.165
5195,OCGN,Healthcare,Biotechnology,NASDAQ,55.99,12,23,30,91,1.0,345892602.5519824,339110401.0,0.31440002,-63.3,5854130,7451300,6136666,0.084
5196,NB,Basic Materials,Other Industrial Metals & Mining,NASDAQ,55.93,12,21,28,78,3.45,506098220.2727914,145849630.0,0.074200004,-72.58,2226770,2362856,3024410,
5197,BHR,Real Estate,REIT - Hotel & Motel,NYSE,55.84,12,15,22,39,1.47,114007665.58758044,68679318.0,0.0324,-53.92,590570,505410,431126,-0.045
5198,BIOX,Basic Materials,Agricultural Inputs,NASDAQ,55.82,12,12,4,3,0.34,21825035.20887661,63815891.0,0.0087,-84.47,121390,412780,327330,-0.234
5199,CLIR,Industrials,Pollution & Treatment Controls,NASDAQ,55.77,12,23,11,19,3.3,22139166.98984742,6307455.0,0.0029,-70.54,17840,19750,17698,3.211
5200,DKS,Consumer Cyclical,Specialty Retail,NYSE,55.74,12,11,41,55,131.18,13407493920.887512,98526556.0,0.1367,-46.32,2703630,3710363,3679362,0.532
5201,GYRO,Real Estate,Real Estate Services,NASDAQ,55.68,12,11,17,23,4.7,10028844.354154587,2199308.0,0.0002,-54.37,2820,2806,2388,-0.018
5202,HTZ,Industrials,Rental & Leasing Services,NASDAQ,55.66,12,5,3,81,2.07,627354448.2806146,356451393.0,0.6707,-74.69,19857610,16248380,31842822,0.097
5203,OCG,Consumer Cyclical,Internet Retail,NASDAQ,55.63,12,6,4,1,1.69,3353279.7969703674,1938312.0,0.0553,-99.99,87490,65130,76040,8.961
5204,AIV,Real Estate,REIT - Residential,NYSE,55.59,12,23,33,35,1.76,280307205.52202153,145236898.0,0.013099999,-78.03,2512610,2059053,1543998,-0.039
5205,AHT,Real Estate,REIT - Hotel & Motel,NYSE,55.56,12,29,21,9,2.2,14751175.734897137,6469814.0,0.0004,-63.52,20670,19360,28594,-0.095
5206,NATR,Consumer Defensive,Packaged Foods,NASDAQ,55.48,12,12,50,91,12.59,219064220.6439209,17595520.0,0.0646,-55.26,114960,143443,179012,0.019
5207,AEC,Energy,Uranium,NASDAQ,55.44,12,27,15,45,3.35,68627918.58154678,19949976.0,0.0032,-73.18,27670,37563,41474,
5208,NCTY,Financial Services,Capital Markets,NASDAQ,55.43,12,11,10,13,3.42,50401308.471720695,15273124.0,0.0507,-70.52,126820,198386,239852,-0.808
5209,ERII,Industrials,Pollution & Treatment Controls,NASDAQ,55.42,12,15,14,16,6.73,345573802.7763963,51044875.0,0.0762,-63.26,822170,1007386,1018022,-0.572
5210,ICON,Industrials,Marine Shipping,NASDAQ,55.41,12,10,6,2,0.88,3523731.7139327526,3632713.0,0.0056,-91.7,10620,19120,19764,1.07
5211,REAX,Real Estate,Real Estate Services,NASDAQ,55.4,12,25,11,12,16.29,357646330.41443634,21794414.0,1.26,-63.8,591670,877023,818883,0.296
5212,SPPL,Industrials,Specialty Industrial Machinery,NASDAQ,55.39,12,9,76,9,2.0,20110610.82829833,9786185.0,0.0013,-71.43,22220,54153,83126,0.026
5213,LULU,Consumer Cyclical,Apparel Retail,NASDAQ,55.35,12,13,12,20,91.88,10457668860.141945,110710025.0,0.13069999,-59.34,5045080,7109003,5320806,-0.043
5214,WVVI,Consumer Defensive,Beverages - Wineries & Distilleries,NASDAQ,55.3,12,14,25,16,1.83,9809672.272465467,4979529.0,0.0016,-54.25,10990,11450,17790,-0.016
5215,BBAI,Technology,Information Technology Services,NYSE,55.3,12,11,11,16,2.51,1270660452.1781583,479494493.0,0.3149,-73.27,15990960,15750500,18425312,0.132
5216,SNOA,Healthcare,Drug Manufacturers - Specialty & Generic,NASDAQ,55.28,12,15,5,14,1.22,5937647.045665979,4788425.0,0.0421,-73.48,40830,50750,125124,0.596
5217,AIMD,Technology,Scientific & Technical Instruments,NASDAQ,55.2,12,16,29,13,1.24,9990651.099974036,7384073.0,0.0153,-72.07,671100,245273,232292,-0.967
5218,ONT,Industrials,Waste Management,NYSE,55.18,12,21,27,38,14.22,446342460.3796234,35117424.0,0.1355,-53.98,946700,662210,765234,-0.204
5219,RENX,Real Estate,Real Estate - Development,NASDAQ,55.17,12,9,5,4,1.88,5279186.967618108,2646209.0,0.0842,-94.3,205480,139460,113446,2.034
5220,EXOZ,Healthcare,Biotechnology,NASDAQ,55.14,12,13,13,35,5.54,53688124.59252691,9304701.0,0.0041,-69.89,4490,6296,5994,
5221,BBW,Consumer Cyclical,Specialty Retail,NYSE,55.08,12,12,15,15,25.57,314882196.0207653,12319335.0,0.2741,-64.58,415570,824013,648424,-0.072
5222,AZTR,Healthcare,Biotechnology,NYSE ARCA,55.04,12,11,4,4,0.13,7999693.900652826,60603742.0,0.0128,-88.07,877260,920530,1785052,
5223,TURB,Technology,Solar,NASDAQ,55.02,12,14,18,66,1.02,13581455.219678521,12575421.0,0.0505,-84.31,1563800,3515860,2394770,1.69
5224,DQ,Technology,Semiconductor Equipment & Materials,NYSE,54.93,12,10,8,41,10.9,744327507.0,67666137.0,0.1082,-70.21,536870,723863,890792,-0.167
5225,QDEL,Healthcare,Medical Devices,NASDAQ,54.87,12,14,19,5,12.31,738557380.1813393,68575427.0,0.2821,-65.4,1940340,1560100,1609410,0.028
5226,ACON,Healthcare,Health Information Services,NASDAQ,54.86,12,10,10,9,2.35,6860043.309861183,2882371.0,0.026400002,-80.47,36210,46993,56580,0.305
5227,GMHS,Communication Services,Electronic Gaming & Multimedia,NASDAQ,54.84,12,15,22,23,0.61,34648702.31254697,56801150.0,0.0045,-59.33,118500,310410,194314,-0.204
5228,MEGL,Financial Services,Capital Markets,NASDAQ,54.75,12,27,32,26,0.76,64505814.30842996,70421194.0,0.00059999997,-60.0,18980,11816,11952,0.267
5229,PEW,Industrials,Aerospace & Defense,NYSE,54.73,12,16,13,11,1.96,56960933.79195857,29513438.0,0.103599995,-62.52,203800,198860,222284,0.094
5230,GIFT,Communication Services,Internet Content & Information,NASDAQ,54.73,12,16,17,49,0.6,19483847.222301006,35425176.0,0.0007,-53.49,514330,194433,151116,0.04
5231,IVVD,Healthcare,Biotechnology,NASDAQ,54.72,12,11,10,91,0.73,242291697.08290768,294758746.0,0.1145,-76.22,9268470,6387470,5328216,0.212
5232,CHTR,Communication Services,Telecom Services,NASDAQ,54.69,12,16,8,32,106.96,12509070880.91906,114457597.0,0.3875,-62.42,2979770,2922303,2883792,-0.017
5233,ROL,Consumer Cyclical,Personal Services,NYSE,54.65,12,12,20,34,30.87,14511345311.223038,481145404.0,0.0622,-53.33,9411100,7074563,6270078,0.079
5234,LUD,Basic Materials,Steel,NYSE ARCA,54.64,12,18,21,17,3.86,86675798.48527908,22690000.0,0.0062,-84.05,5250,4353,7792,-0.177
5235,CELZ,Healthcare,Biotechnology,NASDAQ,54.64,12,6,4,48,0.89,7185595.84415251,7592557.0,0.0128,-85.76,155990,895250,8605366,
5236,DUO,Real Estate,Real Estate Services,NASDAQ,54.46,12,5,4,12,0.61,27509529.82497263,42452978.0,0.0105,-85.12,181520,2376720,1437364,-0.431
5237,NAGE,Consumer Defensive,Packaged Foods,NASDAQ,54.4,12,11,8,13,2.72,220761542.56158257,79126002.0,0.077800006,-65.79,660400,477800,558602,-0.043
5238,BGM,Healthcare,Drug Manufacturers - Specialty & Generic,NASDAQ,54.36,12,4,4,0,9.39,124727398.77767563,13354111.0,0.0002,-96.98,10927,5980,7161,0.698
5239,LRHC,Real Estate,Real Estate Services,NASDAQ,54.32,12,70,0,0,1.51,888636.807404995,569639.0,0.0218,-99.8,363730,356320,935168,-0.256
5240,ONCY,Healthcare,Biotechnology,NASDAQ,54.22,12,23,24,67,0.6,80331617.54198253,127510505.0,0.0691,-57.75,957390,1019866,890942,
5241,COLL,Healthcare,Drug Manufacturers - Specialty & Generic,NASDAQ,54.09,12,10,37,32,21.93,682602244.0503044,30999193.0,0.2082,-56.82,776210,902816,859256,0.063
5242,AAPG,Healthcare,Biotechnology,NASDAQ,54.08,12,17,13,36,14.94,1434921072.4549675,93388942.0,0.00029999999,-62.86,7880,6863,6516,0.293
5243,NKLR,Utilities,Utilities - Regulated Electric,NASDAQ,54.06,11,36,13,11,3.38,387858186.0261812,110500908.0,0.0533,-84.57,317960,492883,472776,
5244,MNSO,Consumer Cyclical,Specialty Retail,NYSE,53.93,11,8,13,24,8.94,2583513351.107641,292583621.0,0.0347,-61.3,898450,1013823,879770,0.17
5245,ATOS,Healthcare,Biotechnology,NASDAQ,53.9,11,5,2,9,2.46,23351556.463469982,9979298.0,0.0764,-87.29,73310,56946,58738,
5246,BLDR,Industrials,Building Products & Equipment,NYSE,53.86,11,12,15,14,53.55,6052300706.25,107596457.0,0.098900005,-59.28,2178410,3256740,2841536,-0.088
5247,NPT,Basic Materials,Chemicals,NASDAQ,53.75,11,19,6,10,2.41,54131401.26943588,22185000.0,0.00029999999,-89.23,19340,21743,25930,-0.358
5248,ACXP,Healthcare,Biotechnology,NASDAQ,53.7,11,8,6,9,1.3,5458127.178027153,4297738.0,0.0298,-84.41,90000,89630,135116,
5249,LNZA,Industrials,Waste Management,NASDAQ,53.67,11,9,2,93,5.92,79058544.02068806,13089163.0,0.0669,-86.55,44280,58973,63858,-0.008
5250,PNR,Industrials,Specialty Industrial Machinery,NYSE,53.61,11,12,19,27,52.19,8569941641.957611,161605541.0,0.0452,-53.83,2318260,3389553,3184636,-0.17
5251,FINV,Financial Services,Credit Services,NYSE,53.59,11,11,22,21,2.93,684672628.3156786,236094002.0,0.0477,-60.75,511560,1245846,939002,-0.049
5252,ARDX,Healthcare,Biotechnology,NASDAQ,53.52,11,11,30,68,3.26,862346468.3195829,258187572.0,0.1013,-61.19,4117750,4169526,4564886,0.238
5253,FIP,Industrials,Conglomerates,NASDAQ,53.43,11,16,23,75,2.84,317317957.08258677,118181737.0,0.26790002,-57.55,1244000,1281483,1422328,0.527
5254,MSAI,Technology,Electronic Components,NASDAQ,53.42,11,7,8,3,4.6,10377573.671722412,2205648.0,0.62369996,-95.21,6180,9336,16534,0.195
5255,SNAL,Communication Services,Electronic Gaming & Multimedia,NASDAQ,53.39,11,13,17,19,2.34,19434110.553274155,8955811.0,0.0379,-78.33,15160,29890,89590,-0.113
5256,IQST,Communication Services,Telecom Services,NASDAQ,53.36,11,7,4,4,1.01,11243334.457694769,10915859.0,0.0624,-84.6,243910,298990,583618,0.511
5257,ATXG,Industrials,Integrated Freight & Logistics,NASDAQ,53.34,11,13,8,15,3.26,3863754.6862978935,1177974.0,0.0001,-80.24,11150,5530,18522,3.16
5258,TKLF,Consumer Cyclical,Specialty Retail,NASDAQ,53.29,11,15,19,15,1.53,8374717.5,5583145.0,0.3808,-59.52,17240,17163,17818,0.63
5259,TANH,Consumer Defensive,Household & Personal Products,NASDAQ,53.22,11,7,14,2,16.9,9874824.484530449,667669.0,0.1292,-82.76,37170,114662,74565,-0.169
5260,SSII,Healthcare,Medical Devices,NASDAQ,53.08,11,14,15,15,2.74,535029126.7381954,200385435.0,0.0011,-72.6,67700,63206,55922,0.394
5261,OKLO,Utilities,Utilities - Independent Power Producers,NYSE,53.05,11,11,11,62,36.82,6672452906.811714,186017650.0,0.2052,-81.0,9026450,10196270,9923988,
5262,STG,Consumer Defensive,Education & Training Services,NYSE,53.02,11,15,17,8,2.72,36400791.58194733,12772208.0,0.0081,-68.11,1160,5643,12382,-0.246
5263,RNA,Healthcare,Biotechnology,NASDAQ,52.98,11,19,25,34,7.93,134108243.73011398,17105643.0,11.64,-52.71,313880,366503,279748,-0.219
5264,FLX,Industrials,Integrated Freight & Logistics,NASDAQ,52.98,11,11,17,25,1.49,103113170.65902591,73129910.0,0.76,-66.52,184330,201476,173232,-0.082
5265,ACCS,Communication Services,Advertising Agencies,NYSE ARCA,52.96,11,13,16,25,4.8,18026601.98600006,3827304.0,0.006,-57.67,5900,20050,24440,-0.001
5266,CLNN,Consumer Defensive,Packaged Foods,NASDAQ,52.96,11,11,60,84,3.92,57993041.39555931,14213981.0,0.0937,-70.96,92320,128563,110154,2.333
5267,SNT,Industrials,Security & Protection Services,NASDAQ,52.9,11,8,6,18,1.55,35930744.72996807,23331653.0,0.0001,-70.97,9520,11323,11122,0.082
5268,WSHP,Communication Services,Internet Content & Information,NASDAQ,52.8,11,7,6,4,4.94,58234148.55164766,11717133.0,0.191,-98.02,163780,590430,378144,-0.807
5269,EU,Energy,Uranium,NASDAQ,52.76,11,14,7,25,1.08,198166586.71438456,194280971.0,0.20959999,-74.16,3467790,6772943,5620202,3.284
5270,TNYA,Healthcare,Biotechnology,NASDAQ,52.74,11,16,50,34,0.53,126465729.12026644,224230012.0,0.1243,-77.45,3471950,2449563,2344754,
5271,RCAT,Industrials,Aerospace & Defense,NASDAQ,52.73,11,19,17,79,6.15,977371931.3639765,152714362.0,0.2667,-67.25,6352460,7751620,8522132,5.272
5272,XPEV,Consumer Cyclical,Auto Manufacturers,NYSE,52.7,11,10,15,30,9.58,8861284752.5,957976730.0,0.06,-66.07,6215120,6581483,7168952,0.08
5273,LUCD,Healthcare,Medical Devices,NASDAQ,52.67,11,15,22,52,0.62,119724848.79322171,190948730.0,0.0864,-61.94,1966730,1382586,1230032,0.267
5274,ATLX,Basic Materials,Other Industrial Metals & Mining,NASDAQ,52.66,11,19,12,35,2.4,72540532.63348699,30099805.0,0.0946,-70.91,338410,249053,228076,
5275,IPST,Financial Services,Capital Markets,NASDAQ,52.64,11,8,1,1,2.92,2222460.1849479675,721578.0,0.0145000005,-99.14,539800,250433,3125024,0.607
5276,HRTX,Healthcare,Biotechnology,NASDAQ,52.62,11,7,4,10,0.38,66448306.31839207,189852307.0,0.291,-75.95,2562380,2318300,2611746,0.013
5277,BRAI,Technology,Computer Hardware,NASDAQ,52.59,11,9,10,6,4.51,954188519.224926,206088228.0,0.0064,-86.33,43570,39023,61896,
5278,NEXM,Basic Materials,Other Industrial Metals & Mining,NASDAQ,52.4,11,16,12,7,1.68,66305585.54995108,35648164.0,3.86,-74.75,39300,40150,33776,
5279,GNTA,Industrials,Conglomerates,NASDAQ,52.38,11,8,62,3,0.75,35921559.439915895,48216858.0,0.0026,-92.5,49190,59123,55066,
5280,NCMI,Communication Services,Advertising Agencies,NASDAQ,52.36,11,11,47,21,2.2,197876399.95205617,93780289.0,0.1285,-51.75,1797480,1231313,1312624,0.127
5281,BRCB,Consumer Cyclical,Restaurants,NASDAQ,52.35,11,20,5,10,7.2,154565293.56715488,22207657.0,0.0925,-72.81,234120,345686,357034,0.25
5282,EOCN,Healthcare,Biotechnology,NASDAQ,52.25,11,20,8,13,3.46,3856324.6279377937,1068234.0,0.0107,-73.79,6240,25826,29497,
5283,LVO,Communication Services,Internet Content & Information,NASDAQ,52.22,11,15,67,25,2.68,36062006.63918972,13711789.0,0.0182,-62.73,80550,113646,94022,0.007
5284,MNY,Communication Services,Internet Content & Information,NASDAQ,52.21,11,10,19,73,0.66,29579515.35316229,44082735.0,0.0027,-58.75,19500,28446,21688,-0.126
5285,ANVS,Healthcare,Biotechnology,NYSE,52.15,11,8,22,24,1.21,50361287.38139427,42679059.0,0.1548,-78.0,747820,1156366,926744,
5286,POLA,Industrials,Electrical Equipment & Parts,NASDAQ,52.11,11,13,20,27,1.15,4998809.89616096,4309319.0,0.0802,-80.0,244170,153263,341972,-0.624
5287,STUB,Communication Services,Internet Content & Information,NYSE,52.08,11,8,40,4,6.0,2067106657.757698,382089966.0,0.0975,-72.08,6388070,6640433,6694912,0.332
5288,EQS,Financial Services,Asset Management,NYSE,52.07,11,11,20,55,0.8,12290692.413401604,13966696.0,0.0001,-65.07,15440,15203,12578,-0.109
5289,CHR,Communication Services,Advertising Agencies,NASDAQ,52.07,11,7,10,1,1.51,3869997.394080043,2345453.0,0.041100003,-96.4,21060,31026,33836,-0.147
5290,BDMD,Healthcare,Medical Devices,NASDAQ,52.07,11,13,11,34,0.79,24116442.026565075,32112440.0,0.0029,-78.65,46120,56916,54842,0.246
5291,FOA,Financial Services,Credit Services,NYSE,52.02,11,18,73,36,12.97,124442406.0,9217956.0,0.1094,-56.46,68180,70126,61450,-0.648
5292,DBVT,Healthcare,Biotechnology,NASDAQ,51.97,11,29,40,92,9.77,663051655.3373995,62848497.0,0.0215,-62.69,449250,353423,346712,-0.533
5293,SKYQ,Energy,Oil & Gas Integrated,NASDAQ,51.94,11,54,12,97,2.45,21730139.736967087,8833390.0,0.0864,-87.4,3443170,2970836,2637220,
5294,TLRY,Healthcare,Drug Manufacturers - Specialty & Generic,NASDAQ,51.93,11,11,8,27,3.72,533493513.50703645,147782141.0,0.1392,-83.97,4180530,3754946,4170694,0.255
5295,GDHG,Consumer Cyclical,Leisure,NASDAQ,51.91,11,8,8,5,1.19,23437550.290315747,20032095.0,0.0007,-84.72,68350,450723,273204,-0.482
5296,INTJ,Industrials,Consulting Services,NASDAQ,51.9,11,6,4,23,3.15,4397249.838709831,1537500.0,0.0108,-74.84,10090,8066,8658,0.035
5297,MDBH,Financial Services,Capital Markets,NASDAQ,51.88,11,27,31,28,2.0,25052717.795505524,10438632.0,0.0001,-58.33,4950,3113,2772,
5298,OLMA,Healthcare,Biotechnology,NASDAQ,51.86,11,29,60,96,7.94,719667850.9526882,87497607.0,0.22309999,-78.1,1141600,1124793,1078838,
5299,MTR,Energy,Oil & Gas E&P,NYSE,51.79,11,9,13,48,2.22,4603067.353317738,1863590.0,0.0026,-61.92,3750,10496,9190,-0.284
5300,JOBY,Industrials,Airports & Air Services,NYSE,51.74,11,10,14,19,5.75,5927950573.671953,996294246.0,0.1859,-71.22,20497000,23782640,26339690,2574.933
5301,JYD,Industrials,Integrated Freight & Logistics,NASDAQ,51.52,10,8,1,9,0.85,6979375.070160627,8298900.0,0.0027,-88.36,14740,89780,103200,0.086
5302,LODE,Basic Materials,Other Precious Metals & Mining,NYSE ARCA,51.52,10,33,81,33,2.17,173081829.34810925,75913084.0,0.103199996,-56.43,1360030,1270610,1191928,-0.196
5303,BCG,Financial Services,Asset Management,NASDAQ,51.49,10,14,16,28,0.99,17230732.147301912,17060131.0,0.00090000004,-71.22,18600,24263,40088,0.123
5304,AHCO,Healthcare,Medical Devices,NASDAQ,51.48,10,9,37,82,5.88,747091288.877111,133409161.0,0.096099995,-56.22,2201510,2642456,3395474,0.127
5305,CNF,Financial Services,Mortgage Finance,NYSE,51.38,10,8,10,13,1.89,32536355.99575138,16858216.0,0.0013,-70.88,11090,6310,6858,
5306,KLXE,Energy,Oil & Gas Equipment & Services,NASDAQ,51.34,10,12,78,79,1.3,29513299.518021464,21386449.0,0.1463,-71.11,1019850,841883,739106,0.052
5307,AMST,Technology,Software - Application,NASDAQ,51.33,10,11,6,17,0.91,6156859.924383938,6549851.0,0.0056,-76.67,212970,112780,116402,0.419
5308,HERE,Consumer Cyclical,Leisure,NASDAQ,51.26,10,9,4,11,1.65,92453848.09326053,54384615.0,0.0115,-80.47,10460,21450,20546,-0.793
5309,AAME,Financial Services,Insurance - Life,NASDAQ,51.23,10,9,12,65,1.23,25904479.17095375,20397228.0,0.0056,-62.04,15390,112473,77512,0.208
5310,NVNI,Technology,Software - Application,NASDAQ,51.22,10,10,15,7,0.86,10766248.831394255,12220487.0,0.0214,-82.59,24610,46820,40596,-0.007
5311,GPCR,Healthcare,Biotechnology,NASDAQ,51.15,10,56,86,93,26.68,1973143748.6305103,71309857.0,0.1268,-71.89,1754800,1365493,1063162,
5312,SERV,Industrials,Integrated Freight & Logistics,NASDAQ,51.14,10,7,8,25,4.66,400155124.9592266,86707507.0,0.3859,-75.0,2619110,2927913,3857118,4.044
5313,LANV,Consumer Cyclical,Luxury Goods,NYSE,51.11,10,9,22,20,0.88,138378048.28300595,139775805.0,0.0033000002,-61.9,17870,33073,48852,-0.129
5314,CLVT,Technology,Information Technology Services,NYSE,51.09,10,12,19,20,1.47,946040446.9920874,639216510.0,0.1374,-62.4,3701650,4256233,4563892,-0.055
5315,BTOC,Industrials,Integrated Freight & Logistics,NASDAQ,51.04,10,16,12,4,0.22,10315578.846324205,45443079.0,0.0073,-76.72,92750,48430,109848,-0.153
5316,CMCT,Real Estate,REIT - Office,NASDAQ,51.03,10,2,1,0,3.75,12225340.846592188,3217195.0,0.0126,-99.74,3456280,1167480,713978,-0.095
5317,HUMA,Healthcare,Biotechnology,NASDAQ,51.02,10,6,14,6,0.47,145010614.91639823,277798105.0,0.115200005,-81.57,4279240,4644346,6305518,0.349
5318,DXF,Financial Services,Credit Services,NYSE ARCA,51.0,10,5,5,3,0.51,1488539.787002921,3235956.0,0.0116,-85.39,91910,491066,1178166,-0.532
5319,XPON,Industrials,Electrical Equipment & Parts,NASDAQ,50.98,10,12,4,20,3.85,4003402.018193245,953191.0,0.18030001,-81.87,26850,1640196,3188288,-0.321
5320,QS,Consumer Cyclical,Auto Parts,NASDAQ,50.95,10,12,16,23,4.52,2811213102.916651,615145076.0,0.1936,-76.3,12231760,12116213,14526200,
5321,ODYS,Technology,Scientific & Technical Instruments,NASDAQ,50.93,10,28,57,76,2.57,47227402.08830118,16806905.0,0.0014,-77.26,27570,28453,28162,0.16
5322,DFH,Consumer Cyclical,Residential Construction,NYSE,50.93,10,17,26,11,9.5,973252518.5,90535118.0,0.48790002,-64.17,1123700,972456,859868,-0.076
5323,MMA,Consumer Cyclical,Leisure,NYSE ARCA,50.86,10,7,11,6,0.36,9851877.485624224,26483541.0,0.028099999,-79.19,284340,489103,7640846,
5324,LOT,Consumer Cyclical,Auto Manufacturers,NASDAQ,50.77,10,18,12,25,0.77,551800495.6676453,646893910.0,0.0042,-65.93,77810,335630,328796,0.068
5325,SRG,Real Estate,Real Estate Services,NYSE,50.74,10,11,25,20,1.66,101947537.25708008,56324608.0,0.1094,-62.1,143650,169173,153116,-0.56
5326,GMTL,Basic Materials,Other Precious Metals & Mining,NYSE ARCA,50.68,10,28,14,84,7.73,336238577.9388008,38961596.0,2.0,-65.2,260750,193486,196732,
5327,TTEC,Technology,Information Technology Services,NASDAQ,50.66,10,6,14,26,1.46,68028396.96493864,49295940.0,0.2084,-63.41,410000,385870,467678,-0.113
5328,CWH,Consumer Cyclical,Auto & Truck Dealerships,NYSE,50.62,10,15,11,8,4.52,321054611.95163727,63827952.0,0.1838,-73.64,2578370,2047493,2005094,-0.021
5329,BEAT,Healthcare,Health Information Services,NASDAQ,50.53,10,6,4,6,0.54,24511889.519346893,56349171.0,0.0428,-86.5,43237050,14662786,8980218,
5330,LTBR,Industrials,Electrical Equipment & Parts,NASDAQ,50.52,10,12,9,25,6.42,225163926.87536335,35236922.0,0.1464,-79.51,712910,784056,826002,
5331,SXTP,Healthcare,Biotechnology,NASDAQ,50.51,10,5,6,8,1.1,4888613.269689083,3516988.0,0.0618,-87.24,398720,180490,155776,-0.325
5332,AVD,Basic Materials,Agricultural Inputs,NYSE,50.41,10,10,20,11,1.71,51331099.96133995,29500632.0,0.0069999998,-69.19,329500,272103,291720,-0.097
5333,IBG,Consumer Defensive,Beverages - Wineries & Distilleries,NASDAQ,50.4,10,6,5,0,0.9,3587443.800625086,4220522.0,0.0125,-96.36,19120,27520,160262,
5334,CMCM,Communication Services,Internet Content & Information,NYSE,50.35,10,13,7,39,2.53,83804294.38003707,31038627.0,0.002,-72.35,8480,10270,8286,-0.099
5335,LIVE,Consumer Cyclical,Home Improvement Retail,NASDAQ,50.3,10,17,16,22,7.5,23344585.307064056,3071656.0,0.0029,-66.96,3120,5876,8498,-0.032
5336,EVGN,Healthcare,Biotechnology,NASDAQ,50.25,10,11,6,15,0.41,6794605.12302047,15801407.0,0.0036000002,-72.67,7310420,2563833,1803356,-0.607
5337,UTI,Consumer Defensive,Education & Training Services,NYSE,50.24,10,12,89,79,19.89,1067745530.542242,55095231.0,0.1259,-61.26,1643320,1787620,1827856,0.072
5338,SOC,Energy,Oil & Gas Drilling,NYSE,50.16,10,6,3,34,3.67,673462195.8901892,191869572.0,0.3107,-82.3,8610000,7858773,8620818,
5339,VTGN,Healthcare,Biotechnology,NASDAQ,50.16,10,3,2,7,0.25,12425535.1329014,44376911.0,0.0612,-95.14,4409510,21080976,15559502,5.049
5340,FLUT,Consumer Cyclical,Gambling,NYSE,50.13,10,14,14,6,75.85,12982459796.940552,173539102.0,0.0983,-70.43,2947690,2957923,3194220,0.033
5341,EVEX,Industrials,Aerospace & Defense,NYSE,50.11,10,13,12,10,1.69,606366222.7434247,348486333.0,0.1249,-67.25,1154020,985213,971606,
5342,ABVC,Healthcare,Biotechnology,NASDAQ,50.1,10,10,15,14,1.0,26961420.50542164,26694476.0,0.0231,-70.59,94080,125080,116104,
5343,LAC,Basic Materials,Other Industrial Metals & Mining,NYSE,50.09,10,19,15,61,2.41,925759487.3387635,363042943.0,0.09729999,-77.09,7801220,8951443,9304976,
5344,MTEN,Industrials,Metal Fabrication,NASDAQ,49.96,10,4,4,0,1.1,7715804.027144909,7639410.0,0.0177,-99.91,7668750,3059903,3224464,0.17
5345,EVGO,Consumer Cyclical,Specialty Retail,NASDAQ,49.91,10,9,12,13,1.29,195567692.9242468,141715720.0,0.3006,-74.95,3332000,4100620,3827094,-0.157
5346,BSEM,Healthcare,Biotechnology,NASDAQ,49.88,10,40,15,19,2.39,50972209.826123714,18671139.0,1.2,-71.55,157620,158763,144070,-0.279
5347,CCOI,Communication Services,Telecom Services,NASDAQ,49.86,10,7,5,14,9.94,433285128.5137253,51215736.0,0.1858,-78.24,2135890,2145733,2045776,-0.042
5348,GBFH,Financial Services,Banks - Regional,NASDAQ,49.71,10,10,33,23,17.45,260280078.4400711,14516457.0,0.073699996,-58.68,68050,74703,97322,0.145
5349,CNCK,Financial Services,Capital Markets,NASDAQ,49.7,10,18,57,7,1.36,271958734.0008429,191520241.0,0.0075,-85.39,63660,50683,92212,0.361
5350,PETS,Healthcare,Pharmaceutical Retailers,NASDAQ,49.68,10,25,17,19,1.28,29483323.350119352,21678914.0,0.035099998,-68.78,128180,116626,107492,-0.199
5351,IHRT,Communication Services,Broadcasting,NASDAQ,49.67,10,21,79,93,2.02,300290994.77710724,154789168.0,0.075,-69.21,667210,618020,641510,0.047
5352,FBGL,Industrials,Engineering & Construction,NASDAQ,49.64,10,13,27,26,3.58,5143499.92275238,1350000.0,0.0088,-74.43,64602,352869,223770,2.267
5353,APP,Communication Services,Advertising Agencies,NASDAQ,49.63,10,9,36,61,281.29,90105698732.70242,335939521.0,0.0376,-61.89,5339930,5066286,5932180,0.528
5354,PMI,Healthcare,Medical Devices,NYSE ARCA,49.62,10,2,0,3,9.37,13517305.01066494,2338634.0,0.1499,-98.63,369580,561730,1918340,0.386
5355,AKBA,Healthcare,Drug Manufacturers - Specialty & Generic,NASDAQ,49.48,10,17,17,16,0.87,239696904.5676911,277106245.0,0.075100005,-72.81,6024660,7760983,7133076,-0.214
5356,PASG,Healthcare,Biotechnology,NASDAQ,49.43,10,16,6,82,3.86,13257376.83175087,3217810.0,0.0376,-80.7,16970,24006,20116,
5357,SCOR,Technology,Software - Application,NASDAQ,49.4,10,13,39,73,4.09,64381538.76458359,15184326.0,0.0046,-56.21,25630,40823,35858,-0.113
5358,THCH,Consumer Cyclical,Restaurants,NASDAQ,49.38,10,12,18,28,1.15,37162372.57066548,32036529.0,0.0029,-64.62,10340,6996,9560,-0.217
5359,ACR,Real Estate,REIT - Mortgage,NYSE,49.38,10,14,29,51,10.24,170830124.1214199,15672489.0,0.0179,-58.39,53220,48906,42984,-0.148
5360,AQMS,Industrials,Waste Management,NASDAQ,49.35,10,9,9,9,2.01,8303026.958124161,3563531.0,0.052600004,-94.9,49640,36926,36384,
5361,WHR,Consumer Cyclical,"Furnishings, Fixtures & Appliances",NYSE,49.29,10,13,9,15,29.19,1976193112.3597755,65199378.0,0.00059999997,-69.22,3043910,2854303,2655892,-0.068
5362,NCNA,Healthcare,Biotechnology,NASDAQ,49.27,9,9,5,4,1.14,4536548.52892077,4161971.0,0.0257,-84.21,469220,216313,143450,
5363,CISO,Technology,Software - Infrastructure,NASDAQ,49.1,9,8,7,9,0.21,9469336.435374916,45525655.0,0.0031,-85.81,140000,160103,166938,-0.137
5364,RMSG,Technology,Software - Application,NASDAQ,49.05,9,4,2,86,0.32,4688914.165078104,16168670.0,0.0198,-91.79,2611050,1554043,1480518,
5365,PPBT,Healthcare,Biotechnology,NASDAQ,49.03,9,6,2,6,1.46,2456569.1544849873,1626867.0,0.0498,-89.65,20430,2657950,1626636,
5366,SNGX,Healthcare,Biotechnology,NASDAQ,48.96,9,6,2,21,0.35,5484944.45068717,14824174.0,0.0093,-82.23,148130,228683,226188,
5367,SKIN,Consumer Defensive,Household & Personal Products,NASDAQ,48.95,9,13,14,12,0.59,81988680.06944048,130140763.0,0.1521,-66.48,257780,333196,392460,-0.078
5368,STXS,Healthcare,Medical Instruments & Supplies,NYSE ARCA,48.86,9,11,14,22,1.13,118238564.7841866,100202178.0,0.065799996,-68.52,502570,519350,574262,-0.128
5369,REVB,Healthcare,Biotechnology,NASDAQ,48.85,9,10,6,1,0.83,3043329.8183016777,3983416.0,0.0001,-87.72,51260,30506,36336,
5370,GLAS,Healthcare,Drug Manufacturers - Specialty & Generic,NYSE,48.83,9,31,90,73,5.13,517391330.87960243,94242505.0,0.35,-63.17,2074220,1187273,851328,-0.012
5371,FLYX,Industrials,Airlines,NYSE ARCA,48.81,9,5,8,34,1.22,65189685.0,52151748.0,0.0004,-86.26,145600,256450,312852,0.217
5372,ATPC,Consumer Defensive,Packaged Foods,NASDAQ,48.79,9,6,9,2,2.03,2062290.29478693,1000626.0,0.023,-97.24,8910,17000,154432,-0.934
5373,ARBK,Financial Services,Capital Markets,NASDAQ,48.78,9,8,9,2,2.22,32928518.25,14634897.0,0.0004,-98.92,16880,15696,15900,-0.552
5374,CRBP,Healthcare,Biotechnology,NASDAQ,48.77,9,39,31,72,5.49,118562128.30343533,19341293.0,0.1633,-73.3,807050,1142760,873250,
5375,PASW,Consumer Cyclical,Textile Manufacturing,NASDAQ,48.74,9,8,8,4,0.12,15639625.0,125117000.0,0.0041,-88.99,197440,12774090,7837308,-0.474
5376,PZZA,Consumer Cyclical,Restaurants,NASDAQ,48.69,9,9,28,36,19.36,639286142.0608978,32902014.0,0.2865,-65.27,1409480,1424213,1582602,-0.088
5377,BRAG,Consumer Cyclical,Gambling,NASDAQ,48.58,9,15,16,12,1.13,37276086.28121853,31063404.0,6.75,-62.08,13600,21383,21402,-0.122
5378,TARA,Healthcare,Biotechnology,NASDAQ,48.51,9,31,29,69,2.59,151751442.58002687,56204237.0,0.076,-66.88,2070280,1270173,904364,
5379,BODI,Communication Services,Internet Content & Information,NASDAQ,48.45,9,11,92,95,4.87,35840901.67578125,7284736.0,0.0538,-71.13,17610,26113,43398,-0.224
5380,UK,Real Estate,Real Estate Services,NASDAQ,48.32,9,8,3,5,2.0,7179913.825571775,3682007.0,0.00059999997,-82.56,24550,14590,31042,
5381,BGLC,Basic Materials,Specialty Chemicals,NASDAQ,48.28,9,9,8,9,1.34,3725471.284049034,2933442.0,0.0050999997,-77.24,14520,8000,12470,-0.966
5382,DGNX,Industrials,Consulting Services,NASDAQ,48.22,9,15,1,1,1.36,37249203.6474154,29100941.0,0.0499,-99.57,520510,400066,889738,0.033
5383,YRD,Financial Services,Credit Services,NYSE,48.2,9,6,5,6,1.04,83726458.67883897,87488461.0,0.0073,-84.68,84310,58123,58006,-0.461
5384,NBP,Healthcare,Biotechnology,NASDAQ,48.19,9,15,11,75,1.37,156703726.48082018,115648505.0,0.0541,-79.82,987480,501043,406536,
5385,PMCB,Healthcare,Biotechnology,NASDAQ,48.13,9,9,23,16,0.41,4295333.087088823,10735649.0,0.0069,-72.85,166010,302970,232540,
5386,NYXH,Healthcare,Medical Devices,NASDAQ,48.1,9,12,4,9,1.42,138502696.576836,101840217.0,0.003,-79.35,221210,443336,315630,4.728
5387,VITL,Consumer Defensive,Farm Products,NASDAQ,48.1,9,9,11,4,9.24,388959607.33478355,42931522.0,0.3508,-79.54,1742380,1704536,1627682,-0.101
5388,ALMS,Healthcare,Biotechnology,NASDAQ,48.02,9,29,99,99,6.77,886631374.8060937,129435239.0,0.081099994,-78.41,2217410,4055253,2793008,-0.377
5389,DXLG,Consumer Cyclical,Apparel Retail,NASDAQ,47.96,9,20,21,9,0.37,23845026.896634698,55453550.0,0.0197,-76.58,152000,109426,80312,-0.034
5390,HIT,Technology,Software - Application,NASDAQ,47.9,9,13,16,68,0.76,51210273.66801739,65402649.0,0.030299999,-81.09,757460,288903,205016,-0.135
5391,MEDS,Healthcare,Medical Distribution,NASDAQ,47.84,9,1,2,2,2.88,11767289.653465033,3197633.0,0.20040001,-96.05,7390650,12267536,7433592,-0.772
5392,FRMI,Real Estate,REIT - Specialty,NASDAQ,47.69,9,8,17,5,3.97,2581083546.8153973,640467348.0,0.1301,-87.74,15529700,16437830,17904124,
5393,CANF,Healthcare,Biotechnology,NYSE ARCA,47.61,9,7,13,5,2.1,4670752.603030443,2142547.0,0.0279,-83.59,35830,738990,457464,0.0
5394,GRAN,Financial Services,Capital Markets,NASDAQ,47.55,9,8,13,3,0.95,23485984.540430903,24985090.0,0.0208,-83.93,18200,146746,89336,-0.118
5395,PHAT,Healthcare,Biotechnology,NASDAQ,47.5,9,17,33,83,6.81,559834469.4522514,80900934.0,0.1321,-62.81,1359080,1269870,1482514,0.88
5396,EVO,Healthcare,Drug Manufacturers - Specialty & Generic,NASDAQ,47.48,9,11,11,26,1.61,568622597.2731369,355389118.0,0.00029999999,-62.3,123450,142716,111482,-0.162
5397,RUN,Technology,Solar,NASDAQ,47.45,9,11,32,38,7.61,1839215011.8699331,238549287.0,0.3538,-66.09,8280250,7535950,8169382,0.528
5398,RARE,Healthcare,Biotechnology,NASDAQ,47.42,9,8,75,28,14.89,1500522673.3860693,98588873.0,0.17379999,-62.67,4374560,5889640,4432080,0.281
5399,LXEO,Healthcare,Biotechnology,NASDAQ,47.35,9,22,16,82,3.31,289771181.2714391,82088154.0,0.2932,-69.88,2343270,1432413,1225462,
5400,GMEX,Technology,Consumer Electronics,NASDAQ,47.27,9,0,0,0,2.66,1843691.1858832836,752527.0,0.1659,-99.91,302790,2887897,1985011,0.032
5401,SPRU,Technology,Solar,NYSE,47.16,9,10,19,90,1.62,30418454.70621419,19252186.0,0.0585,-76.0,86860,154866,123272,-0.087
5402,MKZR,Real Estate,REIT - Diversified,NASDAQ,47.13,9,6,5,11,1.39,3715307.1949539185,2774688.0,0.0058,-76.83,21250,13406,69500,0.236
5403,KPLT,Technology,Software - Infrastructure,NASDAQ,47.09,9,82,25,26,4.08,383517726.9816327,84849055.0,0.0031,-74.61,335060,266100,194332,
5404,LU,Financial Services,Credit Services,NYSE,47.07,9,11,8,17,0.98,884022653.3092213,866688892.0,6.67,-76.1,2284960,1539786,1313830,-0.113
5405,TNXP,Healthcare,Biotechnology,NASDAQ,47.02,9,26,12,17,7.55,152815621.22296143,17151024.0,0.1657,-69.4,770820,560770,528360,5.779
5406,ASPI,Basic Materials,Specialty Chemicals,NASDAQ,47.0,9,10,16,12,2.86,446130308.95864964,153309380.0,0.1858,-80.26,5045920,4319560,3964666,3.276
5407,OI,Consumer Cyclical,Packaging & Containers,NYSE,46.93,9,11,14,20,5.78,860494568.5458646,153659747.0,0.15689999,-65.82,3954430,3458426,3459788,-0.022
5408,ARRY,Technology,Solar,NASDAQ,46.88,9,10,19,54,3.82,627611610.5039787,153826378.0,0.2911,-68.77,6660860,6335453,6676298,-0.056
5409,GRNQ,Industrials,Consulting Services,NASDAQ,46.86,9,24,14,95,8.45,15372424.450172424,1812786.0,0.0125,-73.43,55320,109016,70357,-0.293
5410,QNC,Technology,Software - Infrastructure,NYSE ARCA,46.83,9,8,18,15,1.56,348877282.62392163,219419670.0,10.0,-64.86,1352530,1210326,917128,
5411,MRNO,Real Estate,Real Estate - Development,NASDAQ,46.83,9,4,2,1,0.24,21364647.50818062,79718832.0,0.096,-91.75,5253800,13193793,8028900,-0.149
5412,AIRS,Healthcare,Medical Care Facilities,NASDAQ,46.81,9,15,77,31,1.82,127608518.55489302,72095209.0,0.0747,-84.83,975180,923753,944402,-0.025
5413,RDHL,Healthcare,Drug Manufacturers - Specialty & Generic,NASDAQ,46.62,9,14,12,7,0.47,4443842.0,8887684.0,0.039300002,-78.24,146310,3808443,2297286,
5414,FAC,Industrials,Electrical Equipment & Parts,NASDAQ,46.57,9,5,10,46,5.06,642139470.0,107023245.0,2.05,-80.02,340990,399880,360804,
5415,YMAT,Basic Materials,Specialty Chemicals,NASDAQ,46.57,9,14,18,3,1.31,5794599.045338273,4010103.0,0.0252,-89.92,3521490,2590020,1583774,
5416,UAMY,Basic Materials,Other Industrial Metals & Mining,NYSE,46.55,9,21,36,94,3.86,591260633.1932082,148185622.0,0.2326,-80.42,4446900,5575373,6228616,-0.247
5417,ABR,Real Estate,REIT - Mortgage,NYSE,46.38,9,16,10,26,3.25,664146622.4050632,186558043.0,0.0,-73.87,6743880,5095266,4781298,-0.248
5418,GLXG,Industrials,Staffing & Employment Services,NASDAQ,46.37,9,11,7,16,0.98,5901899.906853437,5961515.0,0.0117,-81.3,166890,97720,198450,0.022
5419,MNTS,Industrials,Aerospace & Defense,NASDAQ,46.35,9,6,14,7,3.5,81484218.54783726,21963401.0,0.0847,-89.84,699450,623456,887238,-0.869
5420,STFS,Communication Services,Advertising Agencies,NASDAQ,46.26,9,11,98,7,3.76,55457283.848991394,15193776.0,0.0117,-82.09,610280,264883,701412,0.331
5421,AFJKU,Financial Services,Shell Companies,NASDAQ,46.12,8,18,79,99,13.5,,,3.9,-83.12,2580,893,828,
5422,SLI,Basic Materials,Other Industrial Metals & Mining,NYSE ARCA,46.02,8,12,11,83,1.65,429404444.23351717,246784162.0,3.87,-74.22,2500230,1864406,1798650,
5423,METC,Basic Materials,Coking Coal,NASDAQ,46.02,8,17,15,18,8.23,516471297.83608437,63683270.0,0.65480006,-85.76,1893190,2169486,2248208,-0.053
5424,MBIO,Healthcare,Biotechnology,NASDAQ,45.97,8,8,11,9,0.45,3569005.2194095254,7577506.0,0.0087,-75.68,26060,26076,27002,
5425,BTMD,Healthcare,Medical Care Facilities,NASDAQ,45.84,8,11,31,17,1.11,32979226.666272998,28677589.0,0.063,-65.95,139960,192486,244398,-0.095
5426,ENGN,Healthcare,Biotechnology,NASDAQ,45.82,8,11,3,84,1.75,130011656.87470436,67016316.0,0.0221,-85.71,839440,734830,708500,
5427,HXHX,Industrials,Integrated Freight & Logistics,NASDAQ,45.79,8,17,16,19,0.32,5711360.168457031,14720000.0,0.0042,-80.49,3281160,1343550,1880384,-0.065
5428,VSME,Communication Services,Advertising Agencies,NASDAQ,45.77,8,6,18,2,0.84,2571515.119777322,2765070.0,0.1543,-98.43,1264450,1389873,870800,0.009
5429,TREE,Financial Services,Insurance Brokers,NASDAQ,45.77,8,9,35,28,24.29,345934774.470932,14039561.0,0.0646,-64.76,297140,396613,446602,0.253
5430,AEHL,Industrials,Building Products & Equipment,NASDAQ,45.76,8,2,5,0,12.32,190148560.0,19014856.0,0.0034,-97.06,87560,3093850,1970169,-0.386
5431,SPRO,Healthcare,Biotechnology,NASDAQ,45.75,8,7,13,90,1.17,69299447.46222353,58234827.0,0.0202,-62.01,576400,696793,682366,
5432,NEGG,Consumer Cyclical,Internet Retail,NASDAQ,45.63,8,8,3,98,12.01,240991255.19943237,20974000.0,0.229,-87.53,38740,48610,61546,-0.081
5433,FICO,Technology,Software - Application,NYSE,45.62,8,16,33,13,681.77,14281436143.75,21597635.0,0.1082,-63.86,1688010,834163,660034,0.257
5434,NMG,Basic Materials,Other Industrial Metals & Mining,NYSE,45.61,8,17,15,26,1.08,388739294.82017934,329440095.0,6.51,-82.18,645340,464140,427056,
5435,MBOT,Healthcare,Medical Devices,NASDAQ,45.52,8,11,18,41,1.12,77903328.79835844,67158044.0,0.105500005,-67.63,843540,596163,684866,
5436,PLAY,Communication Services,Entertainment,NASDAQ,45.48,8,8,9,15,6.56,235106847.0,34830644.0,0.3621,-70.32,1978610,2897160,2290162,-0.024
5437,XNDU,Technology,Software - Infrastructure,NASDAQ,45.48,8,39,66,99,4.49,1308891248.0584145,304393300.0,0.221,-89.42,9127570,5867373,3957602,0.43
5438,EJH,Consumer Cyclical,Personal Services,NASDAQ,45.25,8,4,5,0,1.32,4768229.490519047,3200154.0,0.0034,-95.02,550530,197263,568076,-0.003
5439,AIFC,Technology,Software - Infrastructure,NASDAQ,45.2,8,7,4,3,0.44,69918255.5,139836511.0,0.0797,-85.81,736650,684623,823992,-0.622
5440,CGTL,Consumer Cyclical,Specialty Retail,NASDAQ,45.17,8,6,3,24,3.66,6464398.783603907,1719255.0,1.2768,-96.19,16010,44330,414474,0.503
5441,ONMD,Healthcare,Health Information Services,NASDAQ,45.16,8,25,19,67,4.91,31395919.162299156,5824846.0,0.0287,-88.36,93590,53280,98446,0.884
5442,BESS,Utilities,Utilities - Renewable,NYSE ARCA,44.97,8,15,30,4,2.27,16395393.223873615,7097573.0,0.0374,-86.74,108020,70053,73228,
5443,FLNA,Healthcare,Biotechnology,NASDAQ,44.94,8,6,8,23,0.82,44926343.625525,48307896.0,0.1314,-83.53,1407130,3959053,2495620,
5444,TPST,Healthcare,Biotechnology,NASDAQ,44.93,8,6,3,7,0.79,13697600.859819293,16889767.0,0.0436,-93.54,450720,5238543,3258964,
5445,CCTG,Industrials,Electrical Equipment & Parts,NASDAQ,44.88,8,10,26,2,0.48,6165404.392195702,13580186.0,0.0016,-98.16,593660,249643,309954,0.05
5446,BLND,Technology,Software - Application,NYSE,44.83,8,12,22,7,1.01,243608711.80329967,236513319.0,0.0588,-72.06,1454160,1865433,2183546,0.07
5447,XTIA,Industrials,Aerospace & Defense,NASDAQ,44.79,8,8,23,88,0.79,29627896.796094418,38477789.0,0.1007,-75.24,813260,966750,845438,56.223
5448,PLCE,Consumer Cyclical,Apparel Manufacturing,NASDAQ,44.79,8,9,17,13,1.92,44251763.5420692,22237067.0,0.4386,-79.92,107550,227753,213640,-0.189
5449,LASE,Industrials,Specialty Industrial Machinery,NASDAQ,44.77,8,5,16,6,0.76,50538391.814368844,60670338.0,0.1319,-84.17,937220,4222283,3208404,-0.305
5450,IMSR,Utilities,Utilities - Regulated Electric,NASDAQ,44.54,8,12,9,9,3.65,400435302.4491677,105935266.0,0.119899996,-88.41,1289350,1369820,1496006,
5451,GAIA,Communication Services,Entertainment,NASDAQ,44.43,8,6,10,13,1.4,35341851.90628111,25425793.0,0.0074,-78.09,80730,86123,115512,-0.053
5452,JAGU,Energy,Uranium,NYSE ARCA,44.35,8,15,9,17,1.17,24030595.78549719,20193777.0,0.0077,-78.73,296010,167696,137620,
5453,FLNC,Utilities,Utilities - Renewable,NASDAQ,44.22,8,14,73,89,7.67,1089474923.7944012,143163588.0,0.36540002,-77.11,6308450,7610936,7817294,0.079
5454,CMTG,Real Estate,REIT - Mortgage,NYSE,44.22,8,9,22,29,1.23,173533576.07096767,141084206.0,0.0396,-66.02,846670,915276,850536,
5455,SPRY,Healthcare,Biotechnology,NASDAQ,44.18,8,8,17,12,4.36,404750703.08126783,99447343.0,0.3345,-66.84,1354770,1439226,1741588,1.142
5456,CWD,Financial Services,Asset Management,NASDAQ,44.17,8,4,5,8,0.51,5030087.5065841675,8840224.0,0.0508,-88.94,496640,3782403,2388920,-0.173
5457,AURE,Financial Services,Capital Markets,NASDAQ,44.08,8,7,7,15,1.1,38727998.92425537,37600000.0,0.0008,-92.47,444050,199516,126288,
5458,NAII,Consumer Defensive,Packaged Foods,NASDAQ,44.03,8,15,16,20,1.29,9271973.679492474,6264847.0,0.0026,-73.99,28700,23926,46438,0.019
5459,GOGO,Communication Services,Telecom Services,NASDAQ,44.03,8,8,9,15,2.22,285921574.60465956,135507862.0,0.17809999,-77.64,1698290,1842046,1875608,-0.014
5460,DOGZ,Consumer Cyclical,Leisure,NASDAQ,44.03,8,6,4,0,0.83,12914485.412423372,14510658.0,0.0021,-94.71,8090,13343,843446,-0.052
5461,PCT,Industrials,Pollution & Treatment Controls,NASDAQ,43.86,8,14,16,12,3.8,881972089.076314,200904810.0,0.38549998,-75.47,7297360,4679753,4586190,1.735
5462,GFAI,Industrials,Security & Protection Services,NASDAQ,43.84,8,10,9,13,0.25,9669147.743606716,31393337.0,0.020399999,-79.67,149650,114470,178780,0.064
5463,GRSD,Consumer Cyclical,Gambling,NASDAQ,43.84,8,7,4,8,1.49,53752170.30051613,35597464.0,0.0465,-82.45,183300,179953,254220,-0.046
5464,DXST,Industrials,Waste Management,NASDAQ,43.77,8,6,3,0,1.93,5360609.9290008545,2215128.0,0.0466,-96.89,4661120,1570233,1563200,2.38
5465,ALIT,Technology,Software - Application,NYSE,43.71,8,10,35,2,9.93,233811788.5782051,26419410.0,0.0394,-85.33,565050,463993,516440,-0.032
5466,IPX,Basic Materials,Other Industrial Metals & Mining,NASDAQ,43.66,8,8,14,38,15.83,614721526.6469421,36224016.0,0.0294,-74.24,256760,327336,293270,
5467,OCS,Healthcare,Biotechnology,NASDAQ,43.65,8,17,9,82,8.5,537663849.0972176,61588073.0,0.029000001,-75.34,339590,237020,240628,0.188
5468,NIKI,Healthcare,Biotechnology,NASDAQ,43.62,8,9,21,16,4.65,3746124.922335148,814375.0,0.0224,-82.05,16270,177450,121378,
5469,UXIN,Consumer Cyclical,Auto & Truck Dealerships,NASDAQ,43.57,8,6,7,22,1.21,280474827.5302619,219980261.0,0.0081,-71.05,1915940,674376,524904,0.749
5470,DCGO,Healthcare,Medical Care Facilities,NASDAQ,43.55,8,7,23,7,0.34,36603497.00172722,98928369.0,0.0287,-79.39,672550,630710,776308,-0.087
5471,BIOA,Healthcare,Drug Manufacturers - Specialty & Generic,NASDAQ,43.52,8,24,98,97,6.26,303378574.61789846,45896909.0,0.0753,-75.88,991450,771063,1011022,0.016
5472,UPLD,Technology,Software - Application,NASDAQ,43.48,8,5,7,3,3.61,11030322.486403942,2957191.0,0.0378,-86.87,35740,39686,36820,-0.079
5473,INSE,Consumer Cyclical,Gambling,NASDAQ,43.41,8,12,27,24,3.75,91331756.71764278,26358372.0,0.0637,-62.31,537240,320530,269470,-0.243
5474,CAPR,Healthcare,Biotechnology,NASDAQ,43.4,8,7,91,98,8.1,520343940.4608679,58138989.0,0.3737,-79.94,4890400,4465513,7456878,
5475,CRGO,Technology,Software - Application,NASDAQ,43.37,8,10,10,18,0.81,50615427.568983436,52073485.0,0.0013,-80.9,78860,67796,203754,0.034
5476,MOBX,Technology,Semiconductors,NASDAQ,43.34,8,3,9,15,1.24,15133573.840837777,17952045.0,0.0919,-90.68,15213760,11009483,6924518,-0.664
5477,KRMN,Industrials,Aerospace & Defense,NYSE,43.23,8,10,10,84,31.39,4524700710.227844,132533708.0,0.113000005,-73.48,3311650,3721403,3221528,0.582
5478,FSP,Real Estate,REIT - Office,NYSE ARCA,43.12,8,7,8,9,0.33,34323865.0039078,104011708.0,0.0076,-80.59,1016510,887570,644142,-0.013
5479,EH,Industrials,Aerospace & Defense,NASDAQ,43.09,8,6,4,17,4.14,313999788.5535517,75845362.0,0.17860001,-79.03,721330,675790,664868,-0.471
5480,EOSE,Industrials,Electrical Equipment & Parts,NASDAQ,43.07,8,9,9,21,3.1,1168978472.131897,364167744.0,0.3328,-84.39,27552360,26358510,26828510,3.514
5481,INBS,Healthcare,Medical Devices,NASDAQ,43.01,7,9,5,1,1.59,5505892.869289756,3316803.0,0.037100002,-93.61,51930,218163,175414,0.358
5482,LCID,Consumer Cyclical,Auto Manufacturers,NASDAQ,43.01,7,8,4,7,3.89,1611760661.7013474,390256808.0,0.5436,-84.58,8891060,11490916,10852722,0.562
5483,PRSO,Technology,Semiconductors,NASDAQ,42.96,7,8,17,41,0.45,7106617.121975005,15120462.0,0.0468,-81.01,145300,225560,260178,-0.411
5484,NRDY,Technology,Software - Application,NYSE,42.86,7,8,20,20,6.9,65025000.81062317,8500000.0,0.07,-69.13,17840,19666,26842,-0.045
5485,NCRA,Consumer Defensive,Packaged Foods,NASDAQ,42.85,7,2,0,2,1.6,3563986.8395739794,2186495.0,0.0425,-97.78,31760,2347466,4367410,-0.461
5486,PCSA,Healthcare,Biotechnology,NASDAQ,42.8,7,13,11,11,1.42,4497351.499959707,2793386.0,0.0063,-90.04,19800,23186,265506,
5487,FLL,Consumer Cyclical,Resorts & Casinos,NASDAQ,42.79,7,14,31,22,1.26,50935826.67579651,36644480.0,0.0201,-62.61,221870,187040,160576,0.056
5488,TTD,Communication Services,Advertising Agencies,NASDAQ,42.79,7,7,10,7,12.09,5649901402.6214905,472795104.0,0.2417,-78.56,18804680,23581573,26317044,0.03
5489,ONEG,Industrials,Engineering & Construction,NASDAQ,42.75,7,13,3,88,0.93,16000000.0,16000000.0,0.0023,-93.78,42620,34816,38616,-0.117
5490,YXT,Technology,Software - Application,NASDAQ,42.73,7,4,14,6,2.31,14145969.9334445,6610266.0,0.62,-92.81,41200,27210,1526124,0.06
5491,PAL,Industrials,Integrated Freight & Logistics,NASDAQ,42.65,7,12,37,26,3.42,99868404.27479887,28052923.0,0.1584,-68.82,860330,804820,813962,-0.053
5492,CLRB,Healthcare,Biotechnology,NASDAQ,42.64,7,19,16,12,1.51,16824751.96957302,9452108.0,0.020299999,-76.84,79810,59446,51380,
5493,ICMB,Financial Services,Asset Management,NASDAQ,42.6,7,7,4,20,0.67,11401653.189687252,14432472.0,0.029000001,-78.53,51160,37186,36210,-0.311
5494,WVE,Healthcare,Biotechnology,NASDAQ,42.53,7,9,17,22,3.54,744842095.8624065,197048175.0,0.1104,-83.71,3691160,3380023,3378016,-0.739
5495,DAVA,Technology,Software - Infrastructure,NYSE,42.36,7,12,6,8,1.91,101458014.37223661,52842717.0,0.0421,-80.67,737020,623600,470502,-0.084
5496,WCT,Technology,Software - Application,NASDAQ,42.3,7,99,2,2,0.94,72440481.91784096,56155414.0,0.0011,-95.61,1956450,1775936,1760011,-0.879
5497,LYEL,Healthcare,Biotechnology,NASDAQ,42.09,7,18,20,92,8.56,226917611.26878166,24505141.0,0.056599997,-80.98,136280,129236,147312,-0.5
5498,QTI,Healthcare,Medical Devices,NASDAQ,42.01,7,7,4,13,2.57,39079520.19667816,14636524.0,0.0188,-93.01,23200,30253,30264,1.032
5499,BRBR,Consumer Defensive,Packaged Foods,NYSE,41.83,7,12,8,6,7.77,863946961.4595251,116278194.0,0.1277,-78.22,4986720,3598200,3728182,0.042
5500,ORGO,Healthcare,Drug Manufacturers - Specialty & Generic,NASDAQ,41.68,7,7,16,11,1.32,171137154.36211252,128674548.0,0.1726,-81.35,703150,671250,780864,-0.567
5501,GNS,Consumer Defensive,Education & Training Services,NYSE ARCA,41.68,7,7,3,11,0.15,28792127.344096303,191947508.0,0.048299998,-85.85,30692310,12956093,8968924,1.281
5502,YCBD,Healthcare,Drug Manufacturers - Specialty & Generic,NYSE ARCA,41.67,7,15,16,13,0.41,5109500.522671491,11205045.0,0.048499998,-83.98,76220,683010,484294,0.206
5503,GPMT,Real Estate,REIT - Mortgage,NYSE,41.52,7,9,18,16,7.37,36678803.245814204,48198166.0,0.0064999997,147.32,24930,30314,27993,
5504,ZDAI,Industrials,Engineering & Construction,NASDAQ,41.48,7,5,4,5,1.4,13237009.970006824,8388473.0,0.0028,-88.33,8750,8856,28340,-0.64
5505,NSPR,Healthcare,Medical Devices,NASDAQ,41.45,7,12,5,14,0.51,29040156.663345575,46838962.0,0.00059999997,-80.16,113550,68960,86090,-0.004
5506,JKS,Technology,Solar,NYSE,41.44,7,10,14,34,8.9,479187200.2223587,52370188.0,0.0929,-72.08,735120,855583,749792,-0.313
5507,BLNE,Financial Services,Mortgage Finance,NASDAQ,41.42,7,10,7,66,0.74,28416990.92323041,32928148.0,0.0525,-80.83,302780,362626,365636,0.601
5508,YOUL,Consumer Defensive,Education & Training Services,NASDAQ,41.4,7,6,5,10,0.4,32082458.58615786,81016310.0,0.0138,-81.22,40030,56283,226512,0.177
5509,CMTL,Technology,Communication Equipment,NASDAQ,41.36,7,5,8,85,1.24,39549090.4915396,29961431.0,0.0145000005,-80.03,226490,282446,295816,-0.164
5510,LGO,Basic Materials,Other Industrial Metals & Mining,NASDAQ,41.23,7,15,6,33,0.46,53852689.16340977,114580190.0,6.26,-82.96,1901840,886896,790698,0.685
5511,PLYX,Healthcare,Biotechnology,NASDAQ,41.21,7,6,1,1,2.09,98474054.14799309,47343297.0,0.0087,-95.73,24090,36273,71470,
5512,MIST,Healthcare,Biotechnology,NASDAQ,41.19,7,13,16,84,0.76,100843364.09682631,124497980.0,0.14850001,-75.16,1105170,1322636,1510990,
5513,CUPR,Healthcare,Medical Instruments & Supplies,NASDAQ,41.14,7,30,28,5,1.99,16949094.89434433,7003758.0,0.0038,-86.55,192500,152370,115624,2.674
5514,DYAI,Healthcare,Biotechnology,NASDAQ,41.07,7,10,82,28,0.46,18429303.71431759,40063703.0,0.0066000004,-71.25,129500,197273,185104,-0.006
5515,CCB,Financial Services,Banks - Regional,NASDAQ,40.97,7,8,24,23,40.93,614051727.5998993,15286327.0,0.0881,-65.91,309140,218693,311596,-0.015
5516,SCLX,Healthcare,Drug Manufacturers - General,NASDAQ,40.97,7,15,95,13,3.49,28561031.81746912,7034737.0,0.0319,-79.24,49630,38726,44384,-0.228
5517,PN,Technology,Solar,NASDAQ,40.93,7,4,15,1,2.4,38212923.48365188,14754025.0,0.0126,-94.0,203550,162030,680298,0.055
5518,NTHI,Healthcare,Biotechnology,NASDAQ,40.9,7,8,10,14,2.71,86128086.47470951,28805380.0,0.0381,-79.14,175430,191073,225880,
5519,AEON,Healthcare,Biotechnology,NYSE ARCA,40.89,7,3,4,78,0.31,13917299.11168605,49882790.0,0.0785,-78.62,13458280,13252760,9590122,
5520,AVXL,Healthcare,Biotechnology,NASDAQ,40.83,7,17,8,7,1.53,168708257.30214286,92696842.0,0.1609,-85.26,1604310,992973,976814,
5521,COE,Consumer Defensive,Education & Training Services,NYSE ARCA,40.8,7,6,10,35,9.96,63557392.24167824,6007315.0,0.0095999995,-82.26,38160,56576,40372,0.588
5522,LCFY,Communication Services,Internet Content & Information,NASDAQ,40.79,7,9,16,71,1.64,5264095.92922473,2244817.0,0.0015,-77.44,371750,127573,80562,0.47
5523,GEOS,Energy,Oil & Gas Equipment & Services,NASDAQ,40.67,7,7,10,18,4.69,62090896.86727047,12935603.0,0.0342,-84.31,90310,78363,114326,-0.364
5524,AIIO,Consumer Cyclical,Auto Manufacturers,NASDAQ,40.66,7,6,98,0,1.09,141652342.2512703,119035576.0,0.0121,-97.33,3478780,1600270,1187678,95.278
5525,EZRA,Financial Services,Insurance Brokers,NASDAQ,40.62,7,5,1,3,2.41,1806085.6391458511,820948.0,0.023,-95.47,336380,143126,2373142,-0.316
5526,FOFO,Industrials,Consulting Services,NASDAQ,40.47,7,6,7,6,2.04,16450389.324426651,7871000.0,0.0002,-90.65,824230,283480,175330,-0.727
5527,GOAI,Technology,Software - Infrastructure,NASDAQ,40.46,7,21,6,8,1.73,74412104.05757189,41111661.0,0.0091,-90.39,78410,158336,167534,0.016
5528,RPGL,Technology,Software - Application,NASDAQ,40.44,7,2,0,0,36.34,37533745.784015656,1009243.0,0.0026,-99.95,47186,27538,26016,3.414
5529,KLRA,Healthcare,Biotechnology,NASDAQ,40.43,7,12,17,42,10.53,1346997838.1496239,129643676.0,0.046,-62.7,1580390,1195853,946270,
5530,NOMA,Consumer Cyclical,Leisure,NASDAQ,40.36,7,5,8,8,1.74,34588964.83778322,17783529.0,0.0047,-87.99,26440,28093,56300,1.142
5531,AMCI,Technology,Computer Hardware,NASDAQ,40.34,7,7,13,17,2.91,71907879.38217044,23889661.0,0.020399999,-81.78,37990,114216,131096,-0.329
5532,FNUC,Basic Materials,Other Industrial Metals & Mining,NASDAQ,40.18,7,9,8,11,1.1,45950777.852920055,35899046.0,0.0375,-85.2,337650,381243,361868,
5533,WLDS,Technology,Consumer Electronics,NASDAQ,40.11,7,5,1,4,1.39,3419039.9548131227,2459741.0,0.010299999,-97.07,54450,260706,696798,0.19
5534,CLIK,Consumer Cyclical,Personal Services,NASDAQ,40.11,7,5,3,4,1.11,9076814.490019321,8563033.0,0.0058,-90.59,59210,303756,193748,0.572
5535,KLC,Consumer Defensive,Education & Training Services,NYSE,40.06,7,10,72,7,1.97,220441683.07539976,118517033.0,0.106800005,-71.37,697190,648443,850798,-0.004
5536,GUTS,Healthcare,Biotechnology,NASDAQ,39.95,7,21,33,3,4.52,64786198.97093153,159179848.0,0.018099999,84.87,209852,164546,136849,
5537,BOXL,Technology,Consumer Electronics,NASDAQ,39.93,7,14,3,5,3.24,4003138.3666992188,844544.0,0.1251,-96.1,38200,51273,1620600,-0.16
5538,KG,Financial Services,Insurance - Reinsurance,NASDAQ,39.85,7,9,17,18,5.06,40997915.40922165,7824030.0,0.0179,-80.96,17750,33706,25648,0.201
5539,MRM,Consumer Cyclical,Personal Services,NASDAQ,39.84,7,12,15,25,0.55,4519916.183004856,7901951.0,0.002,-80.7,35570,26260,32728,-0.067
5540,KLRS,Healthcare,Biotechnology,NASDAQ,39.81,7,12,37,81,2.56,64273449.83510995,23804981.0,0.0382,-78.45,82950,72166,68126,
5541,MTEK,Technology,Electronic Components,NASDAQ,39.77,6,14,10,21,0.61,7824441.264754534,10559300.0,0.0347,-78.37,5114740,1739196,1064520,1.938
5542,MODD,Healthcare,Medical Devices,NASDAQ,39.73,6,5,7,2,2.66,16546170.456803083,8150823.0,0.0547,-87.42,112080,222846,306792,
5543,ADXN,Healthcare,Biotechnology,NASDAQ,39.65,6,7,16,24,3.13,5379975.333012342,1752435.0,0.0002,-73.85,18640,33653,176278,-0.727
5544,STEM,Utilities,Utilities - Renewable,NYSE,39.59,6,8,9,25,4.47,41009931.64338684,9626744.0,0.1279,-86.13,237220,158890,149096,-0.123
5545,IDN,Technology,Software - Application,NASDAQ,39.48,6,8,12,95,2.25,46005506.223442554,20266743.0,0.0639,-75.22,133450,262516,359116,0.16
5546,SEGG,Consumer Cyclical,Gambling,NASDAQ,39.45,6,2,32,3,2.38,7643497.108254671,3259487.0,0.0429,-93.36,37060,42926,77053,-0.974
5547,CITR,Basic Materials,Specialty Chemicals,NYSE ARCA,39.45,6,14,11,63,2.9,65929781.165687084,22349078.0,0.0556,-72.03,65050,49536,42438,-0.592
5548,AZI,Consumer Cyclical,Auto & Truck Dealerships,NASDAQ,39.41,6,2,4,0,1.12,74975572.00361824,66350064.0,0.0047,-99.05,46620,65676,3077828,-0.63
5549,ALHC,Healthcare,Healthcare Plans,NASDAQ,39.36,6,14,70,67,8.55,1647035094.9295344,207435149.0,0.122,-65.96,10816410,10328203,8524140,0.316
5550,SEAT,Communication Services,Internet Content & Information,NASDAQ,39.33,6,9,28,14,3.35,39569006.18559122,11241195.0,0.2378,-78.31,103310,97006,80080,-0.095
5551,HUHU,Industrials,Specialty Industrial Machinery,NASDAQ,39.32,6,8,12,93,3.12,127500642.61079407,26785848.0,0.0016,-74.43,233260,120356,87572,0.086
5552,FLUX,Industrials,Electrical Equipment & Parts,NASDAQ,39.23,6,7,5,12,0.5,13837850.57069993,21621642.0,0.0379,-93.38,17658190,5979936,4000056,-0.507
5553,PCTTU,Industrials,Pollution & Treatment Controls,NASDAQ,39.17,6,42,71,9,4.31,,,,-75.79,290,103,62,1.735
5554,INSG,Technology,Communication Equipment,NASDAQ,38.67,6,4,15,88,4.57,81063556.19775534,17584285.0,0.1898,-79.13,518600,316896,378780,0.094
5555,TRAW,Healthcare,Biotechnology,NASDAQ,38.62,6,4,5,12,0.48,8759917.780077517,15368277.0,0.0469,-85.32,3080150,1081776,693084,
5556,CYCU,Technology,Information Technology Services,NASDAQ,38.37,6,4,2,2,3.13,98710077.97497153,25840335.0,0.011,-96.45,5317120,2005149,3884601,-0.034
5557,QFIN,Financial Services,Credit Services,NASDAQ,38.19,6,8,14,10,6.18,785425163.9580173,121582842.0,0.0305,-79.79,2297940,2584513,2314278,-0.316
5558,PSQH,Technology,Software - Application,NYSE,38.15,6,6,2,5,3.87,17517688.88909912,3727168.0,0.0232,-89.68,31900,45156,227366,1.078
5559,PLUR,Healthcare,Biotechnology,NASDAQ,38.14,6,7,6,33,1.04,12468183.242271423,12344736.0,0.0056,-78.64,18280,25150,22708,-0.158
5560,ATYR,Healthcare,Biotechnology,NASDAQ,37.97,6,10,7,17,0.28,28151091.02177173,98087425.0,0.12529999,-75.0,15638880,5800950,3734562,
5561,SNES,Basic Materials,Specialty Chemicals,NASDAQ,37.94,6,5,10,12,0.76,4224939.13265717,5423542.0,0.0066000004,-82.92,70660,63950,95070,0.232
5562,OPEN,Real Estate,Real Estate Services,NASDAQ,37.92,6,9,93,97,2.27,2353957437.282673,964736632.0,0.2471,-76.57,29398660,30300150,35704668,-0.437
5563,LFT,Real Estate,REIT - Mortgage,NYSE,37.79,6,9,13,19,4.79,26387158.019742012,5256406.0,0.013300001,-75.18,37640,26047,26515,
5564,UPB,Healthcare,Biotechnology,NASDAQ,37.62,6,10,7,14,4.61,276046044.5506506,54771041.0,0.126,-86.31,801680,669110,654106,-0.175
5565,PLSM,Healthcare,Medical Devices,NASDAQ,37.56,6,7,18,7,1.91,14241228.732095718,6502844.0,0.0058,-85.27,49580,82526,69700,0.52
5566,SLMT,Technology,Software - Infrastructure,NASDAQ,37.52,6,5,3,2,3.5,47670242.180057526,11009294.0,0.033800002,-98.56,99530,107240,83918,8.411
5567,AUUD,Technology,Software - Application,NASDAQ,37.43,6,4,1,4,1.05,7021850.441373825,5803182.0,0.098400004,-94.43,485300,1496353,4120568,
5568,METCB,Basic Materials,Coking Coal,NASDAQ,37.31,6,8,12,32,4.37,275748554.2413521,63683270.0,0.0318,-79.76,62480,95570,86934,-0.053
5569,FRSX,Consumer Cyclical,Auto Parts,NASDAQ,37.26,6,5,4,5,0.95,4621687.859676719,4126507.0,0.0015,-88.05,63960,153163,111214,-0.328
5570,FLYE,Consumer Cyclical,Auto Manufacturers,NASDAQ,37.25,6,10,6,1,1.27,2260854.594432354,1632386.0,0.0074,-94.23,18150,2922403,1757500,-0.484
5571,TYGO,Technology,Solar,NASDAQ,37.22,6,6,29,98,0.91,66562806.19230902,76773711.0,0.060399998,-82.92,800150,806110,1184550,0.056
5572,SAGT,Technology,Software - Application,NASDAQ,37.21,6,5,6,30,0.56,13035750.314593315,22750000.0,0.0041,-83.48,96370,250363,739846,0.014
5573,UFG,Industrials,Marine Shipping,NASDAQ,37.16,6,13,11,11,0.37,14284599.922597408,32465000.0,0.0375,-76.28,172250,3974003,2421722,0.72
5574,LICN,Industrials,Specialty Business Services,NASDAQ,36.96,6,4,3,87,0.97,16326825.0,16326825.0,0.0086,-89.78,11640,17653,35272,-0.28
5575,BYSI,Healthcare,Biotechnology,NASDAQ,36.95,6,4,17,46,0.64,32361298.359607458,41119820.0,0.067,-73.77,1136780,442180,1086950,
5576,PRFX,Healthcare,Drug Manufacturers - Specialty & Generic,NASDAQ,36.85,6,4,3,6,0.88,3219212.538398266,3499144.0,0.0196,-88.93,39810,285353,339582,
5577,PLAG,Industrials,Conglomerates,NYSE ARCA,36.84,6,4,74,19,0.73,9820573.316066563,14232715.0,0.0579,-89.28,147820,2196363,7096834,251.461
5578,TRNR,Consumer Cyclical,Personal Services,NASDAQ,36.83,6,4,1,0,2.27,3050675.2126579285,1380396.0,0.02,-99.13,13430,26056,25770,4.453
5579,HTCR,Technology,Software - Application,NASDAQ,36.77,6,5,9,5,1.75,3000349.468902588,1515328.0,0.012200001,-90.78,65550,30600,31174,0.716
5580,CNTB,Healthcare,Biotechnology,NASDAQ,36.68,6,30,65,95,0.94,58377183.572173774,62974309.0,0.0625,-75.39,18790560,7638350,4746060,56.667
5581,LDI,Financial Services,Mortgage Finance,NYSE,36.57,6,7,11,24,0.62,214728591.95510006,338155268.0,0.17,-83.68,4202150,6207900,4799000,0.097
5582,FHTX,Healthcare,Biotechnology,NASDAQ,36.37,6,53,56,36,2.09,119958335.167315,59385315.0,0.061,-72.54,2098120,988980,720036,1.127
5583,BMGL,Healthcare,Medical Care Facilities,NASDAQ,36.35,6,8,21,6,3.28,5189324.034735441,1582111.0,0.2181,-84.9,28760,1109546,668338,0.671
5584,SOWG,Consumer Defensive,Confectioners,NASDAQ,36.34,6,61,8,5,2.25,45827755.46493745,20099893.0,0.0036000002,-85.85,9180,17030,13100,
5585,IMNN,Healthcare,Biotechnology,NASDAQ,36.32,6,8,7,11,1.14,7182595.679456472,5611403.0,0.0347,-78.89,117660,126876,111216,
5586,ZSQR,Technology,Software - Infrastructure,NASDAQ,36.27,6,2,6,64,4.57,210411577.60635352,53000397.0,11.1,-78.65,587140,451956,413376,
5587,ALAR,Technology,Software - Infrastructure,NASDAQ,36.27,6,1,2,15,1.61,12786957.310083866,7348826.0,0.020499999,-90.28,52370,150173,137084,0.642
5588,VRAX,Healthcare,Biotechnology,NASDAQ,36.2,6,6,10,3,2.11,1753373.6380033493,796988.0,0.039300002,-90.3,368050,148756,491118,6.849
5589,DFSC,Industrials,Aerospace & Defense,NASDAQ,35.96,6,7,17,12,0.91,3853160.8096575737,3471316.0,0.0116,-84.83,110290,170023,3199006,0.92
5590,LENZ,Healthcare,Biotechnology,NASDAQ,35.92,6,6,3,5,3.62,112484825.54281807,31420343.0,0.5565,-92.65,791540,736703,744988,0.097
5591,YDDL,Industrials,Waste Management,NASDAQ,35.9,6,5,4,24,1.36,80127663.25093472,56033333.0,0.0058,-91.62,25600,1268043,763680,0.187
5592,TRIB,Healthcare,Medical Devices,NASDAQ,35.87,6,4,6,34,6.75,4626721.126527786,813132.0,0.0252,-87.14,11580,12660,21668,
5593,LSTA,Healthcare,Biotechnology,NASDAQ,35.8,6,12,81,88,1.17,15881977.329106808,10804066.0,0.0222,-76.92,47480,229970,338456,
5594,GSIW,Financial Services,Capital Markets,NASDAQ,35.68,6,8,34,10,10.61,13907414.824716568,1462399.0,0.0057,-79.28,17990,43300,29752,-0.179
5595,FXHO,Technology,Consumer Electronics,NASDAQ,35.66,6,12,6,2,11.0,261055359.51098728,26276331.0,0.0005,-99.83,32380,88313,152524,
5596,NHTC,Consumer Cyclical,Internet Retail,NASDAQ,35.65,6,9,9,19,0.98,8577849.0,8577849.0,0.0043,-79.32,117430,75266,66284,-0.225
5597,BJDX,Healthcare,Medical Devices,NASDAQ,35.6,6,2,5,6,0.81,866056.4678281546,1034715.0,0.1353,-95.14,915070,2573363,4003960,
5598,MSC,Consumer Cyclical,Resorts & Casinos,NYSE,35.56,6,8,7,15,0.96,202217574.5666802,192588175.0,0.0004,-80.45,328530,129226,97610,-0.134
5599,OIO,Industrials,Waste Management,NASDAQ,35.53,6,4,1,35,1.65,661241996.9025064,348022108.0,0.001,-86.28,122340,142676,127438,
5600,DARE,Healthcare,Biotechnology,NASDAQ,35.52,5,5,46,76,0.79,16581036.865831554,19669083.0,0.043899998,-79.1,284890,301883,605348,
5601,SLQT,Financial Services,Insurance Brokers,NYSE,35.49,5,7,12,4,0.37,73676602.60440326,179261801.0,0.0121,-83.33,1297020,1130493,1123950,-0.068
5602,LIQT,Industrials,Pollution & Treatment Controls,NASDAQ,35.46,5,8,5,37,0.47,17132876.691569805,32947841.0,0.0050999997,-85.97,1033510,410693,297328,-0.12
5603,ENVX,Industrials,Electrical Equipment & Parts,NASDAQ,35.46,5,6,11,18,2.55,614455887.5358784,219448535.0,0.2703,-82.05,7773520,6386140,7484166,0.208
5604,INLF,Industrials,Specialty Industrial Machinery,NASDAQ,35.4,5,0,0,3,3.34,3870557.84801054,1090298.0,0.0117999995,-99.93,6081200,2056270,2681436,0.26
5605,ZEPP,Technology,Consumer Electronics,NYSE,35.27,5,10,3,91,3.86,56020226.4410069,14664981.0,0.05,-93.76,21840,40380,42242,0.069
5606,GOSS,Healthcare,Biotechnology,NASDAQ,35.17,5,7,1,2,10.18,65506547.8433218,6116391.0,0.1573,-96.71,339990,268774,280298,-0.196
5607,AGMH,Technology,Computer Hardware,NASDAQ,35.03,5,10,15,5,0.56,2517462.457127869,3596375.0,0.0995,-93.09,7289110,3094820,1886544,-0.637
5608,LOOP,Basic Materials,Specialty Chemicals,NASDAQ,34.97,5,4,15,54,0.41,21655225.30842513,48337555.0,0.0215,-79.4,110090,187720,2004180,-0.29
5609,ALDX,Healthcare,Biotechnology,NASDAQ,34.96,5,8,14,6,0.96,70581909.98107088,60326421.0,0.0617,-83.81,2962570,1397550,1161902,
5610,CLLS,Healthcare,Biotechnology,NASDAQ,34.84,5,30,23,92,1.34,144028127.53707957,100718974.0,0.0088,-75.55,62780,147993,96488,-0.621
5611,CODX,Healthcare,Medical Devices,NASDAQ,34.78,5,2,34,3,1.12,7539824.819605708,6981319.0,0.0444,-97.59,341810,270113,344110,0.02
5612,ZEO,Technology,Solar,NASDAQ,34.72,5,3,15,6,0.3,12219122.80397299,41703489.0,0.013200001,-85.44,1982140,23425123,14982208,-0.107
5613,AMIX,Healthcare,Medical Devices,NASDAQ,34.66,5,5,5,7,3.41,7408565.583925724,1959938.0,0.031600002,-89.52,379500,256356,5293182,
5614,GOW,Energy,Oil & Gas Equipment & Services,NASDAQ,34.65,5,27,47,49,3.98,180884491.2510109,46740180.0,,-69.43,3799290,1311130,800666,
5615,STEX,Financial Services,Capital Markets,NASDAQ,34.6,5,5,6,9,0.53,71276833.87115908,116465417.0,0.062800005,-92.63,1109880,1061833,1023452,
5616,GAUZ,Technology,Electronic Components,NASDAQ,34.54,5,6,3,4,5.05,5881434.698196411,1143136.0,0.048,-96.43,14810,20988,304788,-0.178
5617,SWMR,Technology,Software - Infrastructure,NASDAQ,34.49,5,32,74,80,14.07,244792022.6884718,15936981.0,0.1254,-83.11,1011900,918946,672440,0.566
5618,SCNX,Healthcare,Pharmaceutical Retailers,NASDAQ,34.43,5,18,19,8,4.13,261167.8257969767,1642565.0,0.0327,58.85,726474,283310,225818,
5619,TC,Communication Services,Advertising Agencies,NASDAQ,34.34,5,1,1,29,1.58,44654778.56193304,26422945.0,0.0015,-92.1,14110,65980,152928,
5620,GSUN,Consumer Defensive,Education & Training Services,NASDAQ,34.25,5,4,4,1,0.22,2176264.7170723975,10028870.0,0.0661,-92.23,1199420,7349390,8966278,0.301
5621,MPLT,Healthcare,Biotechnology,NASDAQ,34.17,5,11,95,89,9.36,545753543.6196365,55575719.0,0.102299996,-76.85,365320,537390,676430,
5622,UWMC,Financial Services,Mortgage Finance,NYSE,34.07,5,5,7,20,1.13,434824582.98888063,345098878.0,0.24790001,-81.63,12803140,11927833,16777962,-0.706
5623,GVH,Industrials,Integrated Freight & Logistics,NASDAQ,34.05,5,4,92,55,1.1,2681173.954553604,2415472.0,0.0332,-82.97,38950,298646,563818,0.08
5624,LZMH,Technology,Information Technology Services,NASDAQ,34.05,5,4,0,6,1.03,10774200.428128242,8978500.0,0.0194,-98.59,416060,154913,492566,0.912
5625,CHSN,Consumer Cyclical,Restaurants,NASDAQ,34.03,5,3,0,16,1.11,2508182.379666209,2322391.0,0.0519,-99.66,226520,94293,127978,-0.045
5626,MVST,Consumer Cyclical,Auto Parts,NASDAQ,33.96,5,4,4,13,0.62,248024736.13558674,384534486.0,0.0858,-91.29,3429490,6073876,6442922,-0.045
5627,TDUP,Consumer Cyclical,Internet Retail,NASDAQ,33.88,5,7,70,20,2.22,284994030.5199623,131333650.0,0.2019,-77.8,1503480,2040863,2655694,0.169
5628,LIMN,Healthcare,Biotechnology,NASDAQ,33.85,5,3,2,1,3.88,5238507.428098202,1343207.0,0.0544,-97.26,20640,28203,278268,
5629,AEI,Real Estate,Real Estate - Development,NASDAQ,33.75,5,15,14,59,0.65,28860705.22940278,38895830.0,0.0508,-83.66,20470,41826,46904,-0.1
5630,INVZ,Consumer Cyclical,Auto Parts,NASDAQ,33.71,5,5,12,11,0.31,107914770.77043486,298107111.0,0.072399996,-87.8,2188230,2627473,3420038,0.855
5631,VRRM,Technology,Information Technology Services,NASDAQ,33.7,5,5,2,13,2.92,427071670.5434742,151982804.0,0.1122,-88.53,6586860,6705713,6201402,0.117
5632,SAIQ,Industrials,Aerospace & Defense,NASDAQ,33.56,5,32,50,50,3.89,55080030.35984337,29772989.0,,-69.96,7381960,2489850,1499160,
5633,IVF,Healthcare,Medical Devices,NASDAQ,33.54,5,4,2,2,0.74,2143458.542816639,2506969.0,0.0774,-99.12,158270,272463,2728866,0.167
5634,VHUB,Consumer Defensive,Grocery Stores,NASDAQ,33.52,5,6,18,1,0.47,46765370.314712495,97427857.0,0.0078,-98.83,165510,258863,180030,5.362
5635,RGNT,Healthcare,Medical Instruments & Supplies,NYSE ARCA,33.52,5,13,9,5,1.63,12994254.017463326,7023921.0,0.0013,-89.48,32910,46583,54450,
5636,WNW,Consumer Cyclical,Internet Retail,NASDAQ,33.51,5,3,6,0,2.3,62798173.08389306,26330471.0,0.0091,-99.83,76940,1142186,715450,62.646
5637,EVMN,Healthcare,Biotechnology,NYSE,33.5,5,8,8,83,6.22,251141424.72886848,36292113.0,0.1173,-81.27,1147730,872453,711014,
5638,PROP,Energy,Oil & Gas E&P,NASDAQ,33.48,5,4,5,9,0.41,42412050.30777037,112798010.0,0.1296,-83.92,950370,1203516,1730714,0.452
5639,AIM,Healthcare,Biotechnology,NYSE ARCA,33.42,5,4,2,2,0.18,7181072.205350161,39894844.0,0.0708,-93.56,1222940,8751410,5876376,0.04
5640,TPET,Energy,Oil & Gas E&P,NYSE ARCA,33.3,5,3,5,7,1.59,8571490.3461591,5323907.0,0.109,-92.93,194950,1086043,707954,0.812
5641,RENT,Consumer Cyclical,Apparel Retail,NASDAQ,33.27,5,13,10,38,1.68,52591219.382100105,33929820.0,0.3398,-83.42,175650,223903,150612,0.208
5642,RVSN,Industrials,Railroads,NASDAQ,33.23,5,6,2,0,3.53,7767925.179730654,2281329.0,0.0242,-99.6,14170,28170,24838,3.283
5643,VCX,Financial Services,Asset Management,NYSE,33.22,5,5,18,45,29.05,1067828623.8088951,35797138.0,0.87,-94.95,361832,465434,610300,
5644,XCUR,Healthcare,Biotechnology,NASDAQ,33.06,5,5,4,9,1.02,7527894.093931317,6545995.0,0.022,-89.24,12180,29046,35252,
5645,CTSO,Healthcare,Medical Devices,NASDAQ,33.04,5,8,8,17,3.87,12761959.651024818,3151101.0,0.041500002,-80.65,12960,21718,14954,0.002
5646,BHST,Consumer Defensive,Packaged Foods,NASDAQ,32.98,5,5,7,14,1.49,33321728.38853216,22667842.0,0.0049,-88.36,23860,32466,47472,0.038
5647,PAVM,Healthcare,Medical Devices,NASDAQ,32.93,5,10,8,17,2.74,28248478.993595123,9842676.0,0.0018000001,-90.37,31810,27403,35062,4.5
5648,GXAI,Communication Services,Electronic Gaming & Multimedia,NASDAQ,32.91,5,9,25,39,0.45,7096180.23421669,13752288.0,0.0305,-82.89,247060,251683,2909396,13.373
5649,CETX,Technology,Software - Infrastructure,NASDAQ,32.83,5,3,0,2,1.96,3511127.5743436813,1721141.0,0.12550001,-97.98,29450,43180,44486,0.087
5650,FMFC,Consumer Cyclical,Footwear & Accessories,NASDAQ,32.81,5,4,5,12,0.15,3165899.87128973,18300000.0,0.1511,-99.04,1828300,2286700,6021002,0.204
5651,VERI,Technology,Software - Infrastructure,NASDAQ,32.8,5,4,5,12,0.69,76119468.43142182,101628127.0,0.1878,-92.68,8407070,4740473,4743394,0.046
5652,RPID,Healthcare,Medical Devices,NASDAQ,32.8,5,7,19,18,0.9,46146792.357127905,50159556.0,0.030299999,-81.78,313500,297820,274108,0.109
5653,ACTU,Healthcare,Biotechnology,NASDAQ,32.48,5,5,7,4,0.72,19667631.575410366,24014202.0,0.1039,-91.52,321630,400313,341818,
5654,SSTK,Communication Services,Internet Content & Information,NYSE,32.46,5,3,5,38,4.47,140770673.92583656,36947684.0,0.105399996,-84.85,885340,951133,1008880,-0.169
5655,REKR,Technology,Software - Application,NASDAQ,32.45,5,8,8,15,0.34,51063138.52928668,137636495.0,0.1266,-90.06,1782470,1748913,1610650,0.025
5656,BBOT,Healthcare,Biotechnology,NASDAQ,32.25,5,17,24,23,3.44,311616642.96356964,80107104.0,0.126,-76.87,624270,662076,505924,
5657,SRXH,Consumer Defensive,Packaged Foods,NYSE ARCA,32.14,5,1,1,5,1.49,32627279.799898744,20265391.0,0.083100006,-96.5,744490,729633,855918,
5658,XELB,Consumer Cyclical,Apparel Manufacturing,NASDAQ,32.11,5,10,43,67,0.53,4310100.0524100065,6560274.0,0.0054,-78.54,80340,71500,75236,-0.151
5659,GRML,Basic Materials,Other Precious Metals & Mining,NASDAQ,32.06,5,2,5,70,5.83,60013229.83156967,7615892.0,0.0908,-84.24,10568910,16523626,10030235,
5660,TOPS,Energy,Oil & Gas Midstream,NYSE ARCA,32.0,4,5,1,8,0.53,4111283.683367729,7613488.0,0.0678,-92.84,2256750,6659376,4079282,-0.419
5661,HOST,Technology,Software - Infrastructure,NYSE ARCA,31.91,4,16,9,16,3.21,,,,-88.14,240290,179030,538096,
5662,BGL,Basic Materials,Gold,NASDAQ,31.9,4,2,0,2,0.19,8227327.266760647,43301723.0,0.0042,-98.36,279030,250423,308122,
5663,RAYA,Industrials,Electrical Equipment & Parts,NASDAQ,31.77,4,4,1,0,1.85,2077778.7301754951,1054710.0,0.0454,-97.42,16600,135470,97376,-0.231
5664,ESLA,Healthcare,Biotechnology,NASDAQ,31.75,4,8,13,92,0.42,20357000.123844624,43497864.0,0.0088,-86.67,29510,39313,34948,
5665,UP,Industrials,Airports & Air Services,NYSE,31.46,4,5,6,4,3.79,126945185.5,36270053.0,0.16459998,-91.19,108460,128253,113180,-0.04
5666,NNOX,Healthcare,Medical Devices,NASDAQ,31.42,4,4,3,15,0.6,49982372.00672281,78588638.0,0.0862,-87.25,860350,1265543,1189080,0.367
5667,EHTH,Financial Services,Insurance Brokers,NASDAQ,31.35,4,6,13,5,0.71,21266482.58973539,31741018.0,0.0138,-87.95,437050,378946,322394,-0.448
5668,VENU,Consumer Cyclical,Restaurants,NYSE ARCA,31.33,4,5,5,5,1.42,79121757.45256448,56515542.0,0.105900005,-89.83,372840,438073,448992,0.069
5669,HCWB,Healthcare,Biotechnology,NASDAQ,31.31,4,4,56,1,1.56,3757024.202700138,2236324.0,0.0053,-94.67,1455490,669733,465070,19.697
5670,GDC,Communication Services,Electronic Gaming & Multimedia,NASDAQ,31.27,4,0,0,40,1.37,5952374.781668186,4162500.0,0.1141,-99.93,272420,1234300,1447836,
5671,ZTG,Industrials,Consulting Services,NASDAQ,31.12,4,4,63,11,0.79,23412738.056913972,24087179.0,0.0223,-93.55,357830,8238506,5565920,-0.405
5672,AIXI,Technology,Software - Application,NASDAQ,31.0,4,4,0,84,1.32,238038.52247476578,131513.0,0.01,-97.56,15825870,6661583,9737254,-0.978
5673,LNKS,Industrials,Electrical Equipment & Parts,NASDAQ,30.99,4,2,3,0,0.88,1614646.0573390722,1606613.0,0.0248,-99.79,16840,24153,162776,-0.016
5674,REED,Consumer Defensive,Beverages - Non-Alcoholic,NYSE ARCA,30.93,4,4,2,73,0.63,8274300.159089506,11820429.0,0.0235,-94.75,59680,166803,134774,-0.214
5675,TMCR,Basic Materials,Other Industrial Metals & Mining,NASDAQ,30.89,4,6,5,56,3.15,230555960.3832817,67414022.0,0.0005,-85.27,178180,91643,97458,
5676,NVX,Industrials,Electrical Equipment & Parts,NASDAQ,30.8,4,4,5,9,2.49,65604340.30468464,24944615.0,0.018099999,-93.55,33030,36376,30004,
5677,ANTA,Financial Services,Credit Services,NASDAQ,30.76,4,6,5,35,2.28,55713274.15686965,24014343.0,0.0005,-83.5,89880,33843,23236,-0.282
5678,WIMI,Communication Services,Advertising Agencies,NASDAQ,30.56,4,7,7,9,0.69,14138106.4120332,18385054.0,0.0063,-86.31,132760,165030,151466,-0.273
5679,BIAF,Healthcare,Diagnostics & Research,NASDAQ,30.42,4,5,2,58,6.16,3637456.376876831,600736.0,0.1196,-92.37,193330,6233770,3989932,0.19
5680,CYN,Technology,Software - Application,NASDAQ,30.34,4,5,6,6,0.61,10390786.02475971,15348281.0,0.0624,-90.94,241740,200410,189386,3.283
5681,FUSE,Technology,Software - Application,NASDAQ,30.33,4,4,4,7,0.44,14376709.557038426,28985302.0,0.1168,-98.24,5681310,1963143,2918482,-0.118
5682,SMJF,Consumer Cyclical,Textile Manufacturing,NYSE ARCA,30.15,4,2,77,17,1.55,51254250.66053867,27705000.0,0.0105,-86.5,640560,1260206,1259794,-0.014
5683,MCRP,Technology,Computer Hardware,NYSE ARCA,30.09,4,8,10,56,0.58,23724144.20954162,34888447.0,0.018099999,-87.43,141090,205420,393322,0.8
5684,FTCI,Technology,Solar,NASDAQ,30.05,4,6,22,20,1.92,35521002.9756031,16521396.0,0.1293,-84.94,531220,445396,358078,0.308
5685,LX,Financial Services,Credit Services,NASDAQ,30.03,4,3,7,9,0.71,112879968.08288586,164788274.0,0.0683,-88.05,1248880,4411930,3291218,-0.112
5686,TCRT,Healthcare,Biotechnology,NASDAQ,29.97,4,10,13,34,0.84,2083193.581829071,2540480.0,0.0026,-81.7,124850,1686483,1016102,
5687,HLSQ,Technology,Information Technology Services,NYSE ARCA,29.86,4,0,0,77,0.31,972000.0,2700000.0,0.0276,-97.48,2080770,1596922,1854585,
5688,BXBL,Consumer Cyclical,Residential Construction,NASDAQ,29.8,4,5,35,48,3.28,780223410.4273005,241555234.0,2.11,-78.33,130610,183406,214388,0.774
5689,WKSP,Consumer Cyclical,Auto Parts,NASDAQ,29.76,4,6,7,4,0.39,6984145.721886307,15282595.0,0.024600001,-89.95,333950,6986433,4360454,0.274
5690,CAPS,Basic Materials,Building Materials,NASDAQ,29.74,4,4,4,8,0.14,3263219.379668683,21754795.0,0.0068,-89.78,11511950,8499640,5457226,0.671
5691,LGVN,Healthcare,Biotechnology,NASDAQ,29.67,4,27,14,82,2.44,8225550.596759796,3188198.0,0.0727,-80.16,70890,143240,112342,-0.092
5692,ELTX,Healthcare,Biotechnology,NASDAQ,29.64,4,2,3,92,1.85,50461212.31210399,26281882.0,0.0817,-88.44,253800,339983,314080,
5693,RDGT,Healthcare,Pharmaceutical Retailers,NASDAQ,29.62,4,2,3,0,0.98,3157699.8173069954,3629540.0,0.0674,-99.87,960140,562213,1929322,0.214
5694,BAER,Industrials,Security & Protection Services,NASDAQ,29.55,4,9,36,42,0.64,40001775.62075734,58826140.0,0.048699997,-81.4,996260,800353,1210726,-0.008
5695,BRFH,Consumer Defensive,Beverages - Non-Alcoholic,NASDAQ,29.5,4,7,11,29,0.82,13861946.58881712,16308172.0,0.0039,-78.07,55520,32576,32544,1.897
5696,CIRC,Industrials,Staffing & Employment Services,NASDAQ,29.39,4,5,3,20,0.46,58461935.088986814,114406923.0,0.0124,-89.91,3864710,1622703,1421412,2.108
5697,APVO,Healthcare,Biotechnology,NASDAQ,29.32,4,3,8,3,1.84,3171467.182815075,1801970.0,0.1039,-94.84,25780,147766,107680,
5698,ATGL,Technology,Software - Infrastructure,NASDAQ,29.26,4,4,8,10,4.8,85604996.86002731,16462500.0,0.0014,-90.4,13450,8620,22680,0.484
5699,SNWV,Healthcare,Medical Devices,NASDAQ,29.14,4,2,7,10,5.54,41463130.85668421,8602309.0,0.0421,-86.44,56140,54353,74476,-0.031
5700,VSA,Consumer Defensive,Education & Training Services,NASDAQ,29.11,4,3,2,1,2.11,6172388.666542053,2792936.0,0.0034999999,-99.88,156330,609960,456870,
5701,BBLG,Healthcare,Biotechnology,NASDAQ,28.76,4,4,18,9,0.49,1309127.0585726202,2756057.0,0.012999999,-82.44,51430,217680,475110,
5702,JFIN,Financial Services,Credit Services,NASDAQ,28.51,4,3,5,7,1.36,68551702.26567936,52329546.0,0.0117999995,-88.32,22750,58783,50636,-0.609
5703,AIFU,Financial Services,Insurance Brokers,NASDAQ,28.5,4,3,20,5,12.85,60561146.14234543,5925748.0,0.010299999,-88.85,39810,45010,38666,-0.24
5704,LEXX,Healthcare,Biotechnology,NASDAQ,28.49,4,9,13,66,3.46,6066800.881072998,2106528.0,0.0875,-83.98,53900,104263,77934,
5705,THRY,Technology,Software - Application,NASDAQ,28.4,4,5,24,5,1.44,67547447.87239122,44439111.0,0.0946,-88.54,606130,695463,837280,-0.284
5706,BYND,Consumer Defensive,Packaged Foods,NASDAQ,28.36,4,5,9,12,7.66,141850211.25,17193965.0,0.2998,-96.68,1312600,1190410,1510711,-0.082
5707,AIRE,Real Estate,Real Estate Services,NASDAQ,28.34,4,5,1,22,1.12,7928743.995059967,6006624.0,0.074499995,-96.55,31700,38090,122642,-0.113
5708,NAMI,Communication Services,Internet Content & Information,NASDAQ,28.34,4,1,1,10,2.19,8652130.211430073,3794794.0,0.04,-91.81,4971100,3141123,3147820,-0.319
5709,CRBU,Healthcare,Biotechnology,NASDAQ,28.21,4,18,30,88,0.62,130793168.92723155,107207513.0,0.1257,-82.46,5062160,2484036,1913036,-0.438
5710,CDLX,Communication Services,Advertising Agencies,NASDAQ,28.07,4,11,3,12,2.28,14898451.311522484,5888716.0,0.1159,-91.46,54580,41896,43284,-0.365
5711,FEMY,Healthcare,Medical Instruments & Supplies,NASDAQ,28.05,4,5,3,10,2.0,17168804.950647593,8375027.0,0.0744,-90.99,118960,110113,907012,-0.189
5712,CNTX,Healthcare,Biotechnology,NASDAQ,27.97,4,3,6,95,0.31,28482545.08905703,91879177.0,0.0867,-91.44,963030,1186616,1624382,
5713,BKYI,Industrials,Security & Protection Services,NASDAQ,27.9,4,7,19,32,1.76,3045049.115623474,1436344.0,0.0047999998,-91.07,17429340,5842600,3539282,0.131
5714,BETR,Financial Services,Mortgage Finance,NASDAQ,27.83,4,6,26,92,9.92,223993245.68526173,18998579.0,0.3111,-89.3,861980,609346,729396,0.282
5715,NNNN,Healthcare,Medical Instruments & Supplies,NASDAQ,27.8,4,3,3,88,4.9,243596168.37158203,43891200.0,0.0011999999,-89.05,51090,204970,179160,0.739
5716,CMPX,Healthcare,Biotechnology,NASDAQ,27.74,4,16,7,95,1.02,154335341.95278347,180087915.0,0.2765,-85.17,7764240,5474100,4601728,
5717,HDRN,Industrials,Specialty Industrial Machinery,NASDAQ,27.73,4,4,1,44,1.17,88658564.7618661,71498842.0,3.46,-90.64,44390,81516,77574,
5718,MNDR,Healthcare,Health Information Services,NASDAQ,27.63,4,2,5,5,1.52,1576790.2226560116,1194538.0,0.0089,-95.33,297080,197986,263306,-0.077
5719,FAMI,Consumer Defensive,Packaged Foods,NASDAQ,27.4,3,0,1,19,0.13,4866933.321481943,37437950.0,0.062800005,-93.4,2689270,49207900,32945756,-0.604
5720,SPWR,Technology,Solar,NASDAQ,27.39,3,3,6,14,0.29,62639083.58905345,208796937.0,0.12189999,-87.22,1933370,13001516,10133288,-0.17
5721,MBAI,Technology,Software - Infrastructure,NASDAQ,27.36,3,18,21,91,3.21,50315890.77659607,15293584.0,0.59,-88.3,21540,27613,24226,
5722,NXH,Consumer Cyclical,Internet Retail,NASDAQ,27.36,3,11,23,23,1.78,263573604.16926312,95497683.0,0.1455,-85.45,5584030,3517773,3154134,0.28
5723,MCRB,Healthcare,Biotechnology,NASDAQ,27.33,3,9,6,12,2.72,29531656.71476698,10044781.0,0.0388,-90.93,87460,63753,65076,
5724,SDA,Consumer Cyclical,Auto & Truck Dealerships,NASDAQ,27.32,3,5,5,19,0.41,43762014.01384202,102009359.0,0.0068,-84.81,233320,1210703,744188,0.214
5725,CDTG,Industrials,Waste Management,NASDAQ,27.29,3,2,1,11,1.08,3232499.0484591722,3021027.0,0.1342,-94.24,126690,5095720,5456520,-0.361
5726,BENF,Financial Services,Asset Management,NASDAQ,27.19,3,5,26,33,1.23,22148898.817583203,15488741.0,0.13350001,-90.14,6607910,20467246,12287676,
5727,SNTI,Healthcare,Biotechnology,NASDAQ,27.15,3,2,21,10,0.33,10028815.483466685,31145390.0,0.0294,-88.54,576600,830253,594676,
5728,FNGR,Communication Services,Telecom Services,NASDAQ,27.08,3,2,3,21,0.2,18888345.81930381,76162686.0,0.056799997,-90.91,82106880,78087070,50999442,-0.923
5729,PBK,Utilities,Utilities - Renewable,NASDAQ,27.05,3,4,11,5,0.25,13922644.131175876,61878420.0,0.013300001,-89.36,2566940,1735760,1360124,-0.706
5730,GP,Industrials,Farm & Heavy Construction Machinery,NASDAQ,27.0,3,10,41,7,0.37,5544945.214312315,9884038.0,0.012200001,-89.05,342230,284273,283460,-0.717
5731,AGRZ,Consumer Defensive,Farm Products,NASDAQ,26.9,3,7,12,4,3.39,3551190.5,1092674.0,0.051999997,-97.65,30242,330008,452901,0.307
5732,AUID,Technology,Software - Infrastructure,NASDAQ,26.75,3,2,22,6,0.36,7340228.9964033365,16720339.0,0.0456,-88.01,1643490,946923,677464,-0.66
5733,MASK,Technology,Software - Application,NASDAQ,26.74,3,3,7,1,0.85,3038522.927879095,3595885.0,0.0367,-96.18,188080,897196,617618,1.069
5734,RCT,Technology,Software - Application,NASDAQ,26.74,3,2,2,5,0.13,14601340.97458072,75654615.0,0.0019,-94.44,863780,769810,717016,0.336
5735,INUV,Technology,Software - Application,NYSE ARCA,26.61,3,3,6,9,0.51,9395354.912103832,16483079.0,0.033099998,-86.58,115820,147590,205228,-0.668
5736,SDOT,Consumer Defensive,Farm Products,NASDAQ,26.55,3,3,3,3,9.91,18288278.25513935,1707589.0,0.0554,-96.19,93180,193943,1208458,
5737,BYAH,Consumer Defensive,Household & Personal Products,NASDAQ,26.54,3,1,1,0,2.57,1869488.3741326332,795527.0,0.0507,-98.71,453550,244226,534999,0.015
5738,LTRN,Healthcare,Biotechnology,NASDAQ,26.41,3,7,42,14,0.91,12844595.573655128,14935576.0,0.0438,-80.65,355450,260073,197500,
5739,FCHL,Consumer Defensive,Education & Training Services,NASDAQ,26.39,3,3,0,1,0.96,1222473.8157640696,1318742.0,0.014099999,-99.66,100240,303570,278826,-0.054
5740,SLGB,Industrials,Integrated Freight & Logistics,NASDAQ,26.26,3,4,4,4,0.27,12959999.442100525,45000000.0,0.1611,-95.56,4768830,3434456,4826686,-0.221
5741,RAIN,Industrials,Pollution & Treatment Controls,NASDAQ,26.21,3,2,8,13,0.75,9035527.545008719,11704051.0,0.0156,-91.2,144690,2446876,2164096,
5742,YFOR,Industrials,Specialty Business Services,NASDAQ,26.15,3,1,0,0,1.01,11442575.09897232,7837380.0,0.045700002,-99.86,644120,4396086,3587608,0.268
5743,XHLD,Communication Services,Broadcasting,NASDAQ,26.12,3,99,61,10,0.55,5846212.249693543,11979943.0,0.081999995,-96.43,19921860,9244190,9177602,-0.345
5744,THH,Industrials,Specialty Business Services,NASDAQ,26.06,3,3,2,0,1.44,7506937.5,5004625.0,0.0007,-99.74,138950,60556,129285,0.005
5745,CCHH,Consumer Cyclical,Restaurants,NASDAQ,26.03,3,1,1,10,1.01,3920573.9266872406,3843700.0,0.00029999999,-99.34,22700,36186,139042,0.101
5746,MSS,Consumer Defensive,Grocery Stores,NASDAQ,25.94,3,2,2,2,1.67,1353688.0993384123,870539.0,0.0747,-96.82,272780,4775463,4919424,-0.086
5747,EZGO,Consumer Cyclical,Recreational Vehicles,NASDAQ,25.88,3,2,0,4,0.9,4510014.27650249,5305899.0,0.0005,-99.92,468160,178680,145484,-0.031
5748,MYSZ,Consumer Cyclical,Apparel Retail,NASDAQ,25.85,3,4,9,11,1.47,7757244.108924389,4818164.0,0.3064,-85.64,39680,1174023,933074,0.53
5749,CNSY,Healthcare,Biotechnology,NASDAQ,25.81,3,3,8,11,1.64,12143400.18095076,7589625.0,0.0862,-93.02,264700,140783,118492,-0.704
5750,HUBC,Technology,Software - Infrastructure,NASDAQ,25.72,3,1,0,0,0.95,1813779.1928737164,1795821.0,0.0187,-100.0,390080,308623,276352,0.195
5751,HTCO,Industrials,Marine Shipping,NASDAQ,25.69,3,5,4,72,1.48,21116845.228546143,9063024.0,0.0167,-97.38,76540,68176,69130,0.383
5752,SQFT,Real Estate,REIT - Diversified,NASDAQ,25.69,3,5,8,16,0.84,1545222.9113134146,1309511.0,0.052399997,-86.88,69520,785123,474342,-0.129
5753,VRXA,Healthcare,Biotechnology,NASDAQ,25.57,3,1,1,77,1.2,159790828.015715,141407813.0,0.53,-95.61,181270,319116,239132,
5754,POM,Healthcare,Pharmaceutical Retailers,NASDAQ,25.46,3,1,1,9,0.85,7970183.432574868,9267655.0,1.05,-99.27,40830,24513,65212,0.06
5755,MIMI,Industrials,Engineering & Construction,NASDAQ,25.42,3,2,4,7,0.88,13091469.443926573,14792621.0,0.0403,-99.05,5018400,9871963,5967844,-0.324
5756,NMTC,Healthcare,Medical Devices,NASDAQ,25.37,3,5,7,40,1.11,10198454.603419662,9105763.0,0.0086,-84.05,227400,636660,410580,0.163
5757,SVRE,Technology,Scientific & Technical Instruments,NASDAQ,25.36,3,7,5,4,1.09,3474770.6142395735,2499835.0,0.009,-94.53,39360,66300,52206,-0.63
5758,AMOD,Technology,Software - Application,NASDAQ,25.31,3,1,1,5,2.27,17334194.867367268,4966818.0,0.0086,-95.63,24509250,8400466,5053172,
5759,CAST,Communication Services,Broadcasting,NASDAQ,25.28,3,35,6,5,1.19,59929145.85609412,50787414.0,0.0627,-96.39,440760,1025170,5231904,0.68
5760,ERNA,Healthcare,Biotechnology,NASDAQ,25.24,3,5,10,1,2.39,3452345.724492073,1166333.0,0.0195,-96.66,95890,62716,55180,
5761,YSS,Industrials,Aerospace & Defense,NYSE,25.09,3,3,11,67,7.38,1233471230.0226784,137357605.0,0.096,-83.43,1946710,3256266,3439666,0.104
5762,FJET,Industrials,Aerospace & Defense,NYSE ARCA,25.0,3,2,14,17,1.61,94593154.25344872,54996019.0,0.1183,-94.89,1232000,1583940,1188058,
5763,DFLI,Industrials,Electrical Equipment & Parts,NASDAQ,24.81,3,5,13,8,0.69,12746961.517276347,14978803.0,0.0968,-97.36,316240,286296,331558,-0.19
5764,WOK,Healthcare,Medical Devices,NASDAQ,24.79,3,0,0,1,1.55,7639558.550424576,4467578.0,0.0309,-100.0,55340,54400,243078,0.191
5765,FMST,Basic Materials,Other Industrial Metals & Mining,NASDAQ,24.74,3,7,19,68,0.56,10168356.236529768,17352143.0,0.0125,-87.75,626220,270713,200154,
5766,PAVS,Consumer Defensive,Packaged Foods,NASDAQ,24.73,3,0,0,0,3.87,3236148.75,862973.0,0.0464,-100.0,16620,17020,754186,707.98
5767,AIDX,Healthcare,Medical Devices,NASDAQ,24.72,3,3,1,0,0.34,4852715.07910645,12770303.0,0.0044,-99.32,71000,63690,79776,0.365
5768,KNRX,Technology,Software - Application,NYSE ARCA,24.68,3,4,2,11,0.21,7271123.782143503,30423113.0,0.05,-93.91,32575830,10905276,9504784,-0.397
5769,TVRD,Healthcare,Biotechnology,NASDAQ,24.48,3,7,9,6,1.1,15339784.131974816,13338943.0,0.019199999,-97.48,318360,202380,218474,
5770,CYAB,Technology,Software - Infrastructure,NASDAQ,24.47,3,3,1,4,0.19,3519414.2524433583,17597071.0,0.01,-96.94,9567610,14617003,10072490,0.392
5771,NXL,Healthcare,Medical Devices,NASDAQ,24.42,3,3,12,6,4.32,4902095.236317635,855514.0,0.0155,-92.8,6431790,2155242,1294756,-0.828
5772,NIXX,Communication Services,Telecom Services,NASDAQ,24.38,3,10,76,7,0.3,8750705.938868314,28908839.0,0.0078,-84.77,281170,426016,618390,0.204
5773,CHAI,Communication Services,Internet Content & Information,NASDAQ,24.37,3,1,2,3,0.26,7372051.01749295,25866846.0,0.0253,-98.27,486150,11203596,7069120,0.558
5774,TDTH,Technology,Information Technology Services,NASDAQ,24.2,3,4,5,2,1.02,106752539.85769701,108931161.0,0.0001,-96.63,179100,110190,104382,0.436
5775,PSNY,Consumer Cyclical,Auto Manufacturers,NASDAQ,24.12,3,5,13,20,5.58,1023465206.8033948,164280129.0,8.34,-81.06,234770,300120,231882,-0.044
5776,ONCO,Healthcare,Biotechnology,NASDAQ,24.06,3,3,0,0,0.6,3215303.2670613527,4380522.0,0.0309,-99.71,8544900,4290953,2692454,-0.839
5777,TAOP,Technology,Software - Infrastructure,NASDAQ,24.03,3,5,19,9,0.4,3937312.375656277,9603201.0,0.0021,-88.24,618330,249050,326494,-0.325
5778,JEM,Consumer Cyclical,Apparel Retail,NASDAQ,23.95,3,1,1,2,3.57,2517134.3404245377,695341.0,0.0221,-97.36,21030,57360,502814,-0.225
5779,LNAI,Healthcare,Biotechnology,NASDAQ,23.93,2,27,11,2,1.09,5894056.783807278,4533890.0,0.033800002,-91.79,54690,47286,222802,
5780,MDCX,Healthcare,Drug Manufacturers - General,NASDAQ,23.79,2,3,6,1,0.16,11545313.43086949,71710022.0,0.0727,-94.24,1882870,7577183,5276806,
5781,SCNI,Healthcare,Biotechnology,NASDAQ,23.72,2,3,2,6,1.13,901182.7590786219,677581.0,0.6931,-93.07,71420,2251000,1386689,1.46
5782,KDK,Technology,Software - Infrastructure,NASDAQ,23.51,2,9,8,69,1.7,329013795.93013406,200618170.0,0.079,-85.02,9456160,4152043,2897012,5.956
5783,EHGO,Industrials,Business Equipment & Supplies,NASDAQ,23.22,2,5,4,5,0.68,3777649.1955629587,5902577.0,0.0347,-93.93,1114460,712150,1708382,0.262
5784,CIIT,Industrials,Integrated Freight & Logistics,NASDAQ,23.19,2,1,1,4,2.39,2399127.2184515,967390.0,0.0149,-96.65,22960,48626,126162,1.213
5785,HPAI,Technology,Software - Infrastructure,NASDAQ,23.18,2,1,2,4,0.3,11444660.271995366,37646910.0,0.018,-93.44,310690,1191550,839586,0.077
5786,TDIC,Communication Services,Advertising Agencies,NASDAQ,23.03,2,1,0,4,1.97,7305067.978099108,3413583.0,0.0034999999,-99.8,4434410,1496386,982542,-0.275
5787,TGL,Technology,Software - Application,NASDAQ,22.84,2,6,10,4,1.31,2521733.205429077,1954832.0,0.0563,-97.74,386650,403583,486638,1.252
5788,RKDA,Consumer Defensive,Packaged Foods,NASDAQ,22.74,2,3,3,5,0.29,693852.7381311655,2409211.0,0.004,-95.68,2891010,1849050,1205378,-0.008
5789,BIYA,Technology,Software - Application,NASDAQ,22.7,2,1,1,1,2.3,10927782.562836647,6829864.0,0.0194,-98.63,14494980,4857746,3163876,
5790,SURG,Communication Services,Telecom Services,NASDAQ,22.65,2,2,2,3,0.15,7777538.1746928245,52908423.0,0.1114,-95.22,3522860,17876976,24501634,0.407
5791,DVLT,Technology,Software - Infrastructure,NASDAQ,22.61,2,6,6,54,0.15,142459296.4108236,949728605.0,0.171,-96.34,27157420,51873700,48423270,2.871
5792,KSCP,Industrials,Security & Protection Services,NASDAQ,22.58,2,6,4,15,0.68,17761003.855846047,23618357.0,0.10479999,-91.08,756170,821456,996288,2.283
5793,ANPA,Industrials,Specialty Business Services,NASDAQ,22.55,2,4,8,25,1.86,29750457.782064676,15101755.0,0.0013,-98.97,13890,201556,125112,
5794,NMRA,Healthcare,Biotechnology,NASDAQ,22.41,2,11,27,86,0.47,93947956.0,187895912.0,0.0635,-87.12,2319030,1682576,1315054,
5795,CLDI,Healthcare,Biotechnology,NYSE ARCA,22.34,2,3,2,1,1.01,2790918.830901146,2584184.0,0.0888,-96.37,116170,165790,168426,
5796,CVRX,Healthcare,Medical Devices,NASDAQ,22.32,2,6,13,62,1.67,41294474.07962966,26641597.0,0.0864,-85.22,1071930,754110,1105838,0.156
5797,CALC,Healthcare,Biotechnology,NASDAQ,22.26,2,4,11,1,1.48,10925267.362799168,6828292.0,0.0295,-95.89,45420,84593,77972,
5798,AKAN,Healthcare,Drug Manufacturers - Specialty & Generic,NASDAQ,22.2,2,3,88,2,1.93,5226144.710343838,2639467.0,0.089899994,-97.55,139870,1679960,1598320,
5799,SOS,Financial Services,Capital Markets,NYSE,22.12,2,10,12,6,0.3,6174420.879753351,19355551.0,0.0376,-86.73,2951420,2347326,1457070,-0.621
5800,POAS,Healthcare,Medical Devices,NYSE ARCA,22.02,2,2,0,8,0.15,2302545.009803027,16446750.0,0.0379,-97.97,285650,219653,248220,-0.575
5801,SSM,Consumer Cyclical,Auto Manufacturers,NASDAQ,21.91,2,5,9,50,1.37,3859837.5760302544,1464834.0,0.0454,-87.0,8456590,5799630,3532338,
5802,ZONE,Technology,Information Technology Services,NYSE ARCA,21.91,2,3,80,6,0.13,67165593.82405624,508830259.0,0.015700001,-94.86,5214830,6810980,9663828,-0.008
5803,ISPC,Healthcare,Diagnostics & Research,NASDAQ,21.87,2,3,3,1,1.1,2720077.308086157,2518590.0,0.0876,-97.63,619000,1012976,822044,-0.787
5804,TNON,Healthcare,Medical Devices,NASDAQ,21.79,2,0,2,20,3.5,2468073.9318072796,667047.0,0.8595,-93.06,6505290,11485176,8191585,1.268
5805,ARAI,Technology,Scientific & Technical Instruments,NASDAQ,21.79,2,3,1,2,0.19,11205261.434653923,51876209.0,0.0185,-97.23,19693720,7038250,4486302,-0.838
5806,HKIT,Technology,Information Technology Services,NASDAQ,21.71,2,0,0,0,2.41,22299812.97150612,8991860.0,0.0174,-99.98,36800,37710,99732,4.409
5807,SKYE,Healthcare,Biotechnology,NASDAQ,21.58,2,3,8,8,1.65,7438495.447759151,4427676.0,0.037,-91.03,40540,75870,109433,
5808,INHD,Basic Materials,Steel,NASDAQ,21.52,2,0,99,0,3.37,8015447.748266935,2520581.0,0.0197,-99.8,32200,141243,423212,0.903
5809,CHGA,Real Estate,Real Estate Services,NASDAQ,21.52,2,2,3,2,2.27,2811742.1493167877,1120216.0,0.0301,-95.39,3353050,1410794,853687,
5810,KAPA,Healthcare,Biotechnology,NYSE ARCA,21.32,2,4,6,11,0.87,5281197.286286831,3385383.0,0.0475,-90.93,1169880,450984,311803,
5811,RADX,Healthcare,Biotechnology,NASDAQ,21.23,2,6,27,32,1.15,20720400.813786507,14591832.0,0.0033000002,-92.92,56030,63300,62158,-0.369
5812,MERC,Basic Materials,Paper & Paper Products,NASDAQ,21.09,2,3,3,3,0.25,17424687.940866232,67018033.0,0.1318,-91.55,772900,6278276,3946840,0.015
5813,PMAX,Financial Services,Capital Markets,NASDAQ,20.91,2,2,2,0,0.75,3112670.337308049,3661965.0,0.016,-98.56,9629170,3280320,1994338,0.727
5814,TCRX,Healthcare,Biotechnology,NASDAQ,20.73,2,3,15,19,0.28,21757141.51755318,67779255.0,0.048299998,-89.11,531640,1061040,777990,-0.658
5815,NXGL,Healthcare,Medical Instruments & Supplies,NASDAQ,20.65,2,4,6,3,0.18,1696093.3131954968,9747663.0,0.023599999,-93.77,713570,389780,922184,0.278
5816,SLBT,Healthcare,Biotechnology,NASDAQ,20.5,2,3,6,15,1.51,880392847.9030198,560759757.0,0.0001,-89.59,99310,87463,76146,-0.076
5817,SCAG,Industrials,Farm & Heavy Construction Machinery,NASDAQ,20.49,2,4,1,3,0.18,15756296.776999459,72609665.0,0.0063,-94.71,216820,600296,455662,0.913
5818,EYPT,Healthcare,Biotechnology,NASDAQ,20.38,2,3,50,86,3.32,280189448.5,86212138.0,0.24180001,-82.63,2755480,3515586,4650224,-0.905
5819,KUST,Communication Services,Entertainment,NASDAQ,20.37,2,2,1,1,4.5,2915073.2924108505,650686.0,0.0069999998,-98.61,93451,100220,231406,0.882
5820,SILO,Healthcare,Biotechnology,NASDAQ,20.34,2,3,18,34,1.44,2556238.4030222893,1753250.0,0.0182,-86.76,175680,88983,115378,
5821,YHC,Consumer Defensive,Beverages - Wineries & Distilleries,NASDAQ,19.76,2,0,0,13,1.26,1668936.922696352,1303857.0,0.019199999,-98.94,38060,72260,153968,-0.306
5822,EVTL,Industrials,Aerospace & Defense,NYSE,19.7,2,1,5,12,0.55,100172708.17625809,168640928.0,0.1488,-92.49,5810870,5847550,7413388,
5823,UCL,Communication Services,Telecom Services,NASDAQ,19.68,2,3,10,24,0.28,10513460.736624897,38092250.0,0.0109,-89.35,355170,615476,2435546,-0.059
5824,CABO,Communication Services,Telecom Services,NYSE,19.48,2,3,4,26,13.21,69278624.46644306,5673925.0,0.19219999,-92.69,625130,413133,347354,-0.084
5825,GCDT,Industrials,Specialty Industrial Machinery,NYSE ARCA,19.41,2,15,3,2,1.41,5420482.080771476,13551205.0,0.0068,-75.9,5221551,4173736,2548749,0.133
5826,IMCC,Healthcare,Drug Manufacturers - Specialty & Generic,NASDAQ,19.41,2,1,1,2,1.9,1231998.8169622421,603921.0,0.0792,-97.54,776450,5706547,3466320,-0.402
5827,CVKD,Healthcare,Biotechnology,NASDAQ,19.37,2,2,3,6,0.97,3353536.471494198,3567592.0,0.0372,-93.31,268070,908473,560272,
5828,MRLN,Industrials,Aerospace & Defense,NASDAQ,19.19,2,4,4,89,1.41,172825914.49543,101067784.0,8.65,-91.71,3159140,3169736,2372804,-0.294
5829,EMAT,Basic Materials,Other Industrial Metals & Mining,NASDAQ,18.83,2,4,6,10,1.75,1279489293.914194,627200646.0,0.0183,-92.73,1287270,1359513,1188938,
5830,VTIX,Technology,Computer Hardware,NASDAQ,18.8,2,2,2,2,1.13,40765620.41988015,33971349.0,0.2158,-98.78,182740,266416,445668,-0.257
5831,NTCL,Technology,Software - Application,NASDAQ,18.77,2,0,0,11,1.97,4212029.352997541,2160015.0,0.0064999997,-98.73,11810,19630,38216,0.74
5832,FTHM,Real Estate,Real Estate Services,NASDAQ,18.52,2,29,22,21,0.22,11425217.198396921,34207238.0,0.0212,-88.54,6963950,2368513,1468788,-0.056
5833,VMAR,Consumer Cyclical,Recreational Vehicles,NASDAQ,18.32,2,0,0,1,6.17,4179494.4622793198,653046.0,0.055999998,-99.91,24710,166703,235677,86.188
5834,FTFT,Technology,Software - Application,NASDAQ,18.19,2,0,1,3,3.22,27544248.4132967,8077492.0,0.1183,-97.92,138000,11026038,6645496,-0.439
5835,DCOY,Healthcare,Biotechnology,NASDAQ,18.15,2,4,8,2,1.61,1159677.4375033379,655185.0,0.0162,-97.12,406640,4557676,2746270,
5836,DFNS,Industrials,Aerospace & Defense,NASDAQ,17.82,2,1,0,0,6.51,7417033.454189301,1010495.0,0.437,-99.67,272990,551246,1841622,
5837,RNAZ,Healthcare,Biotechnology,NASDAQ,17.81,2,2,31,24,1.76,26581261.1180526,16930739.0,0.0036000002,-91.62,27340,73070,58450,
5838,XAIR,Healthcare,Medical Devices,NASDAQ,17.59,1,2,3,1,2.54,2776027.674283743,984407.0,0.061100002,-95.43,136080,417953,276506,0.005
5839,GIPR,Real Estate,REIT - Diversified,NASDAQ,17.53,1,1,2,3,0.49,1336781.5927565098,3038140.0,0.0150999995,-97.54,35166710,30620190,25145662,-0.132
5840,RIME,Technology,Consumer Electronics,NASDAQ,17.47,1,2,5,16,0.16,3370631.4446605146,21066447.0,0.02,-96.51,1824650,1686536,1654998,1.609
5841,NXTS,Basic Materials,Agricultural Inputs,NASDAQ,17.33,1,2,3,1,1.08,2165466.1838600636,1453333.0,0.0295,-97.8,1852590,646246,408634,
5842,TOPP,Industrials,Trucking,NYSE ARCA,17.33,1,1,26,20,0.17,3087500.0,24700000.0,0.0178,-95.13,56129610,20811103,13017788,0.169
5843,VVOS,Healthcare,Medical Devices,NASDAQ,17.09,1,1,1,5,0.15,3057939.3976715356,20118023.0,0.0938,-95.61,8550690,24675833,16015094,0.349
5844,STKH,Consumer Defensive,Packaged Foods,NASDAQ,16.97,1,7,1,7,0.61,723858.8234490156,1113629.0,0.0039,-95.36,2038450,750740,3683566,
5845,ONEN,Utilities,Utilities - Independent Power Producers,NASDAQ,16.91,1,56,45,47,1.94,198285729.135615,106035149.0,,-83.9,629690,585176,419036,
5846,CMND,Healthcare,Biotechnology,NASDAQ,16.58,1,1,0,1,6.6,2407454.2466951013,3367069.0,0.0106,-98.62,35366,109067,72188,
5847,HCTI,Healthcare,Health Information Services,NASDAQ,16.29,1,1,3,0,0.56,10617133.799147844,14644322.0,0.032899998,-99.73,3297500,3072123,2908892,1.584
5848,MVIS,Technology,Scientific & Technical Instruments,NASDAQ,15.9,1,2,4,10,1.52,45271503.02343607,30588853.0,0.187,-93.42,1268790,1290126,1639369,8.503
5849,PWCM,Financial Services,Capital Markets,NASDAQ,15.86,1,1,2,4,1.01,1609339.1215208173,1794135.0,0.0834,-97.17,901370,461393,770858,-0.16
5850,ARTL,Healthcare,Biotechnology,NASDAQ,15.75,1,3,1,8,3.41,2015808.3565678596,547774.0,0.041199997,-98.1,194170,976842,609099,
5851,PPCB,Healthcare,Biotechnology,NASDAQ,15.7,1,4,3,1,0.5,3213041.3247163296,6331116.0,0.0089,-99.05,256920,3673413,2261254,
5852,CRMT,Consumer Cyclical,Auto & Truck Dealerships,NASDAQ,15.69,1,3,2,4,1.12,8755401.502390385,8338478.0,0.2696,-96.34,495060,536463,401956,-0.576
5853,HKPD,Healthcare,Medical Distribution,NASDAQ,15.56,1,2,9,14,0.1,5424920.240604505,49317457.0,0.006,-94.18,664020,6991543,4246756,-0.317
5854,EPOW,Industrials,Electrical Equipment & Parts,NASDAQ,15.39,1,7,10,21,3.24,10786146.44373846,2555959.0,0.0033000002,-91.24,34760,150170,96406,-0.568
5855,ZCMD,Healthcare,Health Information Services,NASDAQ,15.39,1,1,0,4,1.71,8207965.405780077,4436738.0,0.048,-99.91,138595,924230,1222583,-0.232
5856,CXAI,Technology,Software - Application,NASDAQ,15.27,1,2,8,4,1.89,5446158.131669998,2337407.0,0.105900005,-96.37,141560,130223,222326,0.385
5857,ICCM,Healthcare,Medical Devices,NASDAQ,15.15,1,5,2,5,1.15,7282258.413292766,4638381.0,0.0292,-96.52,231640,141013,148824,0.728
5858,SBFM,Healthcare,Drug Manufacturers - Specialty & Generic,NASDAQ,15.0,1,2,1,17,0.7,2586183.762360275,3877337.0,0.0061000003,-97.12,18066020,6480203,4246420,-0.016
5859,RBNE,Energy,Oil & Gas Midstream,NASDAQ,14.99,1,0,1,4,2.22,2997668.25,1332297.0,0.0172,-98.31,18030,26956,40016,0.292
5860,GMM,Technology,Information Technology Services,NASDAQ,14.97,1,3,0,20,1.74,8063562.415082455,4455007.0,0.0095999995,-98.29,20640,24703,518340,0.362
5861,WATR,Industrials,Industrial Distribution,NASDAQ,14.93,1,2,48,45,1.69,59377911.95490539,31251533.0,0.2,-85.3,112890,96660,126074,
5862,KXIN,Consumer Cyclical,Auto & Truck Dealerships,NASDAQ,14.8,1,1,3,0,1.44,62484401.54409504,45278552.0,0.0082,-99.83,91980,3708113,2339046,6.021
5863,GOVX,Healthcare,Biotechnology,NASDAQ,14.78,1,2,5,2,0.29,2910038.654955566,9093871.0,0.054899998,-98.16,1538490,867833,910904,
5864,QCLS,Technology,Computer Hardware,NASDAQ,14.66,1,6,20,9,0.63,6125999.03488183,8189838.0,1.0633999,-92.29,3410970,10433813,6316284,
5865,SMX,Industrials,Specialty Business Services,NASDAQ,14.54,1,12,12,0,3.9,4158482.4873275757,1088608.0,0.0355,-99.93,380240,152623,99056,
5866,BZAI,Technology,Software - Application,NASDAQ,14.35,1,3,7,11,0.29,69519377.1661208,144832039.0,0.1296,-95.71,3175230,3177136,5094332,5.047
5867,XCH,Industrials,Electrical Equipment & Parts,NASDAQ,14.25,1,1,12,25,3.08,12724560.387124538,4001434.0,0.35,-93.84,90430,38390,51367,-0.175
5868,PRPL,Consumer Cyclical,"Furnishings, Fixtures & Appliances",NASDAQ,14.17,1,2,6,26,1.91,9155224.684233189,4359631.0,0.05,-92.28,27590,49180,43352,-0.065
5869,ACH,Healthcare,Medical Distribution,NYSE,13.95,1,4,38,26,0.47,39221398.30657959,76904704.0,0.1428,-91.61,1707360,1320803,1665992,-0.101
5870,DDC,Consumer Defensive,Packaged Foods,NYSE ARCA,13.87,1,1,1,8,0.2,12505077.132239938,56841260.0,0.0166,-97.95,9901870,8268590,5182992,0.222
5871,GPUS,Industrials,Conglomerates,NYSE ARCA,13.85,1,2,7,3,0.16,23279320.84486276,136937180.0,0.3068,-95.62,45607230,40657950,26628063,0.348
5872,ADGM,Healthcare,Medical Devices,NASDAQ,13.84,1,12,5,84,0.13,4159967.1062107086,27189328.0,0.0342,-94.97,2744170,2248793,11563730,
5873,OBAI,Technology,Software - Infrastructure,NASDAQ,13.7,1,3,2,0,0.19,6294860.263465136,29975526.0,0.1,-99.51,1213820,3312426,2280250,-0.068
5874,EDVA,Healthcare,Biotechnology,NYSE ARCA,13.68,1,1,1,2,0.17,1019590.8030716926,6412521.0,0.049000002,-98.73,1899480,4887490,5624008,
5875,TENX,Healthcare,Biotechnology,NASDAQ,13.56,1,2,92,92,1.91,74099356.37380457,37423917.0,0.14829999,-90.15,2244550,4134030,6615762,
5876,HAO,Communication Services,Advertising Agencies,NASDAQ,13.16,1,0,0,23,2.6,988540.2174582481,366126.0,0.0645,-99.94,38870,101060,244505,1.373
5877,CSAI,Technology,Software - Infrastructure,NASDAQ,13.1,1,3,6,6,2.63,2373724.2991280556,885718.0,0.0728,-96.2,192170,109443,105928,0.135
5878,MKDW,Consumer Cyclical,Auto Parts,NASDAQ,12.9,1,97,94,85,1.09,51639647.09385824,34198442.0,0.0014,-91.58,97200,267716,161242,0.129
5879,BRNX,Utilities,Utilities - Renewable,NASDAQ,12.88,1,1,1,0,1.53,3084949.2289077044,1695027.0,0.0361,-99.63,182260,1521413,1200736,
5880,OFAL,Industrials,Engineering & Construction,NASDAQ,12.71,1,1,1,10,0.43,1184036.3505148888,2637052.0,0.26049998,-96.67,3606240,5043693,8866119,-0.215
5881,VIVS,Healthcare,Biotechnology,NASDAQ,12.71,1,1,6,18,0.19,2678157.839907661,13390789.0,0.0423,-94.63,509690,780013,3321242,-0.514
5882,MBRX,Healthcare,Biotechnology,NASDAQ,12.69,1,2,8,3,0.44,9927874.626703262,20385780.0,0.0148,-97.21,850310,1026416,1615214,
5883,BDRX,Healthcare,Biotechnology,NASDAQ,12.43,1,1,3,1,0.56,638020.9249069691,1029066.0,0.2642,-99.06,170680,7151723,4681898,
5884,ZBAO,Financial Services,Insurance Brokers,NASDAQ,12.13,1,1,3,38,0.08,44743806.82092856,466081317.0,0.0002,-94.03,14310100,11502513,21593594,0.407
5885,ZNB,Communication Services,Entertainment,NASDAQ,12.09,1,0,0,0,1.06,1493584.363002777,969860.0,0.0656,-99.97,2946940,1008506,1236834,
5886,KALA,Healthcare,Biotechnology,NASDAQ,12.08,1,1,0,1,0.36,7445817.425561428,19339786.0,0.0231,-99.62,7380690,2967613,1807674,
5887,SGLY,Industrials,Integrated Freight & Logistics,NASDAQ,11.44,1,3,5,10,0.75,3944765.3430690765,5403788.0,0.0052,-95.34,909100,628913,1769370,0.759
5888,ELAB,Healthcare,Biotechnology,NASDAQ,11.43,1,1,0,0,3.14,2720185.355071783,809579.0,0.0425,-99.88,79230,50966,52780,
5889,JDZG,Consumer Defensive,Education & Training Services,NASDAQ,11.42,1,0,87,0,5.53,26523200.83618164,5480000.0,0.0058,-99.46,1184180,761276,651472,0.662
5890,OLOX,Industrials,Metal Fabrication,NASDAQ,11.34,1,0,6,1,1.0,1397170.186659813,1659347.0,0.0191,-98.93,15562570,7941860,5214832,1.937
5891,SHFS,Financial Services,Banks - Regional,NASDAQ,11.25,1,3,1,8,0.62,1212740.226092577,1027746.0,0.014400001,-99.27,481116,213009,138342,0.34
5892,SION,Healthcare,Biotechnology,NASDAQ,11.16,1,2,84,97,4.82,221688113.41060638,45150330.0,0.1423,-91.23,1083180,1354863,2623864,
5893,KITT,Industrials,Aerospace & Defense,NASDAQ,10.91,1,2,0,2,1.54,1892895.4962472916,1245326.0,0.1936,-99.12,1470540,673058,425075,-0.573
5894,LHSW,Technology,Software - Infrastructure,NASDAQ,10.79,1,2,5,1,0.58,6342023.003914297,13493666.0,0.1067,-98.39,1064430,17566956,10587142,-0.147
5895,GNPX,Healthcare,Biotechnology,NASDAQ,10.71,1,1,1,1,2.62,2155834.7638082504,819709.0,0.1011,-99.78,198180,183843,299078,
5896,JUNS,Healthcare,Biotechnology,NASDAQ,10.1,1,1,2,5,2.84,3362228.4871280193,1318521.0,0.0462,-97.91,119140,99273,1151606,
5897,TRUG,Communication Services,Electronic Gaming & Multimedia,NASDAQ,9.9,1,1,1,1,2.75,3190469.166777849,1208511.0,0.1393,-99.02,392309,3415487,2310433,0.344
5898,EDBL,Consumer Defensive,Farm Products,NASDAQ,9.85,0,0,0,0,1.14,2224720.23208344,1951509.0,0.0429,-99.91,762570,777990,1132832,0.128
5899,VBIO,Healthcare,Biotechnology,NASDAQ,9.6,0,0,3,9,2.19,2298855.433817625,887589.0,0.0434,-97.22,6586240,2400692,1854766,
5900,GCTK,Healthcare,Medical Devices,NASDAQ,9.32,0,2,4,1,1.15,1231800.6088342667,1018017.0,0.12109999,-99.16,5700580,2902388,2424294,
5901,XLAB,Technology,Software - Infrastructure,NASDAQ,9.06,0,7,51,45,1.02,90068703.0661391,64334789.0,0.17,-90.87,123890,309956,238368,1.016
5902,NCI,Consumer Cyclical,Apparel Manufacturing,NASDAQ,8.85,0,33,94,6,0.88,2441142.5915908813,2831952.0,0.0804,-99.2,3939350,1886720,1451520,-0.508
5903,NUWE,Healthcare,Medical Devices,NASDAQ,8.81,0,0,0,3,0.69,2190842.4524298906,3175134.0,0.012,-99.6,155100,3124936,5510048,0.141
5904,UZX,Consumer Cyclical,Internet Retail,NASDAQ,8.77,0,1,1,16,1.22,3623220.6925764084,2875572.0,0.065,-98.29,73660,570297,472004,-0.252
5905,VNRX,Healthcare,Medical Devices,NYSE ARCA,8.43,0,1,2,6,0.23,7214559.678742021,30060666.0,0.0366,-98.28,2046120,17198676,10766702,-0.02
5906,PARA,Technology,Software - Application,NASDAQ,8.23,0,1,0,2,0.61,2353680.8406513333,4508967.0,0.1421,-99.23,1660580,639970,473310,-0.273
5907,XXII,Consumer Defensive,Tobacco,NASDAQ,8.12,0,1,0,0,0.89,652590.4979556799,713994.0,0.0533,-99.84,221510,194853,122660,-0.404
5908,NEXR,Consumer Cyclical,Internet Retail,NASDAQ,7.98,0,0,0,1,1.01,560251.3173418045,557464.0,0.108500004,-99.88,676330,612080,568792,0.491
5909,CRIS,Healthcare,Biotechnology,NASDAQ,7.92,0,0,2,7,0.74,1940062.4289091825,2425078.0,0.0287,-97.85,202870,159080,225796,
5910,ELPW,Industrials,Electrical Equipment & Parts,NASDAQ,7.77,0,0,0,0,2.69,2768304.35666728,932089.0,0.0101,-100.0,934520,348533,704062,
5911,NXAT,Industrials,Conglomerates,NASDAQ,7.74,0,1,1,4,0.69,2831996.125,3236567.0,0.18,-99.31,2484460,908680,839691,1079.59
5912,BAOS,Communication Services,Advertising Agencies,NASDAQ,7.54,0,1,24,36,0.24,7841906.50511004,33369815.0,0.020599999,-95.4,261950,6065300,7147312,-0.505
5913,KIDZ,Consumer Defensive,Education & Training Services,NASDAQ,7.28,0,0,0,0,2.22,1970950.297167778,860677.0,0.065799996,-99.98,519220,588980,523532,-0.336
5914,RUBI,Industrials,Marine Shipping,NASDAQ,7.22,0,0,0,0,0.62,1934718.5568788052,1791406.0,0.54,-100.0,3213125,1467541,1196665,-0.192
5915,KPTI,Healthcare,Biotechnology,NASDAQ,7.19,0,2,90,91,0.64,18190530.606354475,22681460.0,0.34849998,-94.18,1500410,1451756,1995366,-0.119
5916,OMH,Real Estate,Real Estate Services,NASDAQ,6.89,0,0,3,16,2.43,4475023.361045837,1688688.0,0.0465,-97.78,59230,413869,589510,
5917,PFSA,Healthcare,Medical Devices,NASDAQ,6.71,0,0,0,0,1.5,1023676.9746599197,605726.0,0.0521,-99.95,9672630,3630806,3435748,
5918,SGRX,Technology,Information Technology Services,NASDAQ,6.55,0,1,1,2,0.76,2397752.2618517876,1902978.0,0.0367,-99.54,2504940,1511790,1077519,
5919,DBGI,Consumer Cyclical,Apparel Retail,NASDAQ,6.53,0,0,1,1,4.33,2798491.8642377853,574639.0,0.31370002,-99.4,257320,1470193,977180,-0.463
5920,JAGX,Healthcare,Biotechnology,NASDAQ,5.91,0,0,0,3,5.0,1903522.124639511,520088.0,0.050100002,-99.61,8640710,4249329,2554341,-0.589
5921,YMT,Technology,Software - Application,NASDAQ,5.8,0,0,0,0,1.17,533759.5222724676,476571.0,0.04,-99.78,5128060,1936801,1345109,-0.077
5922,SMTK,Technology,Semiconductor Equipment & Materials,NASDAQ,5.65,0,0,3,2,1.17,1709068.3253046274,1035799.0,0.1848,-99.38,316160,477676,388429,
5923,INV,Financial Services,Asset Management,NASDAQ,5.53,0,2,51,77,0.27,42644779.8138898,84612657.0,0.1419,-96.56,6583790,7906666,6709082,1.002
5924,JZ,Technology,Information Technology Services,NASDAQ,5.26,0,0,0,9,0.47,1050024.4427357912,2408313.0,0.0234,-99.52,2758010,1823760,1981678,0.398
5925,SUGP,Industrials,Security & Protection Services,NASDAQ,5.11,0,0,0,12,2.44,666139.3116055429,1605155.0,0.0387,-95.56,1562981,1479613,1136412,-0.2
5926,HCAI,Industrials,Farm & Heavy Construction Machinery,NASDAQ,4.95,0,6,21,3,0.5,5533031.249435186,10913276.0,0.0321,-98.08,307740,951126,587672,
5927,HODO,Technology,Software - Application,NASDAQ,4.82,0,0,2,38,0.13,12927182.45302476,89152985.0,0.15,-99.33,5127190,2796850,1769314,
5928,SLXN,Healthcare,Biotechnology,NASDAQ,4.3,0,0,1,2,0.25,1445666.5069732666,5560256.0,0.0444,-99.4,35781190,20623526,12630682,
5929,ONFO,Communication Services,Internet Content & Information,NASDAQ,4.05,0,0,1,91,0.82,731000.0121593475,850000.0,0.0636,-99.34,1010720,461053,2715304,-0.524
5930,FRGT,Technology,Software - Application,NASDAQ,4.04,0,1,9,3,0.25,144175.5023188889,572125.0,0.0921,-99.51,42318500,15573726,9687306,-0.054
5931,VWAV,Industrials,Aerospace & Defense,NASDAQ,3.66,0,0,12,85,4.88,10634494.125276089,2373771.0,0.1566,-98.46,1014700,1002948,651856,
5932,LGHL,Financial Services,Capital Markets,NASDAQ,3.24,0,0,1,1,3.54,185037.45056152344,46144.0,0.16770001,-99.9,2473910,955106,718770,
5933,IPW,Consumer Cyclical,Internet Retail,NASDAQ,3.01,0,0,0,0,1.04,1305076.6455563307,1165247.0,0.069,-99.95,779180,1738443,1246702,-0.782
5934,TWG,Consumer Defensive,Food Distribution,NASDAQ,2.83,0,1,7,13,0.1,6902120.462600142,62746550.0,0.0053,-99.62,19854200,10125346,6311268,0.48
5935,ENLV,Healthcare,Biotechnology,NASDAQ,2.78,0,0,5,28,0.31,7704624.6078287065,19908591.0,0.0028,-98.86,890800,572466,455980,
5936,SDST,Industrials,Electrical Equipment & Parts,NASDAQ,2.77,0,0,7,12,0.08,1234534.317985408,14523933.0,0.106300004,-98.96,31145750,42166803,25984948,
5937,AXG,Financial Services,Capital Markets,NASDAQ,2.63,0,11,31,70,0.1,22356274.910554983,194402387.0,0.019,-97.89,38912290,13204956,7992404,10.784
5938,NXTT,Technology,Software - Application,NASDAQ,2.61,0,0,2,1,5.3,8263317.016661644,1472962.0,0.0398,-99.81,19480,60386,201191,
5939,VIVK,Energy,Oil & Gas Integrated,NASDAQ,2.24,0,0,0,5,4.35,185386.31017315388,598793.0,0.13939999,-99.82,269235,326702,362128,0.104
5940,FFAI,Consumer Cyclical,Auto Manufacturers,NASDAQ,2.11,0,0,2,2,1.1,7536208.886863232,6126999.0,0.1754,-99.56,7239770,3113043,2529744,14.481
5941,RETO,Basic Materials,Building Materials,NASDAQ,1.7,0,0,7,5,1.57,3673368.1369936466,2369915.0,0.0031,-99.68,6563671,3912550,2369715,1.189
5942,FGL,Industrials,Engineering & Construction,NASDAQ,1.69,0,0,3,0,4.5,4995077.752962112,1145660.0,1.9818,-99.94,84090,315597,208158,0.089
5943,VCIG,Industrials,Consulting Services,NASDAQ,1.66,0,0,18,0,0.77,1735099.5260391235,1266496.0,0.0027,-99.99,5377620,2590013,1600972,-0.503
5944,NCT,Industrials,Marine Shipping,NASDAQ,1.48,0,0,14,1,1.52,1723298.586196065,1025773.0,0.1283,-99.85,809610,872082,546215,-0.06
5945,WETO,Technology,Software - Infrastructure,NASDAQ,1.47,0,0,14,6,1.18,1164025.126254201,1077801.0,0.3816,-99.53,8412800,7818700,7294505,-0.45
5946,MGN,Industrials,Engineering & Construction,NASDAQ,1.22,0,0,2,0,3.51,4575665.47704792,1233333.0,0.0297,-99.94,112660,849412,531834,-0.084
5947,LGCL,Technology,Software - Application,NASDAQ,1.07,0,0,7,7,2.82,3281780.855160713,1302294.0,0.01,-99.67,4610460,1980592,1292258,0.431
5948,NIVF,Healthcare,Medical Care Facilities,NASDAQ,1.04,0,1,0,1,0.11,359861.3480447084,2789623.0,0.0069,-99.99,150628560,50306225,30278067,0.119
5949,DCX,Consumer Cyclical,Auto Manufacturers,NASDAQ,0.87,0,1,2,1,2.93,9103186.428499222,2346182.0,0.0004,-99.99,547504,242449,147987,
5950,SXTC,Healthcare,Drug Manufacturers - Specialty & Generic,NASDAQ,0.81,0,0,7,0,2.83,3184617.4934182167,1321418.0,0.0496,-100.0,15825480,5813636,4572857,-0.439
5951,RCON,Energy,Oil & Gas Equipment & Services,NASDAQ,0.77,0,0,3,8,1.2,25441421.25,20353137.0,0.1559,-99.71,163160,268300,828821,0.026
5952,LBGJ,Industrials,Specialty Industrial Machinery,NASDAQ,0.51,0,0,8,0,2.27,34087.75951957703,16792.0,0.22049999,-99.99,342190,465180,885516,-0.096
5953,CISS,Industrials,Marine Shipping,NASDAQ,0.48,0,0,0,1,0.8,1236503.026009798,1487970.0,0.0139,-100.0,307690,1343120,1477965,1.239
5954,CTNT,Industrials,Integrated Freight & Logistics,NASDAQ,0.4,0,2,0,1,2.8,3493494.747405052,1333395.0,0.29860002,-100.0,1438965,1162683,698382,1.454
5955,WHLR,Real Estate,REIT - Retail,NASDAQ,0.34,0,0,0,0,0.69,1176196.7320678234,568211.0,0.0506,-100.0,4281430,6072234,3659803,-0.139
5956,CDT,Healthcare,Biotechnology,NASDAQ,0.33,0,0,0,0,0.84,763020.727350235,770728.0,0.0126,-100.0,654613,389359,235054,
5957,YYAI,Technology,Software - Infrastructure,NASDAQ,0.2,0,0,0,3,0.75,4719374.378910303,4581917.0,0.0481,-100.0,319090,448563,2198902,6.081
