Rank,Ticker,Sector,Industry,Exchange,Relative Strength,Percentile,1M_RS_Percentile,3M_RS_Percentile,6M_RS_Percentile,Price,MarketCap,Float,ShortFloatPct,PctFrom52WkHigh,AvgVol10,AvgVol30,AvgVol50,RevenueGrowth
1,BTLN,Technology,Software - Infrastructure,NASDAQ,574.68,99,62,29,7,5.27,14104224.682660103,2712351.0,0.0176,-20.16,134740,148525,140751,
2,TNMG,Communication Services,Publishing,NASDAQ,441.16,99,99,1,3,4.1,3620327.6540813446,760573.0,0.0101,-66.61,1196060,2058100,6074635,0.057
3,ANL,Healthcare,Biotechnology,NASDAQ,440.39,99,99,99,99,15.51,971764879.1563454,64397937.0,0.0759,-10.09,209780,186546,175890,
4,BURU,Industrials,Specialty Industrial Machinery,NYSE ARCA,426.91,99,1,4,1,0.97,9632838.446669579,9262345.0,0.0253,-77.18,3961750,3242130,4332531,
5,MRNA,Healthcare,Biotechnology,NASDAQ,410.55,99,99,95,91,197.0,75858809075.82176,399235889.0,0.100600004,-5.7,17709360,16879056,21495884,0.021
6,NRSN,Healthcare,Biotechnology,NASDAQ,393.39,99,5,16,10,3.58,7464309.261458397,1896902.0,0.0256,-52.27,27910,255010,312093,
7,BRTX,Healthcare,Biotechnology,NASDAQ,392.05,99,99,14,1,1.89,2955614.064886093,1381128.0,0.0085,-35.47,46320,219896,229931,-0.073
8,IOVA,Healthcare,Biotechnology,NASDAQ,383.87,99,99,95,90,13.31,6441253883.996422,452971432.0,0.2057,-13.01,22029990,16325356,18016744,0.657
9,SNDK,Technology,Computer Hardware,NASDAQ,378.03,99,99,99,99,1609.46,251839216100.11694,146419001.0,0.060300004,-31.64,7493550,9653020,11871334,3.716
10,AXTI,Technology,Semiconductor Equipment & Materials,NASDAQ,367.12,99,99,99,99,71.66,5630771894.542206,65573212.0,0.14029999,-49.94,7481510,8312223,10418272,1.648
11,RFAIU,Financial Services,Shell Companies,NASDAQ,357.77,99,99,49,43,43.1,,,6.66,-19.74,10010,3550,2224,
12,DLXY,Energy,Oil & Gas Refining & Marketing,NASDAQ,345.43,99,8,10,6,2.27,6572699.96881485,3270000.0,0.0095999995,-48.99,1605510,10531277,6333473,0.202
13,ALISU,Financial Services,Shell Companies,NASDAQ,344.05,99,49,54,48,40.0,,,0.0,158.23,5910,1970,1182,
14,MTNB,Healthcare,Biotechnology,NYSE ARCA,341.63,99,2,6,12,2.83,2585930.2627556324,979519.0,0.03,-7.21,314930,567418,1170854,
15,EDRY,Industrials,Marine Shipping,NASDAQ,330.77,99,99,92,95,60.79,177677671.91621017,3179629.0,0.12810001,-16.81,158270,178120,160004,0.57
16,BUUU,Industrials,Specialty Business Services,NASDAQ,328.8,99,99,98,98,40.83,738822014.3795013,18847500.0,0.0014,-22.83,133280,91066,91416,0.123
17,MXL,Technology,Semiconductors,NASDAQ,316.66,99,99,99,92,93.7,9607129750.307365,90693191.0,0.0746,-26.97,3179940,2872306,2683966,0.552
18,TXG,Healthcare,Medical Devices,NASDAQ,316.36,99,99,98,95,77.28,12182224208.0,130291168.0,0.1879,-18.79,4758340,3427133,3379166,-0.127
19,RFAI,Financial Services,Shell Companies,NASDAQ,313.18,99,99,50,47,37.76,319816527.72789,8343765.0,0.0047,-48.27,10010,18443,105534,
20,QMCO,Technology,Computer Hardware,NASDAQ,306.67,99,99,80,20,29.18,1359645034.5,39410001.0,0.39009997,-17.03,2111560,1620880,1960804,0.257
21,CYPH,Financial Services,Asset Management,NASDAQ,306.02,99,99,71,90,2.81,322587377.41402674,106464482.0,0.113800004,-32.94,15775580,16908976,12499724,
22,KOD,Healthcare,Biotechnology,NASDAQ,305.53,99,94,99,99,94.26,5936131021.848679,62849457.0,0.2687,-9.37,6581020,2705373,1852146,
23,SVRN,Financial Services,Asset Management,NASDAQ,298.59,99,23,5,2,39.12,67829506.2737732,1875816.0,0.0082,-47.66,253020,218090,136358,-0.374
24,CDNA,Healthcare,Diagnostics & Research,NASDAQ,290.76,99,99,94,80,62.21,3473953153.3901596,51734223.0,0.124,-10.87,1696340,1376163,1341154,0.522
25,RCEL,Healthcare,Medical Devices,NASDAQ,288.47,99,99,44,48,13.33,393389502.0983591,30926847.0,0.0942,4.47,337730,306423,492288,0.178
26,TWST,Healthcare,Biotechnology,NASDAQ,282.3,99,99,97,90,152.05,12509042377.178925,66301174.0,0.2379,-24.09,3906260,2563936,2268244,0.232
27,VNCE,Consumer Cyclical,Apparel Manufacturing,NASDAQ,273.48,99,96,98,90,11.54,135919864.5,12944749.0,0.0494,-11.16,415600,516540,333368,0.117
28,IGR,Financial Services,Asset Management,NYSE,271.35,99,99,78,78,11.07,588827156.7275047,50586524.0,1.18,-16.83,480222,472420,453285,-0.231
29,CPOP,Communication Services,Entertainment,NASDAQ,261.67,99,0,0,11,2.89,3227152.048088312,1008485.0,0.0465,-88.67,56650,817970,1831916,0.648
30,DELL,Technology,Computer Hardware,NYSE,260.84,99,99,99,92,574.55,357657400548.2178,635812750.0,0.0468,-3.52,5717510,9294843,7731810,0.577
31,AIFA,Technology,Software - Infrastructure,NASDAQ,254.69,99,85,12,68,6.32,28698811.172964096,6420316.0,0.0387,6.4,696810,269576,377596,-0.35
32,OPTT,Industrials,Specialty Industrial Machinery,NYSE ARCA,253.36,99,6,6,20,0.9,9184720.388250351,9004628.0,0.1722,-72.14,1000280,4356116,4324122,0.441
33,ABLV,Consumer Cyclical,Specialty Retail,NASDAQ,250.0,99,41,87,23,2.25,132529987.66626835,55220826.0,2.49,-8.91,401600,166830,110914,0.28
34,BVC,Technology,Software - Application,NASDAQ,247.31,99,99,99,99,12.93,1928639923.0957031,168000000.0,0.0002,-28.17,41090,43933,50302,
35,ROMA,Industrials,Consulting Services,NASDAQ,245.77,99,98,99,98,8.74,512255333.3220806,59564571.0,0.0145000005,-25.74,2620,2636,4020,-0.362
36,LITE,Technology,Communication Equipment,NASDAQ,242.11,99,98,99,99,1048.6,97362177941.89453,89700000.0,0.0792,-3.94,4613170,4470780,4734652,1.093
37,ASBP,Consumer Cyclical,Auto Parts,NASDAQ,239.5,99,99,99,0,8.3,12314450.085476875,1402557.0,0.0249,-55.76,28660,33623,31216,
38,MU,Technology,Semiconductors,NASDAQ,238.11,99,99,99,98,1035.84,1213973420622.2349,1129393151.0,0.024500001,-17.46,26776500,25859010,28995238,3.793
39,OESX,Industrials,Electrical Equipment & Parts,NASDAQ,237.88,99,99,61,49,26.81,124477868.02391434,4089286.0,0.0497,-15.29,48870,82060,94420,0.315
40,TOP,Financial Services,Capital Markets,NASDAQ,236.18,99,99,97,18,15.66,1901353720.6530275,123705513.0,0.0016,-10.1,90520,102780,106502,-0.193
41,SLS,Healthcare,Biotechnology,NASDAQ,234.16,99,99,99,97,11.26,2308466373.7543755,196632574.0,0.2937,-29.09,4596070,6312306,6350100,
42,AGL,Healthcare,Medical Care Facilities,NYSE,231.86,99,99,99,25,84.72,1412812399.1514587,16791210.0,0.0998,-36.32,240600,224846,278764,0.072
43,ECO,Industrials,Marine Shipping,NYSE,231.15,99,98,94,94,94.44,3407817440.7380676,39044655.0,0.057600003,7.67,679550,743806,684368,2.394
44,OABI,Healthcare,Biotechnology,NASDAQ,230.79,99,98,79,26,4.66,708051221.6213894,145390398.0,0.0538,-14.18,1462930,1488386,1765262,2.442
45,PLSE,Healthcare,Medical Instruments & Supplies,NASDAQ,225.79,99,99,91,87,49.98,3416352984.1296616,71322607.0,0.1472,-15.14,470920,618433,535008,
46,CD,Financial Services,Capital Markets,NASDAQ,224.94,99,8,11,32,10.91,741425586.8221283,110003800.0,0.055999998,-70.33,266410,241556,248336,0.984
47,XHG,Financial Services,Insurance Brokers,NASDAQ,223.47,99,99,16,32,2.3,95879143.097399,51547926.0,0.00029999999,-68.19,5852630,1961526,2966494,0.126
48,SILC,Technology,Communication Equipment,NASDAQ,222.35,99,96,97,94,56.84,345029081.3138733,5747611.0,0.020499999,-6.41,140940,166370,177210,0.585
49,IBRX,Healthcare,Biotechnology,NASDAQ,222.28,99,97,97,97,9.91,10900415906.086819,1059836273.0,0.31280002,-20.27,15145200,12053196,10670904,0.939
50,BDSX,Healthcare,Diagnostics & Research,NASDAQ,222.26,99,98,98,92,25.63,292476983.7151222,10551118.0,0.035099998,-19.83,134710,99170,111296,0.342
51,MTC,Financial Services,Capital Markets,NASDAQ,220.98,99,98,88,99,4.83,498934955.903841,99587811.0,0.0063,-46.89,9020,25043,24296,
52,NWGL,Basic Materials,Lumber & Wood Production,NASDAQ,220.28,99,93,2,21,1.16,23836558.5471797,16553165.0,0.038900003,-41.41,109340,999576,2050036,-0.119
53,HLP,Basic Materials,Steel,NASDAQ,217.86,99,94,75,76,2.48,190583808.93617868,74738750.0,0.0055,-5.34,78020,108570,83554,0.402
54,FIRY,Communication Services,Electronic Gaming & Multimedia,NYSE,217.46,99,94,93,17,12.02,207279549.22862148,16622257.0,0.2163,-39.9,127810,148733,171906,0.229
55,ABCL,Healthcare,Biotechnology,NASDAQ,216.99,99,99,92,49,12.02,4452410693.451445,324047363.0,0.13340001,-19.95,6402240,5013026,7173198,-0.763
56,HPE,Technology,Communication Equipment,NYSE,216.28,99,97,97,82,71.0,92033135558.7306,1327464779.0,0.048,1.01,19552280,25279056,21468612,0.337
57,PAYS,Technology,Software - Infrastructure,NASDAQ,215.39,99,99,89,88,14.96,803456454.0336761,56462156.0,0.0461,0.2,927260,825246,816194,0.481
58,PENG,Technology,Information Technology Services,NASDAQ,213.22,99,95,99,80,71.57,3144252041.9160614,51242699.0,0.19680001,-20.35,5556330,2800790,2371280,0.476
59,RNG,Technology,Software - Application,NYSE,212.5,99,98,84,89,78.35,6536862259.423767,83506162.0,0.1537,-4.33,1406970,1543496,1597186,0.059
60,XRPN,Financial Services,Shell Companies,NASDAQ,211.63,99,53,45,44,24.2,1245277742.1569824,31590000.0,0.0029,-54.34,2966270,1131930,694640,
61,ERAS,Healthcare,Biotechnology,NASDAQ,211.62,98,99,99,99,15.46,5155492315.845823,349762035.0,0.104499996,-36.33,4982810,4922366,4208298,
62,SAIH,Technology,Information Technology Services,NASDAQ,210.14,98,99,78,85,25.45,45399483.637908936,1837292.0,0.0031,-22.88,17430,19073,17724,-0.705
63,NCPL,Financial Services,Capital Markets,NASDAQ,209.98,98,8,9,4,1.31,10987058.412891507,7847899.0,0.0315,-52.36,8332360,25634433,26062968,-0.382
64,BAND,Technology,Software - Infrastructure,NASDAQ,209.16,98,98,99,91,51.95,2051203481.1343842,32180788.0,0.15689999,-34.31,805510,919606,908086,0.222
65,XRPNU,Financial Services,Shell Companies,NASDAQ,209.07,98,52,47,45,24.74,,,1.25,-47.34,6400,2290,1876,
66,OKTA,Technology,Software - Infrastructure,NASDAQ,206.5,98,96,96,19,220.21,36972879023.04004,174820928.0,0.054899998,1.67,3011220,4195293,3636372,0.106
67,CLYM,Healthcare,Biotechnology,NASDAQ,205.82,98,99,99,99,10.86,628352605.5987883,57436255.0,0.20889999,-40.75,1148800,1627906,1468762,
68,OMER,Healthcare,Biotechnology,NASDAQ,204.39,98,98,92,95,19.12,1347146604.9423218,72388316.0,0.17889999,-9.98,999460,1396470,1801198,
69,PBF,Energy,Oil & Gas Refining & Marketing,NYSE,204.2,98,98,95,90,89.34,9575405628.941711,118536838.0,0.12560001,7.17,2976380,3625803,3432504,0.562
70,PXS,Energy,Oil & Gas Midstream,NASDAQ,202.09,98,97,78,86,8.1,79148969.81529713,10239194.0,0.0092,-2.41,132110,194863,131308,0.326
71,PURR,Financial Services,Capital Markets,NASDAQ,201.3,98,98,93,91,11.3,2352289096.2521486,197837597.0,0.87,-23.44,15908710,23784056,20576492,
72,AEHR,Technology,Semiconductor Equipment & Materials,NASDAQ,199.98,98,98,99,99,87.21,3501429896.7592926,32659546.0,0.16520001,-40.83,2543950,2715986,2600114,0.337
73,ETON,Healthcare,Drug Manufacturers - Specialty & Generic,NASDAQ,198.56,98,99,97,90,54.75,1582362371.045761,28583135.0,0.0746,-17.51,771790,582503,615640,0.986
74,MRVL,Technology,Semiconductors,NASDAQ,198.48,98,98,97,95,274.66,244708286753.1307,898704613.0,0.0418,-16.74,21048310,21364070,22083010,0.365
75,PSIG,Industrials,Integrated Freight & Logistics,NASDAQ,196.9,98,5,2,90,4.84,70444163.58653641,15380822.0,0.0021,-59.67,1156040,1270220,958112,-0.373
76,MANE,Healthcare,Biotechnology,NYSE,196.89,98,97,98,95,126.63,4878079583.368904,41778687.0,0.1509,-3.51,909400,790256,809160,
77,SWVL,Industrials,Railroads,NASDAQ,196.24,98,99,12,7,3.82,73354535.9008112,18954661.0,0.0197,-54.93,96330,524263,1868676,
78,ANTX,Healthcare,Biotechnology,NASDAQ,196.14,98,99,99,98,4.68,215473914.7095232,37736237.0,0.0754,-34.91,322320,264453,252658,
79,RLYB,Healthcare,Biotechnology,NASDAQ,194.5,98,98,99,97,16.99,90738934.314682,5312584.0,0.0126,-3.32,8270,9573,13554,
80,LIFE,Financial Services,Insurance Brokers,NASDAQ,193.72,98,99,68,33,36.22,2175472502.377556,63759454.0,0.0771,-14.88,1526090,1579916,1672214,1.134
81,FRO,Energy,Oil & Gas Midstream,NYSE,192.94,98,96,91,94,56.26,11741131592.26513,222622890.0,0.0761,2.46,3765470,3826316,3133332,0.965
82,CLMT,Basic Materials,Specialty Chemicals,NASDAQ,192.69,98,98,95,96,57.75,4859014268.222351,87898234.0,0.0645,-3.54,1466090,1463243,1373996,0.408
83,ETS,Industrials,Trucking,NASDAQ,192.58,98,98,74,14,1.48,78433842.61689758,48716672.0,0.0034,-46.18,62030,437306,296236,0.153
84,INSW,Energy,Oil & Gas Midstream,NYSE,192.15,98,97,95,94,121.82,5736221005.983948,49531311.0,0.078600004,4.9,750610,781920,669414,1.401
85,ASX,Technology,Semiconductors,NYSE,191.75,98,98,98,97,45.26,123543924694.48904,2603665389.0,0.0067000003,-5.57,6096200,6573893,6889108,0.267
86,SIF,Industrials,Aerospace & Defense,NYSE ARCA,191.46,98,97,99,98,22.52,147722508.6086731,6254128.0,0.0588,-22.34,31750,57776,105064,0.183
87,AMD,Technology,Semiconductors,NASDAQ,191.0,98,98,98,92,620.68,1034842210033.3375,1632475042.0,0.024600001,-3.84,18996740,20710770,22036116,0.501
88,TEAM,Technology,Software - Application,NASDAQ,190.94,98,96,31,6,203.57,47562251795.84633,253138815.0,0.060900003,1.78,2668750,3291560,4104954,0.276
89,VICR,Technology,Electronic Components,NASDAQ,190.84,98,93,99,98,262.32,14242369233.38684,46106732.0,0.097600006,-31.45,853910,878730,848818,0.493
90,ATEX,Communication Services,Telecom Services,NASDAQ,190.37,98,98,99,92,76.44,1644306263.7927704,19498473.0,0.136,-32.35,236260,286420,310160,0.381
91,COHU,Technology,Semiconductor Equipment & Materials,NASDAQ,190.24,98,96,97,95,68.37,3478428215.751976,47338433.0,0.22,-8.46,1085750,1023060,1055128,0.384
92,SYRE,Healthcare,Biotechnology,NASDAQ,189.36,98,99,99,99,79.9,8216913096.047974,88173762.0,0.1471,-27.48,1759340,1465460,1246712,
93,MAAS,Technology,Information Technology Services,NASDAQ,189.2,98,99,99,97,12.29,6057805334.261702,442175578.0,0.0018000001,-50.64,208240,379176,300534,
94,P,Technology,Computer Hardware,NYSE,188.31,98,88,52,54,150.57,46698466751.75423,333227251.0,0.028800001,6.92,4753940,6523810,5232134,0.377
95,MPC,Energy,Oil & Gas Refining & Marketing,NYSE,188.19,98,97,91,81,463.34,123293595139.50241,291936635.0,0.0319,7.48,2080520,2806206,2664298,0.537
96,RXT,Technology,Software - Infrastructure,NASDAQ,187.07,98,94,99,75,3.62,1050076112.8321171,254872850.0,0.2245,-57.91,4639570,6483786,6940378,0.006
97,SMTC,Technology,Semiconductors,NASDAQ,186.81,98,95,96,96,187.49,18187298450.571533,93325626.0,0.0853,-7.18,2841370,3163583,3126854,0.327
98,CORT,Healthcare,Biotechnology,NASDAQ,184.66,98,97,95,29,118.54,12564277046.18914,108098397.0,0.1114,-6.2,859000,1436070,1309282,0.317
99,IMOS,Technology,Semiconductors,NASDAQ,184.2,98,95,98,96,75.5,2896416575.912384,34770906.0,0.0034,-9.95,116770,89686,93276,0.287
100,NVCT,Healthcare,Biotechnology,NASDAQ,184.01,98,99,98,64,20.13,715557929.2105446,32644066.0,0.1088,-31.24,178870,201053,210064,
101,UMC,Technology,Semiconductors,NYSE,183.7,98,98,99,87,22.82,65882759544.62944,2507908580.0,0.0164,-21.2,11618240,11940833,12047184,0.17
102,NNBR,Industrials,Conglomerates,NASDAQ,183.49,98,97,95,85,4.01,372437830.3611641,82580446.0,0.0511,-16.28,3621390,2388373,2661908,0.193
103,CJMB,Industrials,Integrated Freight & Logistics,NASDAQ,183.18,98,96,6,3,2.26,16246418.300994873,6658368.0,0.0345,-59.71,65640,126793,282324,-0.174
104,FET,Energy,Oil & Gas Equipment & Services,NYSE,182.66,98,97,91,97,84.37,935016959.4358063,11246295.0,0.061300002,-3.49,178100,189506,204454,0.132
105,VLO,Energy,Oil & Gas Refining & Marketing,NYSE,182.06,98,97,92,88,443.8,116984923889.56049,287927461.0,0.039100002,5.91,2668200,3460770,3075376,0.517
106,CHRN,Technology,Information Technology Services,NASDAQ,181.41,98,98,99,94,19.03,2789576655.301857,145214825.0,4.4,-36.57,113930,133536,144126,
107,CPIX,Healthcare,Drug Manufacturers - Specialty & Generic,NASDAQ,181.17,98,98,97,21,6.98,110725158.7295394,14983107.0,0.028800001,-24.78,34650,47256,69610,-0.563
108,NAT,Energy,Oil & Gas Midstream,NYSE,180.91,98,97,93,95,8.58,1782940598.6152935,211750663.0,0.0813,1.78,5262800,5220630,4250302,0.975
109,DINO,Energy,Oil & Gas Refining & Marketing,NYSE,180.11,98,97,93,84,120.72,20153577231.15065,177783849.0,0.062,1.97,2189570,2663660,2653080,0.532
110,CRWD,Technology,Software - Infrastructure,NASDAQ,179.8,98,94,95,32,263.01,276503373483.1232,1023934842.0,0.0277,-3.85,7624320,11229853,9937944,0.258
111,OPTX,Technology,Electronic Components,NASDAQ,179.55,98,98,98,99,8.26,368158098.74899864,40279878.0,0.1866,-44.64,528360,381876,352260,0.261
112,TTRX,Healthcare,Biotechnology,NASDAQ,179.36,98,99,97,11,11.39,404801492.00312805,30367704.0,1.76,-57.02,106510,150240,111120,
113,LIND,Consumer Cyclical,Travel Services,NASDAQ,178.91,98,93,94,92,35.54,2282252703.3178406,65619689.0,0.105900005,0.14,1108990,989716,906674,0.186
114,TKNO,Healthcare,Drug Manufacturers - Specialty & Generic,NASDAQ,178.0,98,96,90,14,8.44,482657319.2517357,53688246.0,0.1437,-10.97,312290,255200,266288,0.185
115,REPL,Healthcare,Biotechnology,NASDAQ,177.92,98,95,98,3,13.04,1231450587.6264496,94219634.0,0.3369,-20.15,2316840,2082543,3696332,
116,KRT,Consumer Cyclical,Packaging & Containers,NASDAQ,177.47,98,97,87,75,53.8,1087674008.8873215,19931721.0,0.0521,-2.02,179320,168906,166528,0.099
117,GRAL,Healthcare,Diagnostics & Research,NASDAQ,177.41,98,92,84,45,132.61,6398884437.481049,44666234.0,0.19479999,-12.44,1302220,1274106,1071280,0.257
118,APPS,Technology,Software - Application,NASDAQ,177.21,98,98,97,21,10.78,1351751521.7328072,121016250.0,0.087,-29.73,3326030,2986593,3472518,0.268
119,DRTS,Healthcare,Biotechnology,NASDAQ,177.16,98,99,98,95,14.0,1365902376.9131393,92478154.0,0.0542,-11.34,423390,575870,542508,
120,WHLRP,Real Estate,REIT - Retail,NASDAQ,176.47,98,96,95,91,12.89,,,0.9,6.71,25880,14576,8886,-0.139
121,CVI,Energy,Oil & Gas Refining & Marketing,NYSE,175.84,97,94,61,73,59.54,5512092927.247025,100530599.0,0.19790001,5.87,933100,1129333,1073978,0.555
122,RVMD,Healthcare,Biotechnology,NASDAQ,175.73,97,99,98,98,188.12,44290477284.69943,214336418.0,0.0476,-16.13,2067320,2085676,1939826,
123,STX,Technology,Computer Hardware,NASDAQ,173.35,97,98,99,99,774.83,193054392735.2251,227393014.0,0.045900002,-32.33,5028040,4248556,4355828,0.485
124,HBB,Consumer Cyclical,"Furnishings, Fixtures & Appliances",NYSE,173.17,97,96,79,70,35.0,510674215.24250793,13442332.0,0.0477,-12.48,100140,88480,87364,0.116
125,ASST,Financial Services,Asset Management,NASDAQ,173.06,97,95,12,22,28.23,2932481248.6821156,97651721.0,0.2832,-48.49,6954590,9518916,7880048,0.946
126,IZM,Technology,Electronics & Computer Distribution,NASDAQ,173.05,97,4,4,2,0.91,2884346.5146136284,2403622.0,0.0378,-66.67,205110,119794,676761,0.072
127,NCEW,Industrials,Integrated Freight & Logistics,NASDAQ,172.72,97,98,97,94,16.85,54144000.244140625,3200000.0,0.0116,-19.12,180,450,2452,0.335
128,ILMN,Healthcare,Diagnostics & Research,NASDAQ,172.28,97,94,92,79,264.57,41229041290.2832,151000000.0,0.114700004,-5.57,3268720,3628433,3020600,0.094
129,ABSI,Healthcare,Biotechnology,NASDAQ,172.22,97,98,99,57,8.94,1899767038.3275604,171614010.0,0.2641,-25.84,4399880,4033326,3467310,-0.464
130,ORKA,Healthcare,Biotechnology,NASDAQ,171.86,97,99,99,99,77.28,5596043537.218437,66209699.0,0.1676,-33.1,961090,941500,897374,
131,FOSL,Consumer Cyclical,Footwear & Accessories,NASDAQ,171.21,97,72,82,98,7.0,402138764.87968826,59138052.0,0.1295,-0.85,902490,808233,919570,-0.049
132,FTNT,Technology,Software - Infrastructure,NASDAQ,171.16,97,94,96,32,189.1,132765483271.23363,733713653.0,0.0226,3.28,3292960,4250856,4460590,0.256
133,GLBS,Industrials,Marine Shipping,NASDAQ,170.82,97,98,96,89,3.5,75538053.5,21582301.0,0.0591,-13.79,167150,159416,174064,0.532
134,QTEX,Technology,Computer Hardware,NASDAQ,170.6,97,19,96,8,1.69,73782551.09919369,67075045.0,0.0583,-56.1,39195030,14003746,9649402,4.377
135,ANDG,Consumer Cyclical,Personal Services,NYSE,170.31,97,97,92,85,56.24,1059399016.0838318,18540410.0,0.1943,-3.33,566310,466810,507768,0.237
136,NTAP,Technology,Software - Infrastructure,NASDAQ,169.94,97,92,91,49,231.05,44443729100.54253,196419005.0,0.051799998,-0.37,2917440,2697040,2568638,0.299
137,BE,Industrials,Electrical Equipment & Parts,NYSE,169.3,97,98,99,99,272.82,85162580298.24774,294527346.0,0.0734,-22.34,14282060,15702776,15210024,1.655
138,DK,Energy,Oil & Gas Refining & Marketing,NYSE,169.11,97,97,95,92,76.6,4546922890.607788,61287542.0,0.103599995,-6.89,2156200,2482830,2085158,0.478
139,FORM,Technology,Semiconductor Equipment & Materials,NASDAQ,168.98,97,96,96,98,137.13,11626953768.001831,77954772.0,0.0584,-14.44,2780980,1694473,1511996,0.319
140,ENGS,Industrials,Waste Management,NASDAQ,168.89,97,98,95,12,3.28,135805938.77680922,44526538.0,0.0095999995,-73.72,2240350,2131793,1731308,-0.278
141,TWLO,Technology,Software - Infrastructure,NYSE,168.72,97,95,93,77,275.77,45240186245.43274,153575220.0,0.045500003,-9.86,6411420,3611683,3220020,0.22
142,LPG,Energy,Oil & Gas Midstream,NYSE,168.64,97,96,89,86,58.23,2447597140.8412857,42782681.0,0.0672,-2.9,605330,608253,594498,1.24
143,DOCN,Technology,Software - Infrastructure,NYSE,168.51,97,97,98,96,123.9,16375317862.980469,116908096.0,0.0921,-33.92,1780720,2498370,2673132,0.286
144,GTE,Energy,Oil & Gas E&P,NYSE ARCA,168.15,97,97,72,91,10.49,369371663.91378117,35380429.0,0.031600002,-8.94,466250,533306,1075854,0.253
145,INTC,Technology,Semiconductors,NASDAQ,168.05,97,98,98,97,107.08,630790950593.6078,5286105262.0,0.0301,-24.78,97855810,103188450,103976398,0.254
146,DHX,Technology,Software - Application,NYSE,167.86,97,96,94,91,4.97,208870351.41524792,43424190.0,0.0093,-4.24,181830,261086,263320,-0.021
147,PUBM,Technology,Software - Application,NASDAQ,167.74,97,96,89,66,18.68,839032127.0951939,45550061.0,0.066300005,-4.11,775550,718916,762812,0.105
148,VIAV,Technology,Communication Equipment,NASDAQ,167.45,97,94,98,99,44.09,11621916522.289642,246749828.0,0.0633,-27.04,6118760,5266773,5149758,0.525
149,DHT,Energy,Oil & Gas Midstream,NYSE,167.29,97,95,86,90,24.93,3818058417.845192,161235573.0,0.1037,5.1,4328730,4077216,3816932,0.955
150,MGLD,Financial Services,Asset Management,NYSE ARCA,167.11,97,36,62,66,2.0,87785988.6627698,43244330.0,0.0058999998,-5.66,2012560,679906,411660,0.257
151,BLZE,Technology,Software - Infrastructure,NASDAQ,166.98,97,98,99,17,12.99,888883978.7483215,61900000.0,0.0925,-45.85,1270930,1611850,2513850,0.177
152,PKOH,Industrials,Specialty Industrial Machinery,NASDAQ,166.9,97,96,94,84,48.45,686391758.2229996,14490010.0,0.0341,-9.1,86070,74200,88814,0.1
153,SGHT,Healthcare,Medical Devices,NASDAQ,166.86,97,96,83,49,8.47,469900539.98991966,55087990.0,0.0312,-12.8,417970,269210,288614,0.195
154,HMR,Industrials,Marine Shipping,NASDAQ,166.49,97,54,57,13,1.88,98516632.45833814,58991997.0,0.0011,-6.7,108280,154566,113448,2.113
155,VAI,Industrials,Rental & Leasing Services,NASDAQ,166.2,97,90,28,20,2.59,32608775.498831034,14557489.0,0.0175,7.92,64180,55816,803344,-0.156
156,AMWL,Healthcare,Health Information Services,NYSE,165.45,97,98,95,53,12.53,210738517.45949364,17008758.0,0.0109,-11.7,93820,100523,106986,-0.266
157,FSLY,Technology,Software - Application,NASDAQ,165.36,97,96,96,98,25.29,4111532914.9246216,159300000.0,0.1574,-27.37,4605880,6807423,6731928,0.233
158,AMLX,Healthcare,Drug Manufacturers - Specialty & Generic,NASDAQ,165.24,97,98,86,96,27.2,3546741885.7655945,127626548.0,0.1348,-33.88,1396510,1552786,2529676,
159,AAOI,Technology,Communication Equipment,NASDAQ,165.01,97,97,98,99,105.9,9814317634.573883,84906289.0,0.15020001,-54.68,10107940,7797383,9916488,0.864
160,EHLD,Industrials,Marine Shipping,NASDAQ,164.74,97,98,65,81,13.25,33348722.02978134,2816615.0,0.0049,-16.14,6530,10883,8836,1.95
161,USIO,Technology,Software - Infrastructure,NASDAQ,164.39,97,96,95,22,2.84,80856264.26223135,27595994.0,0.0023,-7.19,168020,250940,394024,0.186
162,SIMO,Technology,Semiconductors,NASDAQ,163.96,97,98,99,94,261.89,9511259917.5,33908235.0,0.0668,-26.23,624520,729806,966818,1.27
163,AP,Industrials,Metal Fabrication,NYSE,162.89,97,94,96,98,8.95,200388619.75968075,20658621.0,0.070700005,-30.13,96540,80673,88848,-0.09
164,CRSR,Technology,Computer Hardware,NASDAQ,162.87,97,96,86,34,13.09,1491760260.4833765,108176959.0,0.1815,-12.61,1009630,1074323,1557064,-0.018
165,MAGH,Industrials,Engineering & Construction,NASDAQ,162.82,97,97,96,96,6.76,236600008.01086426,35000000.0,0.043,-2.59,0,0,0,0.498
166,HAE,Healthcare,Medical Devices,NYSE,162.57,97,92,74,34,119.47,4762631312.564598,45497051.0,0.0881,8.17,730310,646926,743058,0.056
167,HZO,Consumer Cyclical,Specialty Retail,NYSE,162.52,97,97,82,75,52.43,1156240543.548317,22086735.0,0.1488,-0.25,678610,768056,834878,-0.07
168,XNCR,Healthcare,Biotechnology,NASDAQ,162.45,97,98,79,65,24.5,1846938392.825428,74353397.0,0.3005,-19.96,1446490,1471876,1386668,0.175
169,OPHC,Financial Services,Banks - Regional,NYSE ARCA,162.11,97,97,82,75,9.02,114178435.83819008,12630358.0,0.010299999,-15.54,70720,87450,135580,0.56
170,HAFN,Industrials,Marine Shipping,NYSE,161.93,97,94,80,91,10.85,5487144328.5,535331154.0,0.0255,5.54,3423730,2956650,2201062,0.472
171,FVNNU,Financial Services,Shell Companies,NASDAQ,161.88,97,84,48,35,19.4,,,0.25,-39.17,6650,3244,2254,
172,XP,Financial Services,Capital Markets,NASDAQ,161.75,97,76,33,79,30.21,10910024048.5,507442979.0,0.044,30.61,15074880,10073670,7886314,0.106
173,PANW,Technology,Software - Infrastructure,NASDAQ,161.36,97,94,96,26,398.5,329850312011.71875,818000000.0,0.0269,-2.69,5050540,6497880,6094000,0.345
174,FRD,Basic Materials,Steel,NASDAQ,161.03,97,98,96,56,41.85,296301467.4870148,7212791.0,0.0219,-14.19,40300,54296,69068,0.781
175,BFLY,Healthcare,Medical Devices,NYSE,160.95,97,98,98,96,8.03,2383252337.060132,266285183.0,0.16700001,-20.1,5788860,5593650,5906552,0.395
176,FEAM,Basic Materials,Specialty Chemicals,NASDAQ,160.9,97,13,6,4,3.31,161591804.24616337,41647371.0,0.0143,-55.87,1088870,877620,1010116,
177,SSL,Basic Materials,Specialty Chemicals,NYSE,160.84,97,94,89,97,15.14,8936065018.089884,641037682.0,0.0083,-0.26,1774060,1929773,1595224,0.179
178,AMPL,Technology,Software - Application,NASDAQ,160.64,97,92,62,14,15.29,1925631512.628273,132619246.0,0.0757,3.59,1973070,1778366,1946778,0.212
179,PSX,Energy,Oil & Gas Refining & Marketing,NYSE,160.59,97,95,87,79,281.6,105572948597.33313,399020916.0,0.0196,1.62,2404800,3044256,2940318,0.531
180,CMBT,Energy,Oil & Gas Midstream,NYSE,160.56,96,96,90,81,20.81,5759870025.340982,290169769.0,0.0106,-0.05,1101370,1143223,1071974,0.815
181,HSHP,Industrials,Marine Shipping,NYSE,160.09,96,96,94,96,18.65,857078903.5987854,47170000.0,0.0387,-4.6,497450,495073,423220,0.796
182,NDLS,Consumer Cyclical,Restaurants,NASDAQ,159.92,96,96,94,85,13.81,79953241.72389984,5966660.0,0.0221,-27.32,27550,27313,40230,0.005
183,NTRA,Healthcare,Diagnostics & Research,NASDAQ,159.55,96,94,89,67,390.79,59149561039.286194,144144170.0,0.0343,-8.58,2095950,1636283,1589346,0.377
184,PGEN,Healthcare,Biotechnology,NASDAQ,159.28,96,96,93,90,7.6,3057620995.722039,358035247.0,0.2166,-15.37,6020090,4804616,5478866,63.227
185,RBRK,Technology,Software - Infrastructure,NYSE,159.08,96,81,77,16,120.89,24582160044.725754,207304433.0,0.0832,1.74,2712530,3560593,3380876,0.379
186,MAMK,Industrials,Conglomerates,NASDAQ,159.03,96,98,98,98,13.0,216125000.0,16625000.0,0.0057,-9.09,0,0,0,0.13
187,HNGE,Healthcare,Health Information Services,NYSE,158.81,96,95,96,36,98.0,7881423560.6341095,80694417.0,0.0783,-1.73,1776400,1926796,1887942,0.53
188,TRMD,Energy,Oil & Gas Midstream,NASDAQ,158.72,96,94,85,91,40.06,4106031080.0,102650777.0,0.0242,0.15,2540220,2102283,1482666,1.103
189,OCC,Technology,Communication Equipment,NASDAQ,158.53,96,89,98,97,15.71,161278515.7362213,8842024.0,0.098000005,-43.85,139690,229466,230918,0.22
190,EVC,Communication Services,Advertising Agencies,NYSE,158.52,96,98,99,88,6.78,681087701.4615583,92288305.0,0.16690001,-50.66,1584570,1264923,1486260,1.262
191,TEN,Energy,Oil & Gas Midstream,NYSE,158.32,96,94,90,94,51.83,1507886507.164463,30127603.0,0.0108,-3.73,408760,482043,372454,0.544
192,XGN,Healthcare,Diagnostics & Research,NASDAQ,158.11,96,90,33,8,8.17,197921021.4782467,24225339.0,0.0365,-33.2,312480,278610,357840,0.159
193,MTW,Industrials,Farm & Heavy Construction Machinery,NYSE,158.05,96,96,52,69,21.72,837358895.418211,36061969.0,0.0363,-7.81,534190,453900,443838,0.103
194,BWLP,Energy,Oil & Gas Midstream,NYSE,157.85,96,95,89,89,26.32,3892526353.899719,151814604.0,0.0154,-0.57,378530,457213,403020,-0.031
195,FIVN,Technology,Software - Infrastructure,NASDAQ,157.32,96,92,84,18,35.15,2567500570.767624,74723531.0,0.118,-12.13,2129260,2209873,2676060,0.103
196,MRVI,Healthcare,Biotechnology,NASDAQ,157.07,96,97,97,72,7.21,1177017419.7087502,148989545.0,0.098400004,-23.46,2959660,2911266,3400286,0.085
197,AGPU,Technology,Software - Infrastructure,NASDAQ,156.04,96,98,74,5,11.41,140020777.03566742,11591124.0,0.0514,-24.59,294160,307176,355496,1197.729
198,GTLB,Technology,Software - Infrastructure,NASDAQ,156.03,96,93,60,8,53.56,8294094496.612549,166615000.0,0.0866,-3.58,3903920,5314566,4827562,0.213
199,MBX,Healthcare,Biotechnology,NASDAQ,155.77,96,99,99,97,53.25,2817847136.124878,48160096.0,0.119799994,-26.69,467590,493660,478394,
200,PSNL,Healthcare,Diagnostics & Research,NASDAQ,155.57,96,98,97,47,16.06,1737904415.980013,106750881.0,0.120900005,-14.98,2014930,2400803,2881866,0.3
201,XMTR,Industrials,Industrial Distribution,NASDAQ,155.43,96,92,97,77,106.48,5877385869.714935,57323573.0,0.0848,-1.34,738230,778066,708424,0.411
202,PARR,Energy,Oil & Gas Refining & Marketing,NYSE,155.3,96,97,94,96,87.65,4208368668.0,50099627.0,0.1276,-0.08,812720,928326,977724,0.568
203,TNK,Energy,Oil & Gas Midstream,NYSE,155.29,96,95,81,88,106.62,3575519494.2823486,34680112.0,0.0484,2.54,426380,505303,479154,0.63
204,UCAR,Consumer Cyclical,Auto & Truck Dealerships,NASDAQ,155.24,96,99,3,0,3.91,7365988.719271183,1774937.0,0.0053,-82.15,8360,63800,251580,-0.248
205,TISI,Industrials,Specialty Business Services,NYSE,155.09,96,95,56,53,26.53,132454738.35164452,4583209.0,0.015700001,-10.28,24980,36100,33772,-0.078
206,KRSA,Healthcare,Biotechnology,NASDAQ,154.85,96,95,91,89,33.51,1388558037.826395,45541425.0,0.06,-43.55,74820,63323,40222,
207,JRSH,Consumer Cyclical,Apparel Manufacturing,NASDAQ,154.61,96,95,89,55,6.02,78104632.21116066,12699940.0,0.005,-2.59,93940,84883,93488,0.267
208,MNTK,Basic Materials,Specialty Chemicals,NASDAQ,154.54,96,93,65,15,2.74,408519052.6403494,142341139.0,0.0345,-10.16,1014810,733210,492044,0.197
209,VSTS,Industrials,Rental & Leasing Services,NYSE,154.14,96,96,98,89,14.0,1854206237.8594446,132160105.0,0.1175,-17.16,1511070,1584086,1504038,-0.018
210,MEI,Technology,Electronic Components,NYSE,153.76,96,96,98,56,15.25,561053126.0614948,35645053.0,0.09020001,-25.17,600830,753036,682146,0.104
211,EXFY,Technology,Software - Application,NASDAQ,153.69,96,96,87,7,2.3,205169994.0,91186664.0,0.018,-18.15,538540,531970,831310,-0.053
212,DDOG,Technology,Software - Application,NASDAQ,153.66,96,87,96,50,273.8,99542778591.604,359075024.0,0.0353,-6.46,2826290,3367466,4100036,0.356
213,JILL,Consumer Cyclical,Apparel Retail,NYSE,153.63,96,92,74,21,24.47,369196350.9479103,14862977.0,0.113400005,-2.65,267240,231726,161884,0.005
214,TBI,Industrials,Staffing & Employment Services,NYSE,153.55,96,96,94,19,9.16,279479087.21087646,30444344.0,0.0328,-16.95,183130,272296,296960,0.118
215,RSKD,Technology,Software - Application,NYSE,153.07,96,84,65,31,8.04,1037816606.8689394,132037734.0,0.0149,-1.59,2500030,2363926,2107714,0.218
216,CIX,Industrials,Security & Protection Services,NYSE ARCA,153.03,96,94,64,43,39.48,460882350.60349274,12323057.0,0.0324,-2.01,19360,30403,21426,0.08
217,HELP,Healthcare,Biotechnology,NASDAQ,152.84,96,99,52,17,10.72,854915101.6630669,73069668.0,2.16,-29.24,1105880,1585230,1727266,
218,LVLU,Consumer Cyclical,Apparel Retail,NASDAQ,152.81,96,95,88,80,12.2,39168297.62587738,2871576.0,0.010199999,-62.25,10120,41143,40386,-0.168
219,IRDM,Communication Services,Telecom Services,NASDAQ,152.78,96,97,96,95,47.56,5188856688.890991,105981552.0,0.0373,-16.82,1024410,1039266,1035236,0.038
220,UTZ,Consumer Defensive,Packaged Foods,NYSE,152.73,96,96,19,12,14.32,2054340845.4106712,143962213.0,0.1182,-0.07,1863860,1634716,2027222,0.014
221,RCMT,Industrials,Conglomerates,NASDAQ,152.43,96,96,60,88,41.85,298722973.6548271,7110759.0,0.040799998,-2.88,75290,83096,83838,0.2
222,HQI,Industrials,Staffing & Employment Services,NASDAQ,152.39,96,92,82,50,18.18,261278755.16171646,13890418.0,0.0388,-12.76,35220,26390,27684,0.06
223,NEWP,Basic Materials,Silver,NYSE ARCA,152.36,96,96,78,97,6.25,1165517133.258729,185591894.0,0.030199999,-17.22,715880,828463,752478,
224,FLXS,Consumer Cyclical,"Furnishings, Fixtures & Appliances",NASDAQ,152.07,96,95,94,75,86.52,363428434.37129974,4091741.0,0.0744,-4.56,68280,85603,84582,0.007
225,CAKE,Consumer Cyclical,Restaurants,NASDAQ,152.06,96,95,85,63,106.91,5456253594.028702,49760634.0,0.3796,-9.75,1191200,1345500,1565534,0.077
226,ALNT,Technology,Electronic Components,NASDAQ,151.87,96,91,93,94,108.63,2010687421.4692383,16996512.0,0.0479,-10.53,213300,221663,236312,0.102
227,BOLD,Healthcare,Biotechnology,NASDAQ,151.59,96,98,95,75,2.58,59599718.096699715,22747985.0,0.0591,-18.46,154940,129300,177428,
228,ZETA,Technology,Software - Infrastructure,NYSE,151.53,96,94,79,58,33.03,8190574199.261456,251013605.0,0.08,0.67,6726420,6796603,7689624,0.435
229,PBR,Energy,Oil & Gas Integrated,NYSE,151.28,96,91,78,92,24.69,139520529690.3193,6444366381.0,1.35,11.02,28728900,24595466,21795330,0.423
230,HHS,Industrials,Conglomerates,NASDAQ,151.16,96,93,21,22,4.45,33991333.973464966,7454240.0,0.0047999998,-4.71,42120,86783,204326,-0.017
231,HOWL,Healthcare,Biotechnology,NASDAQ,151.04,96,94,4,66,0.91,45102178.63820028,48601487.0,0.0424,-57.67,525160,834706,8499760,
232,NSIT,Technology,Electronics & Computer Distribution,NASDAQ,150.8,96,94,80,16,161.37,4715186348.478699,29348850.0,0.0587,-4.23,286420,339533,374118,0.147
233,FCEL,Industrials,Electrical Equipment & Parts,NASDAQ,150.64,96,96,98,66,17.25,1476753945.2198105,79954196.0,0.31190002,-54.46,7133620,6976230,7477034,-0.294
234,SNOW,Technology,Software - Application,NYSE,150.62,96,93,90,15,343.4,120318915014.64844,352800000.0,0.0545,-10.7,3915490,5025096,4840966,0.351
235,LCUT,Consumer Cyclical,"Furnishings, Fixtures & Appliances",NASDAQ,150.59,96,95,94,94,9.3,209658181.6891365,22988836.0,0.11270001,-8.55,164380,169576,183104,0.074
236,NXTC,Healthcare,Biotechnology,NASDAQ,150.49,96,97,21,87,6.78,23298758.008449554,4577359.0,0.023,-56.93,66350,96936,192092,
237,AYA,Basic Materials,Silver,NASDAQ,150.3,96,97,87,88,26.32,3906260997.039963,144036168.0,7.14,-14.18,984600,1266500,1136890,1.507
238,PRAX,Healthcare,Biotechnology,NASDAQ,149.9,96,99,99,99,263.55,8250635926.536133,27919988.0,0.1363,-32.89,486290,431100,437684,
239,GH,Healthcare,Diagnostics & Research,NASDAQ,149.81,96,96,98,83,165.56,23860079435.53421,134196170.0,0.0856,-9.78,1866800,1873743,2031358,0.443
240,IMMX,Healthcare,Biotechnology,NASDAQ,149.78,95,99,98,99,9.29,802500590.9799728,82902951.0,0.16239999,-38.48,2067140,1633503,1622686,
241,PBT,Energy,Oil & Gas Midstream,NYSE,149.61,95,95,91,87,34.85,1471439675.4961243,46608796.0,0.0125,-5.81,277700,159260,160692,0.344
242,SDGR,Healthcare,Health Information Services,NASDAQ,149.36,95,81,50,11,26.39,2267358544.7294846,74805628.0,0.26610002,-18.67,3495950,2599533,2038670,0.075
243,ECOR,Healthcare,Medical Devices,NASDAQ,149.17,95,90,36,45,9.51,91421076.99535847,9015885.0,0.0373,-25.12,67160,80386,89466,0.28
244,AMC,Communication Services,Entertainment,NYSE,149.08,95,80,50,22,2.88,2472514830.2349176,892604638.0,0.048800003,-15.29,29295350,27788813,25920352,0.142
245,PRCH,Financial Services,Insurance - Property & Casualty,NASDAQ,149.02,95,95,88,31,17.53,1965028300.533867,113519836.0,0.2297,-4.57,1546430,1481886,1566960,0.117
246,KNSA,Healthcare,Drug Manufacturers - Specialty & Generic,NASDAQ,148.83,95,96,93,85,78.75,5913440016.703117,78024013.0,0.096999995,-5.05,530090,536196,524128,0.554
247,MCTA,Healthcare,Medical Care Facilities,NASDAQ,148.71,95,95,98,98,29.35,504260182.13653564,17178000.0,0.1191,-7.41,0,0,0,-0.189
248,RRGB,Consumer Cyclical,Restaurants,NASDAQ,148.65,95,96,91,29,8.44,150284824.79439545,18903752.0,0.1103,-22.92,172510,256046,333310,-0.021
249,AGEN,Healthcare,Biotechnology,NASDAQ,148.59,95,97,53,89,7.54,377553602.2548866,45161916.0,0.1524,-26.87,1418630,1081233,1240526,0.344
250,MTRN,Basic Materials,Other Industrial Metals & Mining,NYSE,148.4,95,95,96,91,277.11,6493391633.777313,20801485.0,0.0392,-11.82,323910,277736,315982,0.422
251,AMN,Healthcare,Medical Care Facilities,NYSE,148.34,95,93,95,51,35.44,1418679611.6980934,38729991.0,0.106800005,-4.78,743530,638696,689370,0.023
252,HTFL,Healthcare,Health Information Services,NASDAQ,148.17,95,95,28,31,47.63,4288552857.103859,86953627.0,0.0936,-8.79,1733320,1952346,1990482,0.476
253,VSXY,Consumer Cyclical,Apparel Retail,NYSE,148.06,95,93,98,95,86.61,7316755565.232582,79764039.0,0.16370001,-15.47,1625420,2023550,1776410,0.104
254,ANRO,Healthcare,Biotechnology,NYSE,147.95,95,99,99,99,24.03,973204149.2606506,39242104.0,0.1246,-35.89,572910,566196,525632,
255,TSEM,Technology,Semiconductors,NASDAQ,147.92,95,95,98,99,228.75,27224704535.388794,113031240.0,0.024300002,-28.5,1786320,1854443,1902302,0.237
256,DFTX,Healthcare,Biotechnology,NASDAQ,147.87,95,99,99,97,34.18,5025324135.027695,134366950.0,0.0883,-31.23,2289760,2267906,2255900,
257,SMWB,Technology,Software - Application,NYSE,147.11,95,96,94,4,8.43,702459687.2064209,88248704.0,0.014099999,-11.45,418960,584390,752144,0.088
258,TH,Industrials,Specialty Business Services,NASDAQ,147.1,95,96,95,95,18.33,1844997899.1029053,97929824.0,0.1278,-15.76,2682710,2470453,1967922,0.387
259,VRA,Consumer Cyclical,Footwear & Accessories,NASDAQ,146.54,95,63,90,92,5.08,146599076.87034988,28688664.0,0.0296,-1.17,472650,769666,503898,0.011
260,UGP,Energy,Oil & Gas Refining & Marketing,NYSE,146.45,95,96,87,92,7.79,7938868990.44911,1065620026.0,0.0058,0.13,5414600,4017103,3701902,0.219
261,QLYS,Technology,Software - Infrastructure,NASDAQ,146.22,95,89,89,11,193.86,6796882351.0,35217007.0,0.1381,-3.81,663020,736426,734282,0.11
262,RLAY,Healthcare,Biotechnology,NASDAQ,146.11,95,98,98,99,17.41,4154925123.1298447,219141631.0,0.2364,-18.15,3137470,3417466,2918216,-0.483
263,ALAB,Technology,Semiconductors,NASDAQ,145.96,95,89,98,88,347.05,60777034154.808105,173485104.0,0.0657,-30.52,4251040,4097026,4220344,1.045
264,VREX,Healthcare,Medical Devices,NASDAQ,145.87,95,95,40,73,18.47,783875174.2835541,42463446.0,0.0377,-0.86,467430,631220,966782,0.037
265,TER,Technology,Semiconductor Equipment & Materials,NASDAQ,145.77,95,95,96,98,398.72,70203251715.9195,156340750.0,0.059899997,-18.28,2231010,2441160,2644136,1.039
266,TNGX,Healthcare,Biotechnology,NASDAQ,145.76,95,97,98,99,22.57,3918504890.4881496,168610367.0,0.2511,-34.37,3524710,3052493,2684840,
267,FGI,Consumer Cyclical,"Furnishings, Fixtures & Appliances",NASDAQ,145.71,95,95,57,86,7.82,14986663.402032852,1931271.0,0.097600006,-60.76,11670,39216,2186332,0.029
268,OPRT,Financial Services,Credit Services,NASDAQ,145.45,95,91,51,65,8.66,383993580.0927448,45987253.0,0.0308,0.0,744460,615273,573344,0.094
269,MAN,Industrials,Staffing & Employment Services,NYSE,145.33,95,97,74,25,54.36,2518741664.103813,46505570.0,0.1336,-14.9,944050,826660,873364,0.075
270,FROG,Technology,Software - Application,NASDAQ,145.29,95,92,97,36,97.25,11775275200.5,123301311.0,0.065799996,-8.05,1404590,1780760,1903568,0.287
271,CLDT,Real Estate,REIT - Hotel & Motel,NYSE,145.26,95,93,95,80,13.65,637017613.7306976,46565614.0,0.032899998,-1.73,273760,271483,288180,0.094
272,TK,Energy,Oil & Gas Midstream,NYSE,144.73,95,91,77,91,15.37,1301339944.1806412,87691370.0,0.059299998,2.95,545050,571566,559560,0.435
273,NET,Technology,Software - Infrastructure,NYSE,144.6,95,90,87,71,341.89,124296748723.05573,356079715.0,0.0271,-6.95,2687190,3068686,3469172,0.359
274,NUAI,Technology,Software - Infrastructure,NASDAQ,144.47,95,99,98,99,4.83,759813622.3019571,120797079.0,0.2531,-48.86,8048020,8042793,7119328,-0.825
275,TLYS,Consumer Cyclical,Apparel Retail,NYSE,144.38,95,93,96,98,4.44,140089671.36637688,30587265.0,0.060900003,-28.96,194190,1058716,678136,0.081
276,JTAI,Technology,Software - Application,NASDAQ,144.09,95,22,95,0,1.44,2203667.48220706,1421721.0,0.1707,-97.67,52450,374983,290448,1.39
277,S,Technology,Software - Infrastructure,NYSE,144.01,95,86,82,26,25.4,8722110686.141718,348049117.0,0.0598,-1.36,8627050,9501806,8274786,0.206
278,ICHR,Technology,Semiconductor Equipment & Materials,NASDAQ,143.99,95,97,99,98,58.83,2356620020.0992584,37454229.0,0.0879,-48.2,684520,691406,764454,0.227
279,MASS,Healthcare,Medical Devices,NASDAQ,143.69,95,89,72,73,11.55,524524699.10568714,41333705.0,0.1294,-10.67,422690,392333,446420,0.233
280,DAC,Industrials,Marine Shipping,NYSE,143.64,95,91,83,81,170.22,3006318978.9442444,18203567.0,0.1312,3.01,189490,144460,136786,0.047
281,WDC,Technology,Computer Hardware,NASDAQ,143.6,95,98,99,99,393.31,149729051714.5542,360540944.0,0.0538,-50.83,9933200,7660223,7845992,0.438
282,BB,Technology,Software - Infrastructure,NYSE,143.53,95,92,98,77,8.63,5459400306.667521,587032279.0,0.0642,-36.5,21986460,16556346,13984816,0.26
283,SHIP,Industrials,Marine Shipping,NASDAQ,143.44,95,94,93,95,17.63,386127281.74739075,21668198.0,0.0163,-8.27,485100,445386,400650,0.486
284,WEYS,Consumer Cyclical,Footwear & Accessories,NASDAQ,143.43,95,89,81,75,52.02,486049519.0405426,9550983.0,0.0239,1.01,35890,31376,29208,0.069
285,PD,Technology,Software - Application,NYSE,143.15,95,89,67,6,15.8,1206489063.8210182,78649873.0,0.13149999,-5.78,1837340,1808026,1560508,0.008
286,ARCT,Healthcare,Biotechnology,NASDAQ,143.09,95,96,12,25,12.87,370352581.48022175,28423069.0,0.2393,-46.75,712020,916560,1065030,-0.895
287,LFST,Healthcare,Medical Care Facilities,NASDAQ,142.91,95,97,96,69,12.06,4497223530.00654,380154147.0,0.088999994,-11.06,3683320,5030436,4769800,0.261
288,OSCR,Healthcare,Healthcare Plans,NYSE,142.71,95,95,96,46,33.1,9549476464.834213,308645000.0,0.070300005,-4.0,4512120,5236610,5452536,0.704
289,AOUT,Consumer Cyclical,Leisure,NASDAQ,142.7,95,95,93,52,16.3,206357033.56461525,12621225.0,0.0322,-7.85,116290,280953,186988,0.254
290,AAMI,Financial Services,Asset Management,NYSE,142.39,95,95,93,90,93.3,3342105288.775635,35490128.0,0.046,-5.3,447660,477183,431636,0.453
291,RDI,Communication Services,Entertainment,NASDAQ,142.34,95,96,63,34,1.9,45093550.84489179,22890127.0,0.0022,-21.16,33560,71940,78066,0.108
292,SVIA,Financial Services,Capital Markets,NASDAQ,142.3,95,72,13,4,3.77,378221799.5406747,88369575.0,0.024,-64.33,1805520,2391836,1686268,
293,ANIK,Healthcare,Drug Manufacturers - Specialty & Generic,NASDAQ,142.23,95,97,86,89,19.23,255614655.70519638,13382966.0,0.0374,-15.95,112420,91730,110900,0.156
294,CLOV,Healthcare,Healthcare Plans,NASDAQ,142.21,95,93,96,18,4.58,2326464492.7260103,531156263.0,0.0558,-18.07,4130080,4190366,4235140,0.556
295,CHEF,Consumer Defensive,Food Distribution,NASDAQ,142.21,95,93,92,57,111.4,4749479908.160141,40796083.0,0.15020001,-6.0,626940,668573,667664,0.129
296,ADPT,Healthcare,Diagnostics & Research,NASDAQ,142.2,95,95,92,67,26.09,4524542181.580982,159595842.0,0.106800005,-12.92,2465910,2307550,2317008,0.215
297,AUGO,Basic Materials,Gold,NASDAQ,142.19,95,96,70,98,82.49,6870429028.000259,83836843.0,0.16690001,-25.23,816390,1037180,1010074,0.764
298,AVT,Technology,Electronics & Computer Distribution,NASDAQ,142.13,95,92,90,86,99.56,8776884574.633484,82072979.0,0.119799994,-8.35,1338840,1326003,1312752,0.477
299,ACHV,Healthcare,Biotechnology,NASDAQ,141.86,94,95,95,88,7.19,746462004.0017128,103102490.0,0.15630001,-16.78,1407260,1554430,1474106,
300,ENTX,Healthcare,Biotechnology,NASDAQ,141.78,94,97,70,14,2.5,495185618.4966991,173141831.0,0.0077,-40.48,551460,440176,481518,
301,MRX,Financial Services,Capital Markets,NASDAQ,141.5,94,96,92,85,71.17,5232970792.5,71930870.0,0.0381,-10.04,725550,791223,735132,0.321
302,SB,Industrials,Marine Shipping,NYSE,141.34,94,93,88,89,8.82,1002872944.8964262,113833473.0,0.0749,-5.26,1454600,1572510,1234502,0.33
303,ACVA,Consumer Cyclical,Auto & Truck Dealerships,NYSE,141.32,94,61,54,6,10.44,1774493358.6116982,169807980.0,0.0941,-0.57,7860470,11822800,9065872,0.104
304,NTWK,Technology,Software - Application,NASDAQ,141.31,94,56,75,56,6.04,71117777.32022858,11952568.0,0.0017,-0.82,223680,92066,62524,0.125
305,MTSI,Technology,Semiconductors,NASDAQ,141.2,94,82,92,94,322.21,24560891875.73117,76370931.0,0.0435,-23.08,1227750,1294396,1368000,0.358
306,ARM,Technology,Semiconductors,NASDAQ,141.12,94,91,96,83,275.29,328398869552.1365,1067998569.0,0.1069,-39.19,5135060,5173926,5045328,0.224
307,PAYC,Technology,Software - Application,NYSE,141.12,94,92,33,14,229.9,9960377330.395798,45071619.0,0.0685,-6.16,555560,712350,807590,0.098
308,CBAT,Industrials,Electrical Equipment & Parts,NASDAQ,140.74,94,79,11,30,1.05,123217710.77191114,88645836.0,0.0113,-32.26,443230,656610,591182,0.993
309,NTRB,Healthcare,Biotechnology,NASDAQ,140.62,94,91,11,19,6.05,88493374.79036379,12155683.0,0.0339,-34.13,121800,110400,76868,-0.297
310,KOS,Energy,Oil & Gas E&P,NYSE,140.57,94,93,78,91,2.69,1494673998.3309872,595487651.0,0.048299998,-19.46,14028410,12767856,12858110,0.546
311,GIBO,Communication Services,Internet Content & Information,NASDAQ,140.47,94,19,9,5,56.82,84514827.03149414,2604704.0,0.0008,-26.68,64360,37620,24620,
312,RELL,Technology,Electronic Components,NASDAQ,140.45,94,89,90,83,19.97,282271496.4178505,14864218.0,0.0805,-13.74,374140,198086,225610,0.276
313,PACS,Healthcare,Medical Care Facilities,NYSE,140.45,94,98,97,97,43.73,6784680732.59903,158335612.0,0.0774,-11.64,826610,762103,791748,0.091
314,GCT,Technology,Software - Infrastructure,NASDAQ,140.2,94,92,68,96,56.42,1919425238.75,35710237.0,0.1512,0.27,643140,659446,660038,0.276
315,ESYN,Consumer Cyclical,Restaurants,NASDAQ,140.02,94,53,25,17,2.11,16843552.515792847,7726400.0,0.0342,-28.33,21140,73323,201784,-0.793
316,HALO,Healthcare,Biotechnology,NASDAQ,140.0,94,94,69,56,109.84,12468890349.273682,113498000.0,0.175,-6.0,2381760,2272213,2327144,0.477
317,MCS,Communication Services,Entertainment,NYSE,140.0,94,93,86,79,27.16,834318206.0738506,30832159.0,0.037100002,-16.22,220140,214040,279390,0.128
318,TBBB,Consumer Defensive,Discount Stores,NYSE,139.96,94,93,83,82,53.07,6347630287.714195,120562775.0,0.0414,-1.72,706450,619063,711424,0.387
319,FNKO,Consumer Cyclical,Leisure,NASDAQ,139.91,94,87,90,67,6.5,328135196.23624134,55995766.0,0.15689999,-11.56,1009080,1142563,1224974,0.074
320,OPAD,Real Estate,Real Estate Services,NASDAQ,139.59,94,97,99,7,2.78,15730598.548064232,4832749.0,0.1447,-60.57,25730,33906,45212,-0.516
321,FTRE,Healthcare,Biotechnology,NASDAQ,139.37,94,88,97,81,20.37,1902000000.0,95100000.0,0.155,-4.77,1723290,1554813,1501728,-0.045
322,SITM,Technology,Semiconductors,NASDAQ,139.29,94,93,96,96,645.06,21333595853.255615,30071036.0,0.060100004,-28.47,364470,422460,446692,1.265
323,MATX,Industrials,Marine Shipping,NYSE,139.16,94,94,93,89,227.79,6910988196.631622,29903458.0,0.069299996,-5.43,269460,293866,282560,0.167
324,NBIS,Communication Services,Internet Content & Information,NASDAQ,139.06,94,96,96,98,219.71,66009164818.87097,271855218.0,0.1981,-26.73,15261740,15354256,19882556,4.54
325,ATRC,Healthcare,Medical Instruments & Supplies,NASDAQ,139.04,94,95,59,23,52.84,2804767420.113678,50866294.0,0.0876,-14.36,1163520,1374046,1125096,0.128
326,ECPG,Financial Services,Credit Services,NASDAQ,138.84,94,94,93,95,100.06,2034402347.884491,21209366.0,0.0749,-4.69,204200,333800,339552,0.113
327,HBIO,Healthcare,Medical Instruments & Supplies,NASDAQ,138.7,94,90,75,80,8.13,37966224.39462662,4552305.0,0.0108,-13.51,19980,19243,19920,0.111
328,CON,Healthcare,Medical Care Facilities,NYSE,138.64,94,92,89,61,36.61,4546007482.976624,127517736.0,0.044899996,-0.27,951530,953240,953806,0.1
329,RDVT,Technology,Software - Application,NASDAQ,138.63,94,91,90,23,79.86,1272043654.3813705,16046975.0,0.041100003,-2.37,180680,215630,245708,0.227
330,WEST,Consumer Defensive,Packaged Foods,NASDAQ,138.42,94,90,88,56,8.19,794686963.6977034,97627387.0,0.1337,-19.63,316850,312503,351842,0.088
331,ESTC,Technology,Software - Application,NYSE,138.13,94,85,38,10,95.26,9875027823.662048,105120583.0,0.045900002,-11.8,1694380,2528603,2439640,0.151
332,RVTY,Healthcare,Diagnostics & Research,NYSE,137.93,94,86,69,31,152.16,16908687207.316132,111586401.0,0.083500005,-3.87,2113580,2169566,1909746,0.013
333,SN,Consumer Cyclical,"Furnishings, Fixtures & Appliances",NYSE,137.86,94,89,85,67,184.87,25837376630.556213,141520379.0,0.1117,-4.97,1120840,1876473,1816258,0.222
334,APA,Energy,Oil & Gas E&P,NASDAQ,137.61,94,92,84,93,45.47,15303354063.718796,350351510.0,0.0921,-4.15,5421450,5566446,5733264,0.092
335,IRD,Healthcare,Biotechnology,NASDAQ,137.56,94,98,91,99,4.46,381036862.99266243,83195823.0,0.159,-36.92,1830690,4085093,2796982,-0.738
336,KELYB,Industrials,Staffing & Employment Services,NASDAQ,137.54,94,96,95,81,22.19,777995509.9508152,34731943.0,0.0031,-82.25,1870,8393,5292,-0.058
337,NVEC,Technology,Semiconductors,NASDAQ,137.39,94,81,78,75,111.45,538957138.2828827,4837167.0,0.13239999,-17.44,89320,102723,125108,0.807
338,ARW,Technology,Electronics & Computer Distribution,NYSE,137.27,94,90,91,87,226.75,12319621140.59816,50905423.0,0.0373,-8.29,545800,543060,576420,0.318
339,VSH,Technology,Semiconductors,NYSE,137.24,94,90,97,91,34.56,5856016642.867607,153379167.0,0.1408,-50.25,4194020,3805513,4026350,0.166
340,ASC,Industrials,Marine Shipping,NYSE,137.17,94,90,84,87,19.47,787490419.070076,40802614.0,0.063,-2.8,749080,663996,632102,0.613
341,QXL,Technology,Information Technology Services,NASDAQ,137.0,94,97,97,18,4.15,57479848.75688553,13336392.0,0.0067000003,-46.1,40140,67343,64608,-0.208
342,OBIO,Healthcare,Biotechnology,NASDAQ,136.98,94,94,37,79,5.73,357625030.0858717,60105049.0,0.0641,-11.85,272610,338636,326652,-0.895
343,IBTA,Technology,Software - Application,NYSE,136.96,94,93,40,69,43.28,838383341.5177307,20148602.0,0.3,-0.35,229380,209723,254538,0.033
344,LBRX,Healthcare,Biotechnology,NASDAQ,136.73,94,97,91,92,34.61,1193266937.3959541,32259175.0,0.2049,-31.0,450490,351760,354784,
345,RXO,Industrials,Trucking,NYSE,136.73,94,66,94,74,28.93,3855972734.228485,164926128.0,0.2566,-3.24,5352790,2895266,2506256,0.25
346,FATN,Technology,Software - Infrastructure,NASDAQ,136.65,94,93,92,12,5.11,78836850.36208344,14128468.0,0.0116,-40.63,44300,68086,87478,0.278
347,IDT,Communication Services,Telecom Services,NYSE,136.53,94,85,76,48,80.65,1961759503.6618195,24838686.0,0.035099998,-1.39,452850,322923,260724,0.071
348,WTI,Energy,Oil & Gas E&P,NYSE,136.45,94,94,91,93,3.7,537356900.482975,150942952.0,0.1461,-27.17,3346490,3558733,3694512,0.329
349,VEON,Communication Services,Telecom Services,NASDAQ,136.3,94,90,40,55,77.07,5208660747.770462,68861195.0,0.0069,-2.23,187900,179760,143936,0.169
350,FIGS,Consumer Cyclical,Apparel Manufacturing,NYSE,135.94,94,81,52,97,14.98,2246216147.892967,166140242.0,0.18129998,-14.3,3676090,2901253,3089580,0.288
351,PMTS,Financial Services,Credit Services,NASDAQ,135.85,94,94,65,61,25.0,288176679.5951843,11591982.0,0.040999997,-20.0,121480,211693,172284,0.15
352,MGNI,Communication Services,Advertising Agencies,NASDAQ,135.84,94,92,81,29,25.45,3546879336.9556313,143424157.0,0.09,-5.18,2104550,2272160,2492138,0.112
353,NMM,Industrials,Marine Shipping,NYSE,135.84,94,93,87,90,91.99,2676504608.8101807,28925804.0,0.0253,-3.17,151530,169363,158860,0.252
354,PRLB,Industrials,Metal Fabrication,NYSE,135.81,94,87,89,85,92.21,2349369482.468849,23921897.0,0.0433,-7.25,246820,226806,216434,0.106
355,KEYS,Technology,Scientific & Technical Instruments,NYSE,135.77,94,86,90,95,374.67,65482941210.61951,170244745.0,0.0159,-3.42,1182430,1125376,1233524,0.365
356,VCTR,Financial Services,Asset Management,NASDAQ,135.71,94,93,89,66,111.72,6964729044.043549,61509572.0,0.0521,-9.58,606350,730810,686690,0.24
357,SFL,Industrials,Marine Shipping,NYSE,135.68,94,89,82,85,13.56,1865115266.4507427,138670282.0,0.0357,-3.0,1235490,1459950,1367924,0.027
358,MSGM,Communication Services,Electronic Gaming & Multimedia,NASDAQ,135.65,94,88,86,94,5.16,22301578.332671165,4588802.0,0.0499,-7.16,96440,109843,92486,0.366
359,DGII,Technology,Communication Equipment,NASDAQ,135.62,93,89,90,88,74.93,2869257603.191696,37948123.0,0.0619,-13.71,390640,377460,380970,0.29
360,ANF,Consumer Cyclical,Apparel Retail,NYSE,135.6,93,93,61,60,141.41,5767256333.46933,42434377.0,0.1725,-8.9,1135650,1508590,1651496,0.048
361,TORO,Energy,Oil & Gas Midstream,NASDAQ,135.44,93,98,96,90,5.48,185929199.35500145,34559330.0,0.0026,-35.53,49950,38353,33662,0.077
362,TWN,Financial Services,Asset Management,NYSE,135.37,93,93,93,94,101.91,598837252.5669937,5742039.0,0.0838,-6.36,20194,24308,25430,0.404
363,PTGX,Healthcare,Biotechnology,NASDAQ,135.35,93,95,94,91,139.91,9063042239.120789,64708285.0,0.1462,-13.0,851370,714823,630686,37.492
364,MG,Industrials,Security & Protection Services,NYSE,135.32,93,90,85,92,20.7,657916256.6462402,31860352.0,0.0862,-4.92,337100,430610,350436,0.042
365,PACB,Healthcare,Medical Devices,NASDAQ,135.3,93,29,32,47,2.3,789510116.0027475,310830759.0,0.1808,-15.75,31017520,14060396,11438584,-0.019
366,PFAI,Consumer Defensive,Farm Products,NASDAQ,135.18,93,73,90,88,4.23,29765702.66339779,11765100.0,0.0025,-14.2,3178480,1059946,643356,-0.033
367,SM,Energy,Oil & Gas E&P,NYSE,134.87,93,92,81,77,37.08,8381977755.550156,237854068.0,0.066199996,-10.78,3034920,3873333,3834352,1.761
368,NUTX,Healthcare,Medical Care Facilities,NASDAQ,134.79,93,95,90,22,205.01,1482586154.5,6847973.0,0.2856,-8.59,178180,161670,164744,-0.136
369,SOTK,Technology,Scientific & Technical Instruments,NASDAQ,134.74,93,50,87,55,6.82,97443679.60227299,15716723.0,0.0068,6.9,178640,100626,74938,0.103
370,HNST,Consumer Defensive,Household & Personal Products,NASDAQ,134.7,93,95,74,47,4.97,553587379.2697029,107284379.0,0.1086,-17.3,1441410,1866780,2461752,-0.109
371,SMTI,Healthcare,Medical Instruments & Supplies,NASDAQ,134.59,93,93,53,21,35.05,320203005.7301712,9188035.0,0.058000002,-0.82,212020,222226,333034,0.09
372,HYLN,Consumer Cyclical,Auto Parts,NYSE ARCA,134.55,93,91,97,55,3.77,809045435.0111876,178597218.0,0.113900006,-55.59,1828680,1876370,2443228,2.263
373,LILA,Communication Services,Telecom Services,NASDAQ,134.45,93,95,90,78,8.77,1671026947.6890564,195900000.0,0.0291,-2.39,284710,340993,417842,0.015
374,ARTW,Industrials,Farm & Heavy Construction Machinery,NASDAQ,134.26,93,75,33,77,3.67,16280338.775251389,5201386.0,0.024,-11.99,12070,14480,684472,0.239
375,QUCY,Healthcare,Diagnostics & Research,NASDAQ,134.23,93,62,87,3,1.39,111810698.9678154,84068192.0,0.0224,-71.81,459350,622660,693668,
376,CRL,Healthcare,Diagnostics & Research,NYSE,134.15,93,94,80,63,298.0,13853343382.22998,47738872.0,0.054,-1.75,1010810,981766,978588,-0.027
377,MWYN,Consumer Cyclical,"Furnishings, Fixtures & Appliances",NASDAQ,134.04,93,29,67,7,1.38,22214284.881481647,20194804.0,0.0029,-4.17,166940,128753,192788,25.435
378,TENB,Technology,Software - Infrastructure,NASDAQ,134.0,93,82,94,15,39.01,4063522036.7883224,110271973.0,0.1936,-10.67,3294050,5190520,4241956,0.086
379,U,Technology,Software - Application,NYSE,133.98,93,91,44,21,45.89,19192278636.738968,440088933.0,0.0665,-12.0,11135700,10245420,11422782,0.239
380,SND,Energy,Oil & Gas Equipment & Services,NASDAQ,133.9,93,94,93,96,5.3,226410992.20958328,42399061.0,0.0738,-10.47,226020,245766,261962,0.341
381,ZIM,Industrials,Marine Shipping,NYSE,133.85,93,91,84,92,30.26,3570997602.435871,120519666.0,0.025899999,-2.26,1945200,1534393,1806874,0.089
382,FBIOP,Healthcare,Biotechnology,NASDAQ,133.78,93,93,96,92,17.78,,,0.0,-17.03,22750,12516,12908,0.14
383,NTSK,Technology,Software - Infrastructure,NASDAQ,133.77,93,84,34,8,19.61,7252432527.0,408587748.0,0.0671,-21.5,5715220,7098516,5863222,0.292
384,VIA,Technology,Software - Application,NYSE,133.61,93,84,17,7,30.93,2384407890.2276173,81295871.0,0.1657,-43.97,718580,818933,794208,0.267
385,NEO,Healthcare,Diagnostics & Research,NASDAQ,133.4,93,97,93,24,16.02,2405011487.190666,130211780.0,0.1535,-20.1,2711690,2333196,2173314,0.112
386,PCRX,Healthcare,Drug Manufacturers - Specialty & Generic,NASDAQ,133.08,93,56,64,67,36.39,1004918109.5653534,39861886.0,0.2727,31.56,3393180,1495583,1173272,0.062
387,GEO,Industrials,Security & Protection Services,NYSE,133.06,93,94,93,29,30.96,4127590234.5742188,131619584.0,0.1046,-6.61,3229810,2650900,2394276,0.151
388,CIEN,Technology,Communication Equipment,NYSE,133.04,93,87,97,99,425.93,55495347654.18167,141808525.0,0.0399,-33.19,2935030,2847193,2505920,0.37
389,ZBRA,Technology,Communication Equipment,NASDAQ,133.04,93,91,38,26,382.14,17903486019.365234,47633392.0,0.045900002,-1.06,469540,535176,656006,0.204
390,FEIM,Technology,Communication Equipment,NASDAQ,132.98,93,86,91,94,74.72,969840866.8486633,11273287.0,0.1126,-16.76,336570,360046,315948,0.698
391,QTTB,Healthcare,Biotechnology,NASDAQ,132.93,93,99,99,96,8.09,245002691.55261993,29769466.0,0.18,-65.68,1593030,959110,751928,
392,DT,Technology,Software - Application,NYSE,132.87,93,80,60,20,61.12,17143606144.76355,289002128.0,0.0509,1.46,5835980,6627603,6895340,0.162
393,CBRL,Consumer Cyclical,Restaurants,NASDAQ,132.69,93,89,89,17,55.34,1246371459.2821884,22352430.0,0.42119998,-8.16,888250,1047346,917066,-0.022
394,APPN,Technology,Software - Infrastructure,NASDAQ,132.56,93,80,39,18,38.66,2627300279.819008,71627597.0,0.0998,-16.06,857840,897083,882374,0.191
395,HPQ,Technology,Computer Hardware,NYSE,132.44,93,90,64,26,32.44,28965524961.063328,901790969.0,0.094,-10.46,11715510,15963430,15110808,0.125
396,URGN,Healthcare,Biotechnology,NASDAQ,132.42,93,97,97,86,36.98,2023655424.1858215,48880564.0,0.1304,-27.22,887070,777143,883566,1.992
397,PLPC,Industrials,Electrical Equipment & Parts,NASDAQ,132.41,93,93,90,92,397.27,2050565694.1265259,4888701.0,0.069699995,-21.28,77470,72273,88462,0.254
398,LILAK,Communication Services,Telecom Services,NASDAQ,132.35,93,94,88,78,8.72,1665150000.0,195900000.0,0.0464,-2.19,1575800,1395763,1390634,0.015
399,COHR,Technology,Scientific & Technical Instruments,NYSE,132.28,93,91,96,98,302.35,66003301865.21124,195832246.0,0.060900003,-31.28,6931120,6481113,6965308,0.337
400,CVE,Energy,Oil & Gas Integrated,NYSE,132.22,93,93,88,90,31.49,59753540814.09454,1844245000.0,9.08,-7.82,8013600,6994596,7053572,0.415
401,DSX,Industrials,Marine Shipping,NYSE,132.21,93,89,62,87,2.9,355823217.5684817,124413717.0,0.061300002,-9.38,760390,1250693,1148916,0.047
402,CADL,Healthcare,Biotechnology,NASDAQ,132.1,93,97,93,59,9.66,745891055.3803024,73270239.0,0.2074,-31.0,927290,1127220,1183922,
403,FORR,Industrials,Consulting Services,NASDAQ,132.02,93,95,87,14,11.65,213617585.0839615,19039000.0,0.1498,-8.63,112490,118173,115562,-0.102
404,MLAB,Technology,Scientific & Technical Instruments,NASDAQ,132.01,93,92,66,73,126.06,741732453.0272369,5595869.0,0.104399994,-9.09,114140,127580,141936,0.01
405,BHE,Technology,Electronic Components,NYSE,131.99,93,85,95,89,81.16,3139042922.946213,35919933.0,0.045300003,-19.17,418680,391996,365652,0.177
406,PBYI,Healthcare,Biotechnology,NASDAQ,131.84,93,94,91,92,9.97,490906839.4748955,51620066.0,0.098000005,-1.29,345270,318026,322430,0.078
407,PTEN,Energy,Oil & Gas Drilling,NASDAQ,131.83,93,95,86,89,11.48,4255513904.611264,379617653.0,0.1075,-14.26,6978480,8191030,8069972,0.007
408,AVTR,Healthcare,Medical Instruments & Supplies,NYSE,131.74,93,93,54,11,15.39,10375344708.804169,676358840.0,0.0922,-4.11,8467440,8644003,8214742,0.005
409,REPX,Energy,Oil & Gas E&P,NYSE ARCA,131.73,93,90,73,78,44.64,915351974.1351509,21695947.0,0.044899996,-1.48,188280,337053,272070,0.942
410,KELYA,Industrials,Staffing & Employment Services,NASDAQ,131.65,93,93,86,24,16.17,545986153.2344294,34731943.0,0.0401,-8.9,237560,280713,304026,-0.058
411,AVAH,Healthcare,Medical Care Facilities,NASDAQ,131.56,93,97,90,54,12.24,2748279732.278515,218290683.0,0.0614,-16.79,3139050,3255373,3362824,0.137
412,STRZ,Communication Services,Entertainment,NASDAQ,131.5,93,94,96,92,23.63,398136975.75,17124171.0,0.042600002,-27.47,404150,306993,269036,-0.037
413,MYO,Healthcare,Medical Devices,NYSE ARCA,131.42,93,86,62,12,1.41,64560801.831135035,39607854.0,0.0343,-25.2,276860,364900,546482,0.213
414,INBX,Healthcare,Biotechnology,NASDAQ,131.38,93,97,97,98,92.76,1427465811.9596863,14717660.0,0.3078,-40.27,220330,319623,297020,
415,WT,Financial Services,Asset Management,NYSE,131.36,93,95,87,85,22.68,3693865139.025976,151512111.0,0.1734,-12.47,2291040,2829590,2709296,0.573
416,EQNR,Energy,Oil & Gas Integrated,NYSE,131.21,93,93,82,87,42.93,100860617179.6072,2369845252.0,0.0239,-6.35,4255880,3599583,3271886,0.374
417,AMAT,Technology,Semiconductor Equipment & Materials,NASDAQ,131.1,93,92,97,94,509.57,428574345680.2762,793597443.0,0.0178,-31.11,5691920,6181316,6744388,0.248
418,EWTX,Healthcare,Biotechnology,NASDAQ,131.1,93,96,96,95,39.23,4496211106.31675,108604129.0,0.1238,-19.13,1788420,1538420,1472384,
419,KFRC,Industrials,Staffing & Employment Services,NYSE,131.05,92,93,95,26,52.35,946669750.9307861,17909000.0,0.1062,-15.13,179020,246753,243646,0.045
420,AMRX,Healthcare,Drug Manufacturers - Specialty & Generic,NASDAQ,131.01,92,87,91,85,19.65,7070409082.37122,348296027.0,0.046,-7.2,3498180,2815343,2411972,0.099
421,CSTE,Industrials,Building Products & Equipment,NASDAQ,130.99,92,99,88,25,2.77,99236201.2929678,34577075.0,0.0067000003,-27.86,32320,49163,83064,-0.045
422,NGL,Energy,Oil & Gas Midstream,NYSE,130.86,92,96,96,97,15.27,2016934881.1653671,123814289.0,0.0352,-19.88,211730,201143,235802,0.591
423,TWIN,Industrials,Specialty Industrial Machinery,NASDAQ,130.8,92,92,92,89,26.02,414504498.4876938,14538916.0,0.0561,-9.5,89370,89163,93720,0.183
424,SOPH,Healthcare,Health Information Services,NASDAQ,130.8,92,96,81,78,7.3,677034771.0171967,83895266.0,0.013300001,-18.71,634030,675030,618850,0.272
425,CYRX,Industrials,Integrated Freight & Logistics,NASDAQ,130.47,92,91,95,74,16.9,882813828.4568787,50649100.0,0.066199996,-6.42,951710,680170,632738,0.077
426,NTNX,Technology,Software - Infrastructure,NASDAQ,130.26,92,86,59,14,73.11,19559518487.624397,270570179.0,0.056799997,-6.15,2481130,2639403,2614904,0.159
427,CGAU,Basic Materials,Gold,NYSE,130.25,92,95,76,95,21.82,4191869663.324684,195607541.0,4.02,-11.01,1147810,1241460,1440698,0.535
428,SBC,Industrials,Consulting Services,NASDAQ,130.25,92,83,15,36,5.34,523490955.5631981,102846943.0,0.0378,0.85,208350,207966,194262,0.134
429,INFU,Healthcare,Medical Devices,NYSE ARCA,130.21,92,85,60,88,13.41,262110098.92087936,19917181.0,0.042600002,1.59,106070,128903,144646,0.026
430,XOS,Industrials,Farm & Heavy Construction Machinery,NASDAQ,130.17,92,52,57,11,3.22,46918910.922039986,14217852.0,0.0766,-61.06,244570,261486,3613822,-0.742
431,NHC,Healthcare,Medical Care Facilities,NYSE ARCA,130.16,92,92,94,87,225.17,3565473243.0537415,15661395.0,0.0538,-5.9,104540,106916,110084,0.088
432,SLN,Healthcare,Biotechnology,NASDAQ,130.06,92,98,93,90,9.52,661319496.378912,62154086.0,0.043,-45.84,1144570,899240,1308468,
433,VIR,Healthcare,Biotechnology,NASDAQ,130.05,92,91,85,94,11.12,1890142263.770153,169215958.0,0.1176,-6.87,2293040,2288566,2007602,195.825
434,IMAX,Communication Services,Entertainment,NYSE,129.59,92,88,72,67,51.31,2891276317.02594,54842114.0,0.1823,-11.12,1263620,1031950,1145638,0.122
435,SAFT,Financial Services,Insurance - Property & Casualty,NASDAQ,129.57,92,91,50,53,103.94,1525595662.5592346,14680482.0,0.050300002,-0.07,128020,127320,151854,0.03
436,OBE,Energy,Oil & Gas E&P,NYSE ARCA,129.56,92,94,81,92,11.11,693945902.546215,66725570.0,9.8,-23.85,668710,808016,774966,0.417
437,NXPL,Technology,Software - Application,NASDAQ,129.54,92,92,46,21,9.15,23198048.617506027,2713222.0,0.0021,-17.57,5920,22233,39032,-0.103
438,EUDA,Real Estate,Real Estate Services,NASDAQ,129.48,92,18,27,0,18.6,51610185.882759094,2994325.0,0.0008,-78.37,14260,25496,17342,0.134
439,CXW,Industrials,Security & Protection Services,NYSE,129.37,92,94,92,46,32.71,3306009367.449898,98893489.0,0.18,-10.51,2507900,2169290,1941160,0.273
440,CMTV,Financial Services,Banks - Regional,NASDAQ,129.35,92,88,90,91,43.9,234117699.3268509,5600902.0,0.0461,0.32,26580,40846,39600,0.112
441,DNTH,Healthcare,Biotechnology,NASDAQ,129.3,92,97,98,98,82.43,4822108362.881569,54666233.0,0.18110001,-30.07,826970,829460,780598,2.943
442,YDES,Healthcare,Biotechnology,NASDAQ,129.23,92,14,2,5,5.79,574442191.7419872,70831346.0,0.0026,-73.68,351130,560446,353128,3.149
443,MSBI,Financial Services,Banks - Regional,NASDAQ,129.12,92,93,92,81,32.56,687724979.013916,20752112.0,0.0531,-7.24,190350,161193,164202,0.18
444,CURV,Consumer Cyclical,Apparel Retail,NYSE,128.93,92,92,70,76,2.36,249298587.5,99719435.0,0.1706,-17.34,187790,381010,315822,-0.118
445,BSIN,Energy,Oil & Gas E&P,NASDAQ,128.82,92,93,84,11,1.45,74540665.50722647,52493428.0,0.0172,-13.17,417170,648976,919606,0.047
446,CODI,Industrials,Conglomerates,NYSE,128.81,92,92,83,87,10.92,822329131.3401947,75235966.0,0.0646,-17.58,662380,578473,666848,-0.114
447,TVTX,Healthcare,Biotechnology,NASDAQ,128.76,92,97,97,95,52.04,5366283427.026199,94261082.0,0.17899999,-24.28,2050600,1692850,1705474,0.482
448,FLEX,Technology,Electronic Components,NASDAQ,128.59,92,86,96,90,114.74,43076081490.045685,369402978.0,0.0273,-31.24,2584250,3080800,3260542,0.206
449,FTK,Energy,Oil & Gas Equipment & Services,NYSE,128.58,92,94,94,78,27.22,1120660092.603796,36220429.0,0.2637,-31.38,548430,455076,600260,0.703
450,CIB,Financial Services,Banks - Regional,NYSE,128.44,92,94,85,83,94.08,21705971234.583862,236165492.0,0.0077,-10.91,284410,336863,320166,0.26
451,ACU,Consumer Defensive,Household & Personal Products,NYSE ARCA,128.43,92,92,66,62,61.94,243447760.5,3833823.0,0.027999999,-4.52,36450,44050,41308,0.161
452,ARX,Financial Services,Insurance Brokers,NYSE,128.37,92,91,22,20,19.75,4285130031.538971,217188552.0,0.076799996,-0.75,1785690,1850420,4056376,0.572
453,VAC,Consumer Cyclical,Resorts & Casinos,NYSE,128.34,92,90,89,74,104.21,3583992239.0338135,34395320.0,0.0862,-20.66,291200,430676,480544,0.097
454,SBLK,Industrials,Marine Shipping,NASDAQ,128.3,92,91,84,85,30.47,3569195119.5,116071386.0,0.0269,-7.33,1834770,1812576,1717314,0.445
455,BTSGU,Healthcare,Health Information Services,NASDAQ,128.26,92,90,97,93,210.9,,,0.2,-17.46,2093,8604,15646,0.23
456,BTSG,Healthcare,Health Information Services,NASDAQ,128.22,92,90,97,94,63.66,11921320520.25,197864241.0,0.0798,-13.68,2469720,2532876,2700968,0.23
457,PRTS,Consumer Cyclical,Auto Parts,NASDAQ,128.18,92,89,22,82,8.59,69892222.0568285,8098751.0,0.062800005,-21.77,36040,70733,53518,-0.107
458,PRHI,Financial Services,Insurance - Property & Casualty,NASDAQ,128.14,92,93,37,23,8.03,25698191.62015724,3746092.0,0.0056,-59.46,29740,28443,21962,-0.265
459,CMPS,Healthcare,Medical Care Facilities,NASDAQ,128.09,92,97,98,80,11.47,1647874128.9752846,138476822.0,0.1114,-27.73,2709100,2781840,2753994,
460,NAKA,Financial Services,Capital Markets,NASDAQ,128.0,92,33,2,3,8.93,172865146.6494484,17894943.0,0.1155,-80.75,177260,214446,190440,86.801
461,AMBQ,Technology,Semiconductors,NYSE,127.97,92,92,98,38,58.9,1648901671.8605347,24184536.0,0.0921,-35.71,485210,558170,501312,0.897
462,HPK,Energy,Oil & Gas E&P,NASDAQ,127.91,92,83,73,25,8.73,992654499.3405209,126452804.0,0.512,-4.37,523040,514573,505070,0.258
463,PDFS,Technology,Software - Application,NASDAQ,127.73,92,89,94,92,52.18,2343610488.0,42227216.0,0.098500006,-27.21,533080,613846,589232,0.189
464,ATI,Industrials,Metal Fabrication,NYSE,127.69,92,94,94,95,188.13,26201904847.524582,136170383.0,0.048499998,-22.76,1338700,1806046,1707832,0.106
465,DDI,Communication Services,Electronic Gaming & Multimedia,NASDAQ,127.52,92,85,77,31,13.57,659556307.1934509,49553440.0,0.0013,1.27,170630,170023,147026,0.112
466,UFCS,Financial Services,Insurance - Property & Casualty,NASDAQ,127.51,92,91,89,80,56.4,1401339759.5162582,25656166.0,0.0312,-0.6,128500,148356,145762,0.144
467,LRCX,Technology,Semiconductor Equipment & Materials,NASDAQ,127.47,92,93,96,96,320.59,434857439330.43896,1251424362.0,0.0233,-26.89,7830530,8743380,8907088,0.3
468,EC,Energy,Oil & Gas Integrated,NYSE,127.41,92,92,91,83,16.94,34126857385.238716,2055834735.0,0.0322,-7.83,1532570,1575780,1699342,0.355
469,LB,Energy,Oil & Gas E&P,NYSE,127.27,92,90,83,63,87.46,2484749241.509491,29654484.0,0.119899996,-4.61,221890,220016,282164,0.406
470,VGZ,Basic Materials,Gold,NYSE ARCA,127.17,92,69,35,91,2.67,389743504.9567299,145971346.0,0.053000003,-14.7,2347310,2057073,1728346,
471,STGW,Communication Services,Advertising Agencies,NASDAQ,127.12,92,90,85,79,8.76,2043814686.426015,244475451.0,0.1038,-8.27,1522190,1332320,1424886,0.112
472,SENS,Healthcare,Medical Devices,NASDAQ,127.11,92,82,14,16,9.02,522395649.69095516,52874053.0,0.09810001,-22.11,665560,684726,743010,1.178
473,SGMT,Healthcare,Biotechnology,NASDAQ,127.05,92,96,70,83,8.92,648105204.1645575,70908663.0,0.1681,-22.09,1690870,1291086,1342082,
474,USEA,Industrials,Marine Shipping,NASDAQ,127.03,92,94,92,87,2.65,25419140.071148872,9538139.0,0.18540001,-17.19,138090,143993,108774,-0.199
475,TLIH,Industrials,Industrial Distribution,NASDAQ,126.89,92,88,88,4,5.75,16687059.98584652,2940451.0,0.0,-14.69,3240,2326,2388,-0.122
476,CRT,Energy,Oil & Gas E&P,NYSE,126.88,92,82,55,75,11.94,70620002.74658203,6000000.0,0.002,-9.2,15130,29010,25734,-0.156
477,FRNM,Healthcare,Diagnostics & Research,NASDAQ,126.86,92,86,54,34,15.81,1753531971.6898346,107446814.0,1.96,-9.66,618220,896193,886076,1.065
478,CFFI,Financial Services,Banks - Regional,NASDAQ,126.75,91,86,64,69,101.51,319641235.2233734,3251691.0,0.0165,1.41,68000,73376,61682,0.116
479,WTTR,Energy,Oil & Gas Equipment & Services,NYSE,126.75,91,94,94,86,19.6,2572410793.7756195,128942892.0,0.0514,-13.08,2178800,1787136,1741192,0.087
480,SNX,Technology,Electronics & Computer Distribution,NYSE,126.74,91,89,90,89,267.46,22207665347.531372,79777511.0,0.0224,-10.48,934040,947296,806540,0.377
481,ATKR,Industrials,Electrical Equipment & Parts,NYSE,126.61,91,91,61,47,94.84,3195607219.200485,33773062.0,0.0452,-0.04,818520,780350,1055872,0.081
482,STLN,Healthcare,Medical Care Facilities,NASDAQ,126.59,91,96,93,68,6.18,647167320.5305219,101916115.0,0.0787,-13.32,1027700,1247000,1384122,0.346
483,SKK,Industrials,Engineering & Construction,NASDAQ,126.56,91,78,89,6,5.08,17426622.77771187,3960596.0,0.010299999,-71.7,57780,32193,183840,-0.046
484,BVS,Healthcare,Medical Devices,NASDAQ,126.45,91,95,90,85,12.69,896846535.4069033,68305143.0,0.0625,-20.15,422910,470706,611784,0.038
485,OOMA,Technology,Software - Application,NYSE,126.06,91,95,92,81,20.1,574079978.9428711,27600000.0,0.065,-23.25,456750,537810,466706,0.254
486,SMCI,Technology,Computer Hardware,NASDAQ,126.05,91,65,20,17,42.77,28261881661.285084,646873027.0,0.1882,-27.24,33623170,36260846,43829774,0.932
487,FTH,Healthcare,Biotechnology,NASDAQ,125.93,91,99,98,98,25.61,730827685.7338142,25778754.0,0.051799998,-39.23,295830,395623,360680,
488,PCLA,Communication Services,Telecom Services,NASDAQ,125.87,91,97,56,1,6.65,64797043.49957466,9613805.0,0.0334,-66.09,21010,468473,514918,0.455
489,PR,Energy,Oil & Gas E&P,NYSE,125.87,91,91,81,88,22.84,18526762184.385834,837557029.0,0.0254,-7.32,8378270,9777913,9698760,0.551
490,ENTG,Technology,Semiconductor Equipment & Materials,NASDAQ,125.82,91,84,82,89,162.19,25353381185.913086,152300000.0,0.0671,-13.24,1959870,2104723,2199202,0.115
491,BNC,Industrials,Farm & Heavy Construction Machinery,NASDAQ,125.74,91,91,13,4,5.1,240867018.57335567,41173850.0,0.068,-57.5,970610,3961210,2463792,-0.046
492,MTLS,Technology,Software - Application,NASDAQ,125.74,91,83,73,36,8.4,490285601.5,57680659.0,0.0177,-4.76,274420,215276,156008,0.081
493,MSGE,Communication Services,Entertainment,NYSE,125.71,91,86,88,85,81.66,3778269169.5077057,47305234.0,0.0465,-9.68,656910,526850,455704,0.274
494,CRCT,Technology,Computer Hardware,NASDAQ,125.68,91,76,48,44,6.4,1365577588.3251648,209444416.0,0.0967,-3.9,652400,671196,794288,-0.092
495,TX,Basic Materials,Steel,NYSE,125.67,91,91,75,76,56.47,11112977771.396698,196307678.0,0.0095999995,-3.85,385780,454076,544706,0.1
496,GRDX,Healthcare,Biotechnology,NASDAQ,125.55,91,36,93,81,4.8,27169578.22195387,7131123.0,0.007900001,-30.73,113980,99900,117248,
497,GPRK,Energy,Oil & Gas E&P,NYSE,125.53,91,90,82,79,11.45,704118944.8057652,64895753.0,0.0311,-12.8,751470,1111033,795690,0.196
498,KBSX,Consumer Cyclical,Leisure,NASDAQ,125.52,91,15,11,22,1.59,64910706.484609365,44766003.0,0.0087,-11.17,56400,30540,22888,0.097
499,JAKK,Consumer Cyclical,Leisure,NASDAQ,125.49,91,82,73,71,27.96,310732071.4340744,11445012.0,0.0424,2.72,105740,70593,92906,0.169
500,DAVE,Technology,Software - Application,NASDAQ,125.47,91,93,97,90,353.4,4420676154.414124,12755507.0,0.202,-22.88,269990,322076,372422,0.296
501,SRZN,Healthcare,Biotechnology,NASDAQ,125.31,91,41,83,97,27.97,344614316.97309875,11753558.0,0.3364,-26.06,773680,759676,560256,4.086
502,ALTO,Basic Materials,Specialty Chemicals,NASDAQ,125.29,91,91,98,99,3.73,292433092.72049904,77568460.0,0.087799996,-38.95,1007390,1184190,1514756,0.125
503,ROIV,Healthcare,Biotechnology,NASDAQ,125.24,91,97,95,95,34.21,25801378977.54196,722323015.0,0.066,-19.51,5732390,9098896,7781872,-0.335
504,VEEV,Healthcare,Health Information Services,NYSE,125.24,91,88,30,14,284.84,44254543796.43097,161908850.0,0.0335,-8.26,1254290,1727973,1723430,0.176
505,QUAD,Industrials,Specialty Business Services,NYSE,125.23,91,93,85,83,9.49,484765468.76618576,51461302.0,0.053600002,-14.89,254170,343060,392514,0.01
506,NEOG,Healthcare,Medical Devices,NASDAQ,125.02,91,93,86,88,11.71,2649987877.549162,218106005.0,0.0684,-17.88,7309670,4427293,3534324,-0.001
507,TGT,Consumer Defensive,Discount Stores,NYSE,124.93,91,91,83,79,154.76,70869467916.0,454291461.0,0.037,-9.36,4108260,3609090,4109280,0.053
508,ATNI,Communication Services,Telecom Services,NASDAQ,124.87,91,91,75,89,28.41,429907691.51963425,15403357.0,0.035099998,-14.97,78500,82266,86640,0.018
509,AII,Financial Services,Insurance - Property & Casualty,NYSE,124.87,91,91,38,58,26.97,510604697.15598106,19593427.0,0.019199999,-0.11,128410,194690,194776,0.546
510,VIOT,Consumer Cyclical,"Furnishings, Fixtures & Appliances",NASDAQ,124.82,91,44,7,12,1.56,102879746.70639324,65948558.0,0.0235,-56.79,877580,2864516,1761248,-0.499
511,DAO,Consumer Defensive,Education & Training Services,NYSE,124.79,91,92,87,54,16.31,1827614613.6315403,120634631.0,0.0343,-13.89,24790,59133,62654,0.035
512,KF,Financial Services,Asset Management,NYSE,124.79,91,92,94,94,62.9,286177508.0909729,4158348.0,0.1,-23.24,17774,24698,26380,0.158
513,CNXN,Technology,Electronics & Computer Distribution,NASDAQ,124.7,91,84,78,54,90.89,2331495516.301491,25238099.0,0.0499,-3.2,138540,138680,150802,0.124
514,MYE,Consumer Cyclical,Packaging & Containers,NYSE,124.62,91,91,94,87,30.68,1189859522.5296593,37618070.0,0.038,-18.08,254730,321466,346306,0.098
515,TEVA,Healthcare,Drug Manufacturers - Specialty & Generic,NYSE,124.55,91,85,82,90,39.25,46103546754.092926,1166292643.0,0.0271,-3.78,5056080,5129546,5222892,-0.008
516,VPG,Technology,Scientific & Technical Instruments,NYSE,124.51,91,80,99,92,72.25,1053246396.0349274,13320430.0,0.1258,-52.4,327080,325296,482352,0.117
517,ASTC,Technology,Scientific & Technical Instruments,NASDAQ,124.47,91,90,97,12,6.84,14183892.885041237,2009050.0,0.05,-90.07,29120,32353,145976,-0.427
518,CBNA,Financial Services,Banks - Regional,NYSE,124.44,91,87,82,75,49.6,310177092.59376144,6561817.0,0.0398,-0.22,15600,19000,19924,0.549
519,CELU,Healthcare,Biotechnology,NASDAQ,124.42,91,85,7,15,1.46,51919627.973662734,32449767.0,0.1232,-42.75,144890,8211056,4965962,-0.663
520,KLIC,Technology,Semiconductor Equipment & Materials,NASDAQ,124.29,91,88,97,95,90.92,5273204742.884636,52329115.0,0.0529,-33.05,634400,703160,808226,1.226
521,ITGR,Healthcare,Medical Devices,NYSE,124.29,91,91,45,28,126.65,4298929144.849182,33997068.0,0.089899994,-0.12,778360,758230,1155168,-0.026
522,ERO,Basic Materials,Copper,NYSE,124.28,91,92,59,89,35.98,3954112801.1146812,104302633.0,3.69,-11.88,1213560,1339663,1460634,0.739
523,FFIV,Technology,Software - Infrastructure,NASDAQ,124.28,91,81,87,61,461.66,25711006199.154846,56627182.0,0.031600002,-0.07,504190,533896,554466,0.109
524,GNK,Industrials,Marine Shipping,NYSE,124.21,91,89,86,89,27.81,1206041363.675394,43586605.0,0.035,-2.15,423700,593233,586990,0.685
525,PEB,Real Estate,REIT - Hotel & Motel,NYSE,124.19,91,88,92,80,18.98,2151910559.683136,112842716.0,0.2377,-4.77,2550940,2305313,2165586,-0.001
526,PRLD,Healthcare,Biotechnology,NASDAQ,124.09,91,98,98,99,3.88,292298282.7664547,79645307.0,0.1433,-43.19,482220,505270,500762,
527,EEIQ,Consumer Defensive,Education & Training Services,NASDAQ,124.07,91,21,8,11,5.01,8373078.017813683,1646623.0,0.0175,-60.55,24860,18636,15624,0.168
528,NXXT,Utilities,Utilities - Renewable,NASDAQ,124.05,91,2,4,2,0.62,12495000.24318695,17000000.0,0.097799994,-78.47,243430,932103,1592620,0.409
529,EOLS,Healthcare,Drug Manufacturers - Specialty & Generic,NASDAQ,124.04,91,82,54,14,7.8,471600132.78131485,66050440.0,0.0848,-16.22,803290,819226,946354,0.212
530,KGEI,Energy,Oil & Gas E&P,NASDAQ,124.02,91,86,56,49,6.46,221368803.71652603,35936495.0,4.31,-6.92,169910,163986,155718,1.029
531,UMAC,Technology,Computer Hardware,NYSE ARCA,123.98,91,92,83,81,21.39,1117527058.7751675,49956505.0,0.1859,-38.76,2788360,2703270,3643972,6.873
532,EFXT,Energy,Oil & Gas Equipment & Services,NYSE,123.96,91,86,94,97,24.01,3002509911.6014214,122102883.0,2.28,-17.63,805060,610570,692826,-0.054
533,FIX,Industrials,Engineering & Construction,NYSE,123.91,91,87,95,97,1706.39,60816152798.98462,35194329.0,0.028099999,-17.72,315470,328470,360852,0.503
534,DIOD,Technology,Semiconductors,NASDAQ,123.91,91,88,90,94,96.24,4782008878.553619,46051705.0,0.088,-23.61,518530,537246,609962,0.217
535,LEDS,Technology,Semiconductors,NASDAQ,123.9,91,79,91,14,2.29,19194294.407690763,8273403.0,0.040900003,-36.74,10860,15083,33580,-0.486
536,CNK,Communication Services,Entertainment,NYSE,123.87,91,81,62,65,36.77,4178622284.3162727,115911855.0,0.10569999,-5.89,1932250,2139593,2270050,0.155
537,CLBK,Financial Services,Banks - Regional,NASDAQ,123.81,91,91,86,77,11.01,3075509949.2206764,269545135.0,0.1005,-8.25,3650200,4304740,4561822,0.131
538,SEPN,Healthcare,Biotechnology,NASDAQ,123.79,90,93,93,95,36.9,1760187628.6359787,46676947.0,0.1185,-27.79,492810,384833,413754,223.756
539,RIBBU,Financial Services,Shell Companies,NASDAQ,123.76,90,87,39,62,15.0,,,0.69,-11.19,7580,3390,2062,
540,BYFC,Financial Services,Banks - Regional,NASDAQ,123.75,90,92,80,51,11.65,105960984.6078968,9278545.0,0.0027,-5.67,1980,2273,2564,0.046
541,PLTR,Technology,Software - Infrastructure,NASDAQ,123.72,90,66,26,43,198.78,453577288100.0,2403058480.0,0.027999999,-4.21,19767350,24928363,33615266,0.928
542,RIGL,Healthcare,Biotechnology,NASDAQ,123.72,90,91,89,80,48.72,872373100.2319336,18502080.0,0.1754,-6.74,228450,235100,278930,-0.226
543,QETAU,Financial Services,Shell Companies,NASDAQ,123.71,90,56,43,59,15.28,,,0.0,10.8,4170,1390,834,
544,APLM,Healthcare,Biotechnology,NASDAQ,123.7,90,97,92,77,21.78,67819577.86946297,2914965.0,0.0031,-48.29,8100,8933,17402,
545,ANET,Technology,Computer Hardware,NYSE,123.55,90,86,79,86,210.97,261514938460.70435,1261224648.0,0.0127,-1.82,4596100,4722656,5988268,0.377
546,BJRI,Consumer Cyclical,Restaurants,NASDAQ,123.52,90,93,92,51,59.54,1317484272.9422379,21273765.0,0.1161,-20.19,425930,431390,464310,0.064
547,SU,Energy,Oil & Gas Integrated,NYSE,123.4,90,87,79,87,70.91,82132632464.16132,1180745189.0,4.8,-1.6,3357110,4356373,4345752,0.459
548,SYNA,Technology,Semiconductors,NASDAQ,123.4,90,55,93,66,119.08,4807837905.120491,39701387.0,0.1084,-20.14,1529620,977900,855612,0.089
549,SPT,Technology,Software - Application,NASDAQ,123.39,90,85,56,6,11.08,611375428.3256378,60592212.0,0.08930001,-12.13,811710,1114986,1224556,0.108
550,TGB,Basic Materials,Copper,NYSE ARCA,123.3,90,92,85,95,8.31,3275908626.2865925,366023318.0,1.45,-15.38,4999450,5260186,5785656,1.848
551,OII,Energy,Oil & Gas Equipment & Services,NYSE,123.29,90,94,92,91,44.58,4411153836.025963,99529645.0,0.105399996,-17.82,819380,876646,868770,0.1
552,ONTO,Technology,Semiconductor Equipment & Materials,NYSE,123.21,90,92,96,96,292.67,20034427946.197876,61123436.0,0.071,-24.27,745280,848356,968340,0.353
553,BDL,Consumer Cyclical,Restaurants,NYSE ARCA,123.19,90,92,86,49,46.39,86445668.85032272,1858647.0,0.0076,-10.99,38390,26973,32394,0.083
554,ROG,Technology,Electronic Components,NYSE,123.11,90,83,90,90,148.12,2855765600.0,17848535.0,0.0493,-12.36,323790,257623,233730,0.069
555,TALO,Energy,Oil & Gas E&P,NYSE,123.06,90,89,79,86,16.95,2801680667.6860886,166965468.0,0.0874,-9.48,2113750,2094693,2044518,0.566
556,CRGY,Energy,Oil & Gas E&P,NYSE,123.0,90,90,60,85,13.01,4424105602.875107,330403696.0,0.1145,-15.9,5471660,6306700,6015664,0.553
557,ALVO,Healthcare,Drug Manufacturers - Specialty & Generic,NASDAQ,122.93,90,68,14,8,5.67,1944652789.042551,356817038.0,0.0361,-37.31,1204850,1171246,1124216,-0.389
558,BWMN,Industrials,Engineering & Construction,NASDAQ,122.93,90,86,20,35,42.78,738417808.7507935,17333752.0,0.0506,-6.66,379230,332873,416962,0.197
559,VSAT,Technology,Communication Equipment,NASDAQ,122.86,90,95,97,98,67.41,9918418320.0,137755810.0,0.0968,-27.54,1652250,1714060,1831956,-0.012
560,TGTX,Healthcare,Biotechnology,NASDAQ,122.72,90,94,94,48,53.34,8310119027.5089035,153069053.0,0.2847,-10.05,1723630,1801830,2026150,0.703
561,NRIX,Healthcare,Biotechnology,NASDAQ,122.68,90,96,94,83,22.21,2377299617.2022877,103405813.0,0.1752,-21.32,1612190,1491623,1320982,-0.795
562,OSPN,Technology,Software - Infrastructure,NASDAQ,122.67,90,84,76,25,18.01,671760073.1127739,37072850.0,0.1224,-2.54,486330,528050,484360,0.01
563,RAL,Technology,Electronic Components,NYSE,122.64,90,83,89,35,71.86,8098848247.953491,110640008.0,0.074499995,-4.71,1432570,1468150,1485060,0.128
564,KFFB,Financial Services,Banks - Regional,NASDAQ,122.62,90,89,79,81,5.99,45609077.16030693,8086716.0,0.0116,-7.28,7550,9250,7772,0.268
565,PANL,Industrials,Marine Shipping,NASDAQ,122.62,90,82,75,87,8.6,551943917.9410095,65473772.0,0.0287,-8.41,367300,422750,414224,0.194
566,GKOS,Healthcare,Medical Devices,NYSE,122.55,90,94,90,75,161.29,9658619683.75,58983937.0,0.0855,-15.83,1125210,885823,852376,0.495
567,STNG,Energy,Oil & Gas Midstream,NYSE,122.44,90,86,84,90,88.15,4318515151.079773,50081352.0,0.0513,-2.12,1256090,1063920,962572,0.775
568,XERS,Healthcare,Drug Manufacturers - Specialty & Generic,NASDAQ,122.25,90,71,84,49,10.19,1655468364.5700645,182320306.0,0.045700002,-10.06,4573500,2789193,2374988,0.287
569,MSGS,Communication Services,Entertainment,NYSE,122.22,90,89,90,86,407.17,9799332283.894592,24079941.0,0.0858,-7.24,299170,293576,265644,0.367
570,NUE,Basic Materials,Steel,NYSE,122.18,90,90,89,84,246.14,54538643615.16608,226875676.0,0.0251,-12.13,1235440,1223203,1348580,0.23
571,BTE,Energy,Oil & Gas E&P,NYSE,122.1,90,91,88,93,4.74,3237296080.01709,699200000.0,1.57,-11.57,19417330,17599176,16439044,0.513
572,UCTT,Technology,Semiconductor Equipment & Materials,NASDAQ,122.04,90,95,98,98,67.58,3291187348.5496216,45277029.0,0.1074,-53.14,1215900,947256,1060362,0.243
573,MAKO,Basic Materials,Gold,NASDAQ,122.02,90,94,75,92,9.0,811230737.3914013,87605909.0,0.08,-18.92,131960,173470,190816,0.617
574,CNET,Communication Services,Advertising Agencies,NASDAQ,121.98,90,72,22,7,1.46,5869486.487462163,3668429.0,0.0137,-49.13,2775590,927413,602014,0.19
575,VRNS,Technology,Software - Infrastructure,NASDAQ,121.87,90,88,88,9,48.88,5463913236.397362,114860485.0,0.0685,-23.51,1411170,1862720,1654322,0.183
576,CBZ,Industrials,Specialty Business Services,NYSE,121.79,90,92,34,7,54.8,3004694885.1307297,54940482.0,0.045700002,-3.57,859410,1030983,1162604,-0.002
577,RLJ,Real Estate,REIT - Hotel & Motel,NYSE,121.78,90,87,93,67,11.2,1709657324.5287476,152375872.0,0.1066,-13.11,1881770,1749683,1794846,0.056
578,FRSH,Technology,Software - Application,NASDAQ,121.74,90,75,52,15,13.64,3334567396.486637,260920772.0,0.096499994,-2.5,10381120,6384626,6665178,0.16
579,YPF,Energy,Oil & Gas Integrated,NYSE,121.59,90,90,88,79,49.9,19474367313.60913,392075056.0,4.5,-13.77,1019380,1235116,1185682,0.722
580,SLDE,Financial Services,Insurance - Property & Casualty,NASDAQ,121.58,90,92,65,66,25.3,2757924756.886215,116811719.0,0.1031,-5.42,1186920,1410966,1170710,0.479
581,GCTS,Technology,Semiconductors,NYSE,121.55,90,70,95,45,2.1,206931883.5,91969726.0,0.1232,-46.56,1333480,1470436,1921032,-0.179
582,NVGS,Energy,Oil & Gas Midstream,NYSE,121.55,90,79,77,81,24.49,1465996157.0631065,61493127.0,0.0602,-3.89,469970,468080,440016,0.295
583,UVE,Financial Services,Insurance - Property & Casualty,NYSE,121.41,90,89,80,81,46.97,1223144123.4828758,27830355.0,0.028099999,4.03,209970,168696,179894,0.067
584,VTRS,Healthcare,Drug Manufacturers - Specialty & Generic,NASDAQ,121.35,90,84,89,87,17.44,20215199644.552643,1148590864.0,0.0356,-5.37,9944300,8765823,9330228,0.049
585,BZH,Consumer Cyclical,Residential Construction,NYSE,121.32,90,88,89,40,33.41,891099448.909874,26679623.0,0.077,-3.27,850000,736863,821942,-0.053
586,GCBC,Financial Services,Banks - Regional,NASDAQ,121.31,90,91,88,53,34.34,583293087.5232887,17025485.0,0.0315,-5.48,25590,36120,34000,0.198
587,SAIL,Technology,Software - Infrastructure,NASDAQ,121.31,90,62,35,10,20.02,11663724836.418404,570911633.0,0.2541,-16.58,5258780,5394666,4421112,0.168
588,HQ,Technology,Software - Infrastructure,NASDAQ,121.21,90,93,97,71,16.31,852219141.1411285,53972080.0,0.10479999,-63.76,130730,388723,350814,
589,TRGP,Energy,Oil & Gas Midstream,NYSE,121.21,90,89,90,84,288.49,60413793762.48706,214431021.0,0.0309,-6.32,1180670,1153940,1211936,0.042
590,ELPC,Utilities,Utilities - Regulated Electric,NYSE,121.2,90,82,73,91,14.06,9547297798.396278,742402648.0,0.0013,2.65,813850,595726,540786,0.111
591,OVV,Energy,Oil & Gas E&P,NYSE,121.16,90,86,81,85,63.37,16690044042.20581,276600000.0,0.045700002,-6.13,2885800,3146153,3223788,0.297
592,TITN,Industrials,Industrial Distribution,NASDAQ,121.16,90,86,57,73,23.66,598206243.5354176,23532897.0,0.0577,-12.04,197830,290163,250238,-0.092
593,CNC,Healthcare,Healthcare Plans,NYSE,121.14,90,93,95,31,64.54,31116745879.154205,493995000.0,0.0328,-7.31,4295230,4665203,4460858,0.046
594,SWKS,Technology,Semiconductors,NASDAQ,121.11,90,82,32,33,80.75,12794700469.777405,150472782.0,0.3444,-12.98,8961530,8481376,7040314,-0.031
595,CSTL,Healthcare,Diagnostics & Research,NASDAQ,120.98,90,87,37,43,33.71,1086340510.8733635,30549507.0,0.0637,-23.87,402590,352766,427118,0.201
596,KYMR,Healthcare,Biotechnology,NASDAQ,120.96,90,95,94,94,109.3,8833642325.113953,82257588.0,0.16290002,-15.96,871670,779146,741568,4.664
597,CHMG,Financial Services,Banks - Regional,NASDAQ,120.95,89,91,87,76,81.07,395023202.4313965,4821472.0,0.0347,-5.73,81440,73983,66584,2.417
598,DCTH,Healthcare,Medical Devices,NASDAQ,120.94,89,92,74,34,15.04,524992772.32096195,34698795.0,0.0725,-13.66,338780,365210,516956,0.206
599,HFBL,Financial Services,Banks - Regional,NASDAQ,120.86,89,92,86,79,24.16,76946779.81027222,3030594.0,0.0016,-13.71,840,860,1242,0.13
600,OGN,Healthcare,Drug Manufacturers - General,NYSE,120.81,89,92,89,50,13.75,3603001490.884284,262609433.0,0.0759,-0.25,2023320,2595140,2661644,-0.023
601,UEIC,Technology,Consumer Electronics,NASDAQ,120.78,89,83,56,27,5.49,73058302.52305222,12885062.0,0.0135,-8.35,36740,57093,78108,-0.25
602,TIGO,Communication Services,Telecom Services,NASDAQ,120.71,89,93,95,95,87.95,14812147148.81897,167710000.0,0.0324,-17.9,921400,819393,1041820,0.594
603,HUM,Healthcare,Healthcare Plans,NYSE,120.6,89,93,95,19,387.12,46634386655.89111,120080308.0,0.0269,-9.74,1627590,1154516,1174990,0.262
604,CHYM,Technology,Software - Application,NASDAQ,120.58,89,94,31,30,28.96,10316444274.75,378585111.0,0.0733,-18.54,4161090,6773286,8035754,0.268
605,AGCC,Consumer Defensive,Beverages - Wineries & Distilleries,NASDAQ,120.58,89,84,94,97,14.78,341797500.0,22786500.0,0.0098,-42.55,10650,15256,28050,2.741
606,UFI,Consumer Cyclical,Textile Manufacturing,NYSE,120.57,89,96,91,24,6.18,121570993.27089214,18588837.0,0.0137,-27.04,57890,64343,110184,0.041
607,STK,Financial Services,Asset Management,NYSE,120.5,89,84,86,85,54.99,974113589.999733,17695070.0,0.11,-5.94,63067,50722,56861,
608,KRO,Basic Materials,Specialty Chemicals,NYSE,120.43,89,91,70,62,7.82,895458698.6284199,115097516.0,0.050100002,-14.72,305480,380023,418080,0.129
609,MTEX,Consumer Defensive,Food Distribution,NASDAQ,120.37,89,82,16,11,7.86,12813008.54236126,1929670.0,0.0121,-36.87,26680,44250,30454,0.038
610,PLXS,Technology,Electronic Components,NASDAQ,120.29,89,84,90,88,261.38,7279487930.007202,26652099.0,0.0475,-14.88,198820,213470,242316,0.281
611,NVT,Industrials,Electrical Equipment & Parts,NYSE,120.2,89,84,91,91,164.2,27444631741.679016,161857939.0,0.0327,-11.07,1839400,2343503,2274656,0.528
612,DAR,Consumer Defensive,Packaged Foods,NYSE,120.18,89,92,89,91,62.25,9932115316.330673,157802916.0,0.0432,-11.05,2073610,2340933,2448134,0.164
613,HCHL,Consumer Cyclical,Restaurants,NASDAQ,120.17,89,94,94,3,3.96,118183829.09847355,29844401.0,0.024400001,-20.8,0,0,0,-0.442
614,PBI,Industrials,Integrated Freight & Logistics,NYSE,120.16,89,90,93,77,16.98,2297631984.4974594,137090212.0,0.0001,-10.96,1717000,1717336,1736986,-0.023
615,SCSC,Technology,Electronics & Computer Distribution,NASDAQ,120.12,89,84,84,45,59.16,1243415775.5393524,20142812.0,0.078600004,-11.41,279460,272760,294696,0.173
616,WKC,Energy,Oil & Gas Refining & Marketing,NYSE,120.11,89,88,89,28,37.24,1833785498.948822,51151620.0,0.2874,-9.61,1084960,1138113,1070624,0.503
617,ROKU,Communication Services,Entertainment,NASDAQ,120.05,89,91,87,81,153.81,22631535272.226303,148510633.0,0.057800002,-3.8,1517720,2017963,2218790,0.219
618,STM,Technology,Semiconductors,NYSE,120.0,89,88,97,91,52.71,51079183009.831924,892057012.0,0.0226,-35.26,9771800,8665536,8447258,0.261
619,CVU,Industrials,Aerospace & Defense,NYSE ARCA,119.98,89,88,89,43,5.1,68501125.79087448,13249734.0,0.0064,-14.72,38670,41890,49414,0.158
620,QNME,Industrials,Integrated Freight & Logistics,NASDAQ,119.97,89,6,5,31,0.83,19279433.122081697,34427559.0,0.0322,-50.6,10462680,22091820,17849266,-0.637
621,PTC,Technology,Software - Application,NASDAQ,119.96,89,27,19,21,193.73,15628156639.376068,108506261.0,0.0921,-6.33,5766130,3074043,2390998,-0.068
622,MATV,Basic Materials,Specialty Chemicals,NYSE,119.95,89,87,24,70,11.86,656762145.1466484,55190098.0,0.024500001,-23.39,404710,480203,564342,0.012
623,TGHL,Technology,Software - Infrastructure,NASDAQ,119.86,89,96,87,7,0.74,19885651.78378892,25299811.0,0.0081,-70.16,77090,106563,675816,-0.652
624,OUST,Technology,Electronic Components,NASDAQ,119.85,89,77,87,83,39.53,3201066417.856125,72112333.0,0.096999995,-38.03,2697100,2254586,2535018,0.559
625,FDMT,Healthcare,Biotechnology,NASDAQ,119.73,89,94,92,95,12.7,755188368.5847988,55244211.0,0.2492,-24.99,1153650,990850,998614,251.067
626,PARK,Healthcare,Medical Care Facilities,NASDAQ,119.71,89,90,88,88,20.6,94344795.60559845,4755282.0,0.0032,-23.11,23710,34096,30388,0.051
627,HP,Energy,Oil & Gas Drilling,NYSE,119.71,89,92,85,88,40.19,3853645856.4452553,99938945.0,0.103999995,-16.57,1064340,1238073,1269644,-0.006
628,VIRT,Financial Services,Capital Markets,NYSE,119.69,89,91,90,83,57.81,5191196940.461685,88300678.0,0.0552,-15.92,1630430,1207850,1349808,0.291
629,THC,Healthcare,Medical Care Facilities,NYSE,119.62,89,89,46,65,260.57,20823823386.84082,80519000.0,0.0294,-7.94,535110,741213,767276,0.068
630,XRX,Industrials,Business Equipment & Supplies,NASDAQ,119.52,89,76,79,8,2.92,396569820.71537447,131314511.0,0.34919998,-23.56,2339340,2588763,3158206,0.22
631,RELY,Technology,Software - Infrastructure,NASDAQ,119.51,89,85,91,78,23.52,4608361952.48127,211684054.0,0.0912,-14.41,3207630,4008006,3755374,0.202
632,VBNK,Financial Services,Banks - Regional,NASDAQ,119.49,89,92,91,78,21.88,726187357.2331028,32419079.0,2.7,-12.65,151310,150616,127544,0.284
633,NRXS,Healthcare,Biotechnology,NYSE ARCA,119.48,89,90,94,97,6.77,89285710.82664251,12557765.0,0.038399998,-27.44,79100,128846,115566,1.157
634,DCO,Industrials,Aerospace & Defense,NYSE,119.46,89,90,92,89,168.3,2648350229.5938263,15099779.0,0.0592,-20.01,181710,230203,225272,0.118
635,KN,Technology,Electronic Components,NYSE,119.45,89,84,91,87,37.14,3420683491.1370926,85410326.0,0.0784,-13.49,616950,670706,720214,0.143
636,CSCO,Technology,Communication Equipment,NASDAQ,119.43,89,80,91,78,114.89,442358235118.7797,3942586873.0,0.0146,-11.87,16810910,17482723,19061746,0.176
637,CGEM,Healthcare,Biotechnology,NASDAQ,119.39,89,97,95,92,15.46,953214307.5266304,61458046.0,0.2084,-33.33,1225480,1159990,975906,
638,BOTJ,Financial Services,Banks - Regional,NASDAQ,119.33,89,90,89,87,27.16,124033151.23370743,4543339.0,0.0045,-8.83,41630,39286,40620,0.041
639,NEXA,Basic Materials,Other Industrial Metals & Mining,NYSE,119.3,89,93,94,97,12.51,1621048568.3272076,132438611.0,0.0049,-25.93,477330,756116,725396,0.282
640,ZS,Technology,Software - Infrastructure,NASDAQ,119.23,89,41,20,9,216.81,32056554622.006897,163054698.0,0.061,-35.66,3068390,3530276,3008954,0.249
641,EGY,Energy,Oil & Gas E&P,NYSE,119.22,89,89,79,85,6.0,602748889.9463739,105191778.0,0.0793,-10.71,1143510,1305843,1293560,0.395
642,WCCB,Financial Services,Banks - Regional,NASDAQ,119.2,89,87,76,66,61.16,638390873.1741524,10524083.0,0.0,-1.28,44454,21814,14288,-0.023
643,HSTM,Healthcare,Health Information Services,NASDAQ,119.16,89,75,77,24,32.47,942965228.0028763,30595887.0,0.0617,4.37,186730,192506,198746,0.125
644,NVAX,Healthcare,Biotechnology,NASDAQ,119.14,89,67,48,70,11.01,1725332300.25218,164945726.0,0.3043,-8.02,8687400,6761903,5828488,-0.763
645,BSTZ,Financial Services,Asset Management,NYSE,119.11,89,85,85,78,29.91,2122819294.3076134,68744150.0,0.0011,-6.21,231030,185873,178990,
646,SXT,Basic Materials,Specialty Chemicals,NYSE,119.07,89,82,73,57,132.03,5473151710.620331,42562811.0,0.0634,-4.89,353970,334610,324266,0.116
647,TRAX,Healthcare,Biotechnology,NASDAQ,119.07,89,98,94,69,32.01,1189122411.4232483,35730843.0,7.68,-35.86,713960,728150,685388,
648,LQDT,Consumer Cyclical,Internet Retail,NASDAQ,119.03,89,85,86,73,42.13,1354465831.7975235,31331618.0,0.0498,-6.38,299600,256273,241320,0.081
649,CAI,Healthcare,Biotechnology,NASDAQ,118.98,89,70,16,16,27.5,7999863452.831745,282680695.0,0.1158,-18.29,3956050,5153830,5293610,0.454
650,SBFG,Financial Services,Banks - Regional,NASDAQ,118.97,89,89,83,64,29.44,183837962.41467285,6252992.0,0.0039,-10.6,13243,15244,15664,0.078
651,PK,Real Estate,REIT - Hotel & Motel,NYSE,118.95,89,87,85,61,15.21,3126784211.1368656,201338330.0,0.23709999,-6.11,3834490,3512803,3790798,0.01
652,DOCU,Technology,Software - Application,NASDAQ,118.92,89,80,27,14,71.43,12898138611.786713,186902452.0,0.097600006,-4.76,2510390,3434103,3216648,0.094
653,JOYY,Communication Services,Internet Content & Information,NASDAQ,118.92,89,78,76,66,80.85,3878211822.1342163,48973503.0,0.059699997,-0.5,248070,353400,338480,0.163
654,IBEX,Technology,Information Technology Services,NASDAQ,118.88,89,78,59,30,44.4,578682894.033905,13278634.0,0.0337,-1.94,93980,144950,128588,0.116
655,AERT,Industrials,Consulting Services,NASDAQ,118.86,89,93,75,27,7.04,39962388.527088165,5393035.0,0.011,-11.56,11560,15090,14964,0.43
656,FATE,Healthcare,Biotechnology,NASDAQ,118.85,89,96,98,66,2.13,277983584.4811177,119820514.0,0.0885,-34.06,1538230,1428430,1711244,0.092
657,ASML,Technology,Semiconductor Equipment & Materials,NASDAQ,118.83,88,87,92,89,1769.79,717233793505.8594,384100000.0,0.0038,-11.51,1398470,1342150,1308836,0.213
658,CBLL,Healthcare,Medical Devices,NASDAQ,118.74,88,90,64,78,23.15,909177233.1861172,38378101.0,0.0727,-9.67,277840,328003,377384,0.325
659,MGNX,Healthcare,Biotechnology,NASDAQ,118.73,88,95,97,97,3.55,228046664.60006142,63700187.0,0.1144,-30.12,792220,575676,545162,3.78
660,SLNG,Energy,Oil & Gas Integrated,NASDAQ,118.67,88,78,31,17,5.32,90563983.74182224,18596301.0,0.003,-24.75,15470,31630,33876,-0.312
661,VGNT,Consumer Cyclical,Auto Parts,NYSE,118.59,88,86,81,65,44.16,3288881375.5672073,70835265.0,4.73,-13.22,741140,751180,798504,0.108
662,FMAO,Financial Services,Banks - Regional,NASDAQ,118.58,88,88,74,65,35.31,488633015.2294464,13768188.0,0.0212,-2.24,47740,47320,60260,0.175
663,PDEX,Healthcare,Medical Instruments & Supplies,NASDAQ,118.46,88,83,87,82,62.21,205237608.40242004,3203334.0,0.2881,-19.21,54690,70630,71896,0.166
664,CNQ,Energy,Oil & Gas E&P,NYSE,118.43,88,86,73,83,49.05,99859057168.96057,2061500000.0,26.75,-6.23,5237380,6501126,6281874,0.695
665,WHD,Energy,Oil & Gas Equipment & Services,NYSE,118.37,88,90,69,74,63.22,4423872082.156067,69733168.0,0.0596,-14.65,642570,760413,779088,0.643
666,RNXT,Healthcare,Biotechnology,NASDAQ,118.33,88,97,20,28,1.33,71304624.57674837,45129508.0,0.0154,-48.65,507520,1168246,925758,1.154
667,GIC,Industrials,Industrial Distribution,NYSE,118.27,88,81,61,71,42.56,1668566550.7427216,38261099.0,0.0463,-3.05,175620,146703,144658,0.077
668,CCSI,Technology,Software - Infrastructure,NASDAQ,118.23,88,81,92,77,36.62,647969253.1046448,18324922.0,0.0833,-11.55,114350,150206,156700,0.042
669,MSM,Industrials,Industrial Distribution,NYSE,118.21,88,83,87,71,128.92,7266720023.072998,55846298.0,0.0543,-2.58,830470,746250,685304,0.078
670,DRH,Real Estate,REIT - Hotel & Motel,NASDAQ,118.18,88,83,87,81,12.6,2571893347.7293015,204605681.0,0.0987,-8.63,3128550,2989880,2876740,0.041
671,LUXE,Consumer Cyclical,Luxury Goods,NYSE,118.17,88,31,37,61,10.45,1360676321.9652462,139699831.0,0.1985,-8.17,213570,307363,230560,0.115
672,ASRV,Financial Services,Banks - Regional,NASDAQ,118.07,88,92,69,84,4.45,78953593.16926908,16979267.0,0.0117999995,-17.29,13680,13790,18696,0.426
673,MRK,Healthcare,Drug Manufacturers - General,NYSE,118.03,88,90,79,82,142.38,356012874892.61035,2467171638.0,0.0139999995,-9.27,8423920,9398776,10107026,0.051
674,MANH,Technology,Software - Application,NASDAQ,118.03,88,86,38,17,206.78,11902959677.934692,58304972.0,0.0656,-8.92,477230,586373,732274,0.093
675,KOPN,Technology,Electronic Components,NASDAQ,118.0,88,92,93,87,4.2,912634506.3780899,185872614.0,0.14479999,-36.46,3194920,3390796,3755692,0.506
676,GSL,Industrials,Marine Shipping,NYSE,117.98,88,86,82,86,45.48,1650062555.8514252,36035434.0,0.024400001,-2.34,318560,297773,331780,0.02
677,WPP,Communication Services,Advertising Agencies,NYSE,117.97,88,85,31,16,25.48,5321444389.396992,215705082.0,0.0088,-8.28,321480,328513,414462,-0.044
678,RCBC,Financial Services,Banks - Regional,NASDAQ,117.96,88,84,63,58,54.7,758102353.1246185,13994875.0,1.81,-0.33,87315,92478,75301,0.198
679,PWR,Industrials,Engineering & Construction,NYSE,117.92,88,74,85,88,685.33,101716325601.0307,150343393.0,0.024,-13.11,904890,883226,1021446,0.411
680,INTT,Technology,Semiconductor Equipment & Materials,NYSE ARCA,117.9,88,55,91,96,14.39,157757170.24632454,12825786.0,0.0418,-28.05,136930,124293,134272,0.255
681,BOX,Technology,Software - Infrastructure,NYSE,117.89,88,81,62,21,36.31,4732054891.056942,137200773.0,0.1531,-0.08,2429040,2829820,2859736,0.092
682,ZD,Communication Services,Advertising Agencies,NASDAQ,117.83,88,89,85,83,55.91,1892653907.7590637,34287208.0,0.2566,-7.56,525890,646533,636122,-0.027
683,ORMP,Healthcare,Biotechnology,NASDAQ,117.81,88,94,89,89,4.2,186772109.93912125,41597354.0,0.038,-23.22,149060,184053,199870,
684,CHRD,Energy,Oil & Gas E&P,NASDAQ,117.77,88,87,71,82,142.34,7494155142.255615,54697872.0,0.0825,-9.37,663650,696240,718416,0.841
685,LNTH,Healthcare,Drug Manufacturers - Specialty & Generic,NASDAQ,117.75,88,88,88,73,100.12,6527375445.216179,65299875.0,0.0723,-10.5,904040,973940,1441564,0.027
686,PBAM,Financial Services,Banks - Regional,NASDAQ,117.74,88,90,82,77,85.43,497562991.13671875,5725696.0,0.31,-7.23,91670,139176,92212,0.137
687,VSTM,Healthcare,Biotechnology,NASDAQ,117.71,88,87,27,51,8.11,697338478.4263945,90563441.0,0.2002,-25.05,2410870,2436740,2224944,17.754
688,SANM,Technology,Electronic Components,NASDAQ,117.7,88,80,91,86,210.48,12275938058.39447,53597356.0,0.059699997,-27.09,585650,600200,635934,0.697
689,HRTG,Financial Services,Insurance - Property & Casualty,NYSE,117.63,88,91,55,71,35.23,1010604869.744873,29732416.0,0.0317,-3.48,275930,275753,307014,0.03
690,VECO,Technology,Semiconductor Equipment & Materials,NASDAQ,117.62,88,72,95,92,51.45,3507618808.4934998,61129640.0,0.1545,-40.61,832080,654210,687454,0.165
691,BTX,Financial Services,Asset Management,NYSE,117.61,88,81,78,68,9.24,1076068987.945012,116710299.0,0.29,-2.07,487230,421733,440732,
692,SXC,Basic Materials,Coking Coal,NYSE,117.61,88,88,73,19,9.75,840260982.6228142,84874850.0,0.057600003,-8.71,1162980,1013483,1311050,0.095
693,CRDO,Technology,Semiconductors,NASDAQ,117.61,88,31,91,94,211.86,41093807236.80325,187951918.0,0.0514,-31.36,8589550,9119673,7282202,1.147
694,TXN,Technology,Semiconductors,NASDAQ,117.6,88,78,90,78,288.2,268312158998.75696,913247686.0,0.0241,-13.72,4420780,5581240,5824584,0.228
695,SLNHP,Financial Services,Capital Markets,NASDAQ,117.59,88,97,80,51,11.5,,,1.55,-10.92,4950,4163,5768,1.446
696,VIST,Energy,Oil & Gas E&P,NYSE,117.57,88,90,82,86,67.16,7107168207.0,110617404.0,0.0325,-17.53,897150,1108936,1049272,1.023
697,FF,Basic Materials,Specialty Chemicals,NYSE,117.54,88,88,78,66,5.18,226334714.18698883,43863318.0,0.0465,-25.89,262560,341776,437708,1.207
698,MEOH,Basic Materials,Chemicals,NASDAQ,117.54,88,85,77,88,62.04,4520393910.699699,77364263.0,3.3,-7.06,587970,769583,750474,0.752
699,KNTK,Energy,Oil & Gas Midstream,NYSE,117.48,88,85,77,73,54.41,4225631977.193878,80442263.0,0.0954,-4.41,1326640,1256170,1208114,0.363
700,AMTB,Financial Services,Banks - Regional,NYSE,117.39,88,88,78,74,29.03,1158452181.5503578,39189858.0,0.059699997,-5.13,318770,339460,343392,-0.079
701,AIRT,Industrials,Conglomerates,NASDAQ,117.38,88,87,79,61,30.51,80355966.1427269,2696509.0,0.024,-12.83,46990,48216,35088,0.629
702,RCKY,Consumer Cyclical,Footwear & Accessories,NASDAQ,117.31,88,81,83,95,45.42,350171932.71492386,7491911.0,0.0312,-14.32,50830,49610,54682,0.12
703,MITK,Technology,Software - Application,NASDAQ,117.29,88,89,94,91,17.07,800922138.5,45122374.0,0.0926,-18.91,549510,615526,670822,0.182
704,AZTA,Healthcare,Medical Instruments & Supplies,NASDAQ,117.28,88,77,31,18,36.0,1697575228.75,43808393.0,0.19950001,-14.29,1540530,1076190,953656,0.12
705,BFH,Financial Services,Credit Services,NYSE,117.25,88,88,88,87,100.73,3767009344.6463013,38419268.0,0.0005,-12.05,511180,569030,510266,0.038
706,INTA,Technology,Software - Application,NASDAQ,117.25,88,86,30,9,38.65,2791891918.9414215,76511148.0,0.059699997,-19.36,457740,573776,647540,0.13
707,TTMI,Technology,Electronic Components,NASDAQ,117.17,88,88,96,98,117.5,13892354181.28125,105348864.0,0.0458,-47.5,1936570,1852310,2370670,0.374
708,E,Energy,Oil & Gas Integrated,NYSE,117.16,88,84,76,89,55.62,78483212086.04361,1434007176.0,0.0008,-4.1,325590,331746,361956,0.185
709,HIMX,Technology,Semiconductors,NASDAQ,117.09,88,80,90,81,13.26,2658250889.4370766,174425914.0,0.05,-47.15,1085700,1007346,1166990,0.059
710,NSP,Industrials,Staffing & Employment Services,NYSE,117.08,88,93,83,9,49.74,1775316132.115593,38195270.0,0.09689999,-11.02,461410,425273,450968,0.017
711,DXPE,Industrials,Industrial Distribution,NASDAQ,117.08,88,90,84,88,178.58,3010016302.7435913,15517148.0,0.0399,-14.14,161090,127796,137264,0.156
712,BWFG,Financial Services,Banks - Regional,NASDAQ,117.04,88,89,83,82,65.66,531331945.9642639,7971972.0,0.0829,-5.65,64700,72580,67248,0.197
713,GSAT,Communication Services,Telecom Services,NASDAQ,116.94,88,91,92,97,83.22,10782265473.958435,129563390.0,0.0849,-1.92,564180,586290,717478,-0.035
714,TPCS,Industrials,Metal Fabrication,NASDAQ,116.92,88,90,67,32,5.82,53503620.20604277,10133261.0,0.002,-7.77,22720,24723,40282,0.233
715,NWL,Consumer Defensive,Household & Personal Products,NASDAQ,116.92,88,88,73,33,5.73,2299860040.616989,425900000.0,0.1511,-19.64,5212100,6257093,7679926,0.03
716,BWEN,Industrials,Specialty Industrial Machinery,NASDAQ,116.9,87,88,97,29,3.86,99467493.0,23404116.0,0.034,-32.28,151860,201110,410822,0.674
717,NKSH,Financial Services,Banks - Regional,NASDAQ,116.77,87,84,70,79,42.98,271770648.22792053,6370620.0,0.0188,-0.76,32700,34110,38336,0.162
718,LFUS,Technology,Electronic Components,NASDAQ,116.76,87,82,88,91,425.3,11595289936.90567,25398747.0,0.0554,-15.04,189450,191533,216170,0.204
719,FCX,Basic Materials,Copper,NYSE,116.74,87,86,66,89,71.14,103450703671.6333,1436017523.0,0.024,-11.34,11646620,11977573,12788754,-0.073
720,SUNE,Technology,Solar,NASDAQ,116.71,87,98,95,30,2.29,15240672.160975456,6513108.0,0.0733,-75.77,84350,5329586,3244818,-0.375
721,OPY,Financial Services,Capital Markets,NYSE,116.69,87,92,89,91,116.44,1286352611.2395859,10708005.0,0.0139999995,-7.5,121990,118936,123816,0.241
722,RUSHB,Consumer Cyclical,Auto & Truck Dealerships,NASDAQ,116.67,87,78,77,80,56.13,6619781727.780113,116730415.0,0.0359,-2.18,90210,182786,150043,-0.016
723,ADIL,Healthcare,Biotechnology,NASDAQ,116.55,87,96,28,1,3.97,12086860.144264221,2933704.0,0.0719,-63.07,30440,44676,61126,
724,EXPD,Industrials,Integrated Freight & Logistics,NYSE,116.54,87,85,85,66,193.71,25019295175.01996,129990622.0,0.0394,-0.45,1075320,1022840,1027832,0.321
725,LGND,Healthcare,Biotechnology,NASDAQ,116.54,87,89,93,87,295.0,6039691932.291779,19935609.0,0.1583,-9.68,299110,247246,244208,0.337
726,UFPT,Healthcare,Medical Devices,NASDAQ,116.53,87,84,69,27,286.56,2329159147.5531006,7745790.0,0.1891,-15.4,111440,115140,139600,0.151
727,ELF,Consumer Defensive,Household & Personal Products,NYSE,116.35,87,84,25,19,105.96,6176957039.287811,59007996.0,0.0842,-28.28,1198520,1408863,1831828,0.355
728,SEZL,Financial Services,Credit Services,NASDAQ,116.3,87,87,98,69,117.22,3617033377.0615845,33675014.0,0.2644,-40.11,462340,482050,619504,0.517
729,MRAM,Technology,Semiconductors,NASDAQ,116.28,87,91,93,86,16.55,458510667.61224174,24350009.0,0.1593,-67.86,773600,827113,1060366,0.419
730,ASIC,Financial Services,Insurance - Property & Casualty,NYSE,116.25,87,87,68,57,26.93,1254247709.4165344,47926928.0,0.0354,-7.14,67890,67640,72232,0.459
731,GTX,Consumer Cyclical,Auto Parts,NASDAQ,116.23,87,89,97,88,25.75,5048376660.066727,186493414.0,0.0373,-28.97,2627290,2743333,2629314,0.069
732,EFOR,Technology,Information Technology Services,NYSE,116.22,87,52,5,19,35.93,1404250000.0,41000000.0,0.1074,-34.6,694710,726003,779488,-0.013
733,NXDR,Communication Services,Internet Content & Information,NYSE,116.2,87,73,88,23,2.51,930586070.8231807,381387725.0,0.0272,-32.53,1677750,2209696,2166100,0.145
734,TNET,Industrials,Staffing & Employment Services,NYSE,116.17,87,89,69,10,66.49,2903015708.1695786,45904738.0,0.0652,-9.02,334330,335030,359480,-0.044
735,WNC,Industrials,Farm & Heavy Construction Machinery,NYSE,116.11,87,89,86,37,13.41,571949907.3660002,40737173.0,0.10560001,-7.33,1212860,868633,870678,-0.091
736,IQV,Healthcare,Diagnostics & Research,NYSE,116.1,87,90,62,30,258.88,42501364593.50586,164600000.0,0.029000001,-6.68,1345810,1540763,1424138,0.087
737,GCL,Communication Services,Electronic Gaming & Multimedia,NASDAQ,116.1,87,22,6,4,0.78,97030598.94933641,128008703.0,0.0062,-71.64,136350,367253,593806,0.538
738,PRE,Consumer Defensive,Packaged Foods,NASDAQ,116.07,87,92,88,95,22.0,338439631.97016335,16779357.0,0.036199998,-19.24,201480,228410,220046,2.107
739,TSM,Technology,Semiconductors,NYSE,116.01,87,84,84,87,457.99,2452061177534.995,5186474013.0,0.0057,-4.39,9264670,9788223,10085370,0.36
740,SSRM,Basic Materials,Gold,NASDAQ,116.0,87,92,77,95,33.62,6903228027.151875,207491071.0,0.0425,-14.76,2074340,2327876,2630950,0.095
741,ATLC,Financial Services,Credit Services,NASDAQ,115.94,87,88,93,78,91.75,1393974782.5609436,15170038.0,0.3147,-19.76,115480,122013,133136,0.833
742,XOM,Energy,Oil & Gas Integrated,NYSE,115.9,87,83,68,79,168.5,674394657972.193,4111911960.0,0.0108,-4.48,11362190,13576280,13826122,0.441
743,XMAX,Consumer Cyclical,"Furnishings, Fixtures & Appliances",NASDAQ,115.82,87,86,95,99,8.82,554256239.1854935,64523426.0,0.15010001,-6.17,531100,547566,555432,0.071
744,SHEL,Energy,Oil & Gas Integrated,NYSE,115.79,87,79,62,77,100.2,274148920788.96246,2848892354.0,0.0124,1.05,7613202,6783513,6384966,0.447
745,PCVX,Healthcare,Biotechnology,NASDAQ,115.77,87,87,74,90,65.01,8404522033.32235,148805278.0,0.109,0.02,4985360,2557493,1907280,
746,BST,Financial Services,Asset Management,NYSE,115.73,87,80,76,65,50.1,1782178638.8442535,34720019.0,0.0034999999,-4.24,155245,112371,101995,
747,ACB,Healthcare,Drug Manufacturers - Specialty & Generic,NASDAQ,115.68,87,47,12,21,4.43,248175443.95017433,63310061.0,6.62,-33.53,1371140,1064556,1417110,-0.088
748,ADI,Technology,Semiconductors,NASDAQ,115.65,87,72,86,88,405.93,202136480767.1971,484565465.0,0.0199,-8.97,2679670,3191613,3429442,0.396
749,COP,Energy,Oil & Gas E&P,NYSE,115.62,87,86,64,78,134.19,154418765387.25,1218294007.0,0.0134000005,-5.25,5900460,6587050,6726668,0.355
750,JWEL,Consumer Cyclical,Internet Retail,NASDAQ,115.58,87,34,30,71,2.52,5821521.063302755,2376131.0,0.023599999,-51.26,13540,56366,1780846,0.878
751,VET,Energy,Oil & Gas E&P,NYSE,115.56,87,89,58,88,11.86,1784704046.6308594,152800000.0,8.99,-19.97,1066070,1355890,1354156,0.231
752,BSET,Consumer Cyclical,"Furnishings, Fixtures & Appliances",NASDAQ,115.54,87,78,87,24,21.73,179256193.97958183,8651361.0,0.0086,-2.38,39310,28286,27686,0.034
753,AMG,Financial Services,Asset Management,NYSE,115.53,87,81,88,77,386.99,9605154724.786194,25859933.0,0.0541,-1.51,312260,296670,280488,0.299
754,FENC,Healthcare,Biotechnology,NASDAQ,115.48,87,88,88,31,10.63,357685015.1114702,35067159.0,0.018,-19.77,128380,200653,205604,0.852
755,LTH,Consumer Cyclical,Leisure,NYSE,115.48,87,90,91,45,40.28,9159705623.59346,223461948.0,0.0653,-14.72,2562910,3164813,3124758,0.137
756,ATLO,Financial Services,Banks - Regional,NASDAQ,115.48,87,86,83,86,31.98,286619644.60601807,8857220.0,0.0361,-2.68,18310,27786,30656,0.18
757,PAGP,Energy,Oil & Gas Midstream,NASDAQ,115.44,87,88,81,74,26.57,5157381365.747795,197904124.0,0.0945,-7.42,1905870,1776073,1757382,0.663
758,HBT,Financial Services,Banks - Regional,NASDAQ,115.43,87,88,78,69,35.53,1321526345.628952,36365612.0,0.057800002,-5.28,151420,132566,131550,0.377
759,FLYW,Technology,Software - Infrastructure,NASDAQ,115.37,87,85,89,67,18.43,2138917699.6374931,121667674.0,0.1001,-6.59,1552830,1400916,1666462,0.272
760,III,Technology,Information Technology Services,NASDAQ,115.36,87,68,25,26,5.72,275956724.16586494,48413462.0,0.019199999,-11.32,305970,240443,239434,0.064
761,TDW,Energy,Oil & Gas Equipment & Services,NYSE,115.35,87,88,77,93,84.7,4100908467.91362,49756231.0,0.1528,-16.62,531100,583270,619780,0.003
762,HURN,Industrials,Consulting Services,NASDAQ,115.34,87,76,21,22,165.31,2579818077.692627,15910072.0,0.0481,-11.49,255840,242746,263070,0.157
763,RBKB,Financial Services,Banks - Regional,NASDAQ,115.33,87,82,82,83,12.95,205612946.93535233,15635966.0,0.0308,-2.12,75470,134160,138438,0.014
764,NMAX,Communication Services,Broadcasting,NYSE,115.3,87,82,41,11,10.36,1229609399.525051,129160645.0,0.6482,-21.4,810800,1114350,1150448,0.165
765,SG,Consumer Cyclical,Restaurants,NYSE,115.2,87,29,26,14,9.57,1083276011.910658,119041315.0,0.2712,-9.97,5680750,5175546,5726450,0.038
766,RPD,Technology,Software - Infrastructure,NASDAQ,115.15,87,70,80,3,12.96,821613773.3175659,67400640.0,0.1296,-35.75,1533320,1922516,2014812,-0.015
767,A,Healthcare,Diagnostics & Research,NYSE,115.13,87,71,58,35,168.17,47302022779.96857,281928854.0,0.020499999,-5.02,2340960,2512940,2273348,0.081
768,SEI,Energy,Oil & Gas Equipment & Services,NYSE,115.07,87,83,86,94,73.08,4932757312.290192,65831540.0,0.2493,-15.21,2348250,2622323,2753050,0.469
769,MFIN,Financial Services,Credit Services,NASDAQ,115.05,87,83,61,47,12.05,273456562.08654404,22960249.0,0.0546,-1.71,71190,69763,76240,0.025
770,EPC,Consumer Defensive,Household & Personal Products,NYSE,115.02,87,89,83,58,27.73,1243018005.9032536,46088915.0,0.1017,-7.41,547840,575703,580486,0.017
771,ITUB,Financial Services,Banks - Regional,NYSE,115.01,87,71,71,88,9.83,94677886817.58429,11021872542.0,0.0043,2.4,45532900,29611130,26233848,0.175
772,KOP,Basic Materials,Specialty Chemicals,NYSE,114.96,87,89,91,82,44.24,870688608.0340576,18911568.0,0.0538,-16.53,154020,168690,185468,0.03
773,AMAL,Financial Services,Banks - Regional,NASDAQ,114.91,87,88,86,86,47.18,1440888042.8683968,29900147.0,0.0752,-8.55,313740,273093,223116,0.235
774,NOK,Technology,Communication Equipment,NYSE,114.9,87,89,94,94,10.14,59345634874.51343,5598644598.0,0.0099,-41.89,64079020,79848093,77360500,0.084
775,IRWD,Healthcare,Drug Manufacturers - Specialty & Generic,NASDAQ,114.82,86,94,97,98,3.87,601473424.4143603,165239947.0,0.1238,-33.04,2005520,2011053,2114798,0.326
776,SKM,Communication Services,Telecom Services,NYSE,114.82,86,88,79,93,33.99,14123314923.061829,383890040.0,0.0124,-27.96,1075300,1307970,1537578,0.005
777,PNTG,Healthcare,Medical Care Facilities,NASDAQ,114.8,86,85,89,68,40.37,1370616922.387291,34929074.0,0.0319,-5.55,388910,378403,335102,0.358
778,WDS,Energy,Oil & Gas E&P,NYSE,114.78,86,84,74,89,22.59,41424973856.479164,1901100143.0,6.14,-10.32,575800,610643,590862,0.13
779,DDD,Technology,Computer Hardware,NYSE,114.78,86,89,86,32,3.35,628035757.3064954,166147027.0,0.2741,-18.69,2378760,2327396,2878372,-0.003
780,JG,Technology,Software - Application,NASDAQ,114.76,86,43,7,23,7.09,37154836.189363,5733771.0,0.0026,-20.87,3430,4116,4800,0.126
781,TRLV,Healthcare,Drug Manufacturers - Specialty & Generic,NYSE,114.56,86,91,84,63,10.37,2064299166.9404602,192565216.0,0.0308,-21.91,2397780,2381556,1842276,-0.103
782,FWDI,Consumer Cyclical,Footwear & Accessories,NASDAQ,114.53,86,65,11,9,7.18,622511822.7593422,76288215.0,0.1,-73.06,2283870,2427996,1986426,3.321
783,LSCC,Technology,Semiconductors,NASDAQ,114.46,86,80,93,94,124.98,18994394006.0,141749209.0,0.08140001,-20.4,1877200,1702076,1728260,0.622
784,CHCI,Real Estate,Real Estate Services,NASDAQ,114.43,86,90,66,91,18.55,192992243.7467041,10281952.0,0.0305,-15.95,36610,45786,40718,0.741
785,WLY,Communication Services,Publishing,NYSE,114.42,86,81,84,70,49.4,2407486675.0,50683930.0,0.1548,-14.01,473486,567349,494948,-0.026
786,EXEL,Healthcare,Biotechnology,NASDAQ,114.41,86,85,82,57,59.02,14467972844.646057,247781692.0,0.1456,-3.47,2158760,2158673,2388310,0.106
787,YEXT,Technology,Software - Infrastructure,NYSE,114.39,86,78,44,7,6.82,644351385.6944275,98978704.0,0.104499996,-24.47,818390,1116683,952114,-0.018
788,BRKR,Healthcare,Medical Devices,NASDAQ,114.28,86,84,88,33,57.92,9635203399.570053,152359316.0,0.158,-13.53,2401140,2293636,2348742,0.052
789,YQ,Consumer Defensive,Education & Training Services,NASDAQ,114.25,86,94,28,15,3.34,34095694.85524893,9686277.0,0.0108,-48.22,5340,144573,90322,2.546
790,SKE,Basic Materials,Other Industrial Metals & Mining,NYSE,114.15,86,84,69,93,31.41,3756353454.7043133,125462705.0,12.42,-18.98,571390,490690,530676,
791,ACCO,Industrials,Business Equipment & Supplies,NYSE,114.13,86,75,71,29,4.46,396922560.00627136,92307568.0,0.0763,-2.19,534860,655063,666148,0.051
792,AMCX,Communication Services,Entertainment,NASDAQ,114.12,86,89,87,75,10.94,460349670.06575394,41249971.0,0.2207,-15.39,659990,626446,709120,-0.088
793,PAA,Energy,Oil & Gas Midstream,NASDAQ,114.08,86,88,81,73,24.42,16757203425.0,705566460.0,0.026199998,-7.46,2393520,2554003,2630498,0.663
794,TRX,Basic Materials,Gold,NYSE ARCA,114.07,86,88,41,98,1.12,392968826.4151776,327474009.0,0.0064999997,-60.0,2103260,3304310,3231872,1.633
795,CMDB,Industrials,Marine Shipping,NYSE,114.06,86,93,89,82,21.32,543624351.694622,24301490.0,0.0334,-13.89,62000,62626,72838,-0.284
796,EDHL,Communication Services,Advertising Agencies,NASDAQ,114.06,86,11,25,4,5.12,8714618.281781673,1666275.0,0.12810001,-76.3,353150,404210,254684,-0.134
797,PFIS,Financial Services,Banks - Regional,NASDAQ,114.04,86,87,84,77,69.07,693618338.5947647,10010367.0,0.026800001,-5.86,46950,53200,55926,0.007
798,AEF,Financial Services,Asset Management,NYSE ARCA,114.04,86,88,83,88,9.26,389773676.28821373,40601423.0,2.45,-8.68,98217,97245,96283,0.248
799,CARE,Financial Services,Banks - Regional,NASDAQ,114.02,86,90,91,81,30.47,681540878.25,22163931.0,0.0992,-15.5,192280,248196,307996,0.683
800,GOTU,Consumer Defensive,Education & Training Services,NYSE,114.01,86,59,17,15,2.71,599392324.6916652,235055818.0,0.0172,-17.88,620350,552240,431112,0.202
801,MFG,Financial Services,Banks - Regional,NYSE,114.01,86,89,89,83,10.67,131802094400.34854,12103038590.0,0.00090000004,-7.14,3561800,3322930,3179714,0.35
802,CVX,Energy,Oil & Gas Integrated,NYSE,113.99,86,82,64,74,211.55,405443785492.1305,1961603274.0,0.0106,-2.86,6690920,9001693,8606018,0.535
803,PRTH,Technology,Software - Infrastructure,NASDAQ,113.95,86,37,67,20,7.8,641633896.6833606,82472221.0,0.056799997,-1.39,1148350,1685376,1218812,0.094
804,RDIB,Communication Services,Entertainment,NASDAQ,113.92,86,91,23,33,12.4,368073240.4136219,22890127.0,0.0592,-48.33,21082,69519,214760,0.108
805,RYDE,Technology,Software - Application,NYSE ARCA,113.86,86,74,66,99,0.67,129042038.79135978,180226306.0,0.0015,-56.77,123670,602953,473696,0.388
806,ARTV,Healthcare,Biotechnology,NASDAQ,113.85,86,98,98,99,6.8,333919522.6999798,48890121.0,0.0602,-53.2,461200,454126,401514,
807,FBLA,Financial Services,Banks - Regional,NASDAQ,113.82,86,78,72,70,17.25,246257117.58665466,14519878.0,0.0396,1.35,90980,112026,95938,0.084
808,ACA,Industrials,Engineering & Construction,NYSE,113.8,86,85,88,71,146.5,7194147518.5,49106809.0,0.038,-0.34,681180,676133,636302,0.017
809,NXDT,Real Estate,REIT - Diversified,NYSE,113.79,86,88,88,84,5.14,281461953.2291708,53106027.0,0.0295,-13.61,154290,153146,180458,-0.13
810,SCCO,Basic Materials,Copper,NYSE,113.78,86,88,81,91,198.66,173546395551.62863,844343686.0,0.1039,-10.02,927140,1053553,1071178,0.406
811,WCC,Industrials,Industrial Distribution,NYSE,113.72,86,82,84,87,355.93,18602792892.815125,48732854.0,0.0335,-7.64,545550,508303,528380,0.13
812,NWPX,Basic Materials,Steel,NASDAQ,113.67,86,88,97,89,100.73,1021447019.3927155,9637202.0,0.088,-33.74,127160,142730,152416,0.197
813,KLAC,Technology,Semiconductor Equipment & Materials,NASDAQ,113.61,86,79,95,92,196.72,269992792333.36725,1305006492.0,0.0202,-36.0,8140580,9130956,9612676,0.152
814,AFRI,Consumer Defensive,Farm Products,NASDAQ,113.57,86,74,72,57,12.5,303073274.4284725,26963815.0,0.0228,4.93,29520,27333,23284,-0.222
815,APT,Industrials,Building Products & Equipment,NYSE ARCA,113.55,86,58,61,40,6.0,51949651.177345276,10206218.0,0.012200001,-20.0,109910,54040,47756,0.12
816,DBX,Technology,Software - Infrastructure,NASDAQ,113.51,86,82,71,27,34.14,7371305115.891106,217442619.0,0.2705,-10.56,4019340,4481096,4315878,0.009
817,PRSU,Consumer Cyclical,Travel Services,NYSE,113.48,86,78,89,77,52.1,1437792477.638977,27449264.0,0.0828,-7.82,259330,247196,233570,0.143
818,PLBC,Financial Services,Banks - Regional,NASDAQ,113.45,86,85,83,75,61.77,435216867.01116943,6959016.0,0.045900002,-3.48,43367,49025,49573,0.431
819,BPRN,Financial Services,Banks - Regional,NASDAQ,113.45,86,85,72,65,43.6,297873156.03689575,6813201.0,0.0139,-2.01,29790,28293,28286,0.619
820,LTRX,Technology,Communication Equipment,NASDAQ,113.44,86,24,64,90,6.83,337062888.6824608,46879400.0,0.0616,-21.94,990000,1270816,1079570,0.08
821,CBL,Real Estate,REIT - Retail,NYSE,113.44,86,91,93,89,49.24,1692568831.50745,30942757.0,0.0517,-18.48,360820,299873,267032,0.04
822,CZFS,Financial Services,Banks - Regional,NASDAQ,113.43,86,87,76,68,79.46,389117276.8392563,4809855.0,0.0167,-6.13,39340,35216,38808,0.1
823,NESR,Energy,Oil & Gas Equipment & Services,NASDAQ,113.41,86,98,98,98,23.24,2488012778.874378,100851754.0,0.0477,-37.09,3156110,2130736,2182262,0.591
824,ASPN,Basic Materials,Specialty Chemicals,NYSE,113.4,86,57,77,15,5.63,472206185.7086563,82988784.0,0.1292,-39.77,1019610,893063,1207366,-0.361
825,IDAI,Technology,Software - Application,NASDAQ,113.39,86,85,17,28,3.39,18327695.75,5639291.0,0.0248,-35.8,39080,37180,40542,0.107
826,KSS,Consumer Cyclical,Department Stores,NYSE,113.39,86,48,79,79,20.11,2132610869.900446,113376445.0,0.3475,-20.26,4305040,4160490,4204642,-0.009
827,FCBC,Financial Services,Banks - Regional,NASDAQ,113.37,86,82,75,76,47.61,907695792.0,18910329.0,0.0397,-5.1,74520,93600,89688,0.374
828,ELVN,Healthcare,Biotechnology,NASDAQ,113.27,86,98,96,96,40.63,3441527733.611847,73270761.0,0.16950001,-34.8,1264030,1370213,1248574,
829,BHP,Basic Materials,Other Industrial Metals & Mining,NYSE,113.25,86,86,85,86,84.83,218744916093.4728,2541476901.0,0.0068,-14.06,3037020,2586036,2675036,0.183
830,SENEB,Consumer Defensive,Packaged Foods,NASDAQ,113.23,86,92,87,87,175.58,1179549026.804718,6770457.0,0.0013,-15.8,130,136,162,0.362
831,SUNC,Energy,Oil & Gas Midstream,NYSE,113.18,86,92,85,70,72.23,3908609953.7562103,51517198.0,0.043,-13.5,692750,573756,535426,1.645
832,YSXT,Industrials,Specialty Business Services,NASDAQ,113.16,86,30,6,9,1.28,39279239.78716135,31882500.0,0.0042,-59.24,3610,16736,27246,0.137
833,IESC,Industrials,Engineering & Construction,NASDAQ,113.1,86,83,90,91,300.43,13522261784.149658,39848712.0,0.0885,-26.41,242040,263900,300588,0.396
834,SLAB,Technology,Semiconductors,NASDAQ,113.08,86,83,85,91,221.75,7432779497.070908,33366761.0,0.1291,-0.78,331450,313370,287984,0.183
835,SUN,Energy,Oil & Gas Refining & Marketing,NYSE,113.08,86,88,81,68,73.66,14080167568.26278,188413849.0,0.0354,-8.18,572730,603066,559678,1.645
836,ACLS,Technology,Semiconductor Equipment & Materials,NASDAQ,113.06,85,60,91,91,133.48,4563357761.469955,30881489.0,0.067,-31.12,350180,345826,355688,0.106
837,APLE,Real Estate,REIT - Hotel & Motel,NYSE,113.06,85,79,88,63,16.22,3897725398.0150414,236082698.0,0.111,-6.13,2498890,2563683,2700498,0.047
838,DSGR,Industrials,Industrial Distribution,NASDAQ,113.04,85,87,38,33,35.07,1618014640.3859482,46255422.0,0.0574,0.03,221330,218040,214906,0.11
839,GRDN,Healthcare,Medical Care Facilities,NYSE,113.03,85,84,87,89,41.6,2684446911.17688,63342304.0,0.0654,-13.93,503790,634466,526996,0.022
840,STLD,Basic Materials,Steel,NASDAQ,112.99,85,83,89,84,234.17,33250683922.444702,143328088.0,0.0332,-18.9,891970,955873,1072498,0.334
841,ACNB,Financial Services,Banks - Regional,NASDAQ,112.98,85,86,83,68,63.19,651324153.854126,10212044.0,0.044099998,-6.52,53370,66400,67414,0.053
842,BBDO,Financial Services,Banks - Regional,NYSE,112.93,85,69,58,87,3.78,33461799366.196327,10589176727.0,1.08,-0.53,97640,84223,83874,0.072
843,DNA,Healthcare,Biotechnology,NYSE,112.9,85,23,37,20,11.34,831652446.638277,67340277.0,0.1336,-35.49,4926700,2622603,2072580,-0.485
844,BEEP,Industrials,Infrastructure Operations,NASDAQ,112.84,85,81,16,12,2.78,106140997.24292755,41300000.0,0.0062,-26.46,35190,26853,40206,-0.011
845,GGB,Basic Materials,Steel,NYSE,112.79,85,89,83,81,4.92,9828629972.020912,1961802300.0,0.053600002,-5.02,14859340,12643096,12146056,0.02
846,SENEA,Consumer Defensive,Packaged Foods,NASDAQ,112.78,85,91,85,81,177.03,1202839415.414154,6770457.0,0.050300002,-15.7,110750,100793,96894,0.362
847,PEO,Financial Services,Asset Management,NYSE,112.7,85,83,70,74,28.79,779746574.1264496,28028274.0,0.015,-3.23,46481,56493,59434,0.05
848,UROY,Energy,Uranium,NASDAQ,112.69,85,88,19,68,4.05,1512837263.3624234,381067318.0,1.92,-26.63,3026970,3963780,3484544,1.129
849,ACOG,Healthcare,Biotechnology,NASDAQ,112.63,85,89,70,65,9.04,198178607.10759735,21777868.0,0.0121,-10.85,94930,110546,129048,2.676
850,FFR,Technology,Computer Hardware,NASDAQ,112.6,85,7,7,7,1.77,25963927.72262001,21108884.0,0.0392,-1.12,4984440,2016883,2711500,
851,TECK,Basic Materials,Copper,NYSE,112.57,85,85,74,85,64.82,33635534802.246094,490600000.0,4.47,-10.67,2825220,2848370,2932908,0.782
852,BTBD,Consumer Cyclical,Restaurants,NASDAQ,112.52,85,85,18,90,1.71,11565433.909491062,6184724.0,0.0032,-31.05,22040,28660,35562,-0.061
853,IOSP,Basic Materials,Specialty Chemicals,NASDAQ,112.5,85,76,60,32,97.69,2399310378.471588,24631047.0,0.028800001,-2.78,240980,213546,200830,0.118
854,MSFT,Technology,Software - Infrastructure,NASDAQ,112.48,85,73,27,30,522.61,3842942775502.508,7425545491.0,0.0091,-5.62,22864350,21847233,26771150,0.177
855,ZIP,Communication Services,Internet Content & Information,NYSE,112.4,85,37,80,17,3.98,291902874.729151,82226163.0,0.045300003,-29.06,564550,778830,894188,0.052
856,ACHC,Healthcare,Medical Care Facilities,NASDAQ,112.38,85,89,91,90,28.48,2612393666.779089,93100275.0,0.3548,-20.51,1398370,1462826,1637952,-0.004
857,VOC,Energy,Oil & Gas E&P,NYSE,112.37,85,84,59,71,3.41,58140001.29699707,17000000.0,0.0147,-11.2,53500,51020,77614,-0.316
858,BOW,Financial Services,Insurance - Property & Casualty,NYSE,112.35,85,84,67,25,34.1,1112485293.930111,32943005.0,0.0336,-2.77,299240,300860,386412,0.23
859,GPRO,Technology,Consumer Electronics,NASDAQ,112.34,85,90,11,77,1.18,278581096.3199191,206356364.0,0.1838,-56.78,9548390,65986216,42217098,-0.313
860,RPRX,Healthcare,Biotechnology,NASDAQ,112.33,85,87,86,84,56.21,25452052915.09607,445277344.0,0.026500002,-12.69,2865620,3165393,2998610,0.165
861,UAN,Basic Materials,Agricultural Inputs,NYSE,112.33,85,90,70,84,125.82,1319302211.9344025,10569638.0,0.039300002,-9.81,24310,27193,39744,0.2
862,NPK,Industrials,Aerospace & Defense,NYSE,112.32,85,82,47,82,152.01,1075619348.4214325,7136067.0,0.0933,-3.89,97820,107530,103362,0.217
863,MOV,Consumer Cyclical,Luxury Goods,NYSE,112.29,85,86,96,91,31.99,751030163.2954216,22312245.0,0.0794,-21.01,213830,198486,195346,0.049
864,NDSN,Industrials,Specialty Industrial Machinery,NASDAQ,112.29,85,79,70,75,326.87,18584164852.025513,55717948.0,0.0306,-3.61,351840,358516,380986,0.103
865,VAL,Energy,Oil & Gas Drilling,NYSE,112.18,85,76,79,95,83.96,5443072868.349747,69435807.0,0.111999996,-26.43,910680,1179973,1154672,-0.124
866,TSAT,Technology,Communication Equipment,NASDAQ,112.15,85,90,57,94,44.66,730529184.0,15219358.0,0.0995,-27.43,93910,117843,186682,-0.251
867,SAIC,Technology,Information Technology Services,NASDAQ,112.11,85,82,67,25,129.71,5295594438.253029,42276819.0,0.060900003,-9.08,398130,499906,455380,0.063
868,RRBI,Financial Services,Banks - Regional,NASDAQ,112.1,85,86,81,88,101.85,680862425.5717163,6584106.0,0.0497,-2.88,75150,67893,64084,0.095
869,AVIR,Healthcare,Biotechnology,NASDAQ,112.08,85,86,73,93,5.16,411450115.0486994,80204699.0,0.122600004,-20.0,291440,282633,281506,
870,NEU,Basic Materials,Specialty Chemicals,NYSE,112.07,85,75,60,33,903.63,8498030905.907837,9196406.0,0.0754,-7.95,130220,123256,126296,0.07
871,CLMB,Technology,Electronics & Computer Distribution,NASDAQ,112.06,85,66,33,19,32.6,612068944.9630623,18660639.0,0.086899996,-10.08,186260,153190,153810,0.094
872,FBIZ,Financial Services,Banks - Regional,NASDAQ,112.05,85,87,73,66,70.61,593564940.1538086,8368320.0,0.038599998,-4.24,57880,61206,60740,0.165
873,ALRS,Financial Services,Banks - Regional,NASDAQ,112.04,85,87,86,75,31.66,814382228.7763367,24927526.0,0.057600003,-7.97,218760,177600,178426,0.072
874,WTBA,Financial Services,Banks - Regional,NASDAQ,112.03,85,85,79,74,28.78,512675788.1396656,17043743.0,0.026099999,-5.64,58550,53583,63034,0.18
875,DCBO,Technology,Software - Application,NASDAQ,112.01,85,70,25,14,24.26,582027366.1166496,24947594.0,9.37,-15.53,23650,38763,54046,0.13
876,FDBC,Financial Services,Banks - Regional,NASDAQ,111.98,85,78,73,60,56.64,321326660.78738403,5808508.0,0.0109,-0.46,9720,11083,12880,0.111
877,YARW,Healthcare,Biotechnology,NASDAQ,111.96,85,98,81,31,19.87,187936021.6530571,8438977.0,1.15,-57.68,129670,140393,95944,
878,BNR,Healthcare,Diagnostics & Research,NASDAQ,111.96,85,56,26,98,15.2,171378073.75,10546343.0,0.0055,-63.57,35830,52263,33834,-0.093
879,STTK,Healthcare,Biotechnology,NASDAQ,111.92,85,97,99,99,5.66,675444694.6042771,100363253.0,0.070300005,-32.05,1648050,1359060,1177046,
880,HBM,Basic Materials,Copper,NYSE,111.91,85,88,76,95,25.39,12080737810.85556,444144760.0,2.05,-21.03,4605180,4131576,4440090,0.177
881,DMLP,Energy,Oil & Gas E&P,NASDAQ,111.83,85,82,62,68,29.45,1405977895.1569824,49091408.0,0.0084,-3.57,90030,90873,126496,0.731
882,CBC,Financial Services,Banks - Regional,NASDAQ,111.81,85,83,82,57,32.37,7671349117.625336,239505133.0,0.0802,-4.28,873990,1386893,1136280,0.137
883,MKTW,Financial Services,Financial Data & Stock Exchanges,NASDAQ,111.81,85,74,86,66,19.76,56161419.91453552,2792711.0,0.0312,-13.45,18310,24683,20400,-0.052
884,ARCB,Industrials,Trucking,NASDAQ,111.8,85,90,93,89,129.96,2964013067.582184,22351354.0,0.0834,-26.45,200290,228610,276062,0.159
885,RLGT,Industrials,Integrated Freight & Logistics,NYSE ARCA,111.77,85,68,86,82,9.43,438930351.1001301,46894270.0,0.0224,-7.55,155870,329830,239920,0.185
886,AXGN,Healthcare,Medical Devices,NASDAQ,111.75,85,91,96,96,36.18,2193727835.2597504,58671513.0,0.0789,-31.62,1682500,1395810,1208628,0.231
887,CBNK,Financial Services,Banks - Regional,NASDAQ,111.62,85,74,68,59,39.13,659171149.4828224,16295949.0,0.0641,-3.86,250890,117593,91254,0.088
888,LEGH,Consumer Cyclical,Residential Construction,NASDAQ,111.62,85,78,77,32,28.37,698032174.372509,23783038.0,0.0738,-9.48,80650,73423,95692,0.323
889,PM,Consumer Defensive,Tobacco,NYSE,111.58,85,72,65,33,200.5,292177685739.2636,1558613439.0,0.0089,-3.49,4162570,4334033,4495624,0.104
890,GO,Consumer Defensive,Grocery Stores,NASDAQ,111.56,85,73,44,11,11.93,1151361785.7006798,99084492.0,0.32840002,-29.78,2555000,2397640,2577824,0.011
891,AUDC,Technology,Communication Equipment,NASDAQ,111.5,85,47,63,51,11.32,267854489.1454239,24152794.0,0.0116,0.35,139560,111926,119576,0.031
892,BP,Energy,Oil & Gas Integrated,NYSE,111.47,85,78,66,85,46.36,115349583437.31628,2575342288.0,0.0028,-3.96,8485720,9672923,9239482,0.482
893,GLW,Technology,Electronic Components,NYSE,111.42,85,90,96,97,152.83,141143936585.47516,859637825.0,0.0231,-43.77,7196310,8280603,9203708,0.166
894,PGC,Financial Services,Banks - Regional,NASDAQ,111.41,85,87,89,84,43.66,790312132.6208496,17727952.0,0.056599997,-11.15,127640,127703,141266,0.234
895,OBK,Financial Services,Banks - Regional,NYSE,111.4,84,85,83,78,52.47,1654159701.408989,30849678.0,0.024600001,-5.58,194370,170186,175830,0.333
896,CPAY,Technology,Software - Infrastructure,NYSE,111.4,84,83,68,56,402.08,25909278166.15439,65659599.0,0.0494,-5.94,557780,471020,499720,0.215
897,BWIN,Financial Services,Insurance Brokers,NASDAQ,111.37,84,89,36,22,31.85,3076561476.7691803,96838572.0,0.1513,-2.61,2728800,4052663,2859812,0.301
898,HRMY,Healthcare,Biotechnology,NASDAQ,111.36,84,80,66,32,39.6,2308490582.9753265,58236393.0,0.1062,-8.94,784710,993773,888928,0.303
899,TMP,Financial Services,Banks - Regional,NYSE ARCA,111.31,84,84,82,80,96.55,1422325466.6713715,14382905.0,0.0274,-5.89,101770,115843,106898,0.072
900,AMGN,Healthcare,Drug Manufacturers - General,NASDAQ,111.28,84,75,67,69,407.44,217896327914.85825,540632005.0,0.025999999,-8.86,2776400,2954310,2832062,0.095
901,BBY,Consumer Cyclical,Specialty Retail,NYSE,111.24,84,82,82,39,88.4,18449745849.075256,209727698.0,0.086,-8.42,3036320,3898843,3720784,0.036
902,CHPT,Consumer Cyclical,Specialty Retail,NYSE,111.23,84,81,17,13,8.13,249439508.93574142,26850324.0,0.21280001,-35.53,1135690,3250170,2086118,0.177
903,KRYS,Healthcare,Biotechnology,NASDAQ,111.23,84,92,93,83,327.3,9539112829.948608,29598836.0,0.175,-14.44,295890,279763,284792,0.241
904,BGR,Financial Services,Asset Management,NYSE,111.21,84,80,69,74,17.55,434027696.1284828,25456171.0,0.00029999999,-2.06,127862,104057,97744,-0.058
905,ESP,Industrials,Electrical Equipment & Parts,NYSE ARCA,111.19,84,80,66,91,59.6,181358560.96702576,2868236.0,0.0278,-20.29,45560,37006,34806,0.404
906,NRT,Energy,Oil & Gas E&P,NYSE,111.17,84,90,77,86,8.42,77752391.75059319,9190590.0,0.0068,-19.73,23450,31240,37400,0.006
907,ASH,Basic Materials,Specialty Chemicals,NYSE,111.17,84,81,80,58,70.69,3183554928.674698,45793370.0,0.1083,-9.66,639330,657706,651866,0.073
908,ESCA,Consumer Cyclical,Leisure,NASDAQ,111.17,84,87,84,85,18.78,265134588.3908043,13766074.0,0.031600002,-18.6,32030,29160,40252,0.062
909,BRKRP,Healthcare,Medical Devices,NASDAQ,111.16,84,80,89,56,427.67,,,0.86,-11.8,6791,6720,6632,0.052
910,BBD,Financial Services,Banks - Regional,NYSE,111.16,84,65,59,86,4.24,38650496063.41259,10589176727.0,0.003,-1.4,55772510,37501876,34624772,0.072
911,WST,Healthcare,Medical Instruments & Supplies,NYSE,111.12,84,82,87,65,363.27,25685746387.931213,70375762.0,0.0395,-5.89,515530,576150,550468,0.138
912,CTOS,Industrials,Rental & Leasing Services,NYSE,111.11,84,82,92,85,9.37,2225004071.549468,227505535.0,0.0777,-23.39,884390,953806,1026584,0.102
913,STT,Financial Services,Asset Management,NYSE,111.11,84,91,90,83,175.09,48336524413.71117,274701765.0,0.0001,-10.64,1914080,1927176,1739604,0.184
914,RAMP,Technology,Software - Infrastructure,NYSE,111.1,84,78,85,55,37.57,2288931165.0657806,60794982.0,0.16299999,-1.73,1284930,1267250,1121258,0.098
915,QSI,Healthcare,Medical Devices,NASDAQ,111.07,84,14,13,16,1.22,339270053.16280174,218883912.0,0.0732,-60.65,13452810,5477790,4584978,-0.418
916,GEV,Industrials,Specialty Industrial Machinery,NYSE,111.06,84,79,89,94,999.35,263324014785.84235,266333581.0,0.032899998,-16.44,1994510,2170733,2124006,0.219
917,PSNYW,Consumer Cyclical,Auto Manufacturers,NASDAQ,111.05,84,67,7,12,4.18,688333749.9101844,164280129.0,0.05,-70.97,11860,211030,316852,-0.044
918,NBR,Energy,Oil & Gas Drilling,NYSE,111.04,84,88,93,95,81.56,1209857660.8477936,15191583.0,0.0706,-27.76,185040,216220,226674,-0.022
919,MBIN,Financial Services,Banks - Regional,NASDAQ,110.97,84,87,83,86,49.8,2294473664.645935,45935408.0,0.1007,-12.43,176330,215210,192328,0.371
920,DV,Communication Services,Advertising Agencies,NYSE,110.96,84,79,51,30,13.5,2106901025.8926773,156182436.0,0.0539,-1.1,2279830,3142590,4043368,0.025
921,TXO,Energy,Oil & Gas E&P,NYSE,110.94,84,83,63,32,14.34,765661128.0539904,55242507.0,0.0197,-7.95,149630,166596,178090,0.679
922,SMHI,Industrials,Marine Shipping,NYSE,110.94,84,88,83,84,8.65,224388483.44042206,27132826.0,0.0376,-13.5,91360,92353,106670,-0.102
923,NL,Industrials,Security & Protection Services,NYSE,110.9,84,80,54,34,6.97,341313164.25266933,48898734.0,0.0183,-18.95,14800,28593,33504,0.08
924,IFF,Basic Materials,Specialty Chemicals,NYSE,110.89,84,79,62,58,84.65,21042111777.18538,255303473.0,0.0877,-5.23,1861410,1733443,1667158,0.018
925,ARMK,Industrials,Specialty Business Services,NYSE,110.89,84,86,86,70,55.54,14607070279.582352,262953564.0,0.031400003,-11.35,1828770,2162920,2365150,0.093
926,FTI,Energy,Oil & Gas Equipment & Services,NYSE,110.83,84,89,90,95,69.63,26988753062.480927,392164388.0,0.0326,-13.72,2570790,2877390,3016484,0.09
927,DVN,Energy,Oil & Gas E&P,NYSE,110.81,84,81,69,82,48.92,52415001678.4668,1100000000.0,0.030199999,-7.19,9029480,11726763,11247654,0.642
928,ACMR,Technology,Semiconductor Equipment & Materials,NASDAQ,110.78,84,93,97,86,70.8,5807349771.18277,69649196.0,0.0764,-44.34,1344670,1170803,1076204,0.36
929,W,Consumer Cyclical,Internet Retail,NYSE,110.77,84,77,75,84,105.13,13364645523.75,131996499.0,0.1269,-12.38,2190090,2349853,2789032,0.075
930,GENC,Industrials,Farm & Heavy Construction Machinery,NYSE ARCA,110.76,84,82,63,63,18.08,257828980.41658783,14657702.0,0.0095999995,-10.45,52750,64386,65238,0.253
931,SMBK,Financial Services,Banks - Regional,NYSE,110.75,84,85,79,73,50.06,871851166.9692192,17098473.0,0.0313,-7.54,133220,121440,118514,0.164
932,BSVN,Financial Services,Banks - Regional,NASDAQ,110.74,84,83,75,48,55.57,528494486.5194092,9525856.0,0.0348,-3.66,44950,50096,46610,-0.063
933,ICCC,Healthcare,Biotechnology,NASDAQ,110.72,84,89,91,78,9.75,88551420.75,9082197.0,0.0026,-19.42,8270,12146,20978,0.115
934,CFBK,Financial Services,Banks - Regional,NASDAQ,110.71,84,86,80,74,34.55,223461925.1524048,6492212.0,0.024600001,-9.34,32790,33756,41854,0.102
935,AAPL,Technology,Consumer Electronics,NASDAQ,110.69,84,80,83,68,340.42,4869931959830.322,14594180000.0,0.0088,-1.42,35515250,40515860,44257612,0.164
936,MUFG,Financial Services,Banks - Diversified,NYSE,110.68,84,87,87,74,22.48,256856548342.57318,11255764758.0,0.00059999997,-7.34,2911080,2901080,2891062,0.288
937,LXP,Real Estate,REIT - Industrial,NYSE,110.66,84,84,76,69,61.01,3593445285.7808228,58957264.0,0.0001,-0.97,988880,887156,790524,0.004
938,CPAC,Basic Materials,Building Materials,NYSE,110.63,84,91,87,86,12.25,1054855239.9504318,85621369.0,0.0005,-3.85,14140,45946,47514,0.154
939,EZPW,Financial Services,Credit Services,NASDAQ,110.57,84,89,92,92,31.17,1858386582.5482254,61535978.0,0.2703,-16.05,573120,653416,902272,0.347
940,IMPP,Energy,Oil & Gas Midstream,NASDAQ,110.56,84,76,77,77,5.44,243249485.21429253,45213658.0,0.1089,-17.2,469870,520653,449024,1.396
941,SHOP,Technology,Software - Application,NASDAQ,110.54,84,43,31,46,164.56,194785023928.78485,1286643931.0,0.0136,-9.68,7294610,9397103,9921696,0.337
942,TRST,Financial Services,Banks - Regional,NASDAQ,110.54,84,84,86,80,54.76,948274817.2159576,17027740.0,0.0837,-7.62,107480,140536,135348,0.107
943,TMO,Healthcare,Diagnostics & Research,NYSE,110.42,84,81,53,48,651.98,242110518359.28333,369747286.0,0.0136,-4.63,2150280,2141550,1994348,0.105
944,EOG,Energy,Oil & Gas E&P,NYSE,110.4,84,77,71,72,148.51,75303024172.12524,532628530.0,0.033,-3.67,2849810,3223363,3062252,0.587
945,PRGO,Healthcare,Drug Manufacturers - Specialty & Generic,NYSE,110.38,84,74,15,11,14.5,1978849465.4617596,138769245.0,0.2502,-35.5,2581570,2743550,2791290,-0.032
946,BEN,Financial Services,Asset Management,NYSE,110.36,84,86,86,75,32.4,16670004114.837456,508076910.0,0.0429,-10.69,4380950,3912156,3991730,0.143
947,TRV,Financial Services,Insurance - Property & Casualty,NYSE,110.32,84,84,74,65,370.27,75166267446.79272,208575022.0,0.033299997,-7.13,1006430,1328473,1481618,0.003
948,IOT,Technology,Software - Infrastructure,NYSE,110.27,84,65,62,22,41.22,24080085568.586155,585605209.0,0.0913,-13.17,5201090,7051046,6097432,0.299
949,SHG,Financial Services,Banks - Regional,NYSE,110.26,84,90,80,87,75.38,36631201498.08063,469450238.0,0.0014,-11.91,212600,175280,177664,0.057
950,ANAB,Healthcare,Biotechnology,NASDAQ,110.22,84,96,96,96,46.21,1450816154.8267822,29895244.0,0.4051,-36.14,645470,574560,503958,0.235
951,TELA,Healthcare,Medical Devices,NASDAQ,110.2,84,30,22,9,1.05,51463486.75421834,45143410.0,0.0176,-34.38,175450,249273,261888,-0.045
952,GEF,Consumer Cyclical,Packaging & Containers,NYSE,110.19,84,86,67,63,81.88,4671781806.148682,56848160.0,1.21,-9.59,394160,377986,337348,0.035
953,JXN,Financial Services,Insurance - Life,NYSE,110.16,84,88,79,71,133.06,8908361615.64331,67728744.0,0.0645,-5.56,665810,807006,716050,
954,NAVN,Technology,Software - Application,NASDAQ,110.12,83,86,90,24,23.08,5580596944.460976,260410493.0,0.2902,-25.26,2868660,4285193,3375032,0.354
955,DGX,Healthcare,Diagnostics & Research,NYSE,110.12,83,78,64,59,230.81,25753416290.89966,110373360.0,0.0327,-7.25,1116310,1110073,984580,0.102
956,KALU,Basic Materials,Aluminum,NASDAQ,110.1,83,87,91,93,149.74,2485552436.8026123,16349092.0,0.0699,-25.09,223140,221086,227456,0.527
957,DSP,Technology,Software - Application,NASDAQ,110.1,83,71,70,39,13.16,259293391.39134407,21184101.0,0.084,-11.08,532630,509646,429856,0.339
958,DE,Industrials,Farm & Heavy Construction Machinery,NYSE,110.06,83,85,69,73,652.58,185232658044.0,269625412.0,0.0208,-9.52,1159540,1290683,1252080,0.049
959,PI,Technology,Semiconductors,NASDAQ,110.04,83,86,59,29,183.45,5793422267.578934,30554413.0,0.1456,-25.75,369280,395316,427488,0.107
960,JCI,Industrials,Building Products & Equipment,NYSE,110.0,83,71,75,83,154.0,94641050600.23727,605741470.0,0.0211,-1.95,2879410,3151860,3181942,0.093
961,FTDR,Consumer Cyclical,Personal Services,NASDAQ,109.99,83,84,77,64,79.59,5321319580.667999,68893316.0,0.0695,-14.81,615500,575783,562538,0.045
962,MTCH,Communication Services,Internet Content & Information,NASDAQ,109.94,83,82,77,65,41.5,9405306257.132706,233266526.0,0.057800002,-7.64,2918440,3397666,3379652,-0.012
963,PCTY,Technology,Software - Application,NASDAQ,109.89,83,73,36,11,153.02,7998726087.585449,55366000.0,0.065,-5.5,643290,650893,704482,0.11
964,AVBC,Financial Services,Banks - Regional,NYSE,109.89,83,78,73,82,22.02,410806155.77220917,18471500.0,0.0271,-3.83,109060,161343,163718,0.169
965,HG,Financial Services,Insurance - Reinsurance,NYSE,109.87,83,84,85,87,35.1,3365709099.511528,98614386.0,0.020599999,-5.92,354520,388053,378048,0.13
966,ZSTK,Financial Services,Asset Management,NASDAQ,109.83,83,14,2,13,4.64,105934511.55024338,21797224.0,0.0057,-77.31,32960,100156,615790,0.407
967,PAYO,Technology,Software - Infrastructure,NASDAQ,109.81,83,79,81,27,7.16,2422783509.715334,338850836.0,0.047,-0.42,2427750,2672066,3548420,0.052
968,KRNT,Industrials,Specialty Industrial Machinery,NASDAQ,109.76,83,58,39,46,18.16,810494932.1235065,46340477.0,0.0165,-8.19,442840,326230,311686,0.112
969,OPCH,Healthcare,Medical Care Facilities,NASDAQ,109.73,83,32,18,28,31.05,3555102594.7180176,157027504.0,0.1126,-15.62,10617980,4938670,3903360,0.019
970,PKBK,Financial Services,Banks - Regional,NASDAQ,109.65,83,86,86,85,32.65,386599506.3373947,11761470.0,0.0233,-8.54,36960,39370,45040,0.311
971,RS,Basic Materials,Steel,NYSE,109.64,83,78,81,56,396.91,20437648787.40509,51054555.0,0.0311,-8.34,244740,286603,307372,0.265
972,OXY,Energy,Oil & Gas E&P,NYSE,109.59,83,80,68,80,60.28,58058940338.070694,999637371.0,0.0002,-10.63,9390940,8739520,8468094,0.534
973,CAC,Financial Services,Banks - Regional,NASDAQ,109.59,83,84,79,78,56.38,966342209.1054344,16897049.0,0.0444,-6.95,88760,95236,91576,0.205
974,SATL,Industrials,Aerospace & Defense,NASDAQ,109.56,83,87,30,95,5.08,880929692.9623561,153739911.0,0.16280001,-57.67,5620550,5044176,5437062,2.585
975,ABNB,Consumer Cyclical,Travel Services,NASDAQ,109.52,83,86,63,61,163.23,95766398009.0055,589585682.0,0.035,-15.62,4021860,4796610,5040096,0.165
976,OSBC,Financial Services,Banks - Regional,NASDAQ,109.51,83,83,73,74,24.86,1269349153.015091,50875716.0,0.0504,-4.6,643590,517233,467794,0.227
977,BIO,Healthcare,Medical Devices,NYSE,109.49,83,85,46,53,360.4,9870130311.172485,26738175.0,0.062800005,-9.04,251020,263440,264376,-0.001
978,WAT,Healthcare,Diagnostics & Research,NYSE,109.48,83,79,66,33,429.13,41749606565.55954,98185855.0,0.0337,-4.26,825070,715483,769390,1.134
979,APH,Technology,Electronic Components,NYSE,109.48,83,75,75,84,85.32,214440480583.77985,2465966914.0,0.0145000005,-4.41,11431210,11855810,12096150,0.55
980,PSTL,Real Estate,REIT - Office,NYSE,109.47,83,83,89,85,22.41,686346944.524641,30248873.0,0.095699996,-11.14,243630,356543,341308,0.224
981,RBCAA,Financial Services,Banks - Regional,NASDAQ,109.41,83,84,79,58,92.35,1839719888.7813263,19634151.0,0.054899998,-9.66,85430,107593,103692,0.044
982,SRCE,Financial Services,Banks - Regional,NASDAQ,109.41,83,83,79,75,85.01,2091506551.3540497,24081826.0,0.048600003,-7.05,119630,108336,114198,0.16
983,JAZZ,Healthcare,Biotechnology,NASDAQ,109.36,83,88,91,88,222.45,15298418242.72786,64914577.0,0.074200004,-16.49,862850,935496,916336,0.155
984,MMED,Healthcare,Medical Instruments & Supplies,NASDAQ,109.33,83,87,30,19,19.8,5542593855.3529625,281349931.0,0.4764,-18.95,8609070,4702176,3268152,0.166
985,DLTH,Consumer Cyclical,Apparel Retail,NASDAQ,109.31,83,89,91,86,4.01,149359656.46710753,38005001.0,0.0235,-21.22,67180,199480,138108,-0.078
986,LITB,Consumer Cyclical,Internet Retail,NYSE,109.31,83,86,92,75,3.03,55431694.291235924,19726582.0,0.0005,-27.34,5260,4880,5284,-0.035
987,RGA,Financial Services,Insurance - Reinsurance,NYSE,109.24,83,82,72,61,255.93,16286888506.79184,65301665.0,0.0168,-0.73,419620,350953,350624,0.185
988,USBC,Technology,Scientific & Technical Instruments,NYSE ARCA,109.19,83,44,12,7,0.5,205716536.79509878,388144430.0,0.0126,-61.24,297420,340126,350506,
989,MOVE,Technology,Software - Infrastructure,NASDAQ,109.16,83,88,97,98,9.81,367583991.7137623,31552275.0,0.0088,-63.29,109080,441020,450350,35.903
990,CTBI,Financial Services,Banks - Regional,NASDAQ,109.15,83,83,81,76,75.39,1384579757.7067413,18167954.0,0.039,-5.67,162540,119426,112146,0.112
991,FNWD,Financial Services,Banks - Regional,NASDAQ,109.15,83,82,66,60,41.64,183543249.9658928,4330893.0,0.03,-9.28,10863,11887,12896,0.024
992,CTVA,Basic Materials,Agricultural Inputs,NYSE,109.14,83,74,71,73,13.75,7952976370.903015,667196000.0,0.0353,-84.89,57267213,41029829,38370392,
993,KB,Financial Services,Banks - Regional,NYSE,109.14,83,87,84,86,122.04,43495024066.338264,351106111.0,0.0013,-8.44,167110,157453,174050,0.185
994,SOAR,Industrials,Airports & Air Services,NYSE ARCA,109.13,83,9,3,2,0.31,15070942.061429024,53633248.0,0.1216,-91.99,144529840,66112476,64560530,-0.961
995,DXCM,Healthcare,Medical Devices,NASDAQ,109.05,83,76,58,27,84.41,32211515130.722733,377360765.0,0.052800003,-8.83,3026080,3718936,4477512,0.131
996,CRON,Healthcare,Drug Manufacturers - Specialty & Generic,NASDAQ,109.02,83,77,60,72,3.22,1188131451.2654114,368412864.0,0.0178,-10.75,1047220,946263,1227138,0.584
997,CASS,Industrials,Specialty Business Services,NASDAQ,109.02,83,80,77,71,53.95,690670577.545166,12776000.0,0.0352,-9.53,79590,81456,80714,0.122
998,SMC,Energy,Oil & Gas Midstream,NYSE,108.99,83,80,72,66,32.69,425086781.2232132,13783618.0,0.026300002,-10.36,103500,79073,69396,0.106
999,GDYN,Technology,Information Technology Services,NASDAQ,108.99,83,66,20,10,8.01,650637622.7569389,81126881.0,0.0868,-21.55,771730,904803,1300212,0.07
1000,DC,Basic Materials,Gold,NYSE ARCA,108.98,83,75,23,82,5.91,794304116.9565868,134172991.0,0.0626,-18.48,1159760,1400773,1413238,
1001,ABBV,Healthcare,Drug Manufacturers - General,NYSE,108.93,83,75,72,52,272.42,464433777786.45355,1767117285.0,0.0123000005,1.12,4871580,4413790,4674310,0.102
1002,EFOI,Consumer Cyclical,"Furnishings, Fixtures & Appliances",NASDAQ,108.93,83,75,80,98,3.0,19043973.840741634,6369222.0,0.038399998,-69.51,14810,12040,10682,2.28
1003,COKE,Consumer Defensive,Beverages - Non-Alcoholic,NASDAQ,108.9,83,71,76,84,191.86,12783006572.85617,66564294.0,0.0686,-12.65,422500,524360,499336,0.106
1004,CARL,Healthcare,Health Information Services,NASDAQ,108.9,83,79,28,21,14.05,389610155.1082039,27302743.0,0.105500005,-18.46,90100,90856,123806,0.567
1005,TRVG,Communication Services,Internet Content & Information,NASDAQ,108.87,83,95,96,26,4.27,330213552.60783863,70558454.0,0.013099999,-37.21,171610,209253,182688,0.209
1006,HVT,Consumer Cyclical,Home Improvement Retail,NYSE,108.84,83,78,72,61,27.51,442622207.5,16095353.0,0.0,-7.78,104960,123773,133000,0.077
1007,TS,Energy,Oil & Gas Equipment & Services,NYSE,108.84,83,77,84,90,56.59,28264865816.543404,504819878.0,0.0242,-12.4,1265020,1166860,1372320,-0.039
1008,FLNG,Energy,Oil & Gas Midstream,NYSE,108.81,83,78,78,81,31.55,1689845813.8592377,54092376.0,0.1375,-5.54,289490,387813,370774,0.242
1009,AVNT,Basic Materials,Specialty Chemicals,NYSE,108.77,83,80,55,70,40.98,3776093705.556488,91719550.0,0.059499998,-12.14,695040,675736,770088,0.058
1010,JCTC,Basic Materials,Lumber & Wood Production,NASDAQ,108.72,83,89,64,18,2.91,10384333.517852068,3520113.0,0.0163,-23.82,6650,8993,17396,-0.218
1011,NRC,Healthcare,Health Information Services,NASDAQ,108.71,83,83,86,76,20.42,450535068.69547844,22139315.0,0.2848,-13.77,116700,120653,125366,0.04
1012,CVEO,Consumer Cyclical,Lodging,NYSE,108.67,83,79,85,81,31.9,342873594.1026459,10336859.0,0.1586,-12.6,102040,83410,98770,0.106
1013,SMFG,Financial Services,Banks - Diversified,NYSE,108.66,83,87,89,80,25.31,160500751593.72052,6318927323.0,0.0017,-8.36,1707390,1480153,1448806,0.248
1014,EAT,Consumer Cyclical,Restaurants,NYSE,108.63,82,91,70,52,190.2,8460014520.0,41881260.0,0.1868,-25.41,1189250,1371946,1241412,0.051
1015,DJCO,Technology,Software - Application,NASDAQ,108.62,82,82,75,63,641.5,904542814.2441406,1377952.0,0.1262,-7.36,51430,60963,63548,0.153
1016,CGNX,Technology,Scientific & Technical Instruments,NASDAQ,108.62,82,82,89,90,60.91,10929503220.09137,168223842.0,0.0478,-16.42,1848820,1603656,1933328,0.169
1017,SGC,Consumer Cyclical,Apparel Manufacturing,NASDAQ,108.61,82,65,82,65,13.12,206968701.68086624,15945201.0,0.0477,-10.08,29140,36213,46446,0.026
1018,ING,Financial Services,Banks - Diversified,NYSE,108.6,82,90,81,76,33.43,98996874993.94269,2846373734.0,0.0011,-10.9,2821700,2086683,2125232,0.111
1019,DHC,Real Estate,REIT - Healthcare Facilities,NASDAQ,108.56,82,78,94,95,7.55,1871657081.858244,242128988.0,0.0617,-21.84,2137560,1982030,1921320,-0.045
1020,MPWR,Technology,Semiconductors,NASDAQ,108.55,82,60,84,93,1369.8,70752650430.17578,49143000.0,0.052199997,-20.09,569870,685826,711550,0.476
1021,GRC,Industrials,Specialty Industrial Machinery,NYSE,108.53,82,83,92,90,73.04,2040455430.5983658,26410243.0,0.0328,-21.28,185380,190666,179532,0.039
1022,TTE,Energy,Oil & Gas Integrated,NYSE,108.49,82,81,71,85,86.02,186310873871.93918,2207474769.0,0.0022,-8.65,2406130,1837660,1642832,0.278
1023,MET,Financial Services,Insurance - Life,NYSE,108.47,82,81,74,50,98.47,60008086410.54217,635476927.0,0.0194,-2.44,3408240,3143203,3296794,0.105
1024,WSM,Consumer Cyclical,Specialty Retail,NYSE,108.46,82,71,73,61,239.0,27357506759.399414,117768000.0,0.0493,-6.23,1056490,1199270,1117354,0.067
1025,NTCT,Technology,Software - Infrastructure,NASDAQ,108.45,82,75,91,83,39.3,2978091432.954468,72707312.0,0.0629,-13.21,624190,656146,626816,0.127
1026,DRK,Technology,Software - Infrastructure,NASDAQ,108.45,82,22,15,3,2.79,27903470.548784256,10569496.0,0.033299997,-77.86,173810,395803,426600,-0.188
1027,BDX,Healthcare,Medical Instruments & Supplies,NYSE,108.43,82,77,53,51,182.75,48157987071.258545,272386800.0,0.047399998,-5.35,1698200,1791376,1816680,0.054
1028,BIIB,Healthcare,Drug Manufacturers - General,NASDAQ,108.43,82,79,78,77,218.43,32488149801.69507,147753998.0,0.043899998,-5.23,1213650,1013633,929698,0.034
1029,FA,Industrials,Specialty Business Services,NASDAQ,108.43,82,91,91,22,18.73,3107024296.3975334,171753691.0,0.13159999,-25.53,2494780,1714643,2059048,0.149
1030,MDIA,Communication Services,Broadcasting,NASDAQ,108.41,82,90,72,33,1.04,89901252.46701694,84019858.0,0.0058,-36.59,8330,13880,15676,0.087
1031,FCAP,Financial Services,Banks - Regional,NASDAQ,108.39,82,77,85,78,64.11,210433905.00487518,3345531.0,0.0448,-9.7,23090,22343,19748,0.144
1032,VABK,Financial Services,Banks - Regional,NASDAQ,108.37,82,75,72,62,49.13,255313778.37049103,5425282.0,0.013099999,-1.74,8680,7663,6926,0.386
1033,AUC,Financial Services,Capital Markets,NASDAQ,108.37,82,68,63,20,9.15,89416944.69684792,10313373.0,0.0007,-15.9,5020,5976,4534,3.0
1034,SBS,Utilities,Utilities - Regulated Water,NYSE,108.36,82,54,70,90,6.59,18919271995.98216,3516593233.0,0.0058999998,-7.94,11143420,10149483,9837670,0.139
1035,SABR,Technology,Software - Infrastructure,NASDAQ,108.35,82,85,39,60,1.93,795058943.1266084,403583214.0,0.1042,-22.8,5385980,5669346,4989420,0.036
1036,HUT,Financial Services,Capital Markets,NASDAQ,108.31,82,95,98,98,79.59,11047745778.29776,123259468.0,0.1479,-43.47,5326600,4885156,4936126,0.814
1037,LXFR,Industrials,Specialty Industrial Machinery,NYSE,108.27,82,80,84,49,17.23,466172645.4365082,26993204.0,0.0218,-11.41,300890,389150,356128,-0.102
1038,CNSP,Healthcare,Biotechnology,NASDAQ,108.23,82,80,49,3,5.35,7782215.646250725,1461449.0,0.002,-49.47,3670,4586,5922,
1039,NVDA,Technology,Semiconductors,NASDAQ,108.21,82,73,66,77,230.48,5649190576309.204,24147000000.0,0.0127,-3.11,111823580,121618266,119628478,1.059
1040,CRVL,Financial Services,Insurance Brokers,NASDAQ,108.2,82,62,32,14,76.35,3812485675.035736,50516571.0,0.1158,-3.88,215690,213613,199240,0.107
1041,OBT,Financial Services,Banks - Regional,NASDAQ,108.19,82,83,80,83,37.25,505882437.8523216,13407963.0,0.0134000005,-7.11,59600,55980,52896,-0.05
1042,SIG,Consumer Cyclical,Luxury Goods,NYSE,108.19,82,67,37,66,105.89,3853948371.1009674,38317243.0,0.2142,-3.91,730660,1023030,859022,-0.005
1043,SBET,Financial Services,Capital Markets,NASDAQ,108.18,82,65,9,48,8.81,2031040780.2642288,217223604.0,0.14130001,-54.91,6474440,8362093,8466592,15.539
1044,ADM,Consumer Defensive,Farm Products,NYSE,108.17,82,84,84,69,82.45,38773401126.3354,481956527.0,0.0397,-7.1,2989240,3578186,3746704,0.072
1045,PBFS,Financial Services,Banks - Regional,NASDAQ,108.14,82,81,80,64,17.62,429674168.56861115,24179750.0,0.0154,-11.5,13970,16043,13138,0.179
1046,SJM,Consumer Defensive,Packaged Foods,NYSE,108.06,82,71,66,29,119.41,12518609076.568787,106823183.0,0.0454,-12.13,1103980,1309660,1272054,0.05
1047,REI,Energy,Oil & Gas E&P,NYSE ARCA,108.06,82,87,72,84,1.35,341306870.2618041,260539607.0,0.030299999,-32.5,2542870,3650840,3557860,0.265
1048,CZNC,Financial Services,Banks - Regional,NASDAQ,108.05,82,83,65,74,25.27,459670626.1584606,17934867.0,0.0235,-4.17,51850,55263,61810,0.532
1049,GMAB,Healthcare,Biotechnology,NASDAQ,108.04,82,77,48,56,36.05,21686034612.5,624058550.0,0.0081,0.4,5472370,3105196,3044004,0.249
1050,HST,Real Estate,REIT - Hotel & Motel,NASDAQ,108.03,82,75,86,81,22.54,15456406075.544096,685124399.0,0.0842,-12.33,8164550,8118606,8913178,0.036
1051,GOLD,Financial Services,Capital Markets,NYSE,108.0,82,85,74,91,41.66,1230488939.4285965,29096451.0,0.16469999,-37.54,420810,657790,569736,0.992
1052,EPSN,Energy,Oil & Gas E&P,NASDAQ,108.0,82,76,49,66,6.07,173828884.52859306,30283779.0,0.16600001,-8.72,101030,153146,150704,0.571
1053,INNV,Healthcare,Medical Care Facilities,NASDAQ,107.99,82,95,96,94,9.11,1222604773.2052088,136451425.0,0.052800003,-27.93,821430,702956,505650,0.183
1054,IEX,Industrials,Specialty Industrial Machinery,NYSE,107.97,82,76,76,65,231.75,17175998973.995483,73719896.0,0.0325,-4.94,689030,607590,614718,0.064
1055,LSBK,Financial Services,Banks - Regional,NASDAQ,107.94,82,83,77,76,18.04,144352616.8488388,7853788.0,0.0025,-5.5,16330,28440,20744,0.087
1056,TASK,Technology,Information Technology Services,NASDAQ,107.93,82,66,18,25,8.01,738997427.7334051,91687021.0,0.1294,-53.98,380190,474300,594584,0.05
1057,WDAY,Technology,Software - Application,NASDAQ,107.91,82,75,25,10,187.81,44859739852.90527,241000000.0,0.083100006,-24.09,1905810,2942826,3634688,0.128
1058,CRBG,Financial Services,Asset Management,NYSE,107.88,82,81,61,26,34.45,15169638379.50409,445772522.0,0.048299998,-3.34,5009720,4387713,4531416,0.259
1059,MLR,Consumer Cyclical,Auto Parts,NYSE,107.87,82,84,68,68,52.8,617445280.8311768,11352184.0,0.0434,-11.56,64670,87586,96680,0.121
1060,MD,Healthcare,Medical Care Facilities,NYSE,107.86,82,85,88,85,26.24,2110147392.0778065,81253271.0,0.083000004,-6.08,747490,743763,785832,0.04
1061,EMF,Financial Services,Asset Management,NYSE,107.82,82,80,83,82,22.19,335879235.3260937,14947897.0,0.87,-10.16,29399,28103,28687,0.152
1062,FISI,Financial Services,Banks - Regional,NASDAQ,107.81,82,85,83,80,39.05,787860263.7791443,19706360.0,0.0346,-9.12,116400,139073,141488,0.07
1063,VOD,Communication Services,Telecom Services,NASDAQ,107.76,82,85,74,83,16.48,38967325112.85143,2316725673.0,0.004,-6.95,3592410,3323216,3590404,
1064,DKL,Energy,Oil & Gas Refining & Marketing,NYSE,107.75,82,78,78,71,56.6,2922127760.164528,53197301.0,0.0117,-7.97,120220,184480,201938,0.562
1065,PVLA,Healthcare,Biotechnology,NASDAQ,107.73,82,94,98,98,131.34,1908681692.8783875,14408407.0,0.1826,-18.61,235580,221103,205988,
1066,ULCC,Industrials,Airlines,NASDAQ,107.73,82,67,91,55,5.93,1425035635.663052,230215771.0,0.4133,-29.45,2516800,2458923,2729642,0.377
1067,MTA,Basic Materials,Other Precious Metals & Mining,NYSE ARCA,107.73,82,91,72,81,8.54,859227042.82757,93495874.0,4.38,-26.38,325470,296173,414686,0.938
1068,ESEA,Industrials,Marine Shipping,NASDAQ,107.72,82,75,78,91,73.41,510950679.10121155,7055381.0,0.0196,-7.86,35830,38180,40008,-0.013
1069,AGM,Financial Services,Credit Services,NYSE,107.71,82,85,73,49,207.44,2331160903.0329895,10853210.0,0.0039,-16.45,120230,114250,109518,0.249
1070,VOYA,Financial Services,Financial Conglomerates,NYSE,107.7,82,87,85,58,96.64,8756137269.089058,90596349.0,0.0002,-8.52,1054780,1163583,1075894,-0.043
1071,CURR,Technology,Software - Application,NASDAQ,107.65,82,93,93,96,2.77,348073832.791965,112281885.0,0.0274,-45.47,78160,496490,374344,-0.218
1072,KSPI,Technology,Software - Infrastructure,NASDAQ,107.65,82,86,70,56,92.83,17872064947.217194,190027266.0,0.0083,-15.56,458120,583336,607990,0.136
1073,PRAA,Financial Services,Credit Services,NASDAQ,107.63,82,73,57,82,20.32,710417904.815464,37648006.0,0.0348,-9.89,455160,442910,432510,0.294
1074,EQH,Financial Services,Asset Management,NYSE,107.62,81,78,60,26,53.48,14358390861.196976,272765787.0,0.0,-2.87,2444630,2956330,2930292,-0.298
1075,KARO,Technology,Software - Application,NASDAQ,107.62,81,89,71,71,60.87,1853598000.0,30893300.0,0.0068,-11.53,71620,70686,79746,0.225
1076,CNO,Financial Services,Insurance - Life,NYSE,107.6,81,84,83,61,53.55,4983201098.530563,92521371.0,0.0001,-7.02,902660,1108046,938624,0.116
1077,BXC,Industrials,Industrial Distribution,NYSE,107.53,81,88,29,20,71.29,573095563.050003,7782395.0,0.0643,-24.0,172200,163613,171614,0.044
1078,QNBC,Financial Services,Banks - Regional,NASDAQ,107.51,81,76,70,80,46.15,283206313.6198578,6209303.0,0.0036000002,0.33,26087,17029,13283,0.403
1079,TSBK,Financial Services,Banks - Regional,NASDAQ,107.51,81,81,77,79,45.38,353715150.37120056,7775668.0,0.0207,-8.1,25900,30973,35092,0.061
1080,LINK,Technology,Electronic Components,NASDAQ,107.49,81,90,57,15,5.01,93712538.64592457,15750007.0,0.0068,-43.92,75700,42010,32188,0.104
1081,SEIC,Financial Services,Asset Management,NASDAQ,107.48,81,83,72,34,103.25,12293564848.886948,120019182.0,0.0202,-7.94,635040,814656,724232,0.147
1082,CTKB,Healthcare,Medical Devices,NASDAQ,107.48,81,67,59,61,5.36,763001680.2345972,129983253.0,0.051,-13.27,1478090,1338940,1141774,0.056
1083,TILE,Consumer Cyclical,"Furnishings, Fixtures & Appliances",NASDAQ,107.44,81,75,81,65,34.83,2016658014.121399,57800460.0,0.1025,-14.0,498910,533380,509816,0.054
1084,HNI,Consumer Cyclical,"Furnishings, Fixtures & Appliances",NYSE,107.41,81,82,40,23,46.91,3379551853.971863,72181800.0,0.059699997,-11.14,507340,564006,560542,1.207
1085,WLYB,Communication Services,Publishing,NYSE,107.41,81,84,85,55,47.9,2510628464.816246,50683930.0,0.0031,-13.71,5899,2928,3146,-0.026
1086,NWFL,Financial Services,Banks - Regional,NASDAQ,107.4,81,78,69,77,33.87,367399902.1176224,10902074.0,0.0165,-4.54,32240,32790,34206,0.347
1087,NOW,Technology,Software - Application,NYSE,107.38,81,56,23,11,139.75,138930380608.1543,1033862000.0,0.0279,-27.58,9552840,13535783,15290052,0.24
1088,BAP,Financial Services,Banks - Regional,NYSE,107.3,81,82,90,82,380.38,29648025035.375183,79419317.0,0.0231,-7.95,309880,331586,313160,0.12
1089,SPSC,Technology,Software - Application,NASDAQ,107.29,81,71,22,8,83.32,2964614273.968094,36000174.0,0.107200004,-27.47,501840,527210,554412,0.056
1090,CCO,Communication Services,Advertising Agencies,NYSE,107.26,81,78,87,92,2.43,1216734342.9560697,509093845.0,0.1041,-0.41,6271080,4950163,7407160,0.087
1091,PEBK,Financial Services,Banks - Regional,NASDAQ,107.26,81,76,77,84,44.25,235575148.7259102,5321327.0,0.0207,-3.34,16748,21149,30195,0.014
1092,TEO,Communication Services,Telecom Services,NYSE,107.18,81,73,85,74,12.8,5048244810.459349,430737602.0,0.0031,-21.66,313920,323380,282844,0.004
1093,CRDL,Healthcare,Drug Manufacturers - Specialty & Generic,NASDAQ,107.06,81,97,32,84,1.3,171333248.39406788,121512945.0,0.028199999,-44.44,2068050,1605073,1546362,
1094,KO,Consumer Defensive,Beverages - Non-Alcoholic,NYSE,107.0,81,75,71,58,87.77,368513349228.11914,4302549243.0,0.0095,-5.1,16135650,15901773,15339696,0.067
1095,SHBI,Financial Services,Banks - Regional,NASDAQ,107.0,81,81,84,78,22.58,767562348.0,33372276.0,0.0335,-9.28,226550,197810,197546,0.106
1096,SLGL,Healthcare,Biotechnology,NASDAQ,107.0,81,90,99,99,70.34,235727928.0,3273999.0,0.1155,-28.2,37670,56163,57936,-0.966
1097,LFCR,Healthcare,Drug Manufacturers - Specialty & Generic,NASDAQ,106.99,81,12,19,17,6.43,247904231.39400673,37905846.0,0.0866,-28.4,1122790,478860,338034,
1098,BNS,Financial Services,Banks - Diversified,NYSE,106.98,81,84,85,78,87.59,110960594089.01917,1216806570.0,5.69,-8.51,2728740,2074870,2129088,0.117
1099,SDRL,Energy,Oil & Gas Drilling,NYSE,106.96,81,83,74,91,45.62,2742442180.1193314,62541443.0,0.0774,-17.76,618150,600133,619762,0.191
1100,WF,Financial Services,Banks - Regional,NYSE,106.94,81,81,52,87,72.67,18469886332.93705,245577537.0,0.0008,-14.21,80960,80633,83974,0.337
1101,FNLC,Financial Services,Banks - Regional,NASDAQ,106.93,81,84,83,69,33.44,385968841.0707092,11282340.0,0.0150999995,-7.88,40765,37258,32461,0.129
1102,WASH,Financial Services,Banks - Regional,NASDAQ,106.93,81,85,76,80,37.35,733598368.1969376,19074321.0,0.0738,-7.87,120210,132376,130990,0.097
1103,WAB,Industrials,Railroads,NYSE,106.89,81,80,68,79,280.8,48568627539.870026,168910851.0,0.0278,-8.43,814230,790133,838652,0.175
1104,RHP,Real Estate,REIT - Hotel & Motel,NYSE,106.89,81,78,83,66,119.95,8392628730.708008,68984288.0,0.0602,-12.74,527630,570440,736274,0.136
1105,CRM,Technology,Software - Application,NYSE,106.87,81,79,20,18,227.8,193149872009.27734,823000000.0,0.0454,-15.35,8630390,14179400,13265404,0.108
1106,STRL,Industrials,Engineering & Construction,NASDAQ,106.84,81,65,96,93,518.41,16316526748.807007,30588518.0,0.0456,-48.45,514710,545253,614728,0.901
1107,BTG,Basic Materials,Gold,NYSE ARCA,106.79,81,80,25,72,5.12,6869567710.425749,1321070762.0,2.92,-18.6,20336260,24467996,25982250,0.14
1108,TXMD,Healthcare,Drug Manufacturers - Specialty & Generic,NASDAQ,106.79,81,84,80,88,2.01,23727441.54809141,11574362.0,0.0032,-31.86,15550,20320,24426,-0.087
1109,POWL,Industrials,Electrical Equipment & Parts,NASDAQ,106.77,81,72,96,98,189.27,7144426022.766724,36432564.0,0.0975,-42.3,520170,546670,583642,0.089
1110,CAH,Healthcare,Medical Distribution,NYSE,106.74,81,78,76,77,238.96,52864999170.16304,231559345.0,0.033299997,-7.49,1668290,1733233,1795990,0.058
1111,PBHC,Financial Services,Banks - Regional,NASDAQ,106.73,81,77,67,29,17.5,109436749.40608978,6278643.0,0.0022,-4.37,1010,3886,4094,0.471
1112,GNRC,Industrials,Specialty Industrial Machinery,NYSE,106.71,81,28,82,84,224.4,12805061288.248825,59063935.0,0.0424,-24.3,1092320,1410813,1249486,0.106
1113,ENLT,Utilities,Utilities - Renewable,NASDAQ,106.66,81,90,97,98,67.11,9314827817.792404,139904289.0,0.007900001,-38.23,157280,180193,187352,0.43
1114,MKSI,Technology,Scientific & Technical Instruments,NASDAQ,106.65,81,87,97,97,260.38,18875440902.99518,67617558.0,0.1021,-41.83,1049120,1243160,1365118,0.283
1115,MDB,Technology,Software - Infrastructure,NASDAQ,106.64,81,68,77,38,371.35,28835947136.01236,80556341.0,0.0367,-21.51,4788660,2964200,2366582,0.305
1116,AVPT,Technology,Software - Infrastructure,NASDAQ,106.63,81,61,54,14,14.41,2976725479.255356,211565426.0,0.0621,-7.51,3115610,2170956,2042824,0.22
1117,LH,Healthcare,Diagnostics & Research,NYSE,106.59,81,74,53,53,314.2,25018538208.007812,81100000.0,0.030299999,-8.07,694690,776263,722278,0.058
1118,GNE,Utilities,Utilities - Regulated Electric,NYSE,106.58,81,68,33,26,16.78,432431413.9221115,26319623.0,0.0345,-0.3,79340,77176,77320,-0.046
1119,EFSI,Financial Services,Banks - Regional,NASDAQ,106.57,81,79,68,62,45.79,246282589.5667839,5411615.0,0.0295,-4.94,30909,42563,46041,0.106
1120,BELFB,Technology,Electronic Components,NASDAQ,106.57,81,78,94,96,242.5,3668605078.303406,14222707.0,0.0704,-27.67,152820,151503,175200,0.252
1121,FPS,Industrials,Electrical Equipment & Parts,NYSE,106.56,81,20,87,66,39.8,11077167824.004898,274527094.0,0.165,-39.7,8233740,9632400,8241716,0.943
1122,JOF,Financial Services,Asset Management,NYSE,106.56,81,76,70,69,12.44,358990426.4717045,28333893.0,0.12,-3.19,48447,60465,66327,0.423
1123,ABEV,Consumer Defensive,Beverages - Brewers,NYSE,106.52,81,67,70,77,3.19,46095294853.78307,15416486524.0,4.53,-7.54,24725880,24935453,29706180,0.003
1124,CLW,Basic Materials,Paper & Paper Products,NYSE,106.51,81,75,24,13,19.51,319441253.3181858,16125253.0,0.0433,-17.3,109160,128046,148838,-0.043
1125,SCL,Basic Materials,Specialty Chemicals,NYSE,106.5,81,84,71,49,61.04,1432150020.0,22732540.0,0.0424,-10.24,144380,150310,141862,0.15
1126,AMPH,Healthcare,Drug Manufacturers - Specialty & Generic,NASDAQ,106.48,81,62,24,33,25.81,1081739928.9015503,42537944.0,0.2559,-12.57,529480,512306,490402,0.054
1127,CFFN,Financial Services,Banks - Regional,NASDAQ,106.46,81,82,83,79,8.47,1058509837.2676582,123369446.0,0.0802,-8.53,1106500,981786,930046,0.183
1128,IAE,Financial Services,Asset Management,NYSE,106.35,81,77,73,70,8.85,95247964.40916538,10750335.0,0.46,-4.53,109344,58401,48432,
1129,ACCL,Industrials,Consulting Services,NASDAQ,106.34,81,78,25,5,2.5,36269738.669633865,13949900.0,0.0149,-50.0,19810,155343,111512,0.01
1130,IAG,Basic Materials,Gold,NYSE,106.29,81,87,65,93,18.4,10574920261.383057,571000000.0,1.73,-26.02,4014120,4955666,5481112,0.475
1131,GCO,Consumer Cyclical,Apparel Retail,NYSE,106.29,81,61,73,81,36.87,376541281.34487915,10820152.0,0.1303,-15.44,113790,200243,204230,-0.03
1132,KRP,Energy,Oil & Gas E&P,NYSE,106.26,81,71,68,68,15.16,1471063439.0222473,100895984.0,0.0382,-4.05,739840,928100,968456,0.378
1133,NEM,Basic Materials,Gold,NYSE,106.26,81,87,55,86,115.55,121764676264.2691,1053692271.0,0.0183,-14.59,4927040,6834880,7222564,0.151
1134,MBBC,Financial Services,Banks - Regional,NASDAQ,106.25,80,77,77,77,15.1,45238841.28626919,3009903.0,0.0023999999,-4.37,2690,3513,2966,0.26
1135,KRNY,Financial Services,Banks - Regional,NASDAQ,106.23,80,87,85,75,9.2,588774903.7210464,63173275.0,0.0523,-10.16,511650,544910,593676,0.149
1136,PETZ,Real Estate,Real Estate Services,NASDAQ,106.22,80,61,55,39,1.33,13420247.907748222,10323268.0,0.012200001,-27.12,6420,745233,478210,0.446
1137,ARHS,Consumer Cyclical,Specialty Retail,NASDAQ,106.22,80,42,38,24,9.75,1449370222.9640503,141540064.0,0.12020001,-19.29,1777030,1402030,1522518,0.074
1138,ATRO,Industrials,Aerospace & Defense,NASDAQ,106.21,80,91,93,94,64.45,2932788179.1625977,43009064.0,0.0946,-31.77,458260,588753,630260,0.27
1139,NE,Energy,Oil & Gas Drilling,NYSE,106.2,80,79,77,93,42.15,6497438394.3973465,159642218.0,0.0,-23.34,1188770,1182010,1192236,-0.163
1140,ATEN,Technology,Software - Infrastructure,NYSE,106.2,80,64,95,90,27.96,2006187189.2940845,72609021.0,0.18969999,-27.36,1224940,1143593,1285174,0.155
1141,BNED,Consumer Cyclical,Specialty Retail,NYSE,106.2,80,73,80,69,11.94,405926917.12236404,34664980.0,0.0692,-19.05,191540,264070,235690,0.008
1142,BATRA,Communication Services,Entertainment,NASDAQ,106.14,80,69,75,71,57.76,3697354156.6012917,64167897.0,0.0654,-4.5,44440,61266,67228,-0.023
1143,BRBI,Financial Services,Capital Markets,NASDAQ,106.13,80,23,19,33,14.81,294959193.67806816,26248926.0,1.45,-10.84,1770,876,890,-0.066
1144,FVCB,Financial Services,Banks - Regional,NASDAQ,106.12,80,83,81,76,17.56,320828523.4608078,18034205.0,0.0231,-8.11,57288,66419,72793,0.264
1145,CEVA,Technology,Semiconductors,NASDAQ,106.09,80,56,95,35,33.66,1044516028.2402954,28154072.0,0.1157,-34.77,683770,640293,769532,0.131
1146,MLKN,Consumer Cyclical,"Furnishings, Fixtures & Appliances",NASDAQ,106.08,80,82,78,35,20.77,1392507835.0529766,68799795.0,0.0788,-15.94,589560,696800,635858,-0.034
1147,WOLF,Technology,Semiconductors,NYSE,106.07,80,38,90,61,31.02,1867390409.707489,52930569.0,7.69,-61.62,5622240,3476036,3952774,-0.241
1148,BWA,Consumer Cyclical,Auto Parts,NYSE,106.06,80,80,88,87,61.72,12325887837.311058,203666354.0,0.0359,-21.7,2657370,2318643,2301100,0.003
1149,BLTE,Healthcare,Biotechnology,NASDAQ,106.02,80,92,86,95,152.52,6425823198.319336,40272144.0,0.05,-23.74,153930,192613,185256,
1150,RIG,Energy,Oil & Gas Drilling,NYSE,105.99,80,76,82,95,5.54,5774270124.661188,1116880085.0,0.2732,-27.68,36852620,41741440,41868158,-0.022
1151,CHMI,Real Estate,REIT - Mortgage,NYSE,105.98,80,81,38,59,2.61,97541124.03593588,36947394.0,0.0001,-12.42,204980,215320,384586,0.276
1152,INVX,Energy,Oil & Gas Equipment & Services,NYSE,105.97,80,84,76,83,27.58,1906794786.3018894,69820389.0,0.075100005,-18.18,578320,794673,807142,0.092
1153,GILD,Healthcare,Drug Manufacturers - General,NASDAQ,105.97,80,75,58,72,147.1,179471115945.9771,1239955155.0,0.0148,-6.48,4997000,5589710,5975180,0.102
1154,PNRG,Energy,Oil & Gas E&P,NASDAQ,105.96,80,72,58,72,211.5,323894921.7956543,1582600.0,0.126,-24.17,62060,93376,91676,-0.039
1155,ODC,Basic Materials,Specialty Chemicals,NYSE,105.91,80,83,93,83,84.37,1298277480.6473694,14480007.0,0.0734,-21.15,149630,118473,127298,0.094
1156,PLX,Healthcare,Biotechnology,NYSE ARCA,105.88,80,88,68,64,2.7,218349152.89356422,80571642.0,0.0372,-15.36,917520,802860,800296,0.271
1157,WYHG,Consumer Defensive,Packaged Foods,NASDAQ,105.85,80,89,91,8,3.49,131294504.57597065,35581166.0,0.0042,-86.66,38130,793873,2242034,-0.075
1158,GFR,Energy,Oil & Gas E&P,NYSE,105.85,80,73,76,70,6.26,1394399459.4552727,240413692.0,0.0307,-12.57,918350,1389873,1056498,0.219
1159,MSTR,Technology,Software - Application,NASDAQ,105.85,80,23,7,13,151.47,63804117317.8463,398750825.0,0.081499994,-58.53,19664560,23954130,23620544,0.069
1160,IMVT,Healthcare,Biotechnology,NASDAQ,105.84,80,94,95,87,30.26,6944300948.217934,206552682.0,0.1857,-33.38,1468260,1471416,1323274,
1161,ARXS,Industrials,Aerospace & Defense,NASDAQ,105.81,80,86,58,35,46.77,21554240964.108948,430826334.0,0.040700004,-23.95,1335440,1008510,911406,0.25
1162,VG,Energy,Oil & Gas Midstream,NYSE,105.79,80,91,73,68,13.29,32826219419.74292,2500092851.0,0.8047,-24.57,11358220,13621703,13553052,0.476
1163,KIDS,Healthcare,Medical Devices,NASDAQ,105.76,80,76,55,25,21.76,578592898.0959625,26109788.0,0.0495,-18.62,186220,200366,226368,0.154
1164,THG,Financial Services,Insurance - Property & Casualty,NYSE,105.76,80,80,75,59,221.93,7640600838.999084,34820221.0,0.0241,-5.99,269090,296703,300300,0.043
1165,LCNB,Financial Services,Banks - Regional,NASDAQ,105.74,80,76,69,65,18.94,269989480.3329849,14254988.0,0.0134000005,-11.16,26830,30460,34742,0.092
1166,EBF,Industrials,Specialty Business Services,NYSE,105.72,80,68,66,72,22.75,570729002.8092651,25298272.0,0.0954,-0.83,175060,166193,162588,0.034
1167,OUT,Real Estate,REIT - Specialty,NYSE,105.71,80,74,91,91,29.58,5055081838.080532,176135251.0,0.087299995,-15.39,1543540,1639563,1752194,0.135
1168,USCB,Financial Services,Banks - Regional,NASDAQ,105.71,80,82,65,62,22.13,416599284.40509796,18474470.0,0.0214,-7.35,59870,79730,69486,0.141
1169,OLB,Technology,Software - Infrastructure,NASDAQ,105.69,80,7,9,5,0.55,4539839.051052555,24020313.0,0.0099,-69.44,125299340,55079900,33249982,-0.436
1170,NOG,Energy,Oil & Gas E&P,NYSE,105.67,80,75,25,59,25.14,2539065712.1109467,106549128.0,0.2441,-19.35,2131470,2097353,2183060,0.16
1171,DNOW,Industrials,Industrial Distribution,NYSE,105.67,80,73,52,21,15.65,2849185683.5386066,180785891.0,0.0723,-9.33,2041310,2171933,2395594,1.081
1172,VALU,Financial Services,Financial Data & Stock Exchanges,NASDAQ,105.64,80,61,62,31,43.5,379974969.0,9382098.0,0.0219,5.63,2760,3720,3858,-0.064
1173,EGBN,Financial Services,Banks - Regional,NASDAQ,105.58,80,75,71,81,28.3,865135128.1568317,30483973.0,0.1177,-3.38,322970,304376,273824,
1174,PCB,Financial Services,Banks - Regional,NASDAQ,105.55,80,79,86,70,27.89,393389305.2345543,14044602.0,0.026400002,-9.57,48480,35366,37330,0.083
1175,PGNY,Healthcare,Healthcare Plans,NASDAQ,105.54,80,77,92,20,27.83,1935817078.4172592,76726798.0,0.0867,-15.83,1313240,1189403,1179120,0.053
1176,ITIC,Financial Services,Insurance - Specialty,NASDAQ,105.54,80,83,73,50,298.63,547896462.2468262,1887996.0,0.060399998,-3.53,40610,59836,65390,0.175
1177,ROLR,Consumer Cyclical,Gambling,NYSE ARCA,105.53,80,96,95,92,4.45,53933339.097427845,11029313.0,0.0113,-86.79,49330,36880,50580,-0.516
1178,LEE,Communication Services,Publishing,NASDAQ,105.52,80,73,83,87,7.5,149579616.090374,22292044.0,0.080699995,-36.87,28240,35366,37076,-0.108
1179,FRAF,Financial Services,Banks - Regional,NASDAQ,105.5,80,78,82,82,63.32,284193598.4334183,4499582.0,0.0504,-3.2,38970,38616,35616,0.053
1180,RHI,Industrials,Staffing & Employment Services,NYSE,105.47,80,88,80,23,34.1,3697309118.025772,102361828.0,0.2328,-26.98,1894140,1821666,1903832,-0.024
1181,CCNE,Financial Services,Banks - Regional,NASDAQ,105.46,80,79,82,80,33.64,1010110120.7004166,29621999.0,0.0299,-6.99,119850,142976,150858,0.51
1182,IVZ,Financial Services,Asset Management,NYSE,105.45,80,84,85,74,30.09,13536383187.43248,441499780.0,0.0427,-10.61,4603110,4202693,4260454,0.205
1183,FMBH,Financial Services,Banks - Regional,NASDAQ,105.45,80,80,78,69,49.24,1329563549.582611,26601912.0,0.0218,-7.72,159050,136580,126314,0.26
1184,HMC,Consumer Cyclical,Auto Manufacturers,NYSE,105.4,80,67,42,22,32.48,40677466113.8672,1297526814.0,0.0015,-2.9,1103570,922713,985648,0.135
1185,PLGO,Financial Services,Insurance - Diversified,NYSE,105.39,80,84,85,74,24.45,2006162075.25,82728333.0,0.0502,-7.18,486770,461340,487730,0.103
1186,ZLAB,Healthcare,Biotechnology,NASDAQ,105.38,80,81,22,38,24.81,2731437318.6747665,112266228.0,0.074099995,-27.16,733050,826033,995660,-0.033
1187,EMR,Industrials,Specialty Industrial Machinery,NYSE,105.38,80,65,39,62,159.06,90146058340.4541,557800000.0,0.0150999995,-4.38,2784250,2412806,2592508,0.07
1188,SVCO,Technology,Software - Application,NASDAQ,105.37,80,78,95,94,7.99,310054672.77360916,33885758.0,0.1401,-44.48,399220,384843,399162,0.478
1189,PDLB,Financial Services,Banks - Regional,NASDAQ,105.34,80,79,80,77,20.19,492223794.576952,24187901.0,0.0185,-4.31,83340,82750,78772,0.184
1190,EGO,Basic Materials,Gold,NYSE,105.32,80,89,38,76,36.86,9942089577.264511,260810332.0,5.01,-27.95,3305570,3220573,3131456,0.079
1191,FNRN,Financial Services,Banks - Regional,NASDAQ,105.32,80,78,88,82,17.3,293526315.3156872,16508791.0,0.0368,-10.13,101410,98713,99192,-0.017
1192,TPC,Industrials,Engineering & Construction,NYSE,105.31,80,82,70,93,84.24,4563273367.814064,52614703.0,0.0513,-17.65,422820,444990,479730,0.192
1193,HGTY,Financial Services,Insurance - Property & Casualty,NYSE,105.29,79,78,53,37,14.2,1515072279.8111315,111320523.0,0.0202,0.21,468820,578270,410694,-0.065
1194,MUR,Energy,Oil & Gas E&P,NYSE,105.29,79,77,64,84,38.6,5398545010.286591,143349576.0,0.0994,-10.94,1547810,1605960,1704364,0.356
1195,ASYS,Technology,Semiconductor Equipment & Materials,NASDAQ,105.28,79,79,96,97,16.21,315320903.0172863,17508101.0,0.131,-36.95,237500,289476,358968,0.145
1196,WPM,Basic Materials,Gold,NYSE,105.28,79,86,30,85,134.96,61892919884.64551,454159968.0,2.74,-18.58,1859490,1856843,2082774,0.847
1197,UNF,Industrials,Specialty Business Services,NYSE,105.24,79,79,87,85,259.6,4553233055.8645935,18084173.0,0.0986,-15.35,335390,355576,274400,0.039
1198,PAG,Consumer Cyclical,Auto & Truck Dealerships,NYSE,105.23,79,85,78,44,198.05,13397195898.035126,65662873.0,0.118,-12.75,525560,395946,380948,0.06
1199,CVLT,Technology,Software - Application,NASDAQ,105.21,79,67,74,12,151.0,6228289027.328491,41444564.0,0.0955,-17.41,621130,574850,566756,0.114
1200,BBVA,Financial Services,Banks - Diversified,NYSE,105.18,79,89,82,83,26.17,148389540333.18756,5499983056.0,0.00029999999,-11.71,1817890,1392383,1582164,0.202
1201,LARK,Financial Services,Banks - Regional,NASDAQ,105.18,79,79,74,59,31.5,191314255.24349976,6100582.0,0.020499999,-8.96,5880,8380,8860,0.145
1202,BLMN,Consumer Cyclical,Restaurants,NASDAQ,105.18,79,82,69,24,8.48,726065336.9658546,85620917.0,0.1254,-32.86,2825820,2351076,2324100,0.013
1203,CACI,Technology,Information Technology Services,NYSE,105.16,79,72,29,41,599.4,13592135653.293152,22099597.0,0.0561,-12.3,271970,264026,277642,0.176
1204,RBB,Financial Services,Banks - Regional,NASDAQ,105.06,79,81,86,77,25.88,443029106.1940994,16915964.0,0.0372,-8.36,83490,93386,104184,0.173
1205,STIM,Healthcare,Medical Devices,NASDAQ,105.06,79,98,36,8,2.14,164586006.06006002,76197222.0,0.1516,-37.79,876890,1150533,1904556,0.091
1206,LOCO,Consumer Cyclical,Restaurants,NASDAQ,105.06,79,80,88,82,14.94,432756372.2664709,30432937.0,0.0747,-14.14,234710,211570,241492,0.03
1207,VLGEA,Consumer Defensive,Grocery Stores,NASDAQ,105.05,79,68,74,74,43.94,681236586.0,14809491.0,0.054,-8.86,42970,49806,54290,0.016
1208,ABM,Industrials,Specialty Business Services,NYSE,105.0,79,70,61,27,49.89,2870356641.7910156,58614592.0,0.049200002,-2.73,431940,512113,455454,0.042
1209,WSFS,Financial Services,Banks - Regional,NASDAQ,104.97,79,83,83,80,75.41,4009805577.270508,51388000.0,0.074099995,-9.08,318340,356896,346926,0.088
1210,LVWR,Consumer Cyclical,Recreational Vehicles,NYSE,104.96,79,11,2,13,1.47,322497568.26431215,205412457.0,0.1272,-77.17,186160,421490,720438,0.552
1211,GHRS,Healthcare,Biotechnology,NASDAQ,104.95,79,95,94,81,20.45,1574654100.4389362,68642287.0,0.1004,-34.95,413060,266763,292380,
1212,LNG,Energy,Oil & Gas Midstream,NYSE,104.93,79,78,63,64,277.88,55753898473.26892,206534158.0,0.0189,-7.65,1773520,2114243,1861536,0.227
1213,AVAL,Financial Services,Banks - Regional,NYSE,104.92,79,83,82,84,4.87,5674690955.718973,1187173788.0,0.0013,-21.45,144930,128273,142222,0.186
1214,ON,Technology,Semiconductors,NASDAQ,104.89,79,55,90,90,79.41,33049256819.948776,389318613.0,0.1043,-41.14,11641460,11144673,10355538,0.092
1215,BATRK,Communication Services,Entertainment,NASDAQ,104.89,79,67,72,68,52.45,3338655602.5800476,64167897.0,0.0733,-4.39,598640,494343,549078,-0.023
1216,ACN,Technology,Information Technology Services,NYSE,104.87,79,30,11,16,208.36,121715281745.10178,611942109.0,0.045300003,-28.42,9682640,6449016,6183196,0.062
1217,ZBIO,Healthcare,Biotechnology,NASDAQ,104.87,79,91,91,86,26.24,1844175382.2575893,65176723.0,0.2674,-41.17,737850,685080,699140,
1218,PFG,Financial Services,Asset Management,NASDAQ,104.84,79,82,83,72,109.77,23971155410.341347,214104641.0,0.0512,-9.42,1268060,1445150,1292864,0.064
1219,SHO,Real Estate,REIT - Hotel & Motel,NYSE,104.83,79,69,80,60,11.35,2117901551.828786,185943941.0,0.0001,-5.97,1752400,2061496,2154384,0.062
1220,TEM,Healthcare,Health Information Services,NASDAQ,104.82,79,50,30,27,69.28,13826714856.701141,180434756.0,0.2778,-33.59,7877020,7279683,7321512,0.216
1221,GSBC,Financial Services,Banks - Regional,NASDAQ,104.8,79,79,78,69,78.36,863845343.3077927,10897507.0,0.075,-5.49,96240,88996,91018,-0.041
1222,MKTX,Financial Services,Capital Markets,NASDAQ,104.76,79,68,13,27,164.31,5777267894.097336,35197197.0,0.0865,-16.16,792900,870300,1221970,-0.005
1223,TAL,Consumer Defensive,Education & Training Services,NYSE,104.76,79,70,32,69,12.49,6689697356.001909,554701254.0,0.0945,-6.58,2318550,4287880,4714660,0.319
1224,TMCI,Healthcare,Medical Devices,NASDAQ,104.75,79,93,87,6,3.88,285501674.59695053,65034552.0,0.0335,-45.2,236410,234776,311354,-0.042
1225,RNW,Utilities,Utilities - Renewable,NASDAQ,104.75,79,60,57,20,6.9,2493598362.667618,364561156.0,0.0378,-15.54,1007730,1625003,2348214,0.143
1226,CLH,Industrials,Waste Management,NYSE,104.72,79,79,70,77,317.34,16813266875.980469,52787248.0,0.0225,-5.54,364910,383513,410052,0.119
1227,ROST,Consumer Cyclical,Apparel Retail,NASDAQ,104.71,79,73,81,86,225.2,73007811614.63425,319453110.0,0.0346,-12.37,2022000,2043880,2321488,0.133
1228,ASAN,Technology,Software - Application,NYSE,104.71,79,35,24,6,9.87,1973722382.3364496,228970117.0,0.2451,-36.24,5862360,7843246,6460696,0.099
1229,HURA,Healthcare,Biotechnology,NASDAQ,104.69,79,65,83,96,1.93,121717836.34289467,63726617.0,0.1274,-43.73,257390,209463,235618,
1230,PAGS,Technology,Software - Infrastructure,NYSE,104.67,79,67,35,77,10.68,2521264565.733799,279519339.0,0.1279,-13.31,5733200,3921916,3428056,-0.002
1231,BHB,Financial Services,Banks - Regional,NYSE ARCA,104.65,79,81,75,67,38.48,661421868.7915039,16766080.0,0.037100002,-6.42,120520,93450,93424,0.423
1232,JVA,Consumer Defensive,Packaged Foods,NASDAQ,104.54,79,32,22,69,4.46,22720228.108882904,5708600.0,0.0054,-11.33,73900,72326,65060,-0.093
1233,NECB,Financial Services,Banks - Regional,NASDAQ,104.54,79,74,72,68,27.41,366865467.09866524,13766059.0,0.0126,-5.29,40280,36763,40118,-0.058
1234,RANI,Healthcare,Biotechnology,NASDAQ,104.52,79,40,38,79,0.79,93609641.34914398,115424960.0,0.0633,-79.59,500310,531553,603792,
1235,PMVP,Healthcare,Biotechnology,NASDAQ,104.51,79,75,56,67,1.49,95689921.78073692,53458058.0,0.056500003,-21.99,1253630,1050863,750748,
1236,IMO,Energy,Oil & Gas Integrated,NYSE ARCA,104.51,79,81,76,87,122.79,62492868095.664986,497237969.0,0.20899999,-11.94,595440,628753,574076,0.426
1237,LTC,Real Estate,REIT - Healthcare Facilities,NYSE,104.51,79,77,66,65,42.05,2317939209.0,53905563.0,0.062,-3.56,669680,629836,588304,0.655
1238,WK,Technology,Software - Application,NYSE,104.51,79,73,21,17,73.69,3876086622.9125366,54416488.0,0.0759,-24.11,2211920,1387780,1144984,0.186
1239,NEXN,Communication Services,Advertising Agencies,NASDAQ,104.44,79,72,85,34,9.06,501742131.0077715,56951431.0,0.044099998,-19.82,394370,429140,471920,0.105
1240,SKWD,Financial Services,Insurance - Property & Casualty,NASDAQ,104.43,79,74,72,32,59.31,2442251005.4119606,44396493.0,0.0517,-9.71,370460,388863,429358,0.53
1241,HELE,Consumer Defensive,Household & Personal Products,NASDAQ,104.41,79,73,90,25,26.55,622829705.8088703,23292061.0,0.1277,-13.46,629720,477636,416596,0.082
1242,CROX,Consumer Cyclical,Footwear & Accessories,NASDAQ,104.41,79,72,88,71,116.84,5661833731.169891,47945075.0,0.13149999,-17.3,993520,1092206,1085164,0.026
1243,ECBK,Financial Services,Banks - Regional,NASDAQ,104.4,79,75,73,64,20.82,178511254.52653503,8737702.0,0.0162,-4.41,7710,9670,9520,0.491
1244,SCZM,Basic Materials,Other Industrial Metals & Mining,NASDAQ,104.39,79,85,30,96,8.48,818314516.9364891,92990284.0,5.03,-51.94,391300,452723,484274,0.548
1245,ORIC,Healthcare,Biotechnology,NASDAQ,104.39,79,85,46,68,12.03,1265080658.57193,103652656.0,0.1709,-19.42,1692430,1465253,1466402,
1246,MCK,Healthcare,Medical Distribution,NYSE,104.38,79,67,40,63,930.25,105197156143.37329,116590363.0,0.0249,-6.88,704530,868103,926804,0.077
1247,KODK,Industrials,Specialty Business Services,NYSE,104.3,79,69,35,95,9.59,960399041.0804749,97900000.0,0.104499996,-35.51,803330,868586,893940,0.183
1248,SOLV,Healthcare,Medical Instruments & Supplies,NYSE,104.29,79,75,59,33,86.41,14954154332.909203,170223729.0,0.0337,-8.23,865720,888996,1026824,0.022
1249,BCAL,Financial Services,Banks - Regional,NASDAQ,104.28,79,75,74,69,21.57,700238805.0560246,32150541.0,0.0306,-3.75,181140,217236,193230,-0.016
1250,SWK,Industrials,Tools & Accessories,NYSE,104.26,79,76,81,47,89.17,13793859435.900543,151016641.0,0.0543,-14.82,1749640,1714656,1792112,0.004
1251,FSM,Basic Materials,Gold,NYSE,104.25,79,87,33,80,10.61,3329520603.75,295957387.0,3.68,-23.39,7077820,5323373,5514812,0.382
1252,AIT,Industrials,Industrial Distribution,NYSE,104.25,79,71,76,65,332.12,12616256686.161804,36733895.0,0.028099999,-11.39,236160,288116,275914,0.104
1253,CGON,Healthcare,Biotechnology,NASDAQ,104.22,78,92,93,96,63.26,5972588224.041939,88640375.0,0.1292,-21.87,1092430,931110,857710,
1254,WHWK,Healthcare,Biotechnology,NASDAQ,104.19,78,89,88,94,3.47,210933339.71840143,57009010.0,0.077199996,-36.85,301310,334486,347000,
1255,FRST,Financial Services,Banks - Regional,NASDAQ,104.17,78,82,82,79,15.33,387361501.80197144,24799072.0,0.0334,-9.18,110590,138656,151758,0.442
1256,FBP,Financial Services,Banks - Regional,NYSE,104.16,78,83,79,65,26.67,4128150106.491974,152668268.0,0.0713,-10.74,1387170,1416243,1333460,0.094
1257,DAL,Industrials,Airlines,NYSE,104.15,78,72,84,76,82.14,55299518184.41254,657623030.0,0.0401,-14.15,7454190,7032350,6088668,0.187
1258,MCBS,Financial Services,Banks - Regional,NASDAQ,104.13,78,76,80,73,34.68,1009693266.5404739,28660042.0,0.036,-7.42,95250,82586,77704,0.339
1259,AME,Industrials,Specialty Industrial Machinery,NYSE,104.11,78,70,68,76,247.52,57757783521.7605,229261244.0,0.0146,-5.22,1386560,1435616,1396024,0.15
1260,JNJ,Healthcare,Drug Manufacturers - General,NYSE,104.11,78,82,78,78,256.48,617006334848.1393,2409898597.0,0.0098,-8.75,6972500,6658986,6613932,0.066
1261,STBA,Financial Services,Banks - Regional,NASDAQ,104.07,78,77,79,71,48.74,1750579001.3556519,35265492.0,0.0734,-8.9,281910,283163,258172,0.061
1262,WABC,Financial Services,Banks - Regional,NASDAQ,104.05,78,74,74,64,59.59,1377424683.5351791,23111153.0,0.0623,-6.32,236660,230323,186366,-0.027
1263,OFG,Financial Services,Banks - Regional,NYSE,104.05,78,80,74,53,50.92,2167797225.9552155,42265494.0,0.0713,-6.52,249750,267700,250446,0.104
1264,FOCL,Healthcare,Medical Distribution,NASDAQ,104.02,78,81,97,90,4.13,198310130.99412918,47216700.0,0.0064,-35.47,69920,75813,129628,0.388
1265,OMDA,Healthcare,Health Information Services,NASDAQ,104.02,78,83,90,17,20.82,1246984291.4851017,61216703.0,0.1244,-22.65,1248910,1390953,1410914,0.431
1266,GASS,Industrials,Marine Shipping,NASDAQ,104.01,78,71,71,85,9.22,347314312.9140854,37185686.0,0.002,-12.61,90660,125236,121574,-0.092
1267,CLF,Basic Materials,Steel,NYSE,104.01,78,46,31,29,12.19,6458513157.924995,570540047.0,0.1421,-27.01,16323030,14112240,15265158,0.059
1268,PDSB,Healthcare,Biotechnology,NASDAQ,104.0,78,3,13,80,1.02,54283182.725076675,72474208.0,0.0908,-34.19,12871510,47547143,29688074,
1269,IAUX,Basic Materials,Gold,NYSE ARCA,104.0,78,87,75,93,1.54,1402760730.588941,865901683.0,0.10569999,-31.25,6999040,8037730,9801194,-0.125
1270,ZYBT,Healthcare,Drug Manufacturers - Specialty & Generic,NASDAQ,103.99,78,85,6,7,1.15,58765307.93195939,47391377.0,0.003,-85.64,19430,27683,1871830,-0.409
1271,BBCP,Industrials,Engineering & Construction,NASDAQ,103.94,78,82,88,69,9.42,496375206.22356415,50393420.0,0.0557,-22.72,120700,221046,182988,0.126
1272,CTS,Technology,Electronic Components,NYSE,103.93,78,67,82,79,57.31,1759061568.4267044,28556195.0,0.044,-17.6,243670,231170,208348,0.07
1273,CSX,Industrials,Railroads,NASDAQ,103.93,78,82,84,79,47.34,87862885878.64047,1852474917.0,0.022,-11.68,9169550,10225100,10170292,0.101
1274,THFF,Financial Services,Banks - Regional,NASDAQ,103.92,78,79,81,77,73.91,891773255.6361694,11891896.0,0.0354,-12.19,100770,118316,107462,0.155
1275,ACRS,Healthcare,Biotechnology,NASDAQ,103.91,78,96,98,97,3.79,646203120.6168275,147198893.0,0.124,-42.58,4788240,3361750,2810636,-0.083
1276,TRIN,Financial Services,Asset Management,NYSE,103.91,78,80,79,66,17.16,1665659981.1090927,94693574.0,0.066,-9.18,816860,890560,968216,0.193
1277,SIBN,Healthcare,Medical Devices,NASDAQ,103.91,78,75,62,27,18.86,801835033.2564182,44349283.0,0.1538,-13.84,603310,572210,561200,0.152
1278,MFC,Financial Services,Insurance - Life,NYSE,103.91,78,82,78,71,42.12,71127113188.68013,1656816042.0,2.94,-7.08,1415030,1659496,2210158,0.107
1279,JELD,Industrials,Building Products & Equipment,NYSE,103.9,78,36,11,3,1.74,163982790.73883986,86763382.0,0.113800004,-64.99,1849000,1721223,1774822,-0.007
1280,BAX,Healthcare,Medical Instruments & Supplies,NYSE,103.87,78,78,60,20,23.9,12144235898.179007,516995999.0,0.0709,-20.33,6936090,6520033,6918862,0.053
1281,RZLT,Healthcare,Biotechnology,NASDAQ,103.86,78,29,75,34,4.64,387856577.46798515,96722333.0,0.2624,-59.5,1975920,1593533,1529892,
1282,NPO,Industrials,Specialty Industrial Machinery,NYSE,103.85,78,71,87,83,307.68,7039523941.681091,21167681.0,0.0355,-21.19,180370,164980,170586,0.176
1283,PPIH,Industrials,Building Products & Equipment,NASDAQ,103.85,78,55,26,83,31.17,261098407.9419403,8195179.0,0.0557,-15.11,66620,89340,83714,0.244
1284,CNH,Industrials,Farm & Heavy Construction Machinery,NYSE,103.84,78,86,38,32,12.13,21661898711.104713,1608158744.0,0.060300004,-16.11,14710890,21771596,19885490,0.02
1285,GABC,Financial Services,Banks - Regional,NASDAQ,103.78,78,77,73,65,48.82,1856393172.5407104,37578808.0,0.0359,-6.53,157450,139336,137800,0.11
1286,IT,Technology,Information Technology Services,NYSE,103.78,78,37,13,9,195.41,11669930957.51538,63148976.0,0.1865,-25.16,819050,988276,1243628,-0.006
1287,UUU,Industrials,Building Products & Equipment,NYSE ARCA,103.77,78,49,27,93,5.22,14778899.786580086,3028463.0,0.0168,-33.25,21330,24513,32230,-0.971
1288,WEAV,Healthcare,Health Information Services,NYSE,103.76,78,82,73,16,7.39,592919777.8131771,80450446.0,0.0752,-4.03,1205340,2044330,3212450,0.155
1289,CLS,Technology,Electronic Components,NYSE,103.72,78,55,76,97,356.53,48845358760.10541,126111117.0,0.0309,-24.79,2073770,2195063,2450584,0.624
1290,GDRX,Healthcare,Health Information Services,NASDAQ,103.72,78,80,46,12,3.36,1118956862.8797522,341145388.0,0.0493,-42.17,750060,919640,1355198,-0.013
1291,UTMD,Healthcare,Medical Instruments & Supplies,NASDAQ,103.69,78,68,68,74,73.88,235275119.6228485,3173818.0,0.0664,-3.91,34890,35306,33650,-0.143
1292,CPHI,Healthcare,Drug Manufacturers - Specialty & Generic,NYSE ARCA,103.69,78,21,60,6,0.96,28394522.448296905,43022002.0,0.006,-95.0,9054060,3107440,2314126,-0.075
1293,REX,Basic Materials,Chemicals,NYSE,103.67,78,72,84,88,44.84,1438827471.3645935,33175640.0,0.0403,-15.97,280890,248220,214024,0.063
1294,MXC,Energy,Oil & Gas E&P,NYSE ARCA,103.65,78,81,35,51,10.49,20582760.858535767,2046000.0,0.0085,-36.35,33340,70463,49184,0.129
1295,PBM,Healthcare,Biotechnology,NASDAQ,103.65,78,43,5,1,5.12,19681931.897979736,3814328.0,0.018099999,-97.09,57090,76860,93676,
1296,CDRO,Consumer Cyclical,Gambling,NASDAQ,103.64,78,67,75,72,9.48,431964192.5,45469915.0,0.024600001,-7.6,21230,28320,26790,0.184
1297,RIO,Basic Materials,Other Industrial Metals & Mining,NYSE,103.59,78,81,77,87,93.34,153222164611.19583,1626389620.0,0.0092,-17.09,2082980,1858286,2072068,0.155
1298,MGA,Consumer Cyclical,Auto Parts,NYSE,103.58,78,77,84,84,63.82,17273756374.579422,267519846.0,0.028800001,-12.84,1038660,1105856,1191250,0.033
1299,FRPT,Consumer Defensive,Packaged Foods,NASDAQ,103.56,78,68,29,54,65.18,2895979458.5761185,48058074.0,0.1865,-24.21,1089590,1097196,1252540,0.155
1300,LLY,Healthcare,Drug Manufacturers - General,NYSE,103.56,78,72,83,56,1169.6,1019126644076.0696,891741406.0,0.0084,-9.52,2268660,2345580,2562576,0.477
1301,IX,Financial Services,Financial Conglomerates,NYSE,103.55,78,81,89,79,36.69,38604288786.134834,1039986258.0,0.0007,-13.45,461690,382976,335756,0.174
1302,VRSN,Technology,Software - Infrastructure,NASDAQ,103.53,78,67,46,55,297.79,26064128662.109375,90400000.0,0.0218,-4.7,1006540,831656,795332,0.06
1303,MTD,Healthcare,Diagnostics & Research,NYSE,103.51,78,60,42,51,1529.46,29778132446.19287,20036559.0,0.04,-1.63,176440,205196,193362,0.045
1304,MT,Basic Materials,Steel,NYSE,103.49,78,93,90,92,61.3,48540005481.80855,752441542.0,0.004,-23.07,1758470,1330910,1381166,0.052
1305,UVSP,Financial Services,Banks - Regional,NASDAQ,103.48,78,78,85,76,41.26,1153151947.956421,27580768.0,0.033,-9.24,211636,229072,223761,0.084
1306,ARIS,Basic Materials,Gold,NYSE,103.47,78,90,66,96,16.76,3612537127.5,206430693.0,3.82,-28.04,1772070,1582536,1620282,0.623
1307,SLF,Financial Services,Insurance - Diversified,NYSE,103.41,78,81,81,67,76.65,43686933265.134445,556025626.0,3.67,-9.16,452560,557746,806300,0.075
1308,PFE,Healthcare,Drug Manufacturers - General,NYSE,103.41,78,68,41,68,27.82,158450921425.69415,5699673589.0,0.0272,-4.76,31776600,33108540,35736366,0.026
1309,RGEN,Healthcare,Medical Instruments & Supplies,NASDAQ,103.4,78,83,58,29,163.84,10254352163.472153,56435621.0,0.1193,-17.61,1552010,1174420,1113202,0.119
1310,TAK,Healthcare,Drug Manufacturers - Specialty & Generic,NYSE,103.38,78,73,52,70,18.52,57055062584.85217,3194572264.0,0.0013,-3.04,2642340,2366520,2717626,0.102
1311,SWBI,Industrials,Aerospace & Defense,NASDAQ,103.36,78,68,86,89,14.31,656452930.5944824,44839680.0,0.0634,-18.51,418350,608680,542590,0.323
1312,KEX,Industrials,Marine Shipping,NYSE,103.35,77,76,76,81,138.11,7279535742.1875,52800000.0,0.044299997,-12.42,496510,443486,459746,0.078
1313,SVM,Basic Materials,Silver,NYSE ARCA,103.34,77,91,65,95,10.31,2340362732.343298,221206309.0,0.1257,-34.62,1765470,1896583,2269000,0.705
1314,HAS,Consumer Cyclical,Leisure,NASDAQ,103.32,77,65,38,82,92.5,12629121704.310066,141044467.0,0.0585,-13.54,1804080,1628540,1631784,0.162
1315,TD,Financial Services,Banks - Diversified,NYSE,103.31,77,83,87,83,114.04,192500007175.6656,1633016726.0,4.38,-9.11,2587890,2040126,2048302,0.115
1316,WES,Energy,Oil & Gas Midstream,NYSE,103.28,77,81,73,55,45.82,18493694089.180164,413174593.0,0.0248,-8.49,909720,849040,842978,0.3
1317,CUE,Healthcare,Biotechnology,NASDAQ,103.25,77,95,92,75,22.33,185751063.76307678,7264414.0,0.048,-50.92,201270,348046,296146,1.667
1318,BY,Financial Services,Banks - Regional,NYSE,103.23,77,80,80,75,36.88,1705335566.6439056,45186420.0,0.057800002,-7.87,252190,278473,254330,0.117
1319,UNM,Financial Services,Insurance - Life,NYSE,103.22,77,77,68,52,92.64,14021233050.5486,158306798.0,0.0355,-4.27,1691230,1908750,1685890,0.003
1320,KOF,Consumer Defensive,Beverages - Non-Alcoholic,NYSE,103.16,77,73,61,61,109.71,22373863569.0,210083226.0,1.81,-6.3,108420,121566,125680,0.047
1321,FCFS,Financial Services,Credit Services,NASDAQ,103.16,77,83,82,84,211.49,9123691874.472046,43371800.0,0.065,-11.48,334120,376636,391418,0.294
1322,KWR,Basic Materials,Specialty Chemicals,NYSE,103.16,77,73,70,57,158.11,2765793868.9407654,17207702.0,0.158,-13.61,154140,151106,156800,0.102
1323,MNSB,Financial Services,Banks - Regional,NASDAQ,103.15,77,73,70,80,24.92,177599639.24306488,7121076.0,0.037100002,-3.67,27250,26610,30556,-0.088
1324,SPNT,Financial Services,Insurance - Reinsurance,NYSE,103.14,77,72,73,76,25.03,2836749699.5826874,116165016.0,0.051999997,-5.55,757780,959143,832128,-0.005
1325,LUNG,Healthcare,Medical Devices,NASDAQ,103.08,77,69,23,13,1.81,78595334.11313975,42948269.0,0.0234,-37.37,244690,284090,548478,-0.046
1326,NTIP,Industrials,Specialty Business Services,NYSE ARCA,103.08,77,67,59,66,1.56,37269286.480973125,22864593.0,0.0043,-10.86,12330,16513,17194,
1327,HRB,Consumer Cyclical,Personal Services,NYSE,103.08,77,79,56,12,44.59,5105510944.9019165,122493064.0,0.234,-24.0,1958010,1924666,2216126,0.03
1328,FANG,Energy,Oil & Gas E&P,NASDAQ,103.07,77,81,76,78,191.68,51722457660.33569,280019792.0,0.039300002,-11.63,2195210,2961183,2487426,0.525
1329,INN,Real Estate,REIT - Hotel & Motel,NYSE,103.02,77,67,86,51,6.04,649277845.2028584,107853463.0,0.0001,-15.76,1622730,1114913,1027160,0.032
1330,RUM,Communication Services,Internet Content & Information,NASDAQ,103.0,77,62,32,27,7.0,2088760262.606018,275743936.0,0.1673,-33.93,3999990,5284076,4888388,0.609
1331,GM,Consumer Cyclical,Auto Manufacturers,NYSE,102.96,77,77,70,83,82.25,70791419077.88623,904451541.0,0.023699999,-10.45,7233740,7335253,6358102,0.019
1332,ACT,Financial Services,Insurance - Specialty,NASDAQ,102.95,77,82,73,70,46.64,6222510718.698223,137483671.0,0.1225,-7.75,403930,416126,390172,0.041
1333,TECH,Healthcare,Biotechnology,NASDAQ,102.93,77,88,76,41,72.45,11353640670.485641,156818238.0,0.0482,-0.33,3059730,2948240,2965354,0.013
1334,CCEL,Healthcare,Medical Care Facilities,NYSE ARCA,102.92,77,65,30,21,4.17,32169973.576891422,8062650.0,0.0017,-14.9,11870,13383,28176,-0.019
1335,FXNC,Financial Services,Banks - Regional,NASDAQ,102.89,77,76,76,82,29.97,271821422.9107151,9042629.0,0.0231,-9.84,28161,25333,29050,0.1
1336,EML,Industrials,Tools & Accessories,NASDAQ,102.87,77,80,77,63,25.14,148420797.22097778,6030914.0,0.0301,-15.95,5930,10443,11512,-0.119
1337,OKE,Energy,Oil & Gas Midstream,NYSE,102.83,77,78,74,62,90.29,55400359028.16941,630409203.0,0.048800003,-9.57,3648010,3724230,3741644,0.528
1338,BVFL,Financial Services,Banks - Regional,NASDAQ,102.81,77,74,77,77,21.57,179830919.0424652,8470604.0,0.018,-2.71,17100,19716,16148,0.055
1339,BBGI,Communication Services,Broadcasting,NASDAQ,102.8,77,99,99,99,10.4,22744480.923387527,2052751.0,0.15630001,-64.51,44570,49663,55936,-0.167
1340,XHR,Real Estate,REIT - Hotel & Motel,NYSE,102.8,77,71,89,80,18.04,1678874267.377987,92245835.0,0.0535,-18.22,927660,907876,832730,0.028
1341,BSRR,Financial Services,Banks - Regional,NASDAQ,102.78,77,77,82,76,39.72,515424642.96136856,12963397.0,0.0376,-7.91,40510,45950,50296,-0.032
1342,CTO,Real Estate,REIT - Diversified,NYSE,102.77,77,73,79,71,20.56,769951259.4789581,37485454.0,0.037,-9.47,364590,394663,388980,0.165
1343,ITRN,Technology,Scientific & Technical Instruments,NASDAQ,102.74,77,68,82,87,51.78,1041962993.1866455,19835580.0,0.0188,-24.19,95430,98286,116186,0.207
1344,CERT,Healthcare,Health Information Services,NASDAQ,102.72,77,65,26,9,8.64,1427762928.429966,152538780.0,0.2959,-36.89,3315250,2654703,3002520,0.01
1345,NREF,Real Estate,REIT - Mortgage,NYSE,102.71,77,81,82,56,15.58,297987346.3989477,18848029.0,0.063,-15.46,69560,68256,60196,-0.137
1346,MPB,Financial Services,Banks - Regional,NASDAQ,102.7,77,76,68,72,36.17,922201864.6584702,25335215.0,0.0297,-7.61,98750,97136,106908,0.447
1347,JBL,Technology,Electronic Components,NYSE,102.69,77,67,82,90,299.16,31898238146.23178,104787089.0,0.0324,-30.25,1845680,1352910,1207594,0.286
1348,BUSE,Financial Services,Banks - Regional,NASDAQ,102.68,77,77,76,71,29.22,2455012864.0792694,82576956.0,0.0559,-7.82,849500,780120,744062,-0.009
1349,SAP,Technology,Software - Application,NYSE,102.67,77,60,17,14,212.4,240732385121.88428,1154204232.0,0.0044,-24.51,1904030,1997976,2238978,0.094
1350,BMEZ,Financial Services,Asset Management,NYSE,102.67,77,77,61,52,16.26,1029398080.9636917,62501404.0,0.0013,-5.74,154362,140350,141156,
1351,GPRE,Basic Materials,Chemicals,NASDAQ,102.66,77,80,90,95,15.06,1067551813.3529053,70095328.0,0.1924,-23.36,1157980,1553140,1497720,-0.193
1352,MBWM,Financial Services,Banks - Regional,NASDAQ,102.65,77,81,73,69,58.2,1028512775.5,17285929.0,0.0353,-7.55,112410,113090,110680,0.189
1353,HIPO,Financial Services,Insurance - Property & Casualty,NYSE,102.64,77,73,39,40,34.21,850793687.7336998,26389381.0,0.0382,-11.66,159220,177963,188386,0.234
1354,POWW,Industrials,Aerospace & Defense,NASDAQ,102.61,77,69,88,83,2.25,265779527.56262684,116060931.0,0.0319,-15.73,475540,523260,561644,0.221
1355,WOR,Industrials,Metal Fabrication,NYSE,102.6,77,54,44,47,61.22,2967898709.974365,48926784.0,0.0429,-9.36,350580,440113,345196,0.132
1356,STRC,Technology,Software - Application,NASDAQ,102.59,77,63,35,56,99.45,,,1.17,-0.96,1636260,1541236,1500880,0.069
1357,OSUR,Healthcare,Medical Instruments & Supplies,NASDAQ,102.59,77,39,87,57,3.8,273805451.16320825,68968627.0,0.0484,-17.03,557670,552780,520544,-0.019
1358,BZUN,Consumer Cyclical,Internet Retail,NASDAQ,102.58,77,37,30,62,3.25,183443333.97649574,58143688.0,0.0146,-18.95,316120,241716,206558,0.075
1359,XWEL,Healthcare,Diagnostics & Research,NASDAQ,102.56,77,25,82,95,0.92,7093183.218540311,8444266.0,0.0211,-58.18,37140,31143,34326,-0.071
1360,FDSB,Financial Services,Banks - Regional,NASDAQ,102.52,77,83,78,58,17.56,91100447.20275497,5235658.0,0.0013,-6.06,6300,5730,6016,-0.424
1361,RVSB,Financial Services,Banks - Regional,NASDAQ,102.51,77,44,41,49,5.98,119519579.57307816,19953186.0,0.014400001,-3.86,93640,68996,65698,0.132
1362,ETN,Industrials,Specialty Industrial Machinery,NYSE,102.48,77,69,65,72,424.51,169341507312.01172,388300000.0,0.02,-11.19,1858850,2010373,2054730,0.214
1363,MNOV,Healthcare,Biotechnology,NASDAQ,102.46,77,85,52,49,1.54,87613816.47176886,49221246.0,0.0078,-60.51,389230,642900,402200,2.406
1364,GFF,Industrials,Building Products & Equipment,NYSE,102.45,77,76,69,64,92.15,4256344517.8114014,45294716.0,0.0624,-15.12,379420,349703,351932,0.07
1365,CIG,Utilities,Utilities - Regulated Electric,NYSE,102.45,77,67,55,86,2.36,6150466321.265884,2860681883.0,0.0,-14.49,5603770,5353470,4858630,0.034
1366,DCOM,Financial Services,Banks - Regional,NYSE,102.44,77,79,83,80,38.55,1760965055.7643318,44156595.0,0.1146,-8.15,418190,336370,320674,0.12
1367,CBK,Financial Services,Banks - Regional,NASDAQ,102.42,77,84,82,70,31.53,436796476.1014366,13701270.0,0.042600002,-11.88,31366,39402,44085,0.067
1368,BORR,Energy,Oil & Gas Drilling,NYSE,102.4,77,55,81,96,4.61,1206284843.789861,308512741.0,0.123900004,-30.73,7063780,6168833,6092876,-0.132
1369,CAT,Industrials,Farm & Heavy Construction Machinery,NYSE,102.38,77,82,92,92,796.18,388618336802.608,459674889.0,0.020299999,-25.83,2336410,2382013,2553836,0.24
1370,AIP,Technology,Semiconductors,NASDAQ,102.38,77,85,97,95,22.84,1212090827.8199844,49152102.0,0.066199996,-54.56,642770,713780,699414,0.462
1371,PROV,Financial Services,Banks - Regional,NASDAQ,102.38,77,76,58,62,18.48,114143767.65070724,6233958.0,0.0041,-2.69,14490,17476,15646,0.103
1372,DVA,Healthcare,Medical Care Facilities,NYSE,102.35,76,75,95,73,177.02,11400422155.761719,63800000.0,0.1325,-28.47,529390,658946,808450,0.052
1373,HOG,Consumer Cyclical,Recreational Vehicles,NYSE,102.29,76,73,66,54,26.75,2554979967.4489784,104072507.0,0.24159999,-7.31,2276240,1874106,1897346,-0.059
1374,TUSK,Industrials,Conglomerates,NASDAQ,102.27,76,82,68,62,2.76,134757235.7050979,48127585.0,0.0034999999,-29.59,81140,86956,153752,1.109
1375,BLKB,Technology,Software - Application,NASDAQ,102.27,76,69,12,12,44.84,1895490374.5342293,45390097.0,0.1258,-36.59,349560,408470,465216,0.03
1376,CIVB,Financial Services,Banks - Regional,NASDAQ,102.26,76,74,81,69,26.94,561028531.7211533,20794238.0,0.031400003,-10.11,115240,139416,144584,0.135
1377,MEDP,Healthcare,Diagnostics & Research,NASDAQ,102.26,76,79,64,74,602.7,16732199005.125732,27911655.0,0.0753,-11.09,255320,241406,228674,0.172
1378,BNY,Financial Services,Banks - Diversified,NYSE,102.23,76,87,87,81,143.61,98654498105.53937,678504142.0,0.0001,-13.4,3620040,3725270,3166410,0.131
1379,IHD,Financial Services,Asset Management,NYSE,102.22,76,77,74,78,7.39,135501975.67200708,17735861.0,0.0019,-9.21,212644,99838,95476,
1380,NWBI,Financial Services,Banks - Regional,NASDAQ,102.22,76,79,77,64,14.85,2224714001.7233067,146459122.0,0.0775,-8.11,1039370,1089926,989602,0.232
1381,FUSB,Financial Services,Banks - Regional,NASDAQ,102.2,76,73,72,73,16.52,90827698.5,5504709.0,0.0021,-2.77,10000,7443,19008,0.299
1382,LIVN,Healthcare,Medical Devices,NASDAQ,102.18,76,76,87,83,75.91,4123860680.8956146,54933538.0,0.111999996,-11.49,629290,635983,672548,0.108
1383,SLB,Energy,Oil & Gas Equipment & Services,NYSE,102.18,76,83,68,85,48.98,72337143570.02513,1484143231.0,0.0467,-18.99,14110290,14654616,12602824,0.05
1384,AEIS,Industrials,Electrical Equipment & Parts,NASDAQ,102.18,76,65,84,97,284.24,12186548442.8703,40050442.0,0.0623,-28.48,438760,513806,571260,0.3
1385,DAN,Consumer Cyclical,Auto Parts,NYSE,102.16,76,77,69,96,29.02,2999237720.238058,107576679.0,0.0624,-26.64,1322380,1413950,1445286,0.039
1386,ENVA,Financial Services,Credit Services,NYSE,102.16,76,93,95,82,182.59,4304679346.99324,24898371.0,0.1024,-31.73,344070,388073,343370,0.311
1387,AIZ,Financial Services,Insurance - Property & Casualty,NYSE,102.16,76,80,81,59,272.86,13185229755.69806,49323767.0,0.0355,-10.23,333780,361630,379542,0.094
1388,IPAR,Consumer Defensive,Household & Personal Products,NASDAQ,102.15,76,76,79,42,111.6,3649337647.2150726,32025781.0,0.1158,-13.68,218370,216083,233764,0.021
1389,KDP,Consumer Defensive,Beverages - Non-Alcoholic,NASDAQ,102.15,76,66,64,28,31.26,41328287916.11066,1360826038.0,0.0647,-7.57,11106530,10395083,10984486,0.756
1390,JANX,Healthcare,Biotechnology,NASDAQ,102.11,76,72,30,20,18.5,1035045585.5474625,61136773.0,0.1234,-47.65,817470,952726,853438,
1391,QCRH,Financial Services,Banks - Regional,NASDAQ,102.1,76,75,75,75,98.54,1653118183.325592,16375614.0,0.0304,-8.85,118440,110880,117728,0.156
1392,ADP,Technology,Software - Application,NASDAQ,102.09,76,71,54,16,270.73,102106095986.40698,396251548.0,0.0296,-7.76,1777030,2097063,2166624,0.068
1393,INMB,Healthcare,Biotechnology,NASDAQ,102.09,76,93,84,12,1.83,53564811.31425583,27753789.0,0.0908,-29.62,256450,322053,345850,
1394,RNR,Financial Services,Insurance - Reinsurance,NYSE,102.09,76,76,65,76,331.34,13526387677.567474,41551893.0,0.0496,-2.62,355040,314506,291576,-0.132
1395,RMT,Financial Services,Asset Management,NYSE,102.08,76,76,83,83,13.19,737004502.272419,54191506.0,0.00029999999,-10.76,84783,96901,97882,0.089
1396,WSBF,Financial Services,Banks - Regional,NASDAQ,102.05,76,83,78,78,19.58,358461947.92076874,17977028.0,0.028399998,-9.6,67810,89910,77158,0.052
1397,GOOD,Real Estate,REIT - Diversified,NASDAQ,102.05,76,68,61,57,12.71,626393042.6274042,48407501.0,0.0833,-4.29,611840,440166,432932,0.113
1398,WTS,Industrials,Specialty Industrial Machinery,NYSE,102.04,76,76,78,68,347.14,12120384208.00476,33383050.0,0.0363,-12.01,196100,204193,197504,0.186
1399,JMSB,Financial Services,Banks - Regional,NASDAQ,102.0,76,71,65,68,22.95,324720206.57001114,14112134.0,0.0328,-5.4,95180,86123,68038,0.243
1400,QQQX,Financial Services,Asset Management,NASDAQ,101.99,76,65,67,68,30.89,1498005717.3407516,48826783.0,0.0011,-3.07,125143,94594,90102,
1401,INBK,Financial Services,Banks - Regional,NASDAQ,101.97,76,84,72,54,26.46,241221321.209507,8733574.0,0.0256,-14.89,37400,50070,50452,0.39
1402,URBN,Consumer Cyclical,Apparel Retail,NASDAQ,101.95,76,57,54,67,80.96,6921342886.214127,85660181.0,0.1254,-5.23,1107550,1147236,1130458,0.104
1403,MO,Consumer Defensive,Tobacco,NYSE,101.95,76,62,71,59,71.42,112457250868.27296,1669743926.0,0.0234,-7.32,7282460,7947053,8928646,0.012
1404,BFST,Financial Services,Banks - Regional,NASDAQ,101.94,76,75,71,68,30.71,1005791372.283205,32549883.0,0.0359,-5.58,209500,209290,214378,0.127
1405,HOPE,Financial Services,Banks - Regional,NASDAQ,101.94,76,80,76,71,13.46,1747508355.4637146,127741836.0,0.0729,-7.75,1047730,924893,947308,0.71
1406,AVAT,Financial Services,Asset Management,NASDAQ,101.93,76,2,0,46,1.32,69384094.77712691,37914805.0,0.06,-87.62,1372550,1992543,1345198,
1407,NBTB,Financial Services,Banks - Regional,NASDAQ,101.92,76,76,76,60,50.53,2677501879.902191,51960061.0,0.0629,-7.28,376230,344493,322244,0.178
1408,DDS,Consumer Cyclical,Department Stores,NYSE,101.91,76,56,35,76,648.82,10216838864.809448,15619451.0,0.283,-12.56,213800,194173,175540,-0.004
1409,NML,Financial Services,Asset Management,NYSE ARCA,101.9,76,77,72,72,10.23,568289032.710434,56658928.0,0.0036000002,-6.83,134396,139582,143911,
1410,WFCF,Industrials,Specialty Business Services,NASDAQ,101.9,76,63,56,67,13.99,63391107.71049118,4979663.0,0.0047999998,-36.84,221970,76663,48226,0.007
1411,IMMR,Technology,Software - Application,NASDAQ,101.89,76,71,48,30,7.14,245392638.55651522,33206041.0,0.0773,-11.3,304110,353150,417860,0.008
1412,BZFD,Communication Services,Internet Content & Information,NASDAQ,101.89,76,33,86,10,1.18,97274554.88362491,87634733.0,0.042600002,-46.61,379280,367200,399192,-0.218
1413,NBBK,Financial Services,Banks - Regional,NASDAQ,101.84,76,72,57,75,22.55,988983305.9276581,43818490.0,0.0405,-3.92,257720,265260,293918,0.486
1414,OVID,Healthcare,Biotechnology,NASDAQ,101.83,76,92,98,99,2.34,464808922.01006603,195297857.0,0.124,-24.64,1426400,1662876,1603186,-0.883
1415,TDAY,Communication Services,Publishing,NYSE,101.82,76,62,94,93,6.99,1035066512.0532999,146817941.0,0.1933,-24.1,2851520,2419916,2613370,-0.083
1416,NWE,Utilities,Utilities - Regulated Electric,NASDAQ,101.82,76,67,70,73,74.63,4261341262.9886627,61517850.0,0.0429,-0.73,739620,530536,467020,0.146
1417,EBAY,Consumer Cyclical,Internet Retail,NASDAQ,101.78,76,67,78,78,111.98,47348000679.01611,445000000.0,0.040999997,-6.14,3159210,4661596,4616740,0.148
1418,CHT,Communication Services,Telecom Services,NYSE,101.72,76,59,42,50,46.2,35808373156.430756,775744655.0,0.0062,-0.6,221220,241986,215564,0.082
1419,BGC,Financial Services,Capital Markets,NASDAQ,101.7,76,80,64,79,11.23,5600995502.196741,475466522.0,0.0379,-12.88,4036770,3694466,3392200,0.083
1420,GCMG,Financial Services,Asset Management,NASDAQ,101.65,76,73,78,32,12.97,797697822.1089106,61126269.0,0.026199998,-12.75,411380,483460,468336,0.118
1421,HWBK,Financial Services,Banks - Regional,NASDAQ,101.65,76,76,79,70,38.26,282531290.5819588,7313779.0,0.026099999,-5.76,18140,17570,16446,0.149
1422,CSTM,Basic Materials,Aluminum,NYSE,101.63,76,74,89,96,25.6,3306876511.5002747,135527728.0,0.0531,-30.79,1696690,1551256,1530244,0.307
1423,GME,Consumer Cyclical,Specialty Retail,NYSE,101.63,76,28,35,56,25.28,12461174837.90371,504500990.0,0.084,-5.95,10967710,9896836,8904132,-0.187
1424,GTN,Communication Services,Broadcasting,NYSE,101.58,76,64,24,85,4.83,467549094.89145756,102984383.0,0.0,-25.0,1052900,1007010,1108854,0.087
1425,TBN,Energy,Oil & Gas E&P,NYSE,101.57,76,90,67,87,34.68,1176404255.2447357,34960006.0,0.0119,-33.58,131600,146546,127936,
1426,SPB,Consumer Defensive,Household & Personal Products,NYSE,101.54,76,83,87,87,77.58,1801015071.702301,22995596.0,0.1985,-21.68,363730,317150,347640,0.077
1427,VZ,Communication Services,Telecom Services,NYSE,101.53,76,72,56,70,46.35,190787269668.2194,4154775202.0,0.0202,-10.31,19363790,20702123,20223784,-0.007
1428,BRZE,Technology,Software - Application,NASDAQ,101.53,76,54,52,26,28.46,2887316143.005804,113584427.0,0.0804,-23.75,2291770,2641023,2577498,0.262
1429,ZYME,Healthcare,Biotechnology,NASDAQ,101.52,76,81,76,91,25.26,1804512472.629547,71750000.0,0.1041,-19.4,1219910,863366,789330,-0.906
1430,NIC,Financial Services,Banks - Regional,NYSE,101.5,76,79,75,77,164.03,3488797214.6929016,20957513.0,0.053200003,-8.87,163290,153886,152058,0.861
1431,ETSY,Consumer Cyclical,Internet Retail,NYSE,101.47,75,77,87,55,75.14,6678957493.854767,91781748.0,0.1314,-14.59,2766620,3151320,3196248,0.062
1432,BMNR,Financial Services,Capital Markets,NYSE,101.46,75,59,8,57,24.04,15846757646.51513,603226394.0,0.0674,-63.35,31540270,40117196,38912648,21.678
1433,ECG,Industrials,Engineering & Construction,NYSE,101.46,75,62,89,94,122.17,6295982022.21669,51041606.0,0.0454,-28.8,391160,412953,503384,0.337
1434,GRMN,Technology,Scientific & Technical Instruments,NYSE,101.45,75,77,45,76,268.44,54222419728.00708,192852536.0,0.0188,-14.59,757180,828153,855068,0.114
1435,ICUI,Healthcare,Medical Instruments & Supplies,NASDAQ,101.43,75,72,77,32,157.18,3985621838.5446777,25007038.0,0.0726,-18.5,240660,252050,279596,0.005
1436,CHE,Healthcare,Medical Care Facilities,NYSE,101.4,75,80,73,22,498.25,6633005207.5,13069961.0,0.0589,-10.55,162670,157500,157238,0.088
1437,DMAC,Healthcare,Biotechnology,NASDAQ,101.39,75,39,76,78,8.01,443808461.62477493,53925697.0,0.1516,-23.12,255450,202013,175884,
1438,ESI,Basic Materials,Specialty Chemicals,NYSE,101.38,75,63,84,89,36.71,9243012709.467087,243686070.0,0.0388,-25.46,3293640,4961906,4213640,0.564
1439,SAN,Financial Services,Banks - Diversified,NYSE,101.38,75,86,81,83,13.48,193671972636.65414,14496405510.0,0.0034,-10.43,9806540,8483906,13379598,0.102
1440,MGTX,Healthcare,Biotechnology,NASDAQ,101.38,75,93,87,84,10.5,1036303923.1762505,96042996.0,0.0583,-31.6,1169770,986870,831878,86.086
1441,HURC,Industrials,Specialty Industrial Machinery,NASDAQ,101.38,75,85,83,33,21.06,144357223.30924988,6476322.0,0.0064,-14.01,16310,23073,21202,0.032
1442,JHX,Basic Materials,Building Materials,NYSE,101.35,75,87,74,30,25.15,14507256842.248947,580522488.0,0.026300002,-19.98,8757930,11992656,9668684,0.639
1443,LAUR,Consumer Defensive,Education & Training Services,NASDAQ,101.34,75,64,77,76,39.2,5319880136.06781,137749360.0,0.0414,-4.22,1312820,1096800,1029786,0.175
1444,WHF,Financial Services,Asset Management,NASDAQ,101.33,75,48,33,54,7.03,149905767.98963118,21476471.0,0.015700001,-10.33,89460,98030,80088,-0.237
1445,AFCG,Financial Services,Asset Management,NASDAQ,101.32,75,61,40,24,3.17,78640642.5,22468755.0,0.0475,-19.54,72080,78940,88852,
1446,SATA,Financial Services,Asset Management,NASDAQ,101.31,75,71,64,62,98.82,,,0.4,-2.5,636660,576763,421806,0.946
1447,ILPT,Real Estate,REIT - Industrial,NASDAQ,101.28,75,71,91,85,7.19,472560832.3876934,66745881.0,0.0148,-23.75,343760,322663,326594,0.018
1448,GNT,Financial Services,Asset Management,NYSE,101.27,75,78,63,82,8.49,142731524.42210197,16811723.0,0.0,-9.49,42723,43577,67710,
1449,EXLS,Technology,Information Technology Services,NASDAQ,101.27,75,59,18,17,36.87,5420146839.25,151612499.0,0.075100005,-15.98,2220010,2055446,2158966,0.156
1450,SHOO,Consumer Cyclical,Footwear & Accessories,NASDAQ,101.27,75,64,80,79,44.2,3363951146.4775085,73177095.0,0.08189999,-11.07,1096160,1119140,1086890,0.191
1451,PDS,Energy,Oil & Gas Drilling,NYSE,101.26,75,71,76,87,84.29,1068802123.7966919,12587470.0,8.24,-18.8,119930,101003,111376,0.114
1452,CHCO,Financial Services,Banks - Regional,NASDAQ,101.25,75,75,63,55,140.61,2005929854.0698242,14045160.0,0.0999,-5.62,124310,125450,112476,0.009
1453,JCE,Financial Services,Asset Management,NYSE,101.25,75,68,61,58,16.96,286155069.4427986,17002678.0,0.002,-2.81,35192,32484,33724,
1454,FIVE,Consumer Cyclical,Specialty Retail,NASDAQ,101.24,75,86,59,94,209.73,12177402136.059265,55054035.0,0.044899996,-20.52,973310,1199843,1106430,0.229
1455,ORRF,Financial Services,Banks - Regional,NASDAQ,101.23,75,75,71,73,41.38,819633279.4038391,19669626.0,0.0322,-5.55,109422,95414,96136,0.0
1456,OVBC,Financial Services,Banks - Regional,NASDAQ,101.23,75,65,65,80,45.6,210157802.09536743,4711002.0,0.0138,-17.03,24010,28213,32184,-0.087
1457,GOOGL,Communication Services,Internet Content & Information,NASDAQ,101.21,75,63,86,87,348.29,4200982614448.5,12229934831.0,0.0149,-14.76,24540050,26167923,26019268,0.242
1458,FDS,Financial Services,Financial Data & Stock Exchanges,NYSE,101.2,75,57,30,15,286.52,9460434438.0,35565543.0,0.1243,-10.6,883310,873226,843776,0.063
1459,PESI,Industrials,Waste Management,NASDAQ,101.17,75,95,77,61,14.16,330157550.4635744,21218351.0,0.1346,-33.58,261560,300573,378456,-0.117
1460,NBXG,Financial Services,Asset Management,NYSE,101.17,75,64,67,57,15.84,1258608670.0258484,78761496.0,0.0005,-9.12,118835,122298,145047,
1461,NX,Industrials,Building Products & Equipment,NYSE,101.14,75,88,50,71,18.54,870697952.0,45826208.0,0.1187,-20.53,392810,495093,414208,0.013
1462,EPRX,Healthcare,Biotechnology,NASDAQ,101.14,75,86,36,78,7.57,478371205.3970051,66073373.0,14.41,-18.78,1386720,820383,638572,
1463,CV,Healthcare,Medical Devices,NASDAQ,101.14,75,70,73,76,6.62,328307906.74962807,53210357.0,0.0505,-56.93,158150,228103,174286,0.099
1464,WATT,Technology,Communication Equipment,NASDAQ,101.13,75,56,93,98,11.32,73731127.9833641,5527071.0,0.123500004,-69.39,142330,145003,171170,2.168
1465,DXYZ,Financial Services,Asset Management,NYSE,101.13,75,59,27,38,30.5,999273755.956543,30465664.0,0.0066000004,-58.14,766100,854596,1049162,
1466,IHG,Consumer Cyclical,Lodging,NYSE,101.12,75,66,76,74,159.48,23633617165.306824,146121036.0,0.0054,-9.33,158940,160470,203156,0.056
1467,SANG,Technology,Software - Infrastructure,NASDAQ,101.1,75,25,27,23,4.83,163553091.59548473,33514977.0,48.47,-10.89,779710,263816,160150,-0.212
1468,TLX,Healthcare,Biotechnology,NASDAQ,101.1,75,85,63,43,11.01,3584724366.508711,339784294.0,0.0011,-16.02,420520,418220,302092,0.223
1469,CSWC,Financial Services,Asset Management,NASDAQ,101.07,75,70,65,69,23.74,1499020581.015049,63733867.0,0.0646,-7.81,501850,604486,608688,0.091
1470,ADX,Financial Services,Asset Management,NYSE,101.05,75,72,73,67,25.8,3221870745.4942017,124927128.0,0.0095999995,-2.86,233720,249700,258356,0.094
1471,M,Consumer Cyclical,Department Stores,NYSE,101.01,75,47,87,79,22.79,5936545044.0228195,261176646.0,0.1523,-14.29,6794160,6841063,6075402,0.012
1472,BMY,Healthcare,Drug Manufacturers - General,NYSE,101.0,75,79,70,75,59.58,124912004331.3352,2042714656.0,0.020599999,-13.2,13038130,11231706,11411064,0.057
1473,KMTS,Healthcare,Medical Instruments & Supplies,NASDAQ,100.99,75,74,77,54,25.77,1633780055.0268173,59561795.0,0.1113,-14.1,366570,382163,348700,0.599
1474,PAY,Technology,Software - Infrastructure,NYSE,100.99,75,90,48,35,31.92,3882719307.4015675,125939647.0,0.077,-29.55,989470,1189883,1238642,0.288
1475,HAFC,Financial Services,Banks - Regional,NASDAQ,100.99,75,74,79,64,31.28,938991908.1120586,29649255.0,0.051,-6.63,230320,228870,219670,0.233
1476,PYPD,Healthcare,Biotechnology,NASDAQ,100.98,75,82,81,80,4.9,105418066.70224857,20311766.0,0.0086,-14.49,91140,94603,118392,
1477,EXTR,Technology,Communication Equipment,NASDAQ,100.97,75,42,95,64,24.18,3055786579.3220615,132170695.0,0.0851,-28.31,1827280,1508920,1615440,0.103
1478,FDX,Industrials,Integrated Freight & Logistics,NYSE,100.95,75,80,85,90,291.73,68719624039.74792,236670435.0,0.020499999,-15.53,1545950,1591250,1546716,0.125
1479,EVT,Financial Services,Asset Management,NYSE,100.95,75,76,66,63,27.72,2070798535.1444664,74542782.0,1.44,-6.51,99438,88616,91383,-0.127
1480,AMBP,Consumer Cyclical,Packaging & Containers,NYSE,100.93,75,85,67,66,4.46,2653816068.3610296,597706314.0,0.065,-18.46,1702150,1766030,1837866,0.177
1481,NDRA,Healthcare,Diagnostics & Research,NASDAQ,100.91,75,88,35,78,5.93,9089466.634174347,1499912.0,0.0219,-39.8,24080,50116,36770,
1482,ST,Technology,Scientific & Technical Instruments,NYSE,100.91,75,67,82,85,42.23,6332265111.342888,145535862.0,0.0509,-21.64,1158070,1318130,1380272,0.05
1483,KYN,Financial Services,Asset Management,NYSE,100.86,75,75,71,63,14.21,2352543162.7734146,169126038.0,0.0015,-6.33,340565,318978,307959,0.179
1484,EIG,Financial Services,Insurance - Specialty,NYSE,100.86,75,75,69,33,50.07,882399678.9638901,17960506.0,0.112799995,-4.79,171810,164236,165596,-0.106
1485,PHOE,Industrials,Engineering & Construction,NASDAQ,100.81,75,88,96,96,18.05,408239991.7602539,21600000.0,0.0002,-86.44,3930,14596,18780,0.032
1486,KGS,Energy,Oil & Gas Equipment & Services,NYSE,100.79,75,88,93,94,53.57,5492982189.35701,101104031.0,0.0975,-31.04,1703080,1835886,1795644,0.211
1487,USFD,Consumer Defensive,Food Distribution,NYSE,100.79,75,70,71,73,97.12,20966773277.046616,216330723.0,0.0554,-12.83,1967570,2364106,2294578,0.045
1488,BSM,Energy,Oil & Gas E&P,NYSE,100.79,75,70,64,55,14.75,3097066003.0169077,212710571.0,0.0147,-4.78,297290,334240,385110,0.132
1489,FMNB,Financial Services,Banks - Regional,NASDAQ,100.77,75,73,59,57,15.2,908857763.520462,59247572.0,0.0377,-7.65,335460,367940,374942,0.564
1490,LYB,Basic Materials,Specialty Chemicals,NYSE,100.77,75,72,50,80,60.34,18923563819.660156,323037952.0,0.0517,-28.12,3487680,3527653,3828962,0.198
1491,PSO,Communication Services,Publishing,NYSE,100.76,74,69,71,57,16.63,9689233348.637209,601069035.0,0.0067000003,-6.31,653100,680310,689068,0.033
1492,SMBC,Financial Services,Banks - Regional,NASDAQ,100.72,74,74,82,75,71.47,799453882.2781677,11013279.0,0.037,-10.51,68100,88636,89864,0.077
1493,CENT,Consumer Defensive,Packaged Foods,NASDAQ,100.72,74,59,78,66,40.55,2491811412.3378525,62592598.0,0.069699995,-13.67,74320,83903,101708,-0.082
1494,NTB,Financial Services,Banks - Diversified,NYSE,100.71,74,76,80,79,57.85,2310836062.1114616,39326687.0,0.0229,-9.85,154610,159236,174588,0.082
1495,CQP,Energy,Oil & Gas Midstream,NYSE,100.71,74,76,67,61,63.81,29677578496.992096,484057704.0,0.0153,-10.44,122100,119590,124230,0.052
1496,CPBI,Financial Services,Banks - Regional,NASDAQ,100.71,74,80,74,58,20.0,78052466.1913414,3888043.0,0.0014,-8.4,2950,4050,3070,0.131
1497,SNPS,Technology,Software - Infrastructure,NASDAQ,100.7,74,31,29,29,497.75,93882791705.74274,191636646.0,0.0299,-7.74,3042080,2351516,2037654,0.424
1498,JOE,Real Estate,Real Estate - Diversified,NYSE,100.68,74,59,57,79,65.25,3722112730.0158463,56930451.0,0.0494,-11.27,197260,266116,239558,0.23
1499,ZM,Technology,Software - Application,NASDAQ,100.67,74,68,64,63,94.67,27100870276.272102,291783711.0,0.0269,-17.49,2555190,2927906,3101500,0.049
1500,WHG,Financial Services,Asset Management,NYSE,100.65,74,71,78,44,19.2,187141216.54467773,9543152.0,0.0136,-8.44,17330,18870,19382,0.096
1501,EQIX,Real Estate,REIT - Specialty,NASDAQ,100.62,74,73,72,83,1011.16,101209518873.14795,98671686.0,0.0197,-10.41,511650,513423,548884,0.167
1502,EHC,Healthcare,Medical Care Facilities,NYSE,100.62,74,71,50,39,122.54,11818675704.266235,98653384.0,0.0343,-4.26,1022500,893153,930134,0.096
1503,INGM,Technology,Information Technology Services,NYSE,100.6,74,66,78,87,27.6,6556051764.0,230036904.0,0.1861,-12.91,1574690,2199320,1688724,0.136
1504,PHVS,Healthcare,Biotechnology,NASDAQ,100.59,74,89,86,83,31.12,2189678579.633251,70204506.0,0.0309,-28.05,646020,949483,827052,
1505,ALRM,Technology,Software - Application,NASDAQ,100.57,74,69,56,27,55.26,2684253682.0211487,49090228.0,0.090900004,-4.96,471330,463020,425172,0.092
1506,KINS,Financial Services,Insurance - Property & Casualty,NASDAQ,100.56,74,85,76,70,19.04,267808460.5,14476133.0,0.0241,-8.9,66890,87633,94452,0.259
1507,GLBE,Consumer Cyclical,Internet Retail,NASDAQ,100.56,74,56,65,35,40.15,6602798370.878109,167967391.0,0.0353,-8.73,1337490,1477613,1449808,0.391
1508,WELL,Real Estate,REIT - Healthcare Facilities,NYSE,100.54,74,78,80,76,223.04,164081457462.63477,720572011.0,0.0277,-12.6,2480030,2679430,2792166,0.391
1509,IGD,Financial Services,Asset Management,NYSE,100.54,74,69,67,60,6.26,478731893.5186777,78868514.0,0.0073,-7.12,373840,299236,284896,-0.066
1510,MTDR,Energy,Oil & Gas E&P,NYSE,100.52,74,80,59,79,54.48,6620850556.0,123754216.0,0.115100004,-18.49,1436270,1669740,1875774,0.268
1511,HCC,Basic Materials,Coking Coal,NYSE,100.51,74,83,62,79,89.8,4717866392.880409,52802087.0,0.0992,-19.4,582770,612170,616568,0.713
1512,JAN,Real Estate,REIT - Residential,NYSE,100.5,74,84,72,57,28.1,6808535354.987595,234372996.0,0.085,-14.41,1521510,1748066,1841840,0.454
1513,ANDE,Consumer Defensive,Food Distribution,NASDAQ,100.5,74,83,89,90,66.53,2306140713.8898926,34054056.0,0.0588,-18.97,364040,384886,373432,-0.012
1514,MGYR,Financial Services,Banks - Regional,NASDAQ,100.49,74,75,49,58,19.08,124717997.58997345,6455383.0,0.0014,-4.6,2000,2316,2598,0.135
1515,VISN,Technology,Communication Equipment,NASDAQ,100.48,74,70,95,97,6.02,1432190027.3176994,230626412.0,0.1361,-70.71,5869360,8392230,8777652,-0.014
1516,TKR,Industrials,Tools & Accessories,NYSE,100.48,74,76,93,83,114.34,8508907974.064331,69494510.0,0.0636,-21.88,898150,924830,964230,0.075
1517,MANU,Communication Services,Entertainment,NYSE,100.47,74,65,81,54,20.32,3463627158.279951,172491393.0,0.1148,-16.89,453040,404170,365558,-0.041
1518,TFSL,Financial Services,Banks - Regional,NASDAQ,100.47,74,79,85,70,16.19,4717047053.515663,280442755.0,0.1549,-16.93,760080,735486,849168,0.152
1519,UYSCU,Financial Services,Shell Companies,NASDAQ,100.45,74,66,45,54,11.78,,,10.29,-16.34,60,36,24,
1520,PBA,Energy,Oil & Gas Midstream,NYSE,100.44,74,70,81,63,47.15,26687558595.046997,581555000.0,15.99,-8.59,1125900,1107256,1021382,0.201
1521,EMO,Financial Services,Asset Management,NYSE,100.43,74,76,70,60,50.76,1006935911.8559074,20014627.0,0.0023,-9.89,43500,42256,39316,
1522,INCY,Healthcare,Biotechnology,NASDAQ,100.42,74,83,82,73,112.75,23371050732.38443,202697746.0,0.083900005,-14.97,1812040,1594640,1535604,0.377
1523,NMR,Financial Services,Capital Markets,NYSE,100.39,74,87,81,72,9.54,28436815873.953693,2922591697.0,0.0004,-12.8,656810,730576,723320,0.312
1524,STRD,Technology,Software - Application,NASDAQ,100.38,74,60,22,39,72.2,863293653.6872864,11764700.0,8.26,-14.74,107660,96426,107392,0.069
1525,KMX,Consumer Cyclical,Auto & Truck Dealerships,NYSE,100.37,74,84,81,19,53.79,7795498700.534958,141942807.0,0.078600004,-17.6,4628190,2900346,2487966,0.177
1526,GOOG,Communication Services,Internet Content & Information,NASDAQ,100.37,74,62,86,87,344.86,4162458394376.448,12229934831.0,3.28,-14.74,15597550,17044860,17118970,0.242
1527,HBNC,Financial Services,Banks - Regional,NASDAQ,100.36,74,72,76,68,19.5,1000191206.6163445,51344519.0,0.0398,-7.32,792160,598700,554502,0.169
1528,BLX,Financial Services,Banks - Regional,NYSE,100.35,74,69,80,82,54.78,2039470748.7929688,37230208.0,0.0239,-13.32,178930,178330,170854,0.062
1529,AUR,Consumer Cyclical,Auto Parts,NASDAQ,100.35,74,80,68,39,5.73,11363560522.464912,2004155268.0,0.17979999,-33.1,27166720,31026980,30312662,1.0
1530,CZR,Consumer Cyclical,Resorts & Casinos,NASDAQ,100.35,74,65,69,58,29.52,6042080598.864052,203780124.0,0.1076,-4.4,4785870,4518123,4257588,0.03
1531,CF,Basic Materials,Agricultural Inputs,NYSE,100.34,74,89,74,82,113.58,17405398654.593124,151338130.0,0.0773,-19.99,2442000,2650356,2560678,0.176
1532,FNV,Basic Materials,Gold,NYSE,100.33,74,80,33,80,240.5,46150328917.54837,192855530.0,4.97,-15.81,908190,799800,814004,0.582
1533,DBI,Consumer Cyclical,Footwear & Accessories,NYSE,100.33,74,49,75,96,5.79,309807825.31469536,51123404.0,0.36099997,-36.86,590250,738873,599218,-0.012
1534,ZKIN,Basic Materials,Steel,NASDAQ,100.33,74,13,18,24,1.73,109342866.65010023,60712308.0,0.00029999999,-44.37,35590,51353,36878,
1535,SGP,Healthcare,Biotechnology,NASDAQ,100.3,74,80,21,31,24.62,833523639.2318783,33447979.0,0.1107,-24.11,95550,128656,106654,
1536,BRBS,Financial Services,Banks - Regional,NYSE ARCA,100.27,74,78,50,59,3.9,352471991.02728844,89687528.0,0.0508,-18.5,1159510,1293210,1173208,-0.4
1537,ONC,Healthcare,Biotechnology,NASDAQ,100.27,74,77,39,57,350.13,40505653017.80145,113122161.0,0.0212,-9.11,356530,375920,385980,0.296
1538,BUD,Consumer Defensive,Beverages - Brewers,NYSE,100.25,74,70,72,65,77.41,144593132497.01044,1969128856.0,0.008,-10.61,2289440,2475953,2193212,0.11
1539,COFS,Financial Services,Banks - Regional,NASDAQ,100.24,74,70,73,64,33.02,495177276.328125,14955520.0,0.036199998,-6.72,81080,74506,73842,-0.026
1540,MPLX,Energy,Oil & Gas Midstream,NYSE,100.24,74,70,64,61,57.32,57161329274.29744,1013858251.0,0.018099999,-5.96,1365850,1314096,1341772,0.106
1541,CATY,Financial Services,Banks - Regional,NASDAQ,100.23,74,77,80,70,59.6,4058868818.979721,66713820.0,0.0674,-8.67,430160,482493,432070,0.138
1542,CDZIP,Industrials,Pollution & Treatment Controls,NASDAQ,100.2,74,69,77,60,21.36,,,4.73,-13.8,8740,6266,5784,-0.763
1543,Q,Technology,Semiconductor Equipment & Materials,NYSE,100.18,74,68,84,85,126.68,27506738339.804672,209208543.0,0.024500001,-28.54,1240870,1566833,1675374,0.221
1544,BELFA,Technology,Electronic Components,NASDAQ,100.18,74,73,92,96,195.13,3022321244.2474365,14439450.0,0.1004,-33.52,76650,85613,119264,0.252
1545,URI,Industrials,Rental & Leasing Services,NYSE,100.18,74,67,79,35,1050.15,67286622739.90723,62242489.0,0.028399998,-10.94,552350,474996,452996,0.118
1546,MH,Consumer Defensive,Education & Training Services,NYSE,100.15,74,28,14,32,13.37,2458318332.878521,191308814.0,0.0921,-25.72,713840,571813,625238,0.026
1547,AUPH,Healthcare,Biotechnology,NASDAQ,100.15,74,66,80,87,16.22,2106199979.2890015,133051168.0,0.0712,-15.74,777730,806073,973212,0.189
1548,VRTX,Healthcare,Biotechnology,NASDAQ,100.11,74,75,59,36,503.25,127929334955.12488,253460924.0,0.021,-10.17,953300,1012850,1097336,0.125
1549,SFST,Financial Services,Banks - Regional,NASDAQ,100.08,74,76,80,82,60.4,576356277.2972488,9471755.0,0.0462,-7.21,70550,85456,93994,0.248
1550,COSO,Financial Services,Banks - Regional,NYSE,100.08,74,70,69,68,26.9,322530947.6076889,11954446.0,0.0217,-5.81,128210,128850,113086,0.161
1551,AUTL,Healthcare,Biotechnology,NASDAQ,100.05,73,87,32,46,1.77,473769313.58502865,266162540.0,0.0482,-31.4,1633710,1607053,2384434,1.184
1552,SONO,Technology,Consumer Electronics,NASDAQ,100.04,73,34,39,69,16.95,2093803518.5511436,118293979.0,0.1308,-14.48,2220070,2056500,1878134,0.088
1553,RGR,Industrials,Aerospace & Defense,NYSE,100.03,73,54,35,58,43.61,708955201.6533813,15978256.0,0.0352,-9.54,256790,218430,181468,0.193
1554,IDYA,Healthcare,Biotechnology,NASDAQ,100.02,73,83,81,82,36.06,3604847181.1325073,96489484.0,0.1196,-15.51,722540,799646,771928,
1555,DSGN,Healthcare,Biotechnology,NASDAQ,100.02,73,95,95,97,11.49,772257582.8892021,62581651.0,0.115600005,-33.39,536790,708306,626326,
1556,FGCPP,Financial Services,Asset Management,NASDAQ,100.0,73,68,77,82,24.5,,,61.48,-5.77,1540,1066,686,0.169
1557,MMSI,Healthcare,Medical Instruments & Supplies,NASDAQ,99.99,73,75,33,23,85.25,5097478719.399567,59710420.0,0.089099996,-10.03,579880,597826,805896,0.095
1558,HCI,Financial Services,Insurance - Property & Casualty,NYSE,99.98,73,69,59,33,192.35,2291861244.75,12438867.0,0.0544,-8.62,172970,160760,162578,0.111
1559,FAST,Industrials,Industrial Distribution,NASDAQ,99.98,73,66,54,55,50.49,58235501829.75,1147497573.0,0.0355,-4.59,6864370,6752273,6881016,0.147
1560,NVRI,Industrials,Waste Management,NYSE,99.97,73,85,92,94,19.79,569722279.1811752,28190119.0,10.45,-18.22,288510,304700,329612,-0.667
1561,CAMT,Technology,Semiconductor Equipment & Materials,NASDAQ,99.97,73,66,64,93,150.5,7709116272.565979,46668177.0,0.0866,-30.32,407760,386386,433770,0.025
1562,IBKR,Financial Services,Capital Markets,NASDAQ,99.97,73,81,86,82,86.47,40006803881.98485,453078171.0,0.0317,-12.44,3719520,3815330,4062162,0.263
1563,EDSA,Healthcare,Biotechnology,NASDAQ,99.96,73,89,98,98,3.66,37214378.6486156,9641031.0,0.024500001,-81.99,37760,41040,60320,
1564,TCPC,Financial Services,Asset Management,NASDAQ,99.96,73,40,15,18,4.03,333933046.10031843,83902775.0,0.0582,-35.52,751060,709980,784714,-0.222
1565,HYMC,Basic Materials,Gold,NASDAQ,99.95,73,93,96,99,18.21,1743429166.199623,93181681.0,0.2321,-68.99,1970650,2083780,1984066,
1566,PLUS,Technology,Software - Application,NASDAQ,99.93,73,66,66,68,91.6,2436845081.0108185,26090418.0,0.0655,-6.66,191500,219940,227102,0.01
1567,UNP,Industrials,Railroads,NYSE,99.91,73,76,77,63,278.2,165319328858.25018,594075498.0,0.0514,-11.96,2251100,2406426,2446642,0.115
1568,TRNS,Industrials,Specialty Business Services,NASDAQ,99.89,73,69,72,62,86.4,846033491.3572235,9359813.0,0.0655,-13.6,139570,113140,123628,0.216
1569,NOV,Energy,Oil & Gas Equipment & Services,NYSE,99.89,73,81,79,82,18.99,6701788478.028774,356478125.0,0.14140001,-13.41,3622310,3233136,3234478,-0.025
1570,OVLY,Financial Services,Banks - Regional,NASDAQ,99.89,73,69,64,79,34.27,286789217.00367737,8412708.0,0.0123000005,-4.73,14333,18534,22572,0.05
1571,EL,Consumer Defensive,Household & Personal Products,NYSE,99.88,73,64,34,27,94.32,33322826059.038544,362322775.0,0.0322,-22.46,2875520,3047913,3231692,0.063
1572,QUIK,Technology,Semiconductors,NASDAQ,99.87,73,76,94,93,10.71,217431583.5737009,18317741.0,0.094399996,-55.98,183170,222486,238664,0.487
1573,TDACU,Financial Services,Shell Companies,NASDAQ,99.85,73,69,68,41,12.11,,,,-29.96,20,6,4,
1574,TAYD,Industrials,Specialty Industrial Machinery,NASDAQ,99.81,73,64,58,72,58.62,177545682.9927063,3229865.0,0.0452,-35.13,54960,48020,43508,-0.264
1575,NAUT,Healthcare,Biotechnology,NASDAQ,99.81,73,12,80,98,1.82,249074560.6476736,127078855.0,0.0652,-57.77,12235110,4756266,3168518,
1576,CM,Financial Services,Banks - Diversified,NYSE,99.81,73,78,85,85,108.18,100798989167.86102,907935437.0,13.01,-13.36,1736990,1443110,1249666,0.166
1577,AEM,Basic Materials,Gold,NYSE,99.81,73,75,22,85,183.87,93014163104.40234,506364864.0,0.0136,-27.96,1714170,2027386,2652008,0.35
1578,FUNC,Financial Services,Banks - Regional,NASDAQ,99.79,73,74,79,62,43.5,281516319.42655945,6453836.0,0.0156,-6.05,25160,27170,22602,0.107
1579,RGS,Consumer Cyclical,Personal Services,NASDAQ,99.79,73,57,65,69,29.4,72629558.94253159,2500157.0,0.0211,-6.67,6590,8543,7256,-0.073
1580,CWBC,Financial Services,Banks - Regional,NASDAQ,99.78,73,71,78,73,26.07,719870503.8115807,27134206.0,0.060500003,-7.45,191170,188250,206800,0.31
1581,GRVY,Communication Services,Electronic Gaming & Multimedia,NASDAQ,99.75,73,78,51,49,67.18,475999650.0,6948900.0,0.0081,-11.61,19330,25013,34882,-0.046
1582,MAR,Consumer Cyclical,Lodging,NASDAQ,99.72,73,54,72,83,361.08,93604664512.25244,260766288.0,0.030299999,-12.14,1274790,1502016,1614872,0.111
1583,STAK,Energy,Oil & Gas Equipment & Services,NASDAQ,99.71,73,85,98,85,1.11,21131384.35801041,19210349.0,0.4461,-90.75,679860,1976520,2066872,0.134
1584,WBI,Energy,Oil & Gas Equipment & Services,NYSE,99.69,73,84,88,60,29.78,1599822475.4536858,55453118.0,0.1099,-19.27,560400,646853,617928,1.28
1585,CBOE,Financial Services,Financial Data & Stock Exchanges,BATS,99.67,73,61,52,73,294.08,28327959233.77417,104431019.0,0.0298,-20.77,1456190,1163373,1096460,0.229
1586,AIO,Financial Services,Asset Management,NYSE,99.63,73,68,72,65,25.35,877506697.955059,34439039.0,0.3,-11.36,90115,73338,70741,
1587,HSCS,Healthcare,Medical Devices,NASDAQ,99.63,73,92,35,12,3.04,20828813.92390251,4843910.0,0.0087,-42.1,368420,224776,184436,0.105
1588,SOBO,Energy,Oil & Gas Midstream,NYSE,99.6,73,74,84,76,33.84,7054450391.483955,208588127.0,18.15,-13.27,933890,706816,638658,0.042
1589,BKH,Utilities,Utilities - Regulated Gas,NYSE,99.6,73,63,66,72,76.52,5410922815.548164,76253141.0,0.189,-2.76,1565660,1135226,1008334,0.031
1590,UBSI,Financial Services,Banks - Regional,NASDAQ,99.59,73,76,74,73,45.7,6407439464.546333,136212571.0,0.0466,-7.9,1108720,1074356,952364,0.062
1591,TTC,Industrials,Tools & Accessories,NYSE,99.57,73,68,68,72,96.81,9337595548.14206,94663378.0,0.050300002,-7.97,618770,904690,774156,0.084
1592,V,Financial Services,Credit Services,NYSE,99.56,73,72,59,32,375.1,677086954586.0203,1877355259.0,0.0109,-2.72,5203570,5828970,6294470,0.144
1593,HSBC,Financial Services,Banks - Diversified,NYSE,99.54,73,87,85,85,92.61,328925471110.53345,3421317591.0,4.57,-14.19,2060710,1566296,1431430,0.254
1594,BME,Financial Services,Asset Management,NYSE,99.52,73,73,66,58,42.98,560130625.9920616,12924103.0,0.0026,-7.43,39437,38969,42483,-0.038
1595,HKD,Technology,Software - Application,NYSE,99.51,73,45,38,59,1.7,537417700.4888058,314279350.0,0.0033000002,-68.92,157880,115723,112712,3.409
1596,CLPS,Technology,Information Technology Services,NASDAQ,99.5,73,63,23,30,1.01,30737081.986218452,29841828.0,0.0014,-46.28,6350,7546,12766,0.028
1597,RDWR,Technology,Software - Infrastructure,NASDAQ,99.49,73,59,73,52,29.39,1291932475.106392,42082490.0,0.026300002,-10.37,358770,325170,285612,0.109
1598,FSTR,Industrials,Railroads,NASDAQ,99.48,73,77,90,72,35.42,392071571.82556534,10519763.0,0.05,-22.68,59350,46416,58738,-0.035
1599,JCSE,Industrials,Specialty Industrial Machinery,NASDAQ,99.47,73,85,75,84,1.41,7457298.754624963,5251619.0,0.001,-43.6,9200,8850,17398,0.617
1600,EMBJ,Industrials,Aerospace & Defense,NYSE,99.46,73,84,51,70,71.0,13384242451.924324,177958285.0,0.0095999995,-12.07,1507810,1295850,1328856,0.104
1601,PSMT,Consumer Defensive,Discount Stores,NASDAQ,99.46,73,77,88,83,167.22,5267274010.2907715,30860524.0,0.104899995,-16.32,237220,229783,234406,0.125
1602,PKE,Industrials,Aerospace & Defense,NYSE,99.46,73,79,89,93,29.66,661671840.2794857,21751211.0,0.0692,-25.59,270990,264433,248426,0.189
1603,IA,Industrials,Aerospace & Defense,NASDAQ,99.38,73,79,55,93,19.2,339905291.1732044,17899173.0,0.048600003,-37.94,217370,262983,268446,0.107
1604,HSIC,Healthcare,Medical Distribution,NASDAQ,99.37,73,74,74,62,84.63,9669254021.278282,113916757.0,0.08229999,-8.19,1352060,1181930,1186006,0.067
1605,KE,Industrials,Electrical Equipment & Parts,NASDAQ,99.37,73,34,37,73,28.79,690729558.0153275,23991995.0,0.078600004,-10.03,194980,194513,203720,-0.023
1606,BJ,Consumer Defensive,Discount Stores,NYSE,99.37,73,36,35,30,99.04,11994843036.675446,126314692.0,0.078099996,-6.37,2335470,1808133,1842870,0.157
1607,GROW,Financial Services,Asset Management,NASDAQ,99.37,73,63,74,66,2.91,35172839.2698679,12298196.0,0.0013,-20.27,9820,21073,17498,0.391
1608,SFNC,Financial Services,Banks - Regional,NASDAQ,99.34,73,73,75,67,22.38,3309365712.9723644,144513789.0,0.0572,-7.98,1492370,1385456,1306586,0.143
1609,AMBR,Financial Services,Asset Management,NASDAQ,99.3,72,8,9,14,2.07,170638198.91552687,94275251.0,0.0067000003,-38.58,169650,969676,595152,-0.336
1610,GWW,Industrials,Industrial Distribution,NYSE,99.3,72,73,82,64,1268.67,60446958561.028076,47213119.0,0.026400002,-10.65,270690,260280,262856,0.103
1611,STRK,Technology,Software - Application,NASDAQ,99.28,72,54,18,26,75.33,,,0.16,-24.86,100710,100150,100590,0.069
1612,ADEA,Technology,Software - Application,NASDAQ,99.28,72,87,89,94,24.11,2838611035.758877,110280150.0,0.118599996,-29.79,1320769,1023289,1027516,0.121
1613,META,Communication Services,Internet Content & Information,NASDAQ,99.28,72,53,42,60,720.89,1854788375834.4834,2547506225.0,0.014099999,-7.56,17904440,20902326,19657416,0.28
1614,REGN,Healthcare,Biotechnology,NASDAQ,99.26,72,82,44,74,739.57,75692508434.37476,102954988.0,0.025999999,-13.94,751180,720560,742588,0.167
1615,FCF,Financial Services,Banks - Regional,NYSE,99.26,72,78,75,68,20.06,2077709764.0303135,101055925.0,0.0535,-10.21,1163530,1020733,916236,0.096
1616,MVBF,Financial Services,Banks - Regional,NASDAQ,99.25,72,79,69,69,29.5,394990251.34789276,12967507.0,0.031600002,-7.78,59070,53730,55448,0.462
1617,MCRI,Consumer Cyclical,Resorts & Casinos,NASDAQ,99.24,72,67,85,61,115.37,2106792398.2451935,17922521.0,0.048899997,-15.13,177020,191340,164092,0.042
1618,NWSA,Communication Services,Entertainment,NASDAQ,99.24,72,71,56,35,28.97,15471404460.276558,539261212.0,0.032899998,-8.5,3949100,4445923,4169720,0.108
1619,WEX,Technology,Software - Infrastructure,NYSE,99.23,72,84,39,69,174.41,5763200628.117645,34081611.0,0.096,-14.5,598730,567156,566000,0.142
1620,SII,Financial Services,Asset Management,NYSE,99.22,72,81,55,93,115.19,2992967715.356079,25732678.0,2.88,-32.09,106060,120830,166302,0.231
1621,IDCC,Technology,Software - Application,NASDAQ,99.21,72,69,26,84,328.3,8648367251.915894,25806007.0,0.1371,-20.43,168510,205050,215868,-0.134
1622,PEBO,Financial Services,Banks - Regional,NASDAQ,99.2,72,82,80,70,36.31,1347117949.746914,35942315.0,0.0529,-14.14,592590,381453,333786,0.108
1623,RRC,Energy,Oil & Gas E&P,NYSE,99.18,72,67,35,70,40.77,8933567751.480007,233679515.0,0.1195,-15.61,2843160,2645676,2503346,0.086
1624,RCUS,Healthcare,Biotechnology,NYSE,99.17,72,87,94,94,23.83,3073896146.450115,125773162.0,0.17709999,-24.91,1366720,1588496,1422572,-0.744
1625,OPLN,Consumer Cyclical,Auto & Truck Dealerships,NYSE,99.16,72,67,88,76,35.68,4337142154.438934,122069865.0,0.027999999,-16.83,1273340,1136160,1324352,0.151
1626,SY,Healthcare,Health Information Services,NASDAQ,99.15,72,45,10,84,2.48,276046023.0,100380372.0,0.0211,-47.79,301590,879863,599438,0.456
1627,CZWI,Financial Services,Banks - Regional,NASDAQ,99.13,72,77,84,79,21.41,205549912.93745804,9650231.0,0.0229,-12.36,26780,48270,45934,-0.203
1628,IFRX,Healthcare,Biotechnology,NASDAQ,99.1,72,93,96,89,1.53,253473344.33623862,147368221.0,0.0896,-48.12,521170,559330,754014,
1629,SPXX,Financial Services,Asset Management,NYSE,99.09,72,66,64,51,18.63,336880449.1854954,17976545.0,0.0112,-3.92,333488,243782,232725,3.76
1630,PVL,Energy,Oil & Gas E&P,NYSE,99.09,72,57,49,65,1.82,60390001.41620636,33000000.0,0.0037,-9.45,45790,61203,54418,2.732
1631,NTRS,Financial Services,Asset Management,NASDAQ,99.05,72,85,86,80,168.5,31358597807.527313,182955653.0,0.0248,-13.93,1082930,1011210,1024576,0.364
1632,IFS,Financial Services,Banks - Regional,NYSE,99.0,72,77,89,77,53.0,5899067925.083359,111072639.0,0.0105,-13.65,205630,205623,243252,0.038
1633,HYNE,Financial Services,Banks - Regional,NASDAQ,98.98,72,69,66,61,16.83,123907316.44740295,7464296.0,0.033800002,-0.18,6100,7163,8704,0.361
1634,ACGCU,Financial Services,Shell Companies,NASDAQ,98.98,72,48,45,40,10.9,,,0.02,-14.24,400,216,260,
1635,SRBK,Financial Services,Banks - Regional,NASDAQ,98.97,72,74,76,74,18.66,135121650.5,7303873.0,0.038900003,-10.93,21670,20850,22316,0.09
1636,WSBK,Financial Services,Banks - Regional,NASDAQ,98.96,72,72,71,79,12.9,115683190.76269913,8960743.0,0.0036000002,-3.62,6940,7873,8622,0.322
1637,EDU,Consumer Defensive,Education & Training Services,NYSE,98.95,72,65,32,65,57.38,8594839702.29927,155029580.0,0.0241,-11.68,618260,681716,777260,0.23
1638,EGHT,Technology,Software - Application,NASDAQ,98.92,72,34,56,64,2.16,329312938.14766717,144435501.0,0.0242,-25.0,1534310,1612316,1534314,0.049
1639,APOG,Industrials,Building Products & Equipment,NASDAQ,98.91,72,43,60,29,40.77,743328609.9902573,20868294.0,0.0547,-19.87,434110,316963,254320,-0.011
1640,ENS,Industrials,Electrical Equipment & Parts,NYSE,98.9,72,71,90,92,179.31,7079603581.262329,36065224.0,0.097399995,-26.6,577590,575956,554686,0.048
1641,CPSS,Financial Services,Credit Services,NASDAQ,98.89,72,62,64,41,9.42,199118134.99246597,21905185.0,0.017,-10.2,30490,29286,24170,0.189
1642,BMO,Financial Services,Banks - Diversified,NYSE,98.89,72,81,87,79,160.7,115176781549.64684,695092237.0,5.24,-14.17,719690,711543,755662,0.12
1643,ANGX,Communication Services,Entertainment,NYSE,98.89,72,83,58,5,4.07,761965767.2716236,186756319.0,0.0542,-53.75,1605750,1866340,1758610,0.275
1644,USPH,Healthcare,Medical Care Facilities,NYSE,98.85,72,64,30,34,83.52,1249328294.776184,14922698.0,0.1038,-10.67,188110,176743,198134,0.085
1645,SSNC,Technology,Software - Application,NASDAQ,98.85,72,60,28,26,80.65,18427456549.435913,234654996.0,0.033800002,-10.32,1241140,1540556,1575634,0.103
1646,MRDN,Consumer Cyclical,Gambling,NASDAQ,98.84,72,83,93,9,10.84,151196380.73674297,12652417.0,0.056500003,-32.63,40550,58083,65408,0.161
1647,AFRM,Financial Services,Credit Services,NASDAQ,98.8,72,61,77,48,77.15,23879301154.41925,337421256.0,0.0553,-14.69,3462660,5479136,4405026,0.33
1648,AGRO,Consumer Defensive,Farm Products,NYSE,98.79,72,83,54,85,10.46,1457510511.6491203,144307966.0,0.0419,-34.17,594750,708430,792256,0.39
1649,GPN,Industrials,Specialty Business Services,NYSE,98.79,72,81,53,29,82.77,20740788681.403885,264618390.0,0.0739,-13.67,2135220,2355403,2682720,0.686
1650,PPHC,Industrials,Consulting Services,NASDAQ,98.76,72,45,17,74,10.9,318482256.66733074,30216533.0,0.0087,-28.05,142690,241646,186598,0.073
1651,CCEP,Consumer Defensive,Beverages - Non-Alcoholic,NASDAQ,98.72,72,65,68,59,103.64,44439240365.21735,439731263.0,0.0804,-8.82,1625950,1724116,1780466,0.044
1652,LAMR,Real Estate,REIT - Specialty,NASDAQ,98.7,72,66,81,63,145.7,14635339962.231934,101549684.0,0.0764,-12.4,626040,529820,587686,0.065
1653,VOXR,Basic Materials,Other Precious Metals & Mining,NASDAQ,98.69,72,78,36,84,5.08,349561293.10069084,69495284.0,0.030199999,-24.18,498190,431366,457212,1.226
1654,BNGO,Healthcare,Medical Instruments & Supplies,NASDAQ,98.69,72,22,16,10,1.46,17429960.22462845,11777000.0,0.097200006,-34.53,371540,1825500,1155260,0.214
1655,CTAS,Industrials,Specialty Business Services,NASDAQ,98.69,72,61,49,27,201.12,77114773046.92078,399517000.0,0.0376,-8.24,1709580,1906690,1924438,0.109
1656,CVR,Industrials,Tools & Accessories,NYSE ARCA,98.61,72,36,28,34,11.58,10820678.215724945,966132.0,0.0107,-22.8,1970,3463,2784,-0.008
1657,KMI,Energy,Oil & Gas Midstream,NYSE,98.61,72,60,66,70,32.25,69186740225.66394,2226802089.0,0.0239,-7.35,11564000,12275293,11613906,0.108
1658,BCX,Financial Services,Asset Management,NYSE,98.56,72,77,60,76,11.92,907233241.9174767,76238090.0,0.0002,-14.0,162136,155138,154357,
1659,VOR,Healthcare,Biotechnology,NASDAQ,98.52,72,92,32,24,19.13,1105743306.4560738,59162294.0,0.15720001,-50.07,891730,1132280,992194,
1660,NTR,Basic Materials,Agricultural Inputs,NYSE,98.5,72,80,57,70,69.87,33433336619.376343,477210074.0,0.0159,-18.15,2254220,2554400,2634760,0.04
1661,VATE,Industrials,Engineering & Construction,NYSE,98.5,72,62,90,95,7.2,102313995.0,13641866.0,0.1012,-66.2,59480,94086,460414,0.742
1662,BPOP,Financial Services,Banks - Regional,NASDAQ,98.5,72,80,85,81,155.79,10085932109.212692,63778501.0,0.032899998,-13.08,497980,544726,485388,0.076
1663,MAC,Real Estate,REIT - Retail,NYSE,98.48,72,70,86,82,22.2,6536043377.4113655,283559375.0,0.1604,-16.79,3432050,3459830,3634084,0.012
1664,NXG,Financial Services,Asset Management,NYSE,98.48,72,71,82,69,56.03,406568665.7439995,7332167.0,1.31,-14.82,48926,62222,73521,
1665,FLR,Industrials,Engineering & Construction,NYSE,98.46,72,76,55,60,51.01,6673679447.372673,133741067.0,0.108,-12.58,2415120,2339243,2539702,0.088
1666,ALMR,Healthcare,Medical Devices,NASDAQ,98.45,72,83,72,38,25.91,2384335482.113983,69392766.0,0.0496,-32.77,729770,529353,458036,0.821
1667,RMBI,Financial Services,Banks - Regional,NASDAQ,98.43,72,70,68,59,15.36,247621201.19033718,16037643.0,0.0173,-7.41,54350,121673,90902,0.156
1668,FSBC,Financial Services,Banks - Regional,NASDAQ,98.4,72,81,86,80,42.71,1071023238.5399017,24536614.0,0.0462,-15.02,161420,189276,177638,0.276
1669,ZGN,Consumer Cyclical,Apparel Manufacturing,NYSE,98.39,72,58,84,83,12.52,3366495260.8477936,268889388.0,0.091800004,-21.5,958520,1189513,1055894,0.064
1670,CPF,Financial Services,Banks - Regional,NYSE,98.35,71,75,80,75,36.24,937721426.295044,25747432.0,0.0327,-11.59,163660,171013,164198,0.077
1671,SBH,Consumer Cyclical,Specialty Retail,NYSE,98.34,71,67,65,74,16.03,1520426000.651558,93622292.0,0.3073,-10.55,1438290,1313503,1349692,0.002
1672,MORN,Financial Services,Financial Data & Stock Exchanges,NASDAQ,98.32,71,42,22,19,202.74,6885616071.532333,37513571.0,0.0639,-11.45,289980,310843,317562,0.096
1673,AROW,Financial Services,Banks - Regional,NASDAQ,98.27,71,77,85,82,37.03,700011509.1289749,18523723.0,0.0339,-13.28,74430,81520,86406,0.046
1674,FSBW,Financial Services,Banks - Regional,NASDAQ,98.26,71,62,62,49,44.32,348529035.23602295,7862148.0,0.0248,-3.34,30880,28436,25314,0.025
1675,GRND,Technology,Software - Application,NYSE,98.26,71,79,63,28,14.94,2334411073.6558456,173820627.0,0.1588,-19.24,2185910,1583773,1627252,0.325
1676,CSQ,Financial Services,Asset Management,NASDAQ,98.24,71,69,66,61,20.43,3282766318.3329105,160369635.0,0.0011,-3.5,190719,176396,175127,-0.028
1677,RY,Financial Services,Banks - Diversified,NYSE,98.22,71,79,87,76,190.56,270891376235.36334,1384429799.0,2.18,-12.82,1079640,1062786,1169346,0.089
1678,MICC,Consumer Defensive,Packaged Foods,NYSE,98.22,71,79,80,30,17.44,10555743568.447731,603875506.0,11.77,-15.69,834960,801873,790586,0.042
1679,RMR,Real Estate,Real Estate Services,NASDAQ,98.2,71,72,85,62,17.71,302832399.161293,17080226.0,0.09770001,-17.44,112380,96490,114330,0.084
1680,GL,Financial Services,Insurance - Life,NYSE,98.2,71,74,83,68,166.08,12864183433.792786,77644761.0,0.0005,-13.3,499270,436236,486956,0.08
1681,SEER,Healthcare,Biotechnology,NASDAQ,98.17,71,61,57,37,2.17,124587033.75,55372015.0,0.0018000001,-9.96,405920,268490,331628,-0.234
1682,CLST,Financial Services,Banks - Regional,NASDAQ,98.16,71,76,69,71,16.95,65750790.2224617,4033791.0,0.0023,-17.32,1960,3000,2720,0.087
1683,EXPE,Consumer Cyclical,Travel Services,NASDAQ,98.16,71,78,67,77,270.13,31805850405.0,120022077.0,0.0675,-21.01,1807760,2160133,1921708,0.14
1684,NBN,Financial Services,Banks - Regional,NASDAQ,98.15,71,74,77,76,126.63,1091150140.149765,8601215.0,0.059499998,-11.02,105320,110993,106934,0.113
1685,CBFV,Financial Services,Banks - Regional,NASDAQ,98.15,71,63,68,63,37.56,187256362.64611816,5081584.0,0.0184,-3.35,3625,4355,4685,0.15
1686,TLF,Consumer Cyclical,Specialty Retail,NASDAQ,98.15,71,73,53,52,2.49,19951744.43831563,8143569.0,0.0047,-25.89,11580,18186,22778,0.015
1687,ELV,Healthcare,Healthcare Plans,NYSE,98.12,71,82,71,29,400.94,83804798146.30188,216869290.0,0.0275,-8.09,1050430,1140513,1049712,0.014
1688,NFJ,Financial Services,Asset Management,NYSE,98.08,71,76,74,65,14.36,1421877621.7327232,94101764.0,0.002,-8.83,351385,269731,219755,-0.198
1689,CRESY,Industrials,Conglomerates,NASDAQ,98.08,71,71,47,55,11.58,804291733.462326,70925196.0,0.0809,-18.51,284540,282653,259632,0.083
1690,GLP,Energy,Oil & Gas Midstream,NYSE,98.08,71,73,58,43,47.96,1587517166.749443,33848979.0,0.010299999,-11.66,61390,60020,71332,0.468
1691,KNX,Industrials,Trucking,NYSE,98.07,71,79,87,83,65.05,10865590907.684326,162756000.0,0.0921,-21.49,3199540,3514156,3331120,0.126
1692,EPD,Energy,Oil & Gas Midstream,NYSE,98.06,71,75,69,72,36.75,78129884633.44012,2159477169.0,0.024,-8.51,3620460,2849126,3007904,0.608
1693,IHS,Real Estate,Real Estate Services,NYSE,98.03,71,63,64,78,8.44,2814994803.626602,338340734.0,0.024,-5.7,996300,1065223,1224882,0.104
1694,UG,Consumer Defensive,Household & Personal Products,NASDAQ,97.97,71,65,53,31,7.11,32757494.995778084,4594319.0,0.0061000003,-15.86,11760,9156,8600,0.095
1695,GENB,Healthcare,Biotechnology,NASDAQ,97.96,71,77,64,35,13.99,1757144794.9811745,128352436.0,0.096,-38.29,1075560,1274306,1186804,-0.377
1696,HNVR,Financial Services,Banks - Regional,NASDAQ,97.94,71,79,65,49,24.87,180901067.05371094,7055424.0,0.0117999995,-10.99,31620,35323,42006,0.192
1697,SPHR,Communication Services,Entertainment,NYSE,97.94,71,92,96,98,109.25,4605920097.75,35913607.0,0.3179,-39.85,1184760,774186,791154,0.11
1698,MHK,Consumer Cyclical,"Furnishings, Fixtures & Appliances",NYSE,97.93,71,68,42,31,119.44,8562779157.514496,67738145.0,0.12550001,-14.87,1115050,1098420,1088042,0.068
1699,BOF,Consumer Defensive,Packaged Foods,NASDAQ,97.93,71,79,85,94,3.54,63250258.04571104,16259706.0,0.0052,-32.57,32690,28313,26566,0.361
1700,AU,Basic Materials,Gold,NYSE,97.92,71,86,53,92,90.78,48007616853.42883,505769256.0,0.009,-29.7,2020980,2364743,2716094,0.27
1701,VRT,Industrials,Electrical Equipment & Parts,NYSE,97.92,71,74,92,97,243.73,97086314647.4024,384988173.0,0.0368,-35.85,4262530,5012836,5169458,0.241
1702,INDV,Healthcare,Drug Manufacturers - Specialty & Generic,NASDAQ,97.92,71,61,93,93,35.45,4214920255.078537,118031934.0,0.1125,-17.19,1818990,2018486,2234840,0.136
1703,AXTA,Basic Materials,Specialty Chemicals,NYSE,97.91,71,69,64,33,32.81,6891444066.684299,214019997.0,0.0432,-15.02,2029780,2019883,1835026,0.031
1704,CMCO,Industrials,Farm & Heavy Construction Machinery,NASDAQ,97.91,71,77,29,34,15.98,483187437.95349884,28864244.0,0.3341,-34.51,393710,410966,526272,1.253
1705,DTSQU,Financial Services,Shell Companies,NASDAQ,97.9,71,53,54,47,11.89,,,,-31.27,0,26,16,
1706,CTSH,Technology,Information Technology Services,NASDAQ,97.88,71,38,13,22,60.01,27675229206.085205,473000000.0,0.0801,-31.05,7364070,6566776,7296562,0.045
1707,XPRO,Energy,Oil & Gas Equipment & Services,NYSE,97.86,71,75,80,85,16.21,1848355919.6856613,113396074.0,0.089700006,-15.7,918570,853096,834510,-0.07
1708,CFR,Financial Services,Banks - Regional,NYSE,97.86,71,80,73,63,152.36,9635547209.141312,62148785.0,0.0002,-10.8,437190,504763,517826,0.061
1709,BFC,Financial Services,Banks - Regional,NASDAQ,97.86,71,73,66,68,147.98,1691663695.8611755,11085607.0,0.062,-6.99,63772,67500,69630,0.57
1710,R,Industrials,Rental & Leasing Services,NYSE,97.86,71,71,86,81,235.18,9097411174.965637,38346868.0,0.0306,-17.26,276270,255130,265220,0.05
1711,TARS,Healthcare,Biotechnology,NASDAQ,97.82,71,83,31,64,72.22,3415793224.0,46791688.0,0.135,-21.1,901590,824926,777914,0.694
1712,FRHC,Financial Services,Financial Conglomerates,NASDAQ,97.82,71,73,48,64,166.7,11035266218.0,63787666.0,0.0515,-6.35,117520,98133,106446,0.278
1713,MYRG,Industrials,Engineering & Construction,NASDAQ,97.8,71,60,94,93,310.81,4745040151.451111,15569250.0,0.0555,-38.28,228650,266646,275422,0.201
1714,FFBC,Financial Services,Banks - Regional,NASDAQ,97.77,71,75,84,74,31.2,3351670019.8795967,105166926.0,0.0678,-13.93,894850,883743,788404,0.165
1715,NTWOU,Financial Services,Shell Companies,NASDAQ,97.76,71,65,41,39,11.5,,,0.0,-8.0,540,219,614,
1716,WTGUU,Financial Services,Shell Companies,NASDAQ,97.75,71,44,41,58,11.35,,,73.19,-7.35,490,1840,1148,
1717,AVBH,Financial Services,Banks - Regional,NASDAQ,97.73,71,68,77,74,31.35,343343587.31391907,10983480.0,0.041100003,-8.28,48567,65072,65707,0.289
1718,PKX,Basic Materials,Steel,NYSE,97.72,71,64,30,78,56.75,17420002696.59526,302483116.0,0.0031,-38.58,181480,200090,228662,0.097
1719,ACTG,Industrials,Business Equipment & Supplies,NASDAQ,97.72,71,68,61,85,4.39,423526748.5905647,97586805.0,0.058000002,-16.7,143770,176570,212314,1.236
1720,INSP,Healthcare,Medical Devices,NYSE,97.69,71,72,14,9,66.69,2022858974.040985,28910375.0,0.17790002,-54.64,953580,862706,793262,-0.076
1721,VNOM,Energy,Oil & Gas Midstream,NASDAQ,97.68,71,66,62,75,42.63,7900621072.704575,194405049.0,0.0481,-16.62,2194000,1897956,1813476,1.152
1722,FMX,Consumer Defensive,Beverages - Brewers,NYSE,97.65,71,68,80,69,118.73,39410032322.20773,340681468.0,4.79,-16.07,476890,396216,428532,0.093
1723,PKG,Consumer Cyclical,Packaging & Containers,NYSE,97.63,71,67,63,51,229.94,20362524655.265854,89098299.0,0.0437,-11.55,538600,587353,549068,0.147
1724,CENTA,Consumer Defensive,Packaged Foods,NASDAQ,97.62,71,52,74,65,35.02,2145674183.03302,62592598.0,0.0421,-14.17,300910,311860,315320,-0.082
1725,CET,Financial Services,Asset Management,NYSE ARCA,97.62,71,66,56,62,55.46,1660373159.7702599,29549265.0,0.0004,-3.36,22519,24086,26625,0.659
1726,MLI,Industrials,Metal Fabrication,NYSE,97.62,71,58,58,76,60.49,13837107937.026413,221181388.0,0.0248,-14.95,1363730,1694456,1464584,0.255
1727,CVLG,Industrials,Trucking,NYSE,97.61,71,81,96,82,32.71,856753742.6842422,25377778.0,0.0738,-34.42,159280,209196,216694,0.099
1728,DXC,Technology,Information Technology Services,NYSE,97.61,71,41,15,29,12.37,1773543508.8507328,159778689.0,0.1783,-21.11,4101540,3091033,3208894,-0.051
1729,ICFI,Industrials,Consulting Services,NASDAQ,97.59,70,67,36,20,86.82,1468067755.1859741,17933884.0,0.0347,-11.44,192620,182510,195788,-0.003
1730,CETY,Industrials,Specialty Industrial Machinery,NASDAQ,97.59,70,32,27,7,1.02,11861953.64006257,12166106.0,0.0021,-66.56,8310,20320,23004,0.574
1731,VTMX,Real Estate,Real Estate - Diversified,NYSE,97.59,70,62,69,80,33.94,3012845922.797333,92788599.0,3.51,-9.28,62110,61400,59486,0.168
1732,ALKS,Healthcare,Drug Manufacturers - Specialty & Generic,NASDAQ,97.59,70,90,93,65,40.11,7004116606.0,167763272.0,0.1252,-27.95,2494560,2197416,1869142,0.27
1733,NGVT,Basic Materials,Specialty Chemicals,NYSE,97.59,70,61,77,88,71.41,2489305457.9157104,34377922.0,0.059299998,-9.94,270390,266233,257766,-0.052
1734,CVBF,Financial Services,Banks - Regional,NASDAQ,97.58,70,71,71,59,21.75,3921222972.647848,175997435.0,0.0738,-7.09,1456900,1366613,1251296,0.42
1735,CNI,Industrials,Railroads,NYSE,97.57,70,74,76,62,116.84,72353054972.07642,604100000.0,4.05,-11.18,1099340,1325936,1299864,0.113
1736,KMDA,Healthcare,Drug Manufacturers - Specialty & Generic,NASDAQ,97.57,70,68,33,71,7.78,479572658.7662077,57710305.0,0.0050999997,-16.79,96370,129773,141744,0.227
1737,MYFW,Financial Services,Banks - Regional,NASDAQ,97.55,70,77,83,67,30.1,293832733.10004044,9765129.0,0.0207,-12.4,27790,41146,44694,0.277
1738,GGT,Financial Services,Asset Management,NYSE,97.54,70,62,65,59,4.01,196758839.06293392,49436894.0,0.005,-8.24,228634,356801,339704,0.415
1739,SNDR,Industrials,Trucking,NYSE,97.53,70,78,87,67,31.73,5765646461.114822,175300899.0,0.111499995,-19.2,784090,710930,686610,0.104
1740,CNNE,Consumer Cyclical,Restaurants,NYSE,97.53,70,59,38,18,15.9,674035485.9254045,43374227.0,0.1321,-16.36,436540,514906,502778,-0.073
1741,GWRE,Technology,Software - Application,NYSE,97.53,70,30,22,17,164.78,12475184087.906464,81992669.0,0.0435,-35.61,1334770,1569983,1366106,0.153
1742,BSAAU,Financial Services,Shell Companies,NASDAQ,97.53,70,31,66,47,11.6,,,9.61,-36.26,213,81,88,
1743,BKHAU,Financial Services,Shell Companies,NASDAQ,97.52,70,38,59,48,12.63,,,0.1,-21.55,2131,868,762,
1744,ORIO,Technology,Software - Infrastructure,NASDAQ,97.51,70,45,9,25,1.01,24770015.475117683,23590492.0,0.0112,-51.21,94680,121573,89756,0.063
1745,GTIM,Consumer Cyclical,Restaurants,NASDAQ,97.5,70,70,55,28,1.49,15836844.0,10557896.0,0.0023,-28.71,35970,34936,58612,-0.05
1746,CBAN,Financial Services,Banks - Regional,NYSE,97.48,70,72,65,77,20.31,433979752.5407219,21221503.0,0.0525,-9.57,129930,142033,147162,0.253
1747,FCCO,Financial Services,Banks - Regional,NASDAQ,97.47,70,74,69,72,32.44,307089194.5585785,9399731.0,0.0221,-9.23,36940,62123,55748,0.265
1748,EME,Industrials,Engineering & Construction,NYSE,97.45,70,60,65,84,778.24,34697288579.46887,44109901.0,0.0215,-18.25,372710,369816,378580,0.198
1749,STRF,Technology,Software - Application,NASDAQ,97.45,70,62,35,43,103.04,,,6.05,-11.97,52290,59183,68286,0.069
1750,LXRX,Healthcare,Biotechnology,NASDAQ,97.42,70,88,91,94,1.76,809819823.2188675,444955934.0,0.12189999,-34.33,3299460,3080806,2975778,-0.976
1751,CME,Financial Services,Financial Data & Stock Exchanges,NASDAQ,97.42,70,54,29,58,276.44,94619692533.09436,359579263.0,0.018,-16.02,1872990,1907060,1882670,0.008
1752,IKT,Healthcare,Biotechnology,NASDAQ,97.41,70,90,72,53,1.91,279071800.0,139535900.0,0.2067,-26.82,495370,518070,513580,
1753,LAND,Real Estate,REIT - Specialty,NASDAQ,97.4,70,57,29,57,9.53,412385655.9808264,43136573.0,0.1022,-26.69,587160,702910,717012,0.042
1754,QCOM,Technology,Semiconductors,NASDAQ,97.37,70,60,75,27,176.01,197452337016.5509,1068060487.0,0.0401,-32.28,11096990,13316926,12176244,-0.04
1755,RMBS,Technology,Semiconductors,NASDAQ,97.37,70,22,60,91,108.47,12144445820.309418,108461603.0,0.077800006,-37.7,1533890,2360936,2232774,0.204
1756,PTRN,Consumer Cyclical,Internet Retail,NASDAQ,97.37,70,84,97,30,18.35,3074326198.8355236,177399089.0,0.1274,-38.42,1584660,1602173,1661598,0.466
1757,GLNG,Energy,Oil & Gas Midstream,NASDAQ,97.37,70,77,69,81,48.42,5024193276.527405,102097000.0,0.105,-16.21,1385170,1380753,1317172,0.724
1758,HIW,Real Estate,REIT - Office,NYSE,97.32,70,74,80,24,29.18,3271790928.403139,110272697.0,0.1757,-17.66,1201460,1190496,1124460,0.075
1759,EAF,Industrials,Electrical Equipment & Parts,NYSE,97.32,70,18,12,12,8.85,245892014.0298729,26047884.0,0.0684,-56.45,579990,650183,484464,-0.034
1760,MNST,Consumer Defensive,Beverages - Non-Alcoholic,NASDAQ,97.31,70,67,86,63,43.65,84121680055.81181,1959051764.0,0.030199999,-13.0,9897670,9709996,10235386,0.202
1761,SGU,Energy,Oil & Gas Refining & Marketing,NYSE,97.3,70,64,63,53,12.99,422608465.8349457,32811216.0,0.0017,-3.99,18030,19733,20356,0.172
1762,TDC,Technology,Software - Infrastructure,NYSE,97.28,70,39,79,64,30.29,2803019943.2373047,93000000.0,0.2328,-27.5,1844830,1745403,2262230,0.005
1763,SIMA,Financial Services,Shell Companies,NASDAQ,97.27,70,55,51,46,11.5,90167204.14482594,8219435.0,0.0011,-10.85,2860,3416,2890,
1764,AUBN,Financial Services,Banks - Regional,NASDAQ,97.27,70,70,64,40,26.98,94006196.5650177,3484292.0,0.0018000001,-6.58,3680,2303,1778,0.124
1765,OFS,Financial Services,Asset Management,NASDAQ,97.26,70,39,19,15,4.27,46625315.17554808,13398079.0,0.051799998,-44.9,122260,97830,81266,-0.347
1766,CAAP,Industrials,Airports & Air Services,NYSE,97.24,70,60,63,76,24.4,3969925624.3574905,163371430.0,0.0542,-20.0,440940,287436,261010,0.12
1767,ISTR,Financial Services,Banks - Regional,NASDAQ,97.24,70,73,71,80,29.06,405182332.55779266,13777026.0,0.0222,-8.53,93360,90820,100754,0.662
1768,REBN,Consumer Cyclical,Restaurants,NASDAQ,97.23,70,7,10,73,1.89,18791866.535455227,8620122.0,0.0211,-35.93,215510,223030,166894,2.446
1769,MUSA,Consumer Cyclical,Specialty Retail,NYSE,97.22,70,70,84,63,518.22,9466246670.931152,18380347.0,0.047,-18.53,174310,256640,267338,0.408
1770,BBNX,Healthcare,Medical Devices,NASDAQ,97.22,70,54,66,22,17.43,1022820111.1707687,53946211.0,0.23709999,-46.71,1083030,1320866,1369652,0.378
1771,ETV,Financial Services,Asset Management,NYSE,97.21,70,66,62,60,14.99,1744313211.8678331,116754569.0,1.28,-3.23,262700,179806,168812,-0.061
1772,HBCP,Financial Services,Banks - Regional,NASDAQ,97.21,70,73,72,73,66.7,531511737.8921509,7870750.0,0.043,-10.47,67160,63803,74104,0.038
1773,INACU,Financial Services,Shell Companies,NASDAQ,97.21,70,46,46,42,10.96,,,0.7,-29.56,1197,399,253,
1774,ADUS,Healthcare,Medical Care Facilities,NASDAQ,97.2,70,75,57,25,114.26,2077889298.311615,18674300.0,0.056799997,-8.18,208450,211906,210954,0.08
1775,RGLD,Basic Materials,Gold,NASDAQ,97.19,70,79,28,79,231.18,19880544314.76622,84727857.0,0.0297,-24.51,577840,646620,688992,1.155
1776,CLAR,Consumer Cyclical,Leisure,NASDAQ,97.16,70,69,59,23,3.42,132094136.5757215,38288155.0,0.026800001,-14.07,105790,112520,123756,0.016
1777,SNDA,Healthcare,Medical Care Facilities,NYSE,97.14,70,82,82,79,35.96,1811409259.6577072,48047990.0,0.1191,-18.99,459040,478516,463496,1.371
1778,SIRI,Communication Services,Entertainment,NASDAQ,97.14,70,79,86,75,26.33,8669360205.074533,337066891.0,0.1835,-19.38,4515950,4320410,4240194,0.01
1779,GRWG,Consumer Cyclical,Specialty Retail,NASDAQ,97.14,70,70,72,29,1.51,94342724.0018934,60090905.0,0.0255,-37.08,281400,247833,366538,0.055
1780,PAMT,Industrials,Trucking,NASDAQ,97.12,70,72,85,20,12.53,256333220.88669777,20942257.0,0.0178,-29.41,25556,21998,21893,0.089
1781,CNOB,Financial Services,Banks - Regional,NASDAQ,97.11,70,72,80,70,30.22,1548844463.5118866,50319832.0,0.0382,-11.48,369370,382430,368600,1.342
1782,ETW,Financial Services,Asset Management,NYSE,97.09,70,66,63,62,9.54,1030592964.2839394,108597786.0,0.32,-4.12,294995,277891,282905,-0.014
1783,WMB,Energy,Oil & Gas Midstream,NYSE,97.09,70,67,71,70,72.34,86282234594.72327,1223167472.0,0.0222,-9.67,7079980,7761186,7236014,0.078
1784,DD,Basic Materials,Specialty Chemicals,NYSE,97.08,70,56,72,85,132.48,17552885313.534164,135042975.0,0.041199997,-16.14,791730,1068310,1330166,0.04
1785,CTNM,Healthcare,Biotechnology,NASDAQ,97.07,70,77,94,95,13.18,493589247.5346031,37621132.0,0.074499995,-25.89,811630,634893,607274,
1786,SXI,Industrials,Specialty Industrial Machinery,NYSE,97.04,70,60,86,86,281.06,3544307939.373932,12281465.0,0.0756,-22.76,158720,140306,134372,0.028
1787,CTRN,Consumer Cyclical,Apparel Retail,NASDAQ,97.03,70,91,92,90,50.81,399542904.4975014,8339447.0,0.18530001,-34.78,146970,178743,168312,0.109
1788,AOD,Financial Services,Asset Management,NYSE,97.03,70,73,70,71,9.99,1075756719.2838907,105466347.0,3.04,-7.93,396074,425758,409324,0.161
1789,CNMD,Healthcare,Medical Devices,NYSE,97.02,69,78,48,25,45.11,1387341798.2196045,29951248.0,0.0848,-15.93,343460,337520,377700,0.003
1790,ROK,Industrials,Specialty Industrial Machinery,NYSE,97.0,69,62,77,75,434.14,50454966618.38733,111048676.0,0.038900003,-12.71,680640,711660,772292,0.079
1791,GNW,Financial Services,Insurance - Life,NYSE,96.99,69,79,71,61,9.74,3608477475.419366,377851037.0,0.0388,-8.89,4381230,4427796,3671962,0.053
1792,EWBC,Financial Services,Banks - Regional,NASDAQ,96.98,69,71,75,72,126.25,17292266220.3219,137011856.0,0.0341,-8.16,844730,836906,744640,0.163
1793,EOD,Financial Services,Asset Management,NYSE,96.97,69,69,70,73,6.31,272176583.8727541,43065914.0,0.41,-6.38,154397,118909,106797,
1794,NVTS,Technology,Semiconductors,NASDAQ,96.97,69,61,90,97,10.93,3255687802.2430344,262555476.0,0.1735,-68.01,18969850,13806186,13739696,-0.273
1795,LKSPU,Financial Services,Shell Companies,NASDAQ,96.96,69,54,48,43,10.9,,,0.97,2.83,2115,781,521,
1796,CART,Consumer Cyclical,Internet Retail,NASDAQ,96.94,69,67,66,38,46.3,10502002950.0,237333400.0,0.1058,-12.11,3208230,3760660,4025292,0.141
1797,FUND,Financial Services,Asset Management,NASDAQ,96.93,69,75,69,77,9.59,286274842.88339996,29665788.0,0.0023,-12.74,21001,21493,23754,-0.012
1798,AVR,Healthcare,Medical Devices,NASDAQ,96.93,69,86,96,88,6.63,750508388.8433104,97342203.0,0.0941,-40.03,1535380,976356,935328,0.633
1799,MSI,Technology,Communication Equipment,NYSE,96.92,69,66,36,54,447.12,74043576295.13635,165493788.0,0.0223,-9.65,758810,867253,930850,0.133
1800,IRM,Real Estate,REIT - Specialty,NYSE,96.92,69,64,76,76,112.97,33756521670.976624,297702812.0,0.036199998,-16.12,1592170,1665580,1677138,0.185
1801,GPC,Consumer Cyclical,Auto Parts,NYSE,96.91,69,78,49,28,128.17,17541275313.419785,137859758.0,0.0657,-15.44,785020,935786,1021608,0.06
1802,GAIN,Financial Services,Asset Management,NASDAQ,96.89,69,72,73,71,15.38,623611997.14365,39821967.0,0.0105,-10.27,141270,156036,178034,0.204
1803,CCBG,Financial Services,Banks - Regional,NASDAQ,96.89,69,74,69,68,48.61,849846326.4087181,17113297.0,0.044099998,-9.31,75390,75206,72732,0.021
1804,TT,Industrials,Building Products & Equipment,NYSE,96.88,69,54,63,73,469.94,102070952847.81894,220023177.0,0.0152,-7.1,1379140,1140913,1139282,0.106
1805,HLT,Consumer Cyclical,Lodging,NYSE,96.87,69,51,62,79,323.29,71876726360.75073,225064910.0,0.026500002,-9.7,1360190,1582266,1751716,0.025
1806,LW,Consumer Defensive,Packaged Foods,NYSE,96.85,69,44,38,29,49.46,5994265479.017349,137483158.0,0.0553,-26.26,3740280,2209453,1828482,0.056
1807,RES,Energy,Oil & Gas Equipment & Services,NYSE,96.84,69,63,58,79,6.0,1298910119.914404,221657012.0,0.3305,-26.47,2135720,1990790,1748750,0.095
1808,BHRB,Financial Services,Banks - Regional,NASDAQ,96.84,69,70,66,63,68.95,1410266137.7011871,20187033.0,0.0418,-8.18,121140,121186,119322,0.223
1809,KFY,Industrials,Staffing & Employment Services,NYSE,96.81,69,72,66,36,72.93,4024560461.4562836,55958851.0,0.054,-16.66,643300,602336,484838,0.068
1810,PRU,Financial Services,Insurance - Life,NYSE,96.81,69,75,67,38,113.53,38846999473.57178,345000000.0,0.05,-11.11,1522620,1565883,1689752,0.141
1811,PDM,Real Estate,REIT - Office,NYSE,96.8,69,72,77,42,9.08,1126195425.0,125132825.0,0.0512,-10.37,1712810,1906323,1537784,0.027
1812,ARDT,Healthcare,Medical Care Facilities,NYSE,96.8,69,67,31,30,11.07,1458414699.9018974,141045907.0,0.14770001,-28.49,410680,429363,416176,-0.014
1813,MPTI,Technology,Electronic Components,NYSE ARCA,96.78,69,74,88,76,73.04,335156767.0128784,4346476.0,0.0921,-30.34,78460,79626,116248,0.138
1814,NRP,Energy,Thermal Coal,NYSE,96.76,69,58,30,56,111.31,1450920114.0,13250412.0,0.0353,-13.44,26820,25696,38070,0.131
1815,ADAML,Real Estate,REIT - Mortgage,NASDAQ,96.75,69,68,64,62,23.97,,,0.3,-4.88,18738,15402,15655,1.298
1816,MCY,Financial Services,Insurance - Property & Casualty,NYSE,96.73,69,73,80,80,102.29,5664594697.354057,55388627.0,0.0352,-9.53,343930,320733,302140,0.138
1817,DHR,Healthcare,Diagnostics & Research,NYSE,96.7,69,59,38,30,217.46,150481193002.96545,702986054.0,0.013300001,-10.44,4343150,4061733,3848900,0.055
1818,NOEMU,Financial Services,Shell Companies,NASDAQ,96.7,69,65,50,49,11.81,,,0.0,-30.53,3015,1293,776,
1819,BKHA,Financial Services,Shell Companies,NASDAQ,96.68,69,57,55,49,12.33,51421296.11533928,4153578.0,0.11,-5.88,33340,11480,7254,
1820,HTGC,Financial Services,Asset Management,NYSE,96.68,69,70,41,30,16.55,3133125317.16156,187164000.0,0.0512,-13.49,1214260,1331890,1502654,0.085
1821,AZZ,Industrials,Specialty Business Services,NYSE,96.67,69,64,81,79,136.38,4188878706.0480194,30051501.0,0.040599998,-15.92,222310,238580,230876,0.063
1822,ADAMN,Real Estate,REIT - Mortgage,NASDAQ,96.64,69,72,67,59,23.3,,,1.52,-7.39,10280,7966,8316,1.298
1823,NICE,Technology,Software - Application,NASDAQ,96.62,69,33,26,21,117.31,6656656308.476921,58442987.0,0.0211,-16.49,491680,526866,544012,0.076
1824,GTES,Industrials,Specialty Industrial Machinery,NYSE,96.62,69,58,61,66,26.74,6999629753.930492,253151170.0,0.0561,-11.87,1816680,1850436,1873226,0.066
1825,ULTA,Consumer Cyclical,Specialty Retail,NASDAQ,96.62,69,46,25,56,564.21,23246809512.378357,42757471.0,0.0572,-21.09,367820,575946,582608,0.089
1826,ASTL,Basic Materials,Steel,NASDAQ,96.59,69,41,21,43,4.18,457386622.54102707,105388619.0,0.051999997,-29.15,737580,770743,1084582,-0.546
1827,FRBA,Financial Services,Banks - Regional,NASDAQ,96.58,69,70,62,60,17.7,440374251.94299316,24754032.0,0.0177,-8.43,93558,88082,96937,0.017
1828,PFBC,Financial Services,Banks - Regional,NASDAQ,96.57,69,66,71,57,102.63,1262119831.4701233,11853116.0,0.12,-8.58,158090,152856,122476,0.047
1829,DLTR,Consumer Defensive,Discount Stores,NASDAQ,96.57,69,61,74,42,118.62,21044615022.962677,187630299.0,0.048,-16.7,2182050,2772806,2465084,0.07
1830,NWG,Financial Services,Banks - Regional,NYSE,96.55,69,80,73,72,17.15,70077665872.67508,3965912030.0,0.00029999999,-11.69,4816710,3585150,3438952,0.145
1831,COTY,Consumer Defensive,Household & Personal Products,NYSE,96.53,69,58,19,10,2.79,2342626069.8299255,880686464.0,0.1291,-37.58,5135480,5377356,6621724,0.013
1832,T,Communication Services,Telecom Services,NYSE,96.53,69,57,27,55,24.87,166512966067.04465,6852385650.0,0.0191,-15.52,33560090,36664793,37552106,0.023
1833,VVX,Industrials,Aerospace & Defense,NYSE,96.51,69,60,79,69,70.97,2218937921.5175323,31345358.0,0.0871,-24.48,439920,641200,629582,0.165
1834,HPP,Real Estate,REIT - Office,NYSE,96.51,69,41,92,9,11.88,623005121.8377419,54268741.0,0.0098,-39.6,758700,662360,695716,-0.013
1835,OPBK,Financial Services,Banks - Regional,NASDAQ,96.51,69,69,62,57,15.07,231156873.36439133,14932615.0,0.0134000005,-10.46,36890,45070,50180,0.151
1836,SLE,Communication Services,Internet Content & Information,NASDAQ,96.49,69,26,4,2,4.77,246738964.87957,46554520.0,0.047199998,-92.24,121020,226713,1664926,0.003
1837,JBHT,Industrials,Integrated Freight & Logistics,NASDAQ,96.49,69,86,91,87,228.42,21991379713.43994,93900000.0,0.0321,-23.8,944940,1091763,972242,0.194
1838,CB,Financial Services,Insurance - Property & Casualty,NYSE,96.48,69,65,65,67,343.78,127657320995.87512,385799859.0,0.0093,-6.05,1649050,1620166,1620858,0.061
1839,IBCP,Financial Services,Banks - Regional,NASDAQ,96.45,69,69,64,58,35.76,807388335.4385948,22199295.0,0.0361,-8.87,214090,183290,185092,0.112
1840,THM,Basic Materials,Gold,NYSE ARCA,96.45,69,80,67,95,2.33,653928321.9604006,265824517.0,0.0214,-36.16,519690,726330,995380,
1841,BLCO,Healthcare,Medical Instruments & Supplies,NYSE,96.43,69,69,50,64,17.15,6111097577.056366,357165246.0,0.0694,-9.33,341430,378293,373464,0.091
1842,MCI,Financial Services,Asset Management,NYSE,96.42,69,60,31,28,18.52,366449385.29333115,20587045.0,0.0028,-13.86,35306,45118,41365,-0.052
1843,DSGX,Technology,Software - Application,NASDAQ,96.41,69,27,24,20,81.35,6850728280.884079,85548553.0,2.51,-17.29,511620,726376,605092,0.118
1844,YJ,Consumer Cyclical,Internet Retail,NASDAQ,96.4,69,64,23,58,1.59,7979374.823486805,4925540.0,0.126,-88.62,79020,360483,4186158,-0.392
1845,IGA,Financial Services,Asset Management,NYSE,96.39,69,70,59,53,9.87,153567337.43136597,15341392.0,0.0047,-8.36,115456,96342,87571,-0.066
1846,CHD,Consumer Defensive,Household & Personal Products,NYSE,96.39,69,48,57,50,97.73,22370699890.0589,237203907.0,0.052399997,-7.84,1879130,1845396,1865096,0.016
1847,DFDV,Financial Services,Asset Management,NASDAQ,96.38,69,76,5,5,4.58,171259147.5,32620790.0,0.191,-74.95,2273100,2517083,1937892,0.669
1848,MTUS,Basic Materials,Steel,NYSE,96.37,68,63,67,57,19.64,824426233.4613647,41449284.0,0.070700005,-13.02,341960,339636,356546,0.12
1849,CMT,Basic Materials,Specialty Chemicals,NYSE ARCA,96.36,68,66,75,89,23.01,197127146.8999672,8563299.0,0.029000001,-19.8,42070,36090,31474,-0.208
1850,HWC,Financial Services,Banks - Regional,NASDAQ,96.35,68,72,77,70,72.71,5863503015.434387,80223058.0,0.104899995,-9.26,885760,825800,770486,0.076
1851,VINP,Financial Services,Asset Management,NASDAQ,96.35,68,36,35,53,11.0,619132103.2036953,65516626.0,0.0105,-19.18,65680,55186,48000,0.161
1852,ETO,Financial Services,Asset Management,NYSE,96.35,68,66,65,62,30.2,492791304.6587372,16388138.0,0.19,-6.65,19449,19266,22853,0.314
1853,AEG,Financial Services,Insurance - Diversified,NYSE,96.35,68,80,76,64,8.27,12505920575.014189,1479990634.0,0.0028,-13.94,6564810,5220700,4791742,-0.082
1854,ETG,Financial Services,Asset Management,NYSE,96.33,68,64,64,58,23.01,1759219921.1710052,76321908.0,0.15,-6.88,82021,81843,90354,-0.035
1855,EG,Financial Services,Insurance - Reinsurance,NYSE,96.33,68,72,60,54,373.1,14120478228.934143,38342734.0,0.0582,-6.97,364970,406193,364028,-0.113
1856,CMCL,Basic Materials,Gold,NYSE ARCA,96.29,68,65,13,67,24.41,464235251.2154484,19335079.0,0.137,-37.01,195540,184156,192374,0.165
1857,CDP,Real Estate,REIT - Office,NYSE,96.28,68,72,79,67,33.47,3807189040.449875,113410458.0,0.0892,-13.96,1116760,976786,873408,0.039
1858,FULT,Financial Services,Banks - Regional,NASDAQ,96.28,68,74,79,74,22.27,4354761080.070623,190914563.0,0.0617,-11.73,1833050,1674336,1625708,0.137
1859,KMT,Industrials,Tools & Accessories,NYSE,96.27,68,42,75,89,31.71,2490314894.038063,76390031.0,0.16409999,-27.62,1530010,1422980,1572694,0.426
1860,GGN,Financial Services,Asset Management,NYSE ARCA,96.25,68,72,39,69,5.26,820179995.25,156224761.0,0.0004,-10.54,407575,459338,494549,0.143
1861,AGYS,Technology,Software - Application,NASDAQ,96.25,68,69,74,13,102.59,2799706577.1340637,28205788.0,0.0735,-29.37,253000,233296,249642,0.143
1862,BXSL,Financial Services,Asset Management,NYSE,96.23,68,50,35,32,24.11,5500423329.623642,232970063.0,0.0473,-15.67,1856230,1472796,1498190,-0.071
1863,NATL,Technology,Software - Application,NYSE,96.23,68,68,78,84,45.62,3356398606.9706726,73896934.0,0.0797,-5.94,1037100,797706,741872,0.001
1864,CHARU,Financial Services,Shell Companies,NASDAQ,96.23,68,51,48,46,11.3,,,0.0,-5.75,40,13,16,
1865,SYBT,Financial Services,Banks - Regional,NASDAQ,96.21,68,70,65,52,75.89,2443080786.558426,31066643.0,0.043899998,-14.94,148630,156850,156236,0.198
1866,IPSC,Healthcare,Biotechnology,NASDAQ,96.21,68,97,97,98,1.46,275942852.6100075,180354809.0,0.1633,-51.97,896930,627520,575204,
1867,C,Financial Services,Banks - Diversified,NYSE,96.2,68,79,77,86,128.08,215550626615.5,1677436783.0,0.0002,-13.44,8791790,9547216,9168508,0.155
1868,MNPR,Healthcare,Biotechnology,NASDAQ,96.19,68,97,95,37,83.98,523348059.03356934,6712172.0,0.1841,-32.72,172410,155243,191614,
1869,DLO,Technology,Software - Infrastructure,NASDAQ,96.19,68,76,68,65,15.0,4044729199.4085703,294269133.0,0.1391,-10.61,1666960,1696650,2045136,0.558
1870,BHC,Healthcare,Drug Manufacturers - Specialty & Generic,NYSE,96.18,68,60,20,35,6.04,2169145325.1330385,373990561.0,0.028800001,-24.5,1803100,2220923,3627178,0.127
1871,BBDC,Financial Services,Asset Management,NYSE,96.17,68,63,48,53,8.53,903620420.9027519,104706884.0,0.0276,-10.59,578270,615026,705346,-0.124
1872,AM,Energy,Oil & Gas Midstream,NYSE,96.16,68,69,75,74,21.19,9664362929.718018,474674000.0,0.0366,-11.1,2566800,2454913,2500140,0.083
1873,ENR,Industrials,Electrical Equipment & Parts,NYSE,96.15,68,56,49,30,21.44,1514173255.8690948,68483637.0,0.1122,-15.42,856380,924216,1004350,0.012
1874,ALEC,Healthcare,Biotechnology,NASDAQ,96.14,68,80,14,89,2.02,202099017.00093985,111656919.0,0.0579,-40.59,11600560,4827940,3523080,-0.578
1875,CVGI,Consumer Cyclical,Auto Parts,NASDAQ,96.13,68,79,97,98,2.88,120272740.27001381,40632682.0,0.0342,-51.02,236400,244640,361654,0.135
1876,ENIC,Utilities,Utilities - Renewable,NYSE,96.12,68,70,68,74,4.4,5768490976.019791,1383331144.0,2.42,-7.17,497940,757983,665858,-0.113
1877,NOVT,Technology,Scientific & Technical Instruments,NASDAQ,96.12,68,65,75,53,136.33,5645058689.474945,37817770.0,0.1511,-22.71,360270,360826,388136,0.103
1878,CAPL,Energy,Oil & Gas Refining & Marketing,NYSE,96.11,68,69,66,48,21.58,831413520.1114941,38173255.0,0.0025,-12.38,30420,27346,40336,0.259
1879,GRX,Financial Services,Asset Management,NYSE,96.1,68,64,56,46,9.6,136429597.2045126,14544733.0,0.0005,-5.88,15534,20641,22098,
1880,RUSHA,Consumer Cyclical,Auto & Truck Dealerships,NASDAQ,96.1,68,76,82,82,45.16,5507341015.323296,116730415.0,0.115600005,-18.98,673720,652940,662865,-0.016
1881,BCPC,Basic Materials,Specialty Chemicals,NASDAQ,96.09,68,57,45,61,168.63,5309603099.9328,31878021.0,0.026700001,-8.3,238000,218836,205792,0.112
1882,FFA,Financial Services,Asset Management,NYSE,96.08,68,65,61,60,22.35,443935371.7603607,19988086.0,0.00090000004,-6.17,40446,25478,27603,0.055
1883,ADAG,Healthcare,Biotechnology,NASDAQ,96.08,68,75,92,96,2.78,191358523.99671173,67143344.0,0.0368,-42.68,300100,247060,251930,
1884,OPK,Healthcare,Diagnostics & Research,NASDAQ,96.06,68,66,32,28,1.37,1164271988.2947564,746328225.0,0.0868,-21.71,1994090,2693070,2690270,0.043
1885,NMAI,Financial Services,Asset Management,NYSE,96.05,68,73,68,65,13.62,476649719.6105232,33425646.0,0.0056,-9.56,169706,112982,102909,
1886,EXPO,Industrials,Engineering & Construction,NASDAQ,96.05,68,61,30,30,69.78,3199851598.2991333,47546084.0,0.0865,-14.85,698910,554036,511250,0.12
1887,MA,Financial Services,Credit Services,NYSE,96.04,68,66,40,34,574.76,483785258019.1846,876009940.0,0.0083,-4.4,2881820,2702820,2864090,0.141
1888,CNOBP,Financial Services,Banks - Regional,NASDAQ,96.02,68,62,57,56,25.33,,,0.45,-0.71,3071,3027,5434,1.342
1889,BCH,Financial Services,Banks - Regional,NYSE,96.02,68,77,75,81,38.75,19440738124.709084,505085406.0,0.0042,-17.15,432940,341630,326804,0.136
1890,ETD,Consumer Cyclical,"Furnishings, Fixtures & Appliances",NYSE,96.02,68,67,36,27,20.86,530804987.49938965,25204416.0,0.1527,-28.09,458130,603413,583030,-0.085
1891,GSBD,Financial Services,Asset Management,NYSE,95.96,68,63,37,54,8.88,1021001403.336647,112569067.0,0.0573,-14.41,900760,841986,905508,-0.08
1892,APPF,Technology,Software - Application,NASDAQ,95.96,68,62,31,14,197.45,7188586909.473633,35416992.0,0.097399995,-25.5,327210,318110,349532,0.193
1893,NWS,Communication Services,Entertainment,NASDAQ,95.96,68,68,53,35,31.92,17067617154.088173,539261212.0,0.0868,-10.74,967260,1213223,1167868,0.108
1894,KURA,Healthcare,Biotechnology,NASDAQ,95.96,68,84,84,79,10.52,947430558.414217,88960619.0,0.171,-24.32,1629050,1794710,1934992,0.365
1895,SLG,Real Estate,REIT - Office,NYSE,95.96,68,69,57,23,48.94,3458184057.9675407,70849907.0,0.23799999,-18.56,815750,816846,824246,0.273
1896,RSVR,Communication Services,Entertainment,NASDAQ,95.94,68,41,76,82,9.4,627660703.540699,65930743.0,0.0298,-29.8,41500,82993,65106,0.116
1897,AWR,Utilities,Utilities - Regulated Water,NYSE,95.94,68,77,69,42,81.83,3282622533.224167,39635626.0,0.037,-10.78,264270,238326,233200,0.112
1898,BSBR,Financial Services,Banks - Regional,NYSE,95.93,68,64,35,72,5.82,40432648863.06626,7487527435.0,1.89,-20.49,5053370,4277256,4573738,0.288
1899,HTO,Utilities,Utilities - Regulated Water,NASDAQ,95.92,68,79,74,63,58.07,2516849669.22789,41856804.0,0.16379999,-13.44,505620,477980,420316,0.062
1900,GAP,Consumer Cyclical,Apparel Retail,NYSE,95.92,68,31,27,76,23.36,7907090864.269354,351270137.0,0.1392,-20.44,6662380,7985866,7058926,-0.02
1901,HASI,Financial Services,Asset Management,NYSE,95.92,68,72,72,85,36.35,4660542362.120705,128495790.0,0.1492,-17.63,1220040,1167396,1080744,8.044
1902,PATH,Technology,Software - Infrastructure,NYSE,95.91,68,73,33,19,13.25,6837558906.438497,521155409.0,0.2574,-33.22,34140200,50698686,56960352,0.134
1903,CAPNU,Financial Services,Shell Companies,NASDAQ,95.87,68,54,50,37,11.42,,,,-2.87,714,261,156,
1904,EURKU,Financial Services,Shell Companies,NASDAQ,95.85,68,60,62,42,11.94,,,0.54,-13.48,504,168,118,
1905,SD,Energy,Oil & Gas E&P,NYSE,95.85,68,59,59,76,14.07,504965527.2770691,37075296.0,0.0623,-23.74,352080,353726,345298,0.48
1906,CII,Financial Services,Asset Management,NYSE,95.85,68,66,75,72,24.03,1054580113.4920521,43704109.0,0.0089,-8.18,71250,68940,75910,0.418
1907,AMZN,Consumer Cyclical,Internet Retail,NASDAQ,95.83,67,65,58,66,254.06,2712973635713.5435,10786313572.0,0.0083,-11.54,35734640,35532323,39523274,0.196
1908,PH,Industrials,Specialty Industrial Machinery,NYSE,95.83,67,64,66,80,946.96,122650627668.79181,126112415.0,0.0116,-13.91,488140,572436,614828,0.098
1909,VHI,Basic Materials,Chemicals,NYSE,95.82,67,84,37,32,14.91,421702573.49331,28321193.0,0.030199999,-22.3,9350,14163,16150,0.122
1910,BDJ,Financial Services,Asset Management,NYSE,95.78,67,67,63,58,9.47,1665049496.4903831,176944689.0,0.0008,-4.82,540091,460457,449548,-0.198
1911,MSBIP,Financial Services,Banks - Regional,NASDAQ,95.78,67,62,57,58,25.2,,,0.53,-6.89,4130,5430,5622,0.18
1912,ICLR,Healthcare,Diagnostics & Research,NASDAQ,95.78,67,74,74,15,164.5,12502839803.90596,77154209.0,0.0385,-19.33,967400,954540,834076,0.012
1913,WIX,Technology,Software - Infrastructure,NASDAQ,95.77,67,65,10,10,74.13,4234773878.404602,58314152.0,0.189,-51.71,922180,1253416,1484424,0.149
1914,CCK,Consumer Cyclical,Packaging & Containers,NYSE,95.75,67,74,62,59,108.88,11534052523.46074,108760511.0,0.0269,-11.41,889330,938133,884864,0.165
1915,MTN,Consumer Cyclical,Resorts & Casinos,NYSE,95.74,67,42,59,32,146.09,5030278796.180359,35635298.0,0.2916,-10.56,1124800,941323,762522,0.025
1916,PRK,Financial Services,Banks - Regional,NYSE ARCA,95.74,67,71,68,63,178.46,3308450976.895111,18064161.0,0.0481,-17.0,88300,106433,98260,0.257
1917,DG,Consumer Defensive,Discount Stores,NYSE,95.73,67,59,48,60,124.27,26240161541.21521,220616790.0,0.0309,-21.46,2207380,2617970,2350680,0.052
1918,SRV,Financial Services,Asset Management,NYSE,95.7,67,74,80,72,44.07,264150462.0909691,6234375.0,2.22,-14.49,45359,46406,49907,
1919,BALY,Consumer Cyclical,Resorts & Casinos,NYSE,95.68,67,14,65,24,13.97,711115572.6810379,50469522.0,0.1095,-32.64,134450,132290,125222,0.205
1920,SBR,Energy,Oil & Gas Midstream,NYSE,95.68,67,58,61,61,73.11,1026531734.841156,14579345.0,0.0013,-8.45,33330,27600,31858,0.165
1921,DUOL,Technology,Software - Application,NASDAQ,95.65,67,49,24,6,151.22,6721989188.657272,46593117.0,0.1872,-57.16,894570,1081833,1194740,0.183
1922,ETB,Financial Services,Asset Management,NYSE,95.65,67,61,59,60,15.46,451783120.06166935,29374715.0,0.51,-2.28,52544,51581,51884,-0.095
1923,GTEC,Consumer Cyclical,Auto Parts,NASDAQ,95.62,67,85,11,7,0.77,21500819.883286357,26544222.0,0.0062,-52.17,356720,285913,619732,0.376
1924,IMPPP,Energy,Oil & Gas Midstream,NASDAQ,95.59,67,59,55,59,26.0,,,2.74,-6.41,1110,1193,1018,1.396
1925,HEQ,Financial Services,Asset Management,NYSE,95.59,67,64,63,64,11.08,131214314.0,11928574.0,0.17,-7.67,24425,23101,22541,
1926,LAWR,Industrials,Consulting Services,NASDAQ,95.59,67,73,52,48,3.75,172350000.0,45960000.0,0.0231,-1.32,0,0,0,0.112
1927,CCD,Financial Services,Asset Management,NASDAQ,95.58,67,69,75,68,23.54,653098327.6460037,28619559.0,0.0026,-12.78,85649,66589,63195,
1928,JCAP,Financial Services,Credit Services,NASDAQ,95.58,67,77,40,62,19.95,1105441568.0,57425536.0,0.0535,-18.37,294360,262593,325282,0.115
1929,PIII,Healthcare,Medical Care Facilities,NASDAQ,95.55,67,87,99,7,5.31,24880078.842303276,3911962.0,0.0088,-68.56,8170,16236,36166,0.086
1930,CLFD,Technology,Communication Equipment,NASDAQ,95.54,67,24,40,29,33.14,454790807.1817589,13583955.0,0.1234,-37.15,120710,141193,174270,0.132
1931,AES,Utilities,Utilities - Diversified,NYSE,95.52,67,64,59,64,14.93,10633181392.010769,713157713.0,0.025999999,-15.41,9238620,8220773,7934842,0.199
1932,MDLZ,Consumer Defensive,Confectioners,NASDAQ,95.52,67,63,44,31,60.67,74695578120.7153,1283649766.0,0.024400001,-8.97,7695680,7962213,7736446,0.041
1933,UGI,Utilities,Utilities - Regulated Gas,NYSE,95.51,67,64,52,55,36.94,7979212936.046673,214494967.0,0.078099996,-10.64,1819360,1932526,2172368,-0.045
1934,AHR,Real Estate,REIT - Healthcare Facilities,NYSE,95.51,67,73,77,76,50.44,11063437831.25,217998775.0,0.1296,-14.07,3122720,3129490,3099422,0.247
1935,QTWO,Technology,Software - Application,NYSE,95.49,67,68,26,17,58.69,3515557770.7019997,62354695.0,0.1145,-23.02,563430,599103,694782,0.126
1936,PFS,Financial Services,Banks - Regional,NYSE,95.48,67,69,74,78,22.22,2944942704.489544,130422618.0,0.066599995,-12.83,901260,860413,870198,0.038
1937,AI,Technology,Software - Infrastructure,NYSE,95.44,67,27,14,8,11.34,1770186251.3595886,160779856.0,0.2858,-43.92,4278810,5110480,4816038,-0.255
1938,BIP,Utilities,Utilities - Diversified,NYSE,95.44,67,58,66,63,36.89,16803404685.18399,460115128.0,2.37,-16.24,905400,840263,829780,0.194
1939,MAYS,Real Estate,Real Estate Services,NASDAQ,95.43,67,40,35,49,40.95,80832774.92416382,2015780.0,0.0161,-33.94,220,916,1616,-0.056
1940,LNC,Financial Services,Insurance - Life,NYSE,95.41,67,76,66,50,40.99,7715327494.737274,191447336.0,0.0001,-14.01,2250740,2072270,2088358,0.126
1941,BWB,Financial Services,Banks - Regional,NASDAQ,95.41,67,76,77,69,20.38,577473948.8015976,27883823.0,0.033,-9.9,87460,98676,132526,0.184
1942,HQL,Financial Services,Asset Management,NYSE,95.41,67,86,85,80,17.43,537614280.2397995,30408047.0,0.46,-23.11,136638,130582,142319,-0.608
1943,CPA,Industrials,Airlines,NYSE,95.4,67,62,79,63,134.52,5407756984.64061,40819423.0,0.0499,-16.17,310190,315690,301140,0.257
1944,AGNCL,Real Estate,REIT - Mortgage,NASDAQ,95.4,67,59,55,49,24.88,,,0.52,-2.95,19033,15501,14352,
1945,ESQ,Financial Services,Banks - Regional,NASDAQ,95.37,67,70,66,71,118.06,1037236032.1624756,8649400.0,0.0928,-12.43,139090,193940,169610,0.214
1946,MMM,Industrials,Conglomerates,NYSE,95.36,67,59,53,46,163.58,83490301773.35802,515722417.0,0.0194,-11.53,2967870,2900130,2809502,0.025
1947,RVI,Financial Services,Asset Management,NYSE,95.34,67,66,74,71,26.25,747663594.1515827,27247215.0,1.47,-66.08,152470,149143,176902,
1948,GRPN,Communication Services,Internet Content & Information,NASDAQ,95.32,67,77,91,16,19.12,785246844.0423889,40665296.0,0.525,-36.05,871150,1079560,1225302,-0.008
1949,SIEB,Financial Services,Capital Markets,NASDAQ,95.31,67,82,14,10,2.22,90070061.15221596,40940936.0,0.015700001,-46.38,25390,98320,87922,1.094
1950,QNST,Communication Services,Advertising Agencies,NASDAQ,95.3,67,88,81,24,15.99,856634193.5202942,57223392.0,0.14770001,-28.26,949700,1057063,1061028,0.427
1951,CDNS,Technology,Software - Application,NASDAQ,95.29,67,23,71,45,348.84,96759332230.86548,275393000.0,0.0159,-16.28,2264250,2538403,2351406,0.242
1952,AAT,Real Estate,REIT - Diversified,NYSE,95.29,67,58,84,64,21.61,1322974623.9624329,61390936.0,0.0715,-16.79,520820,496570,459288,0.014
1953,NODK,Financial Services,Insurance - Property & Casualty,NASDAQ,95.28,67,62,72,35,14.89,305866793.09972954,20404723.0,0.0117,-10.84,27030,31996,27358,-0.077
1954,POCI,Healthcare,Medical Instruments & Supplies,NASDAQ,95.26,67,30,56,40,4.67,48938652.7385788,10972792.0,0.0007,-24.07,110970,63206,59056,0.42
1955,PINE,Real Estate,REIT - Retail,NYSE,95.24,67,62,81,79,17.88,317098001.23345184,17935407.0,0.020399999,-18.69,179540,156123,138872,0.346
1956,FOX,Communication Services,Entertainment,NASDAQ,95.2,67,51,29,56,56.97,23567338476.210846,421673622.0,0.0776,-16.44,954330,1216876,1115768,0.281
1957,FOXA,Communication Services,Entertainment,NASDAQ,95.2,67,54,30,58,63.57,26261832663.42169,421673622.0,0.26450002,-16.78,4014400,4796096,5029826,0.281
1958,MSA,Industrials,Security & Protection Services,NYSE,95.17,67,67,41,48,178.1,6991543150.645767,38578289.0,0.0229,-14.75,230980,243903,267692,0.062
1959,LYV,Communication Services,Entertainment,NYSE,95.16,67,59,71,58,171.34,39316576654.160385,232959505.0,0.147,-9.46,1917480,1970723,2019080,0.094
1960,HFWA,Financial Services,Banks - Regional,NASDAQ,95.16,67,67,77,69,27.57,1151363777.1471252,40915558.0,0.0856,-11.78,372740,407053,377746,0.531
1961,ASTH,Healthcare,Medical Care Facilities,NASDAQ,95.15,67,87,94,63,35.87,1779804705.063179,49604366.0,0.1257,-30.48,357320,394780,430708,0.485
1962,BHV,Financial Services,Asset Management,NYSE,95.11,67,70,76,57,11.55,18393173.938817978,1588357.0,0.0049,-23.76,6209,6109,4725,-0.02
1963,BVN,Basic Materials,Other Precious Metals & Mining,NYSE,95.1,67,79,71,90,31.43,7972647600.108719,253986867.0,0.0229,-29.64,1092340,1166453,1142330,0.432
1964,PERF,Technology,Software - Application,NYSE,95.08,67,72,50,28,1.92,194530958.21043384,101848671.0,0.0038,-10.7,233960,186753,221128,-0.0
1965,CMRE,Industrials,Marine Shipping,NYSE,95.08,67,50,69,88,15.29,1866581801.3514433,120892607.0,0.0557,-15.34,345440,359580,353064,-0.04
1966,NOVTU,Technology,Scientific & Technical Instruments,NASDAQ,95.05,67,66,74,62,58.48,,,4.88,-24.0,77917,53702,40919,0.103
1967,WNEB,Financial Services,Banks - Regional,NASDAQ,95.01,67,62,77,80,13.7,279239003.07751465,20045872.0,0.016900001,-8.73,47070,52336,53776,-0.024
1968,ARCO,Consumer Cyclical,Restaurants,NYSE,95.0,66,59,58,76,8.12,1497814363.3965526,210663057.0,0.0256,-16.72,3138190,1765773,1509984,0.143
1969,NEWTP,Financial Services,Banks - Regional,NASDAQ,95.0,66,64,61,50,24.09,,,1.94,-13.9,3530,3443,3048,0.147
1970,EE,Energy,Oil & Gas Midstream,NYSE,94.97,66,85,80,71,34.67,1021128527.3699036,31380716.0,0.1236,-19.7,358520,421476,406590,0.61
1971,DIS,Communication Services,Entertainment,NYSE,94.96,66,53,29,43,107.02,176450138730.9242,1726686902.0,0.0114,-8.6,9024380,8434756,9227848,0.068
1972,AR,Energy,Oil & Gas E&P,NYSE,94.96,66,66,37,59,36.06,10477521682.937622,307439000.0,0.0446,-21.18,3990850,3987876,3975300,0.126
1973,RWAY,Financial Services,Asset Management,NASDAQ,94.93,66,37,17,18,6.46,274509879.1936798,41909904.0,0.1037,-36.98,319990,346750,470144,0.053
1974,SNEX,Financial Services,Capital Markets,NASDAQ,94.93,66,84,91,91,60.1,7960570522.840332,120962936.0,0.0559,-36.51,1003880,895170,941966,0.152
1975,HNNA,Financial Services,Asset Management,NASDAQ,94.92,66,55,43,35,10.21,81494470.41682243,7904410.0,0.0011999999,-7.35,7780,8270,7350,0.042
1976,J,Industrials,Engineering & Construction,NYSE,94.92,66,62,36,32,138.59,16302245866.456604,118080879.0,0.0313,-17.72,855030,827283,853146,0.345
1977,BPYPP,Real Estate,Real Estate Services,NASDAQ,94.9,66,68,63,68,15.32,,,2.18,-8.43,15386,15338,13147,0.053
1978,IMKTA,Consumer Defensive,Grocery Stores,NASDAQ,94.89,66,47,73,81,85.59,1645862709.3831177,18994376.0,0.1113,-10.49,111250,109283,116348,0.016
1979,GDDY,Technology,Software - Infrastructure,NYSE,94.89,66,56,26,12,103.19,12311423189.890564,126647704.0,0.084,-26.0,1839990,2387470,2316082,0.066
1980,FPI,Real Estate,REIT - Specialty,NYSE,94.88,66,58,29,63,10.49,490409305.29372025,43630722.0,0.106300004,-20.68,1005930,745256,641328,-0.055
1981,OTTR,Industrials,Conglomerates,NASDAQ,94.88,66,58,65,59,88.33,3731258609.9168396,41985580.0,0.16219999,-7.11,235700,250766,243470,0.004
1982,ATRA,Healthcare,Biotechnology,NASDAQ,94.85,66,36,84,21,9.23,95157486.20510101,10037710.0,0.055,-51.79,44420,45603,47916,-0.964
1983,CL,Consumer Defensive,Household & Personal Products,NYSE,94.84,66,58,64,45,88.1,67169784274.484886,797172829.0,0.025799999,-11.31,4668360,5125986,4831836,0.049
1984,KNOP,Energy,Oil & Gas Midstream,NYSE,94.84,66,69,71,74,10.38,365916540.0223732,34553025.0,0.0047,-11.88,45060,44356,43576,0.072
1985,VIRC,Consumer Cyclical,"Furnishings, Fixtures & Appliances",NASDAQ,94.84,66,33,33,25,6.5,102622439.25805092,15763815.0,0.0174,-14.59,21120,25540,25000,-0.05
1986,WRLD,Financial Services,Credit Services,NASDAQ,94.82,66,78,83,34,180.2,812962455.0979614,4660413.0,1.9944999,-20.85,56450,63250,73198,0.048
1987,AGNCN,Real Estate,REIT - Mortgage,NASDAQ,94.8,66,60,55,52,25.27,,,2.13,-2.77,39960,23280,21408,
1988,GHC,Industrials,Conglomerates,NYSE,94.79,66,53,67,66,1184.62,4868515516.044922,4234928.0,0.1329,-6.16,27850,35180,33224,0.071
1989,LANDP,Real Estate,REIT - Specialty,NASDAQ,94.79,66,61,61,55,20.0,,,0.19,-6.98,16138,22189,22787,0.042
1990,AGNCO,Real Estate,REIT - Mortgage,NASDAQ,94.78,66,61,55,52,25.04,,,0.46,-2.72,61473,33567,29424,
1991,GAM,Financial Services,Asset Management,NYSE,94.77,66,66,62,70,64.06,1519535484.8785896,23832113.0,0.0001,-6.58,23155,19258,18271,0.009
1992,PYPL,Financial Services,Credit Services,NASDAQ,94.77,66,66,36,21,55.02,45168333494.53515,855460874.0,0.038399998,-30.54,10780630,12874766,11712860,0.048
1993,B,Basic Materials,Gold,NYSE,94.76,66,74,54,86,39.99,66213929422.94391,1645884419.0,1.61,-26.88,8069410,8637006,10021918,0.438
1994,TCBX,Financial Services,Banks - Regional,NYSE,94.76,66,73,53,70,41.77,722159509.365387,16654970.0,0.034,-9.89,103330,107926,101672,0.321
1995,DGXX,Utilities,Utilities - Independent Power Producers,NASDAQ,94.75,66,36,87,78,3.19,389363273.21705246,101396688.0,0.0592,-65.33,2701400,2397640,2744956,-0.183
1996,FTAIM,Industrials,Aerospace & Defense,NASDAQ,94.74,66,62,57,52,26.98,,,4.01,-2.98,1554,1568,1920,0.409
1997,UYSC,Financial Services,Shell Companies,NASDAQ,94.72,66,59,52,48,10.91,84241828.0,7658348.0,0.006,-7.15,2450,2620,1602,
1998,TWFG,Financial Services,Insurance Brokers,NASDAQ,94.69,66,77,62,13,25.52,316985002.9915314,12880333.0,0.0915,-18.47,94880,159156,160710,0.451
1999,NSC,Industrials,Railroads,NYSE,94.69,66,67,69,63,316.99,71299682473.48029,224608373.0,0.034,-11.6,742270,1027790,1080654,0.114
2000,ADACU,Financial Services,Shell Companies,NASDAQ,94.68,66,50,49,38,10.52,,,,-3.04,50,20,12,
2001,PDX,Financial Services,Asset Management,NYSE,94.68,66,68,58,59,20.76,928116229.9526081,44706947.0,0.88,-16.86,104434,110208,118462,
2002,CULP,Consumer Cyclical,Textile Manufacturing,NASDAQ,94.68,66,71,57,18,3.63,49540411.695988655,12735324.0,0.0066000004,-18.24,82120,166170,106128,0.065
2003,OCCIN,Financial Services,Asset Management,NASDAQ,94.68,66,58,53,50,24.97,,,0.0,-3.96,2248,3572,3159,-0.102
2004,FBNC,Financial Services,Banks - Regional,NASDAQ,94.67,66,74,77,76,59.73,2580388713.393509,41398823.0,0.0633,-10.56,225780,226490,208938,0.16
2005,VPV,Financial Services,Asset Management,NYSE,94.64,66,58,65,56,10.85,191670420.9343958,17879703.0,0.0058,-5.65,37160,32110,31004,-0.105
2006,GFS,Technology,Semiconductors,NASDAQ,94.64,66,38,89,86,49.36,27965690291.846054,557418603.0,0.1504,-46.67,3896910,4024233,4181454,0.058
2007,PG,Consumer Defensive,Household & Personal Products,NYSE,94.64,66,40,50,35,150.59,336833603236.9281,2324433060.0,0.0104,-9.96,8555370,8287313,8669432,0.015
2008,YOU,Technology,Software - Application,NYSE,94.62,66,49,90,92,43.08,4275954007.4351006,102911049.0,0.1742,-37.63,1884980,1988826,1939338,0.266
2009,WLKP,Basic Materials,Chemicals,NYSE,94.62,66,54,57,58,21.41,749679883.7342834,35245880.0,0.0064,-10.34,23280,23206,29712,-0.0
2010,MBINM,Financial Services,Banks - Regional,NASDAQ,94.61,66,61,55,50,25.08,,,1.32,-3.39,12308,8969,6907,0.371
2011,SCHL,Communication Services,Publishing,NASDAQ,94.61,66,62,91,91,38.38,666421886.8452911,18409444.0,0.1848,-20.16,619610,477560,410764,-0.039
2012,OPRA,Communication Services,Internet Content & Information,NASDAQ,94.6,66,71,82,64,16.84,1573837764.6385803,88917384.0,0.0615,-18.96,271780,321660,342468,0.246
2013,CURB,Real Estate,REIT - Retail,NYSE,94.59,66,73,79,73,27.22,3252125019.4102287,115038025.0,0.2292,-15.33,1377020,1465493,1406184,0.529
2014,SIMAU,Financial Services,Shell Companies,NASDAQ,94.57,66,40,47,46,11.25,,,0.66,-37.47,0,33,342,
2015,AKAM,Technology,Software - Infrastructure,NASDAQ,94.55,66,60,88,68,100.9,15653612789.12703,143716609.0,0.1537,-39.01,7850100,4980193,4420602,0.054
2016,CGO,Financial Services,Asset Management,NASDAQ,94.55,66,68,67,68,12.56,124708356.73630333,9827294.0,0.0039,-11.55,30241,24083,26606,-0.273
2017,COGT,Healthcare,Biotechnology,NASDAQ,94.55,66,87,95,98,30.08,5382745021.073433,173524982.0,0.105,-31.21,2080920,1994316,1925854,
2018,SPFI,Financial Services,Banks - Regional,NASDAQ,94.54,66,67,58,69,42.8,810458305.7238579,18839105.0,0.0369,-8.82,107160,119460,114314,0.23
2019,GSM,Basic Materials,Other Industrial Metals & Mining,NASDAQ,94.53,66,62,17,41,4.19,796025845.1889782,186860517.0,0.0402,-27.0,1156930,1166546,1478954,-0.021
2020,FDUS,Financial Services,Asset Management,NASDAQ,94.53,66,64,62,43,19.09,765981861.4027691,39770605.0,0.043,-9.74,342850,324396,342646,0.088
2021,SUNB,Industrials,Rental & Leasing Services,NYSE,94.53,66,39,51,34,74.85,31592872933.448387,409764897.0,1.12,-13.65,4387080,7339953,5211822,0.112
2022,CUZ,Real Estate,REIT - Office,NYSE,94.52,66,63,79,29,27.72,4610503682.254421,164602058.0,0.1,-15.87,1423590,1440216,1493522,0.116
2023,KVUE,Consumer Defensive,Household & Personal Products,NYSE,94.52,66,53,59,38,17.73,33037305097.83386,1920773467.0,0.0348,-11.92,16936110,23451050,22668800,0.03
2024,SONY,Technology,Consumer Electronics,NYSE,94.52,66,44,27,26,23.95,139235832872.5259,5845333109.0,0.0021,-21.06,3915530,3833956,4213820,0.082
2025,TRMK,Financial Services,Banks - Regional,NASDAQ,94.51,66,72,70,73,44.55,2667181619.3317337,58070577.0,0.0806,-9.08,348320,384780,348124,0.09
2026,AIRTP,Industrials,Conglomerates,NASDAQ,94.5,65,57,57,57,18.84,,,0.37,-10.29,1110,1590,2550,0.629
2027,LLYVA,Communication Services,Entertainment,NASDAQ,94.5,65,44,66,70,95.65,8806754703.03125,92005376.0,0.0656,-9.81,138070,137923,146020,0.061
2028,USB,Financial Services,Banks - Regional,NYSE,94.5,65,77,79,75,57.03,89603536044.32239,1558051446.0,0.01,-13.7,7895090,7804923,7178856,0.104
2029,VIK,Consumer Cyclical,Travel Services,NYSE,94.49,65,69,88,87,81.64,35981166179.01489,446638124.0,0.037,-25.84,4278640,4267656,3936276,0.165
2030,LECO,Industrials,Tools & Accessories,NASDAQ,94.48,65,46,55,65,258.78,14955289871.801392,54505757.0,0.0226,-16.52,333100,400556,440446,0.12
2031,ARLP,Energy,Thermal Coal,NASDAQ,94.47,65,72,43,49,24.65,3156000476.8729877,128658801.0,0.0154,-16.3,345100,261496,313236,0.007
2032,WS,Basic Materials,Steel,NYSE,94.46,65,32,58,57,34.62,1883496566.620697,50946619.0,0.065799996,-29.59,562580,389353,321166,0.116
2033,DMRA,Healthcare,Biotechnology,NASDAQ,94.46,65,99,99,99,20.56,1274838443.7997684,61735519.0,0.089499995,-46.35,649190,708210,557232,
2034,DRI,Consumer Cyclical,Restaurants,NYSE,94.45,65,59,41,39,200.52,22745820187.381165,113541756.0,0.0723,-12.73,1324390,1255580,1168554,0.051
2035,LLYVK,Communication Services,Entertainment,NASDAQ,94.44,65,47,68,71,98.43,9004566401.820312,92005376.0,0.033,-10.31,306310,301563,295052,0.061
2036,RANGU,Financial Services,Shell Companies,NASDAQ,94.43,65,57,42,43,11.31,,,10.67,-4.96,0,0,4,
2037,EBC,Financial Services,Banks - Regional,NASDAQ,94.43,65,72,77,75,21.08,4905000498.548096,228511552.0,0.0744,-11.34,2225050,2339046,2202854,0.276
2038,YHNA,Financial Services,Shell Companies,NASDAQ,94.43,65,56,49,47,11.19,48044053.5734911,4285821.0,0.0,-6.75,1310,22936,14448,
2039,JPM,Financial Services,Banks - Diversified,NYSE,94.41,65,76,69,59,331.42,883527940473.5248,2658186195.0,0.0091,-9.57,7982710,7591543,6877250,0.304
2040,MACIU,Financial Services,Shell Companies,NASDAQ,94.41,65,56,50,35,11.32,,,5.55,-43.4,60,20,52,
2041,YHNAU,Financial Services,Shell Companies,NASDAQ,94.39,65,53,52,42,11.09,,,0.0,-31.63,1791,620,392,
2042,PFX,Financial Services,Asset Management,NASDAQ,94.37,65,55,33,26,45.4,86665875.875,1931273.0,0.0002,-19.61,2620,6513,9344,0.048
2043,BEAGU,Financial Services,Shell Companies,NASDAQ,94.36,65,56,47,37,11.22,,,0.0,-11.93,0,50,90,
2044,VLYPO,Financial Services,Banks - Regional,NASDAQ,94.34,65,56,52,51,24.83,,,1.07,-3.16,4740,4466,5894,0.15
2045,FLS,Industrials,Specialty Industrial Machinery,NYSE,94.34,65,55,58,87,69.65,9453377797.725677,127112780.0,0.062800005,-24.63,1623820,1635636,1637042,-0.016
2046,YIBO,Technology,Computer Hardware,NASDAQ,94.32,65,64,55,19,1.05,62195929.22549224,59234221.0,0.0018000001,-42.31,4090,2620,4936,-0.07
2047,CAPN,Financial Services,Shell Companies,NASDAQ,94.32,65,56,52,51,11.26,59491035.0,5288092.0,0.00090000004,-4.13,100,1623,1514,
2048,BG,Consumer Defensive,Farm Products,NYSE,94.31,65,77,76,82,107.82,20502953041.080414,192119123.0,0.0505,-20.06,1683340,1912120,1698936,0.883
2049,VLYPP,Financial Services,Banks - Regional,NASDAQ,94.31,65,57,51,55,25.01,,,2.15,-2.87,5009,4603,5285,0.15
2050,VFF,Consumer Defensive,Farm Products,NASDAQ,94.31,65,71,23,95,2.7,347293072.98408294,122286297.0,0.047,-45.89,874020,756350,943296,0.068
2051,BMRC,Financial Services,Banks - Regional,NASDAQ,94.29,65,67,67,62,27.14,448742597.25372314,16194248.0,0.056199998,-12.23,109120,146746,148124,2.754
2052,ICE,Financial Services,Financial Data & Stock Exchanges,NYSE,94.29,65,55,25,34,155.35,84293378796.56998,561394487.0,0.0128999995,-11.76,2281310,2917913,3268030,0.048
2053,DEO,Consumer Defensive,Beverages - Wineries & Distilleries,NYSE,94.29,65,54,34,24,86.98,47133294513.0,556145068.0,0.0056,-15.34,1017570,959393,1115806,-0.017
2054,WSBC,Financial Services,Banks - Regional,NASDAQ,94.27,65,79,73,67,36.96,3654973488.326309,95905889.0,0.066300005,-14.09,961790,1037946,916672,0.035
2055,AFG,Financial Services,Insurance - Property & Casualty,NYSE,94.27,65,65,59,51,141.98,11534376426.712463,82921466.0,0.025,-5.36,400170,389870,376610,0.058
2056,UTHR,Healthcare,Drug Manufacturers - Specialty & Generic,NASDAQ,94.26,65,53,73,90,532.78,23233888379.968018,42890692.0,0.0762,-12.57,1217440,895523,752104,-0.019
2057,NIE,Financial Services,Asset Management,NYSE,94.25,65,62,66,62,25.32,689676121.9377899,27708965.0,0.0018000001,-7.05,108201,82973,69208,
2058,UI,Technology,Communication Equipment,NYSE,94.24,65,27,23,97,641.8,37559072160.31494,60528381.0,0.0953,-41.65,100090,146313,146152,0.235
2059,REXR,Real Estate,REIT - Industrial,NYSE,94.23,65,53,35,36,37.23,8181433963.332413,222988124.0,0.0655,-16.11,2748250,2787733,2578148,-0.016
2060,TY,Financial Services,Asset Management,NYSE,94.23,65,60,60,57,34.47,1832392566.741848,53422525.0,0.1,-5.69,29175,33758,31589,0.027
2061,RMTI,Healthcare,Drug Manufacturers - Specialty & Generic,NASDAQ,94.22,65,37,9,25,8.02,34863520.71249962,4030465.0,0.0228,-37.83,21880,22450,24960,0.106
2062,AGNCM,Real Estate,REIT - Mortgage,NASDAQ,94.22,65,62,56,50,24.46,,,1.17,-4.23,33740,21410,17780,
2063,BKR,Energy,Oil & Gas Equipment & Services,NASDAQ,94.22,65,66,71,82,56.3,55589747976.0,992674071.0,0.028299998,-20.04,6085070,7774643,7152040,-0.024
2064,ITT,Industrials,Specialty Industrial Machinery,NYSE,94.21,65,65,54,82,198.7,18522276349.57837,89839824.0,0.0848,-13.73,857840,803423,838728,0.515
2065,TW,Financial Services,Capital Markets,NASDAQ,94.2,65,35,26,45,109.68,21769707079.63211,212969153.0,0.030299999,-14.1,1326660,1313096,1443704,0.09
2066,COOK,Consumer Cyclical,"Furnishings, Fixtures & Appliances",NYSE,94.2,65,43,86,13,51.43,148585690.13024902,2798224.0,0.073,-40.61,91360,51753,50332,-0.174
2067,ADAM,Real Estate,REIT - Mortgage,NASDAQ,94.2,65,81,85,73,7.65,701961123.5170374,89879786.0,0.0427,-26.16,1230980,1165803,1071714,1.298
2068,SPMA,Financial Services,Asset Management,NYSE,94.19,65,58,53,51,24.98,,,0.01,-1.81,4252,4574,5416,-0.353
2069,CNS,Financial Services,Asset Management,NYSE,94.19,65,72,72,33,70.71,3753771909.0,51421533.0,0.0544,-18.31,302470,292650,266024,0.122
2070,ASB,Financial Services,Banks - Regional,NYSE,94.19,65,73,74,70,28.76,5476640111.0,188849659.0,0.0,-11.4,1812650,2096946,1802436,0.235
2071,DTSQ,Financial Services,Shell Companies,NASDAQ,94.19,65,55,55,53,11.48,42306475.94126701,3653409.0,0.0004,-11.01,10770,4050,2554,
2072,ONB,Financial Services,Banks - Regional,NASDAQ,94.18,65,70,72,62,24.73,9548946849.746704,382570000.0,0.070300005,-9.61,5400940,4453280,4011730,0.288
2073,EQBK,Financial Services,Banks - Regional,NYSE,94.15,65,68,67,62,47.49,982879538.2735062,20592490.0,0.028299998,-9.14,111020,106363,99156,0.381
2074,VMD,Healthcare,Medical Devices,NASDAQ,94.14,65,58,91,84,9.41,347745525.9988518,38088228.0,0.0403,-25.38,278720,278386,375604,0.239
2075,CHAR,Financial Services,Shell Companies,NASDAQ,94.13,65,57,51,46,11.0,120286052.92797089,10965000.0,0.46,-4.14,44572,21347,20616,
2076,PEN,Healthcare,Medical Devices,NYSE,94.13,65,58,63,67,317.52,12508110475.272095,39389422.0,0.052699998,-12.39,299550,363743,322894,0.149
2077,SHC,Healthcare,Diagnostics & Research,NASDAQ,94.12,65,75,73,64,17.83,5199528568.948679,285374795.0,0.0496,-10.18,1805380,1942636,2297758,0.092
2078,DEA,Real Estate,REIT - Office,NYSE,94.11,65,64,68,60,23.22,1107325819.7482357,47321617.0,0.0629,-10.55,675900,467063,427912,0.092
2079,CHW,Financial Services,Asset Management,NASDAQ,94.11,65,68,72,69,8.05,510915096.0,63864387.0,0.001,-12.31,263671,183930,176390,-0.236
2080,TAVIU,Financial Services,Shell Companies,NASDAQ,94.11,65,42,46,45,11.0,,,0.07,-31.55,71,1489,895,
2081,INTG,Consumer Cyclical,Lodging,NASDAQ,94.1,65,89,92,93,32.28,59887392.2433548,2148812.0,0.08930001,-37.92,45930,78056,95122,0.133
2082,DTIL,Healthcare,Biotechnology,NASDAQ,94.1,65,86,92,91,6.43,174165804.1606264,27601554.0,0.0825,-33.16,227010,249573,265286,
2083,UBS,Financial Services,Banks - Diversified,NYSE,94.1,65,85,85,65,47.06,156384081373.51974,3277805164.0,0.0019,-15.94,2191350,2172903,1915750,0.146
2084,CFG,Financial Services,Banks - Regional,NYSE,94.09,65,77,81,81,64.09,27094303543.237732,421176788.0,0.0002,-14.92,4580970,4038500,3601380,0.147
2085,SKY,Consumer Cyclical,Residential Construction,NYSE,94.05,65,55,66,46,81.47,4782079722.5750885,54280134.0,0.0639,-17.85,507200,525053,613662,0.013
2086,PRGS,Technology,Software - Infrastructure,NASDAQ,94.05,65,68,53,13,38.28,1508257747.1690674,40874192.0,0.1673,-19.09,825770,638730,543326,-0.015
2087,DFIN,Technology,Software - Application,NYSE,94.04,64,67,31,43,50.2,1144695466.2428856,24585383.0,0.0531,-10.77,229630,237266,235328,0.028
2088,ADAMM,Real Estate,REIT - Mortgage,NASDAQ,94.03,64,63,57,57,24.39,,,0.15,-5.47,28321,15580,15396,1.298
2089,CCAQ,Financial Services,Shell Companies,NASDAQ,94.02,64,55,49,45,10.69,216288762.4799738,20232813.0,0.0001,-0.09,880,1013,1016,
2090,XPO,Industrials,Trucking,NYSE,94.02,64,60,82,93,181.95,21788619843.06656,117086465.0,0.0548,-21.59,1157580,1107396,1030128,0.132
2091,CHECU,Financial Services,Shell Companies,NASDAQ,94.02,64,47,48,42,10.49,0.0,0.0,,0.82,80,26,16,
2092,AGNCP,Real Estate,REIT - Mortgage,NASDAQ,93.97,64,61,56,49,24.47,,,0.25,-4.19,127621,69713,59604,
2093,MAT,Consumer Cyclical,Leisure,NASDAQ,93.97,64,24,21,22,16.58,4362639130.783081,285700000.0,0.1433,-26.25,13024580,6920956,5655728,0.105
2094,PONOU,Financial Services,Shell Companies,NASDAQ,93.97,64,59,51,41,10.47,,,165.9,-19.46,0,0,4,
2095,EOI,Financial Services,Asset Management,NYSE,93.96,64,55,50,51,19.99,813884713.4409256,41001748.0,1.21,-5.26,77291,67437,71036,-0.051
2096,WTG,Financial Services,Shell Companies,NASDAQ,93.96,64,55,49,45,10.65,78059032.51874447,7336375.0,0.0004,-0.19,13050,11983,38540,
2097,HQH,Financial Services,Asset Management,NYSE,93.95,64,83,76,74,19.13,1132406229.1657867,57192236.0,0.45,-23.02,242964,167654,190234,-0.421
2098,ARCC,Financial Services,Asset Management,NASDAQ,93.95,64,59,40,33,18.74,13541911294.946365,718022845.0,0.0586,-11.35,4956300,4747180,4457764,0.031
2099,AMCR,Consumer Cyclical,Packaging & Containers,NYSE,93.94,64,66,56,40,41.88,19337046865.349274,461945690.0,0.050100002,-17.79,2979060,3276540,3560662,0.259
2100,ELLO,Utilities,Utilities - Renewable,NYSE ARCA,93.93,64,36,26,77,21.8,286829008.938961,13783230.0,0.00029999999,-28.15,1870,1893,2574,0.101
2101,TTEK,Industrials,Engineering & Construction,NASDAQ,93.9,64,72,32,28,33.41,8480191181.875046,256044428.0,0.048699997,-22.55,1971420,2052750,2449102,-0.039
2102,BCML,Financial Services,Banks - Regional,NASDAQ,93.9,64,51,77,56,30.84,340598455.06197166,10920117.0,0.0201,-11.84,61820,52243,56290,-0.184
2103,MRBK,Financial Services,Banks - Regional,NASDAQ,93.9,64,69,76,82,18.7,226294032.36897278,11929048.0,0.024400001,-13.71,61680,70093,82810,0.037
2104,HLIO,Industrials,Specialty Industrial Machinery,NYSE,93.89,64,57,91,90,67.95,2369754301.9251556,33046358.0,0.0311,-28.51,447320,379006,348276,0.091
2105,NDAQ,Financial Services,Financial Data & Stock Exchanges,NASDAQ,93.89,64,58,46,41,92.37,50492427036.27814,558977372.0,0.0197,-9.25,3246820,3234610,3060020,0.149
2106,DMAAU,Financial Services,Shell Companies,NASDAQ,93.88,64,43,47,44,10.99,,,0.02,-12.08,0,3,30,
2107,COLD,Real Estate,REIT - Industrial,NYSE,93.87,64,72,77,26,13.81,3988163373.7015314,285480551.0,0.09729999,-18.19,3515750,3579353,3540202,0.018
2108,BSAA,Financial Services,Shell Companies,NASDAQ,93.86,64,43,72,45,11.18,83614351.41134262,7399500.0,0.0007,-35.0,750,1953,7492,
2109,ECL,Basic Materials,Specialty Chemicals,NYSE,93.86,64,55,42,50,281.69,76725942063.08002,280328603.0,0.0214,-8.92,1172920,1198796,1298376,0.097
2110,ASO,Consumer Cyclical,Specialty Retail,NASDAQ,93.83,64,58,26,67,52.76,3000739330.2414207,61578891.0,0.20459999,-15.51,1440620,1984063,1777406,0.03
2111,CP,Industrials,Railroads,NYSE,93.83,64,66,70,59,84.35,75548070656.74951,879079224.0,0.0231,-12.95,2184910,2166926,2375162,0.126
2112,HCA,Healthcare,Medical Care Facilities,NYSE,93.81,64,42,26,73,445.01,92379025563.56812,216501500.0,0.046,-20.04,1055120,1381650,1308422,0.087
2113,LCCCU,Financial Services,Shell Companies,NASDAQ,93.81,64,51,41,44,10.8,,,,-32.03,50,16,120,
2114,MRT,Technology,Software - Application,NYSE ARCA,93.8,64,42,13,27,1.85,166730961.39774323,85943792.0,0.0011999999,-32.73,46150,51503,49502,1.407
2115,FSUN,Financial Services,Banks - Regional,NASDAQ,93.78,64,66,31,50,38.9,1736918484.438881,43950366.0,0.0328,-8.12,315080,365320,322942,0.422
2116,LGN,Industrials,Engineering & Construction,NASDAQ,93.78,64,56,93,95,51.55,4122842035.9986877,76904346.0,0.059,-51.93,1162240,941723,1032268,1.107
2117,KPRX,Healthcare,Biotechnology,NASDAQ,93.76,64,63,36,37,2.53,11345766.146402359,4431940.0,0.00090000004,-14.24,11250,13383,15052,
2118,PMTRU,Financial Services,Shell Companies,NASDAQ,93.76,64,47,48,42,11.0,,,0.0,-11.29,0,133,92,
2119,PDPA,Financial Services,Asset Management,NYSE,93.75,64,57,53,51,24.92,,,0.44,-6.42,3317,4289,4555,
2120,GIWWU,Financial Services,Shell Companies,NASDAQ,93.74,64,55,47,41,10.59,,,0.76,-1.12,0,416,250,
2121,GWRS,Utilities,Utilities - Regulated Water,NASDAQ,93.74,64,73,24,21,8.16,233848347.71173668,28763634.0,0.0306,-26.95,53760,76136,92654,0.248
2122,VLN,Technology,Semiconductors,NYSE,93.74,64,30,55,15,1.76,206814903.3457632,108280056.0,0.0195,-52.56,404610,591653,727868,0.061
2123,EICA,Financial Services,Asset Management,NYSE,93.74,64,56,53,50,25.0,,,0.32,-3.55,3585,3108,3111,-0.204
2124,SNFCA,Financial Services,Insurance - Life,NASDAQ,93.73,64,56,71,64,9.18,236220604.88195038,26044169.0,0.013200001,-10.26,27790,28466,29794,-0.063
2125,CHI,Financial Services,Asset Management,NASDAQ,93.72,64,71,78,69,11.75,935681078.3000336,80871314.0,0.0104,-12.96,229567,177532,164559,-0.454
2126,RSF,Financial Services,Asset Management,NYSE,93.72,64,60,56,53,14.18,49575951.82373142,3464427.0,1.35,-5.91,9984,9011,8514,
2127,VCYT,Healthcare,Diagnostics & Research,NASDAQ,93.7,64,64,95,44,43.6,3682699497.5098686,80390731.0,0.123500004,-28.42,1412470,1422813,1469694,0.155
2128,DMAA,Financial Services,Shell Companies,NASDAQ,93.7,64,55,50,46,10.85,264375590.90481663,24276913.0,0.0047,-0.37,4830,29366,21204,
2129,OCCIM,Financial Services,Asset Management,NASDAQ,93.69,64,59,54,52,24.9,,,1.61,-4.45,1724,3151,3526,-0.102
2130,IAF,Financial Services,Asset Management,NYSE ARCA,93.68,64,63,49,55,12.55,118725604.75984669,9582373.0,0.52,-13.69,23793,21704,20662,0.102
2131,CVSA,Consumer Defensive,Education & Training Services,NYSE,93.68,64,61,37,36,130.29,4271191247.8660583,34038820.0,0.08229999,-16.62,373170,353516,353222,0.097
2132,LANDO,Real Estate,REIT - Specialty,NASDAQ,93.67,64,63,60,58,19.88,,,0.43,-9.98,17074,17641,15228,0.042
2133,FN,Technology,Electronic Components,NYSE,93.66,64,22,56,96,487.33,16616268175.64746,35834864.0,0.056900002,-34.93,894970,828110,907072,0.446
2134,LGL,Technology,Scientific & Technical Instruments,NYSE ARCA,93.66,64,56,52,56,6.75,91193067.51057673,12613149.0,0.0022,-14.34,8430,20003,16428,0.248
2135,OXLCN,Financial Services,Asset Management,NASDAQ,93.66,64,56,54,51,24.38,,,0.59,-2.87,2455,2508,2329,-0.102
2136,UTL,Utilities,Utilities - Diversified,NYSE,93.66,64,65,57,54,52.38,933717722.7134781,18236674.0,0.0479,-8.52,168920,150166,133648,0.14
2137,JOB,Industrials,Staffing & Employment Services,NYSE ARCA,93.64,64,69,35,69,0.22,23072843.339631647,109870686.0,0.0062,-21.43,197830,199840,258524,-0.153
2138,CCCC,Healthcare,Biotechnology,NASDAQ,93.61,64,69,92,88,2.85,362924157.0662956,123025136.0,0.32860002,-44.87,2300450,2102223,2241834,0.028
2139,HITI,Healthcare,Pharmaceutical Retailers,NASDAQ,93.61,64,47,24,31,2.58,234445085.02156258,89142614.0,1.8,-32.11,716330,788540,662510,0.328
2140,BWMX,Consumer Cyclical,Specialty Retail,NYSE,93.61,64,49,84,89,16.28,651503374.5,39485053.0,0.0076,-17.74,36140,65940,70866,0.168
2141,RANG,Financial Services,Shell Companies,NASDAQ,93.6,64,54,47,45,10.88,72739962.76043415,6697971.0,0.0011999999,-6.73,730,2646,2038,
2142,INM,Healthcare,Drug Manufacturers - Specialty & Generic,NASDAQ,93.59,64,40,88,5,1.33,7306667.785765529,5493735.0,0.0029,-46.8,45780,59670,77068,
2143,HTB,Financial Services,Banks - Regional,NYSE,93.59,64,69,71,66,46.43,770305365.0628433,16533706.0,0.0714,-11.56,169300,210183,212596,-0.01
2144,SSEA,Financial Services,Shell Companies,NASDAQ,93.58,64,51,49,44,10.44,79183991.7661438,7635872.0,0.0011,0.48,3130,6540,10202,
2145,PLOW,Consumer Cyclical,Auto Parts,NYSE,93.56,64,61,79,89,39.39,934851094.7259445,23077046.0,0.0315,-28.38,199060,187783,244862,0.105
2146,EXG,Financial Services,Asset Management,NYSE,93.55,63,65,64,59,9.36,2881917388.2610664,305936026.0,0.99,-7.87,623607,451972,441987,
2147,MKLYU,Financial Services,Shell Companies,NASDAQ,93.54,63,54,48,42,10.5,,,4.97,-7.98,30,83,3272,
2148,BANR,Financial Services,Banks - Regional,NASDAQ,93.54,63,68,64,48,66.87,2487087258.7266846,36639472.0,0.0496,-10.65,244510,275263,291794,0.069
2149,SVAQU,Financial Services,Shell Companies,NASDAQ,93.53,63,58,52,41,10.48,,,59.26,-2.96,0,0,22,
2150,CCAQU,Financial Services,Shell Companies,NASDAQ,93.51,63,42,52,46,10.8,,,0.46,-15.76,3100,1033,668,
2151,TOWN,Financial Services,Banks - Regional,NASDAQ,93.51,63,66,59,57,35.27,3330514905.4115295,92437275.0,5.28,-9.63,594310,531253,548834,1.178
2152,DLR,Real Estate,REIT - Specialty,NYSE,93.51,63,62,42,76,176.07,66241823838.04826,370998727.0,0.0,-15.41,1799570,2009036,2001738,0.299
2153,RDNT,Healthcare,Diagnostics & Research,NASDAQ,93.51,63,74,38,31,68.21,5503334171.026649,78697757.0,0.1454,-20.54,584600,725876,729584,0.25
2154,BEKE,Real Estate,Real Estate Services,NYSE,93.5,63,42,40,28,17.09,18065016604.225067,1099514076.0,0.0479,-14.03,5410060,5233633,4491994,-0.057
2155,BPYPO,Real Estate,Real Estate Services,NASDAQ,93.49,63,63,61,59,14.69,,,1.07,-9.64,18026,48218,34051,0.053
2156,AACIU,Financial Services,Shell Companies,NASDAQ,93.49,63,45,46,40,10.32,,,0.0,-4.0,20,6,4,
2157,RNGTU,Financial Services,Shell Companies,NASDAQ,93.49,63,54,45,40,10.46,,,71.94,-4.91,0,16,54,
2158,TIC,Industrials,Specialty Business Services,NYSE,93.48,63,57,18,18,8.82,1802500190.5066757,218220356.0,0.1034,-39.8,1512080,1441236,1838836,0.861
2159,QSEA,Financial Services,Shell Companies,NASDAQ,93.48,63,55,50,46,10.68,108388666.91719055,10134518.0,0.0002,-1.61,24213,10374,9056,
2160,HCSG,Healthcare,Medical Care Facilities,NASDAQ,93.48,63,72,88,81,20.66,1432354113.3384361,68632202.0,0.0539,-19.77,725830,691953,698824,0.027
2161,ARWR,Healthcare,Biotechnology,NASDAQ,93.48,63,94,96,98,60.74,9067124581.589539,141254467.0,0.0913,-36.39,1835630,2078286,1710272,1.71
2162,DYNC,Financial Services,Shell Companies,NASDAQ,93.47,63,54,49,52,10.9,241363990.45476246,22133333.0,0.0005,-0.77,48730,29450,37752,
2163,ACIW,Technology,Software - Infrastructure,NASDAQ,93.46,63,74,80,33,51.07,5062905490.195473,100955241.0,0.092,-16.39,705840,751473,875622,0.073
2164,PAM,Industrials,Conglomerates,NYSE,93.46,63,65,60,58,80.68,4094791728.412857,53603767.0,0.0126,-14.62,186220,184850,179286,0.535
2165,ECCC,Financial Services,Asset Management,NYSE,93.45,63,63,56,55,24.42,,,0.74,-4.24,1716,1845,2783,-0.218
2166,NATH,Consumer Cyclical,Restaurants,NASDAQ,93.45,63,42,45,55,101.75,415871606.1364517,4097661.0,0.056599997,-9.42,38220,29963,28244,0.15
2167,BSAC,Financial Services,Banks - Regional,NYSE,93.44,63,78,71,80,31.94,15070978883.000261,471115317.0,0.0047,-15.32,436960,337433,315946,0.202
2168,HAL,Energy,Oil & Gas Equipment & Services,NYSE,93.44,63,73,78,88,32.57,26535202506.764015,833130367.0,0.056700002,-25.28,10018810,10662860,10508086,0.037
2169,CLPR,Real Estate,REIT - Residential,NYSE,93.43,63,59,27,30,3.17,50734758.93499613,16157566.0,0.0112,-26.62,39940,51656,61060,-0.012
2170,DBCAU,Financial Services,Shell Companies,NASDAQ,93.43,63,55,49,39,10.38,,,4.1,-3.89,170,56,494,
2171,BOE,Financial Services,Asset Management,NYSE,93.42,63,64,61,57,11.7,649965437.9192591,55600125.0,0.0016,-7.0,211067,140375,122919,0.013
2172,ONBPP,Financial Services,Banks - Regional,NASDAQ,93.41,63,57,52,49,24.88,,,1.46,-2.43,8525,6895,7883,0.288
2173,SPME,Financial Services,Asset Management,NYSE,93.41,63,55,54,49,24.75,,,0.94,-4.81,3494,4701,3672,-0.353
2174,NU,Financial Services,Banks - Regional,NYSE,93.41,63,64,31,58,15.38,64876150164.579185,4830688659.0,0.035,-18.97,102719450,80642823,74506970,0.521
2175,RNGR,Energy,Oil & Gas Equipment & Services,NYSE,93.4,63,72,68,80,15.46,366475676.6091347,23402023.0,0.019199999,-17.83,144230,165736,187250,0.255
2176,SLMBP,Financial Services,Credit Services,NASDAQ,93.4,63,57,53,53,73.57,,,1.8,-3.54,1236,1858,2369,0.081
2177,ILLUU,Financial Services,Shell Companies,NASDAQ,93.4,63,55,43,41,10.28,,,0.0,0.1,50,16,12,
2178,BSBK,Financial Services,Banks - Regional,NASDAQ,93.39,63,58,56,49,9.07,116000337.11722183,12761313.0,0.0046,-5.03,3090,3790,7310,0.118
2179,TXNM,Utilities,Utilities - Regulated Electric,NYSE,93.39,63,52,40,52,58.58,6432445449.566143,110125757.0,0.0661,-1.6,1509980,1711023,1350892,0.092
2180,EGP,Real Estate,REIT - Industrial,NYSE,93.39,63,63,74,68,195.12,10527739936.618744,53773317.0,0.073,-13.93,518900,509513,476300,0.091
2181,NSYS,Healthcare,Medical Devices,NASDAQ,93.39,63,63,85,92,11.3,33046610.062274933,2853766.0,0.0031,-37.26,5320,12760,14056,0.093
2182,ALSN,Consumer Cyclical,Auto Parts,NYSE,93.37,63,81,65,83,109.11,9741731243.663269,82578038.0,0.040599998,-20.72,763670,789333,811568,0.924
2183,BALL,Consumer Cyclical,Packaging & Containers,NYSE,93.37,63,69,59,74,58.37,14921327951.356312,264703357.0,0.0348,-14.53,2307330,2105756,1968344,0.197
2184,AURA,Healthcare,Biotechnology,NASDAQ,93.36,63,69,63,79,6.51,631562302.634098,103704809.0,0.0684,-31.73,959210,887233,856088,
2185,SPG,Real Estate,REIT - Retail,NYSE,93.34,63,64,78,75,199.61,65019283551.82472,323559515.0,0.0,-16.31,1162750,1259630,1265752,0.195
2186,NBRGU,Financial Services,Shell Companies,NASDAQ,93.33,63,50,49,38,10.39,,,0.22,-5.89,100,310,440,
2187,ONBPO,Financial Services,Banks - Regional,NASDAQ,93.32,63,56,52,49,24.79,,,2.48,-2.59,9260,6293,6090,0.288
2188,GTERA,Financial Services,Shell Companies,NASDAQ,93.31,63,53,49,45,10.49,247947145.4744339,23727000.0,0.0005,0.29,139840,56433,36908,
2189,XFLT,Financial Services,Asset Management,NYSE,93.3,63,60,27,19,18.99,294108361.9058304,15230884.0,0.0017,-28.2,117272,87464,79924,
2190,FLGT,Healthcare,Diagnostics & Research,NASDAQ,93.3,63,55,60,16,20.82,591028481.0444984,27515293.0,0.1353,-32.93,304250,327026,319910,0.044
2191,STKE,Financial Services,Capital Markets,NASDAQ,93.29,63,13,10,4,1.55,67918978.51514816,39718700.0,0.0066000004,-66.23,488520,431280,328446,-0.412
2192,MLSS,Healthcare,Medical Instruments & Supplies,NYSE ARCA,93.28,63,74,74,12,0.36,34432206.16793275,90611070.0,0.0011999999,-40.0,110700,87210,130888,0.223
2193,ZVRA,Healthcare,Biotechnology,NASDAQ,93.28,63,77,78,64,11.0,593243958.5981312,59383781.0,0.097799994,-26.84,1084780,952530,988138,0.533
2194,LOGI,Technology,Computer Hardware,NASDAQ,93.27,63,33,49,61,101.5,14937406750.542389,143188332.0,0.0841,-21.72,552370,702600,753194,0.069
2195,NMIH,Financial Services,Insurance - Specialty,NASDAQ,93.27,63,75,61,58,40.61,2920709292.0579987,75217851.0,0.0321,-13.12,988150,704426,599592,0.081
2196,MACI,Financial Services,Shell Companies,NASDAQ,93.26,63,55,49,46,11.05,238702706.05520058,21621622.0,0.00059999997,-2.86,3760,3656,2670,
2197,FHI,Financial Services,Asset Management,NYSE,93.24,63,70,69,71,55.95,4186201932.8854904,74660281.0,0.062,-16.74,651810,679666,633874,0.183
2198,NHIVU,Financial Services,Shell Companies,NASDAQ,93.24,63,53,49,39,10.32,,,26.29,-6.18,0,0,32,
2199,USAC,Energy,Oil & Gas Equipment & Services,NYSE,93.24,63,69,62,63,25.38,3684459840.9582996,144943345.0,0.018099999,-16.92,281060,418760,370236,0.368
2200,FCNCA,Financial Services,Banks - Regional,NASDAQ,93.23,63,65,54,52,2065.89,23415832154.0625,11293120.0,0.0529,-10.03,64090,67000,60336,0.085
2201,GLAD,Financial Services,Asset Management,NASDAQ,93.23,63,53,40,27,18.99,432657262.73142815,22593069.0,0.048,-12.61,165530,162893,166008,0.131
2202,PVH,Consumer Cyclical,Apparel Manufacturing,NYSE,93.22,63,31,48,82,81.14,3484790470.169403,46137833.0,0.139,-19.46,846390,1022363,970974,-0.032
2203,FSHP,Financial Services,Shell Companies,NASDAQ,93.21,63,59,52,48,11.28,39721155.26578903,3518260.0,0.0014,-6.0,2610,1580,3570,
2204,DLB,Industrials,Specialty Business Services,NYSE,93.21,63,59,18,33,58.45,5516155280.379105,93668795.0,0.1251,-19.89,735860,977756,958504,-0.033
2205,UNTY,Financial Services,Banks - Regional,NASDAQ,93.2,63,68,60,62,55.25,555756268.0523758,10042578.0,0.0223,-11.6,49230,56096,55868,-0.057
2206,INOD,Technology,Information Technology Services,NASDAQ,93.19,62,22,77,26,61.2,2409192345.0772476,34382651.0,0.146,-51.09,1422310,1400153,1496320,0.578
2207,MMI,Real Estate,Real Estate Services,NYSE,93.19,62,62,66,33,28.76,1081974544.152687,37871003.0,0.073699996,-14.28,176630,163093,147532,0.178
2208,SSB,Financial Services,Banks - Regional,NYSE,93.19,62,69,56,56,100.57,9882675115.07135,96974534.0,0.035099998,-10.37,712470,680600,733968,-0.001
2209,RGT,Financial Services,Asset Management,NYSE,93.18,62,62,61,70,14.15,93455025.21788216,6562853.0,0.0005,-10.39,10519,16679,18757,
2210,DEC,Energy,Oil & Gas Integrated,NYSE,93.18,62,62,37,76,14.1,926479484.2471218,69037219.0,0.107200004,-25.4,663650,834666,844244,0.247
2211,EMBC,Healthcare,Medical Instruments & Supplies,NASDAQ,93.15,62,30,3,24,5.75,320126739.75348043,56659599.0,0.1177,-61.44,1045430,1208103,1416494,-0.081
2212,PGACU,Financial Services,Shell Companies,NASDAQ,93.14,62,38,51,42,10.89,,,0.0,-31.94,6939,3168,2011,
2213,USA,Financial Services,Asset Management,NYSE,93.14,62,57,46,37,5.86,1793836687.3693585,308219353.0,0.0004,-9.43,1085583,1140544,1176090,-0.058
2214,TACT,Technology,Computer Hardware,NASDAQ,93.14,62,75,87,25,4.59,49660704.91922903,10324471.0,0.0062,-23.75,19450,16743,18412,0.011
2215,HOOD,Financial Services,Capital Markets,NASDAQ,93.13,62,73,64,56,107.01,101362533537.37305,899082273.0,0.0462,-30.45,20343170,22161483,21136406,0.323
2216,BPYPN,Real Estate,Real Estate Services,NASDAQ,93.12,62,60,60,60,13.24,,,0.16,-11.02,14581,43690,32730,0.053
2217,SPEG,Financial Services,Shell Companies,NASDAQ,93.12,62,53,47,44,10.43,159773331.02984047,15333333.0,0.0001,-5.44,900,19436,14638,
2218,EDD,Financial Services,Asset Management,NYSE,93.12,62,73,71,67,5.28,344195300.81521225,64456047.0,2.64,-14.56,432204,345854,336826,
2219,RICK,Consumer Cyclical,Restaurants,NASDAQ,93.11,62,63,36,26,26.68,203682936.42139435,7651500.0,0.1137,-16.62,34680,44066,53016,0.039
2220,CERS,Healthcare,Medical Devices,NASDAQ,93.11,62,88,95,72,2.28,459476761.6743264,201524898.0,0.0919,-34.29,1816760,1653966,2202448,0.095
2221,ELE,Basic Materials,Gold,NASDAQ,93.1,62,85,25,81,17.48,1393649926.0217915,76700601.0,9.63,-35.16,363980,419106,362180,1.616
2222,PACH,Financial Services,Shell Companies,NASDAQ,93.1,62,51,46,44,10.38,328899987.9360199,31625000.0,0.0001,-0.19,33610,59650,39898,
2223,CGEN,Healthcare,Biotechnology,NASDAQ,93.09,62,88,58,88,2.12,218821503.6396246,94727926.0,0.025,-34.57,160300,183823,255474,1.07
2224,WSTNU,Financial Services,Shell Companies,NASDAQ,93.09,62,48,40,41,10.34,,,0.0,-7.68,785,261,167,
2225,KFII,Financial Services,Shell Companies,NASDAQ,93.09,62,53,49,46,10.71,419293967.276001,39256060.0,0.02,0.19,62730,53593,34528,
2226,DLNG,Energy,Oil & Gas Midstream,NYSE,93.08,62,45,39,57,3.7,137160180.7760682,36382011.0,0.0027,-16.85,85140,66110,61512,0.067
2227,HXL,Industrials,Aerospace & Defense,NYSE,93.08,62,68,88,82,85.13,6534622764.261353,75623452.0,0.0664,-23.81,911170,857780,854462,0.08
2228,APACU,Financial Services,Shell Companies,NASDAQ,93.07,62,53,50,45,10.45,,,0.68,-4.04,10,76,54,
2229,PCOR,Technology,Software - Application,NYSE,93.07,62,41,15,21,54.78,7742124587.032722,151955338.0,0.129,-33.45,3033170,2689683,3214876,0.158
2230,NGNE,Healthcare,Biotechnology,NASDAQ,93.07,62,94,94,89,26.5,513291940.6662636,20011382.0,0.19450001,-39.3,225420,287326,257236,
2231,WSTN,Financial Services,Shell Companies,NASDAQ,93.06,62,51,46,42,10.25,80272418.93310356,7908613.0,1.73,0.49,16610,6940,12352,
2232,NOEM,Financial Services,Shell Companies,NASDAQ,93.06,62,56,48,46,10.63,39060048.00063133,3716465.0,0.0001,-15.77,210,146,2944,
2233,CCID,Financial Services,Asset Management,NYSE,93.04,62,56,52,48,24.81,,,0.65,-2.82,1812,4254,3450,
2234,ALL,Financial Services,Insurance - Property & Casualty,NYSE,93.02,62,79,71,62,230.63,56574439121.990204,252857950.0,0.0001,-16.81,2341020,2149660,1979392,0.118
2235,XCBEU,Financial Services,Shell Companies,NASDAQ,93.02,62,54,42,39,10.25,,,2.96,-5.62,0,60,146,
2236,PGAC,Financial Services,Shell Companies,NASDAQ,93.02,62,53,50,46,10.77,118854887.05587387,11025500.0,0.0066000004,-5.44,620,1180,826,
2237,UNFI,Consumer Defensive,Food Distribution,NYSE,93.01,62,72,85,89,44.07,2749855868.7636566,60317084.0,0.0712,-22.71,661710,699340,605422,-0.007
2238,SZZL,Financial Services,Shell Companies,NASDAQ,93.0,62,52,48,44,10.5,327674655.8472557,31266667.0,0.01,0.0,24570,42563,69670,
2239,GRNT,Energy,Oil & Gas E&P,NYSE,92.99,62,59,32,54,4.8,589594054.0662279,131900242.0,0.1076,-21.89,1305370,1565773,1272412,0.373
2240,SNAP,Communication Services,Internet Content & Information,NYSE,92.99,62,35,13,17,5.86,9436883103.931854,1691197712.0,0.089099996,-35.82,31135550,32444166,37334428,0.189
2241,SOCA,Financial Services,Shell Companies,NASDAQ,92.98,62,52,47,42,10.4,243924936.05961227,23590419.0,0.0001,0.39,20622,22200,13538,
2242,CACC,Financial Services,Credit Services,NASDAQ,92.98,62,76,79,58,542.82,5517687452.5,10460071.0,0.2868,-18.84,113060,119196,116618,0.095
2243,CCNEP,Financial Services,Banks - Regional,NASDAQ,92.97,62,57,52,50,24.58,,,1.69,-3.61,1031,1103,1128,0.51
2244,GSHR,Financial Services,Shell Companies,NASDAQ,92.96,62,52,48,45,10.59,216404471.65947533,20454109.0,0.05,-5.45,7682,16510,37382,
2245,ARTNA,Utilities,Utilities - Regulated Water,NASDAQ,92.95,62,70,55,35,33.54,347197796.98944473,10327121.0,0.0066000004,-9.3,33750,32253,30562,0.074
2246,DOW,Basic Materials,Chemicals,NYSE,92.95,62,58,54,84,28.59,20203869190.677994,722340711.0,0.0554,-33.11,9195460,8873486,8749964,0.197
2247,XYZ,Technology,Software - Infrastructure,NYSE,92.94,62,77,73,56,75.23,44657093450.0885,600795000.0,0.028800001,-13.45,4481310,4205450,4427284,0.093
2248,KCHV,Financial Services,Shell Companies,NASDAQ,92.94,62,53,48,46,10.49,358674819.62770844,34257384.0,0.01,0.1,29140,29043,30108,
2249,SVCC,Financial Services,Shell Companies,NASDAQ,92.94,62,53,48,45,10.72,231712001.77180767,21614925.0,0.00029999999,-0.0,5060,14460,10630,
2250,TDAC,Financial Services,Shell Companies,NASDAQ,92.93,62,55,49,46,10.82,237039143.31436157,21907500.0,0.001,-1.19,3450,9110,26956,
2251,INTR,Financial Services,Banks - Regional,NASDAQ,92.92,62,22,15,66,7.24,2419493834.981201,441513472.0,0.042600002,-30.12,10686910,6161456,6058538,0.238
2252,SOLS,Basic Materials,Specialty Chemicals,NASDAQ,92.92,62,42,51,88,60.23,9165493312.490925,158847369.0,0.0419,-33.67,2096330,2771776,2584662,0.111
2253,HAVA,Financial Services,Shell Companies,NASDAQ,92.91,62,52,46,43,10.25,211898250.6237049,20693189.0,0.0,0.1,20520,56793,46306,
2254,TAVI,Financial Services,Shell Companies,NASDAQ,92.9,62,52,47,47,10.78,171467378.69797897,15920833.0,0.01,-9.49,8140,4313,5544,
2255,LCCC,Financial Services,Shell Companies,NASDAQ,92.9,62,54,49,45,10.54,93858699.66030121,8905000.0,0.41,-0.19,200,423,1966,
2256,RFAMU,Financial Services,Shell Companies,NASDAQ,92.9,62,49,42,40,10.19,,,0.0,-6.43,830,546,7984,
2257,NTWO,Financial Services,Shell Companies,NASDAQ,92.89,62,57,49,47,10.82,260698023.86963367,24116375.0,0.0011,-10.87,260260,233290,419706,
2258,COPL,Financial Services,Shell Companies,NYSE,92.89,62,53,48,46,10.57,234790130.4311533,22181401.0,0.00029999999,-1.12,30560,12943,26292,
2259,VMI,Industrials,Conglomerates,NYSE,92.88,62,63,86,61,468.7,9242007530.395996,19304858.0,0.026800001,-19.98,190080,182470,176438,0.065
2260,ESNT,Financial Services,Insurance - Specialty,NYSE,92.87,62,74,60,55,63.59,5412362518.172516,89876493.0,0.0469,-9.63,932420,825980,720132,0.136
2261,WENNU,Financial Services,Shell Companies,NASDAQ,92.87,62,46,40,36,10.64,,,0.0,-5.3,0,156,234,
2262,NMP,Financial Services,Shell Companies,NASDAQ,92.86,62,53,49,45,10.37,165617546.7522831,15970834.0,0.0011,-0.19,2680,14006,10756,
2263,OXLCO,Financial Services,Asset Management,NASDAQ,92.86,62,57,58,50,23.55,,,0.09,-5.72,4128,3736,3209,-0.102
2264,QGEN,Healthcare,Diagnostics & Research,NYSE,92.86,62,55,32,26,44.53,9240651250.0,206495000.0,0.042,-22.99,2797690,2077990,2645148,0.003
2265,SOUL,Financial Services,Shell Companies,NYSE,92.85,62,53,46,46,10.49,356170455.3986988,33953333.0,0.0014,-4.64,25940,47573,52954,
2266,HTH,Financial Services,Financial Conglomerates,NYSE,92.84,61,65,68,70,36.68,2202662777.3560677,57286417.0,0.0771,-9.23,344850,344440,293924,0.052
2267,INAC,Financial Services,Shell Companies,NASDAQ,92.84,61,52,48,44,10.37,153304455.06572723,14755000.0,0.06,-0.29,25270,10613,6720,
2268,CHSCL,Consumer Defensive,Farm Products,NASDAQ,92.83,61,53,51,50,25.04,,,0.19,-3.51,44553,33051,29902,0.186
2269,FERA,Financial Services,Shell Companies,NASDAQ,92.83,61,52,46,44,10.56,329863342.81364346,31266667.0,0.05,0.09,18890,22410,28534,
2270,OYSE,Financial Services,Shell Companies,NASDAQ,92.83,61,51,47,44,10.41,352877772.59891796,33914251.0,0.01,0.0,12740,54260,41016,
2271,COR,Healthcare,Medical Distribution,NYSE,92.83,61,59,33,48,321.35,58975133013.81683,190827165.0,0.0257,-14.88,1266320,1258206,1343228,0.051
2272,EVAC,Financial Services,Shell Companies,NYSE,92.82,61,53,46,43,10.32,602597440.5056973,58447858.0,0.0001,-0.1,142120,141596,109806,
2273,CHPG,Financial Services,Shell Companies,NASDAQ,92.81,61,53,49,46,10.5,104666752.70818329,9987286.0,0.00059999997,0.0,1320,6556,4302,
2274,QUMS,Financial Services,Shell Companies,NASDAQ,92.79,61,53,48,44,10.35,118058831.85129166,11406650.0,0.00029999999,-0.1,39180,27556,32098,
2275,VNME,Financial Services,Shell Companies,NASDAQ,92.79,61,50,44,43,10.31,258249998.09265137,25000000.0,0.0023,-0.19,89260,45550,32902,
2276,CRAQ,Financial Services,Shell Companies,NASDAQ,92.78,61,52,49,44,10.43,405904632.0503235,38991800.0,0.01,0.19,5930,40796,35280,
2277,APAC,Financial Services,Shell Companies,NASDAQ,92.78,61,53,47,43,10.27,82677786.27518845,8050417.0,0.0036000002,-0.0,39590,15646,12078,
2278,AMKR,Technology,Semiconductor Equipment & Materials,NASDAQ,92.78,61,70,95,97,51.0,13918307595.172516,248452472.0,0.1608,-47.25,3453930,3914806,4176054,0.256
2279,HCM,Healthcare,Drug Manufacturers - Specialty & Generic,NASDAQ,92.76,61,56,18,41,13.67,2468161152.4475784,173814168.0,0.0022,-16.65,57870,83473,74208,0.002
2280,WLIIU,Financial Services,Shell Companies,NASDAQ,92.76,61,53,50,40,10.44,,,1.44,-5.09,0,0,132,
2281,AIIA,Financial Services,Shell Companies,NYSE,92.75,61,50,46,42,10.27,198879908.09440613,19290000.0,0.0013,-0.68,21750,41860,26496,
2282,WLTH,Technology,Software - Application,NASDAQ,92.75,61,63,21,31,10.89,1566449651.4963913,156176440.0,0.088599995,-26.17,2193000,3208163,2329090,0.008
2283,TRNO,Real Estate,REIT - Industrial,NYSE,92.75,61,60,74,64,64.48,7032943907.165298,108970310.0,0.1035,-18.32,748480,751613,703340,0.111
2284,XPEL,Consumer Cyclical,Auto Parts,NASDAQ,92.74,61,71,58,77,44.92,1239856571.2156982,27570748.0,0.1481,-19.66,193290,189796,204316,0.147
2285,CRAC,Financial Services,Shell Companies,NASDAQ,92.73,61,51,46,42,10.25,229279687.5,22368750.0,0.0001,-0.1,41940,17710,17004,
2286,INCR,Healthcare,Drug Manufacturers - Specialty & Generic,NASDAQ,92.73,61,58,35,11,5.03,81320418.28469658,15003767.0,0.0005,-40.47,3690,6630,26963,0.239
2287,MKLY,Financial Services,Shell Companies,NASDAQ,92.73,61,52,48,44,10.27,250016516.45396042,24344353.0,0.0002,-0.29,68390,57713,85988,
2288,LPBBU,Financial Services,Shell Companies,NASDAQ,92.72,61,50,49,43,10.91,,,0.65,-6.51,260,86,104,
2289,SDHI,Financial Services,Shell Companies,NASDAQ,92.72,61,53,46,44,10.56,367889294.61860657,34838000.0,0.01,-0.0,34640,39683,49064,
2290,ALDF,Financial Services,Shell Companies,NASDAQ,92.72,61,53,46,44,10.82,323174066.36494446,29868214.0,0.0001,-0.09,11640,37663,37768,
2291,GDV,Financial Services,Asset Management,NYSE,92.72,61,65,63,66,28.31,2459566727.5582123,86696040.0,0.0001,-8.68,80578,92232,88055,0.07
2292,PAII,Financial Services,Shell Companies,NYSE,92.72,61,50,47,43,10.34,356308483.058424,34492593.0,0.02,-0.1,21690,56793,36050,
2293,JACS,Financial Services,Shell Companies,NYSE,92.72,61,53,50,46,10.8,319276098.8712311,29590000.0,0.00029999999,-0.28,4380,35240,21476,
2294,EGHA,Financial Services,Shell Companies,NASDAQ,92.71,61,51,47,45,10.43,213815006.25610352,20500000.0,0.03,-3.38,19880,7733,48354,
2295,GTERU,Financial Services,Shell Companies,NASDAQ,92.7,61,47,45,44,10.57,,,0.15,-3.03,433,767,1002,
2296,DRDB,Financial Services,Shell Companies,NASDAQ,92.69,61,52,45,44,10.71,329053322.8719139,30666667.0,0.0001,-0.19,13563,13101,32412,
2297,GHM,Industrials,Specialty Industrial Machinery,NYSE,92.69,61,75,92,93,81.55,1073821124.0969925,11737033.0,0.0881,-35.19,174460,171090,179800,0.286
2298,HL,Basic Materials,Other Precious Metals & Mining,NYSE,92.68,61,87,72,94,16.73,11554417525.71864,671768431.0,0.0,-51.04,33248000,35043673,36126466,0.524
2299,OCSL,Financial Services,Asset Management,NASDAQ,92.68,61,63,42,53,11.79,1049098565.4892159,88085523.0,0.0364,-17.61,471510,449650,507142,-0.078
2300,ADAC,Financial Services,Shell Companies,NASDAQ,92.67,61,50,48,41,10.15,291812489.03274536,28750000.0,0.00029999999,-5.41,20,22100,21322,
2301,HVMC,Financial Services,Shell Companies,NASDAQ,92.66,61,49,46,42,10.29,302040713.4628296,29410000.0,0.0002,0.19,2560,22706,46278,
2302,RYZ,Industrials,Metal Fabrication,NYSE,92.65,61,54,76,46,25.94,1327048541.371788,51898653.0,0.0328,-18.94,424610,442780,497448,0.716
2303,MCHB,Financial Services,Banks - Regional,NASDAQ,92.64,61,71,76,73,14.51,3299254899.63249,221426509.0,0.0988,-16.51,545140,516273,499174,0.357
2304,TACHU,Financial Services,Shell Companies,NASDAQ,92.64,61,54,52,43,10.75,,,0.0,-2.18,0,40,148,
2305,UTF,Financial Services,Asset Management,NYSE,92.64,61,58,66,59,25.63,2814260200.3604336,111810099.0,0.0011,-8.82,432527,385819,329111,0.172
2306,OBA,Financial Services,Shell Companies,NASDAQ,92.64,61,52,46,43,10.35,327318762.0639801,31625000.0,0.05,-0.0,4320,25113,18218,
2307,CRAQU,Financial Services,Shell Companies,NASDAQ,92.63,61,42,56,41,10.74,,,11.79,-6.61,60,106,70,
2308,DOCS,Healthcare,Health Information Services,NYSE,92.62,61,28,11,7,29.38,4978410275.796356,178245980.0,0.099300005,-60.25,3233820,2903200,4891064,0.073
2309,KOYN,Financial Services,Shell Companies,NASDAQ,92.61,61,51,45,43,10.26,323784235.643034,31557917.0,0.0001,-0.19,249011,118820,73214,
2310,SVCCU,Financial Services,Shell Companies,NASDAQ,92.61,61,45,47,44,10.86,,,0.0,-14.42,110,43,26,
2311,HVMCU,Financial Services,Shell Companies,NASDAQ,92.61,61,52,45,43,10.43,,,0.0,-5.18,0,26,36,
2312,BGY,Financial Services,Asset Management,NYSE,92.61,61,60,54,56,5.63,509253226.7299986,90614455.0,0.0022,-9.63,336515,252875,223495,-0.037
2313,LKSP,Financial Services,Shell Companies,NASDAQ,92.59,61,51,47,43,10.26,161013600.17191887,15693333.0,0.23,-0.0,26160,12326,21028,
2314,VTR,Real Estate,REIT - Healthcare Facilities,NYSE,92.59,61,72,78,72,81.76,43092624715.36164,512946359.0,0.0442,-19.53,3626900,3759630,3567606,0.217
2315,SSAC,Financial Services,Shell Companies,NASDAQ,92.58,61,50,43,40,10.14,243846667.41622353,24047994.0,0.0011,-0.0,17760,32650,37404,
2316,WENN,Financial Services,Shell Companies,NASDAQ,92.58,61,51,44,39,10.43,390945377.86245346,37518750.0,0.01,-0.1,20170,36313,35648,
2317,GDL,Financial Services,Asset Management,NYSE,92.58,61,52,51,49,8.33,89488681.0503788,10742939.0,0.00090000004,-3.92,13254,13104,11760,
2318,ORIQ,Financial Services,Shell Companies,NASDAQ,92.57,61,51,47,43,10.41,89786248.68392944,8625000.0,0.0005,-0.38,11810,15690,12402,
2319,SSACU,Financial Services,Shell Companies,NASDAQ,92.55,61,52,46,42,10.31,,,0.75,-3.46,170,903,616,
2320,PAACU,Financial Services,Shell Companies,NASDAQ,92.55,61,47,50,38,10.3,,,105.33,-3.2,50170,16753,10056,
2321,SORNU,Financial Services,Shell Companies,NASDAQ,92.55,61,53,41,39,10.2,,,2.33,-2.3,0,73,104,
2322,DMII,Financial Services,Shell Companies,NASDAQ,92.54,61,51,45,42,10.19,668209222.483635,65575000.0,0.0021,-1.36,66944,65158,52944,
2323,EMIS,Financial Services,Shell Companies,NASDAQ,92.52,61,51,47,42,10.27,162017812.13160324,15775833.0,0.0004,-0.0,3420,27890,17260,
2324,TONX,Technology,Software - Application,NASDAQ,92.52,61,24,44,10,3.24,196606997.0535481,55071989.0,0.088199995,-54.62,228800,363756,347552,6.074
2325,WSBCO,Financial Services,Banks - Regional,NASDAQ,92.51,60,56,51,48,25.0,,,0.0013,-3.96,16137,10722,13925,0.035
2326,MBINL,Financial Services,Banks - Regional,NASDAQ,92.51,60,63,62,54,23.41,,,2.6,-7.62,39705,22001,17245,0.371
2327,TCI,Real Estate,Real Estate Services,NYSE,92.51,60,38,49,32,45.88,389564059.3880081,8773965.0,0.0156,-23.08,13060,59330,55934,0.058
2328,TCBK,Financial Services,Banks - Regional,NASDAQ,92.51,60,67,83,69,51.91,1681125076.5777206,31966630.0,0.048499998,-15.88,271590,269566,253424,0.104
2329,LWAC,Financial Services,Shell Companies,NASDAQ,92.5,60,52,46,44,10.35,311276261.472702,30075000.0,0.03,-0.38,9870,28756,24508,
2330,FRMEP,Financial Services,Banks - Regional,NASDAQ,92.5,60,55,50,50,25.31,,,1.12,-6.57,580,810,1186,0.028
2331,IBAC,Financial Services,Shell Companies,NASDAQ,92.5,60,53,47,47,10.88,54639777.6258049,5008229.0,0.00090000004,-6.53,2290,2370,1676,
2332,BTI,Consumer Defensive,Tobacco,NYSE,92.49,60,36,64,63,55.43,113267936025.87814,2151746530.0,0.0016,-17.64,4322480,4886116,4679870,0.014
2333,CR,Industrials,Specialty Industrial Machinery,NYSE,92.49,60,57,69,53,202.12,12034033942.807312,57800356.0,0.0217,-12.31,345520,388126,390666,0.256
2334,YCY,Financial Services,Shell Companies,NYSE,92.49,60,52,49,42,10.28,151183668.37263107,14735250.0,0.0001,-0.19,28330,25450,28234,
2335,CHEC,Financial Services,Shell Companies,NASDAQ,92.49,60,51,46,43,10.27,177756322.77102375,17274667.0,0.24,-2.75,10640,5956,8486,
2336,AEAQU,Financial Services,Shell Companies,NASDAQ,92.48,60,48,46,41,10.29,,,25.75,-7.8,20,13,12,
2337,FVAV,Financial Services,Shell Companies,NASDAQ,92.48,60,49,42,39,10.25,370409375.0,36137500.0,0.42,-0.97,170,7083,16128,
2338,TMTSU,Financial Services,Shell Companies,NASDAQ,92.48,60,52,43,40,10.3,,,11.66,-2.28,0,116,70,
2339,RPAY,Technology,Software - Infrastructure,NASDAQ,92.48,60,46,61,36,3.87,316672295.02592754,82898508.0,0.067,-26.98,384810,399520,436584,0.332
2340,RILYL,Financial Services,Financial Conglomerates,NASDAQ,92.47,60,95,95,95,9.73,,,0.63,-46.18,9840,6996,6912,0.104
2341,HQY,Healthcare,Health Information Services,NASDAQ,92.45,60,63,59,34,93.05,7447685327.568115,82715296.0,0.0771,-13.54,967220,998603,860118,0.076
2342,LPBB,Financial Services,Shell Companies,NASDAQ,92.45,60,53,47,45,10.8,310787512.0639801,28750000.0,0.0001,-0.46,92270,70823,57282,
2343,TVAI,Financial Services,Shell Companies,NASDAQ,92.45,60,51,48,45,10.41,282836652.825613,27195833.0,0.0001,0.1,50920,44840,37194,
2344,UNH,Healthcare,Healthcare Plans,NYSE,92.44,60,72,83,30,370.95,333815518120.8158,897594847.0,0.0164,-19.64,4784670,4993166,4640658,0.004
2345,MMTX,Financial Services,Shell Companies,NASDAQ,92.42,60,51,47,42,10.21,90090759.82646942,8828100.0,0.0002,-0.0,39320,20706,19242,
2346,OSTX,Healthcare,Biotechnology,NYSE ARCA,92.42,60,50,42,25,1.62,75824472.82318473,46805230.0,0.048499998,-28.0,978200,833443,639136,
2347,EGHAU,Financial Services,Shell Companies,NASDAQ,92.42,60,46,50,46,10.66,,,0.0,-43.89,0,23,14,
2348,SVAQ,Financial Services,Shell Companies,NASDAQ,92.41,60,48,46,39,10.16,297021236.98551655,29320951.0,0.0001,0.0,125280,79883,61582,
2349,TACH,Financial Services,Shell Companies,NASDAQ,92.41,60,51,46,44,10.53,362921858.2464924,34432814.0,0.04,-0.57,83650,44063,34798,
2350,HBANL,Financial Services,Banks - Regional,NASDAQ,92.41,60,52,47,50,24.7,,,2.38,-4.93,38602,26100,23528,0.476
2351,ITW,Industrials,Specialty Industrial Machinery,NYSE,92.39,60,58,57,58,264.71,74879619824.21875,284800000.0,0.0309,-12.68,1499780,1332960,1223368,0.061
2352,APXT,Financial Services,Shell Companies,NASDAQ,92.39,60,50,45,41,10.16,466493982.46765137,45960000.0,0.0004,-0.29,55720,116680,169732,
2353,AMP,Financial Services,Asset Management,NYSE,92.39,60,78,60,29,499.08,43363660862.77591,88333219.0,0.041300002,-12.83,594560,609026,523020,0.116
2354,NPAC,Financial Services,Shell Companies,NASDAQ,92.39,60,51,44,39,10.5,404639294.03550625,38390825.0,0.0001,-0.38,12710,36706,35744,
2355,POWWP,Industrials,Aerospace & Defense,NASDAQ,92.38,60,58,56,61,23.56,,,0.32,-7.59,3286,4442,4349,0.221
2356,UMH,Real Estate,REIT - Residential,NYSE,92.38,60,61,48,37,15.1,1312411051.95467,85166195.0,0.0,-9.96,663480,703110,708370,0.077
2357,FIGX,Financial Services,Shell Companies,NASDAQ,92.38,60,50,47,44,10.32,200059272.56398773,19385589.0,0.03,-0.58,5300,21656,15048,
2358,UMBF,Financial Services,Banks - Regional,NASDAQ,92.37,60,73,79,64,130.39,9944897113.624878,75950030.0,0.056799997,-14.96,702340,677483,602668,0.122
2359,AACPU,Financial Services,Shell Companies,NASDAQ,92.37,60,52,47,41,10.28,,,7.64,-4.1,512,217,178,
2360,SCPQU,Financial Services,Shell Companies,NASDAQ,92.37,60,49,50,39,10.3,,,16.03,-11.44,90,73,2590,
2361,CUB,Financial Services,Shell Companies,NASDAQ,92.37,60,49,45,46,10.9,285436482.2178688,26162831.0,0.0002,-2.9,30560,78716,80202,
2362,GSRF,Financial Services,Shell Companies,NASDAQ,92.37,60,49,44,39,10.27,301700436.7303848,29405500.0,0.04,-0.0,62893,23831,23288,
2363,MYXXU,Financial Services,Shell Companies,NASDAQ,92.36,60,49,42,39,10.2,,,0.29,-3.23,0,0,80,
2364,TONT,Financial Services,Shell Companies,NYSE ARCA,92.36,60,50,45,45,10.93,154481593.86941147,14159633.0,0.0016,-8.5,13060,21956,69076,
2365,KTWOU,Financial Services,Shell Companies,NASDAQ,92.35,60,51,43,41,10.26,,,0.0,-8.64,0,106,164,
2366,RXRX,Healthcare,Biotechnology,NASDAQ,92.33,60,26,18,15,3.95,2209436817.0686445,536271087.0,0.3495,-44.99,32416340,23728556,20488802,-0.601
2367,TDWD,Financial Services,Shell Companies,NASDAQ,92.33,60,50,45,42,10.12,238746308.08353424,23545000.0,0.0001,-0.3,73860,56093,36900,
2368,GSHRU,Financial Services,Shell Companies,NASDAQ,92.32,60,51,45,43,10.61,,,1.4,-13.74,0,0,2,
2369,AXIN,Financial Services,Shell Companies,NASDAQ,92.32,60,49,49,44,10.35,282210013.851408,27266667.0,0.0,-0.96,64620,79730,60314,
2370,UL,Consumer Defensive,Household & Personal Products,NYSE,92.32,60,44,39,26,61.94,128566288360.71997,2153539141.0,1.17,-17.39,3200090,3280933,3507770,0.005
2371,DYOR,Financial Services,Shell Companies,NASDAQ,92.31,60,49,43,38,10.16,233449991.2261963,23000000.0,0.0,-2.96,14450,26976,40298,
2372,SSEAU,Financial Services,Shell Companies,NASDAQ,92.31,60,53,43,44,10.44,,,0.0,-0.57,250,416,356,
2373,HFRO,Financial Services,Asset Management,NYSE,92.31,60,78,83,61,6.51,377142241.507164,55218484.0,0.0005,-15.89,86282,88760,101784,
2374,RAC,Financial Services,Shell Companies,NYSE,92.31,60,51,44,44,10.57,308776593.2324133,29267923.0,0.02,-0.28,69796,32108,25309,
2375,ASA,Financial Services,Asset Management,NYSE,92.31,60,70,38,89,55.8,1040647873.8307495,18356816.0,0.00029999999,-32.93,35781,55393,52162,2.43
2376,LFMDP,Healthcare,Health Information Services,NASDAQ,92.31,60,55,55,57,22.36,,,1.8,-7.6,2186,1592,1775,-0.035
2377,LAFA,Financial Services,Shell Companies,NASDAQ,92.31,60,50,45,42,10.17,159961734.73532867,15713333.0,0.02,-0.29,25450,21340,14130,
2378,HCACU,Financial Services,Shell Companies,NASDAQ,92.3,60,48,49,48,10.38,263907755.72961903,25424639.0,0.14,-12.77,0,480,288,
2379,GPAT,Financial Services,Shell Companies,NASDAQ,92.3,60,52,50,47,11.03,396390615.4036522,35937500.0,0.0001,-8.08,1030,7170,4654,
2380,ATII,Financial Services,Shell Companies,NASDAQ,92.29,60,45,52,45,10.7,316021209.03015137,29590000.0,0.0011,-6.14,343790,341233,254916,
2381,XFLH,Financial Services,Shell Companies,NYSE,92.29,60,46,44,39,10.1,145034103.22225952,14388304.0,0.0022,-1.27,15793,10907,8086,
2382,MAIN,Financial Services,Asset Management,NYSE,92.29,60,52,34,32,54.47,5153251342.783035,93508461.0,0.1038,-16.5,542510,472593,517190,0.039
2383,CVS,Healthcare,Healthcare Plans,NYSE,92.28,59,73,89,56,87.8,110579776932.80765,1278970369.0,0.0127,-20.67,9554750,7864833,7924798,0.071
2384,ATIIU,Financial Services,Shell Companies,NASDAQ,92.28,59,52,63,43,11.18,,,1.41,-78.07,249,156,265,
2385,ALDFU,Financial Services,Shell Companies,NASDAQ,92.28,59,52,47,38,10.9,,,0.02,-16.79,20,260,178,
2386,SCIIU,Financial Services,Shell Companies,NASDAQ,92.28,59,48,42,42,10.3,156668856.9831848,15255000.0,27.79,-8.81,10,13,8,
2387,COST,Consumer Defensive,Discount Stores,NASDAQ,92.28,59,35,35,51,947.92,408092853721.9238,443266000.0,0.0166,-13.55,2374920,2260636,2063322,0.111
2388,CEPO,Financial Services,Shell Companies,NASDAQ,92.27,59,53,35,36,10.77,274125000.0,25500000.0,0.0007,-1.82,181610,142256,203824,
2389,CRACU,Financial Services,Shell Companies,NASDAQ,92.27,59,46,45,39,10.34,,,2.7,-3.9,0,20,22,
2390,AVY,Consumer Cyclical,Packaging & Containers,NYSE,92.27,59,56,32,36,167.62,12874131311.480713,75788142.0,0.0327,-16.0,687380,1031863,950024,0.109
2391,ECF,Financial Services,Asset Management,NYSE ARCA,92.26,59,61,65,66,11.95,161846155.76007652,13657903.0,0.0,-13.72,64204,39814,31522,-0.289
2392,BLK,Financial Services,Asset Management,NYSE,92.26,59,59,50,36,1065.35,164104113670.36755,154869259.0,0.0134000005,-12.67,499750,553656,551868,0.306
2393,RL,Consumer Cyclical,Apparel Manufacturing,NYSE,92.25,59,36,63,80,367.39,21650397894.5011,59582239.0,0.0853,-12.86,532850,665233,645592,0.14
2394,NBRG,Financial Services,Shell Companies,NASDAQ,92.25,59,48,42,38,10.09,75915278.16653252,7546250.0,0.0004,-0.0,10550,5620,26804,
2395,MNSBP,Financial Services,Banks - Regional,NASDAQ,92.24,59,60,56,53,24.45,,,3.08,-11.86,1150,1233,1106,-0.088
2396,BILL,Technology,Software - Application,NYSE,92.24,59,77,41,23,44.98,3719773139.75457,85276782.0,0.17559999,-21.38,1521180,1731326,2061858,0.138
2397,SCII,Financial Services,Shell Companies,NASDAQ,92.23,59,49,44,41,10.17,253460191.85822296,24897857.0,0.05,-0.12,9420,21906,17076,
2398,HAVAU,Financial Services,Shell Companies,NASDAQ,92.23,59,47,47,43,10.3,188901632.69807053,18339964.0,0.0,-6.6,2160,720,560,
2399,GSRFU,Financial Services,Shell Companies,NASDAQ,92.22,59,53,52,41,10.58,278894087.98885345,26360500.0,,-8.4,0,0,0,
2400,GIW,Financial Services,Shell Companies,NASDAQ,92.22,59,51,45,41,10.17,371467915.8492842,36472057.0,0.01,-0.15,19410,55046,67900,
2401,MSIF,Financial Services,Asset Management,NYSE,92.21,59,56,27,36,11.78,531446095.9884825,45345229.0,0.010299999,-18.53,197350,194813,231292,0.002
2402,RDAG,Financial Services,Shell Companies,NASDAQ,92.21,59,50,42,38,10.45,391499984.2643738,37500000.0,0.0,0.0,9330,45073,36670,
2403,ATLCP,Financial Services,Credit Services,NASDAQ,92.2,59,60,62,47,23.18,,,0.31,-6.91,3198,3382,3841,0.833
2404,SMA,Real Estate,REIT - Industrial,NYSE,92.19,59,42,48,36,32.71,1800042943.5951347,55368903.0,0.1066,-15.46,850070,802166,732882,0.114
2405,OBAWU,Financial Services,Shell Companies,NASDAQ,92.19,59,50,45,42,10.37,,,4.67,-7.78,120,53,82,
2406,OTGAU,Financial Services,Shell Companies,NASDAQ,92.19,59,50,48,43,10.4,,,0.0,-0.34,840,650,2988,
2407,GPAC,Financial Services,Shell Companies,NASDAQ,92.19,59,49,44,42,10.1,297041011.21902466,29410000.0,0.00029999999,-0.0,24210,25453,26086,
2408,HUBB,Industrials,Electrical Equipment & Parts,NYSE,92.18,59,43,51,76,475.4,25122943581.48404,52832571.0,0.0621,-15.93,493653,487097,497653,0.153
2409,FITB,Financial Services,Banks - Regional,NYSE,92.17,59,73,80,72,50.7,46117367541.67557,906573000.0,0.0,-14.79,7346600,6213230,5841142,0.518
2410,LYG,Financial Services,Banks - Regional,NYSE,92.17,59,77,78,78,5.38,79074032730.0,14377096860.0,0.00059999997,-15.14,17262960,14852983,13932814,0.123
2411,NPACU,Financial Services,Shell Companies,NASDAQ,92.16,59,52,42,41,10.59,,,0.07,-1.94,500,516,554,
2412,GPACU,Financial Services,Shell Companies,NASDAQ,92.16,59,48,44,39,10.2,,,0.0,-2.86,130,80,268,
2413,OTGA,Financial Services,Shell Companies,NASDAQ,92.15,59,49,43,41,10.26,361921508.07380676,35275000.0,0.01,-0.1,62400,41370,60306,
2414,BLRK,Financial Services,Shell Companies,NASDAQ,92.15,59,50,43,37,10.13,232759997.3678589,23000000.0,0.0001,-5.15,11280,67283,86882,
2415,KTWO,Financial Services,Shell Companies,NASDAQ,92.14,59,51,42,42,10.07,202415733.7450962,20041161.0,0.0001,-0.3,39020,21566,37880,
2416,EVOX,Financial Services,Shell Companies,NASDAQ,92.14,59,50,45,42,10.13,324160003.6621094,32000000.0,0.03,-0.2,19850,41240,54706,
2417,RACE,Consumer Cyclical,Auto Manufacturers,NYSE,92.14,59,64,39,31,388.28,68141621898.78845,175473500.0,0.0293,-22.56,525350,404810,442598,0.084
2418,DSACU,Financial Services,Shell Companies,NASDAQ,92.14,59,52,48,38,10.3,,,0.0,-6.36,0,0,444,
2419,BLRKU,Financial Services,Shell Companies,NASDAQ,92.13,59,51,45,39,10.23,,,794.75,-6.92,80,480,384,
2420,AEO,Consumer Cyclical,Apparel Retail,NYSE,92.13,59,19,59,82,17.97,2967723574.0120316,167573333.0,0.1274,-36.86,5689800,7049413,5997394,0.075
2421,CODA,Industrials,Aerospace & Defense,NASDAQ,92.13,59,33,35,86,10.25,125693749.01374531,11283101.0,0.030199999,-40.68,72450,106446,89508,0.092
2422,QSEAU,Financial Services,Shell Companies,NASDAQ,92.13,59,57,43,54,10.8,,,0.0,-6.41,20,13,8,
2423,LATA,Financial Services,Shell Companies,NASDAQ,92.13,59,49,42,39,10.21,234830000.87738037,23000000.0,0.01,-0.0,35820,23706,16920,
2424,WTFCN,Financial Services,Banks - Regional,NASDAQ,92.13,59,55,52,51,25.5,,,0.32,-4.53,47884,34304,29968,0.102
2425,RYOJ,Industrials,Consulting Services,NASDAQ,92.13,59,97,96,11,2.91,32917498.898506165,11550000.0,0.42,-74.54,9150,15396,62596,-0.343
2426,AACI,Financial Services,Shell Companies,NASDAQ,92.12,59,49,43,39,10.06,342340144.3194866,34029834.0,0.04,-0.4,14430,25873,18980,
2427,GITS,Communication Services,Internet Content & Information,NASDAQ,92.12,59,64,80,94,1.6,7607617.99949646,4203104.0,0.0044,-77.43,29700,31090,98160,3.345
2428,LAFAU,Financial Services,Shell Companies,NASDAQ,92.12,59,48,44,41,10.22,139843666.9138441,13683333.0,15.88,-9.48,0,0,38,
2429,TWLV,Financial Services,Shell Companies,NASDAQ,92.1,59,49,44,42,10.07,236015617.84744263,23437500.0,0.0001,-2.99,36840,25250,34030,
2430,WPAC,Financial Services,Shell Companies,NYSE,92.1,59,44,44,41,10.09,158074573.70051193,15666459.0,0.0002,-15.14,9690,14986,15788,
2431,BIXI,Financial Services,Shell Companies,NASDAQ,92.09,59,51,43,41,10.08,304043674.7835102,30103333.0,0.0001,-2.42,20800,28456,24976,
2432,HLF,Consumer Defensive,Packaged Foods,NYSE,92.09,59,53,45,92,12.82,1316330496.7772484,104803380.0,0.1004,-37.16,1259180,1602300,1586108,0.054
2433,ALF,Financial Services,Shell Companies,NASDAQ,92.09,59,50,47,46,10.92,392437502.74181366,35937500.0,7.55,-0.64,120,216,470,
2434,HCAC,Financial Services,Shell Companies,NASDAQ,92.08,59,47,44,39,10.13,295768581.431365,29197293.0,0.02,-0.2,52650,66350,51162,
2435,LATAU,Financial Services,Shell Companies,NASDAQ,92.08,59,44,43,41,10.3,,,65.26,-20.71,0,10,56,
2436,MCHP,Technology,Semiconductors,NASDAQ,92.08,59,41,75,80,75.52,44157466586.4069,543008691.0,0.080299996,-28.69,7793130,8200273,8928434,0.38
2437,DAAQ,Financial Services,Shell Companies,NASDAQ,92.08,59,51,42,37,10.47,239874825.71781158,22910680.0,0.0002,-0.19,84170,78413,58500,
2438,GIX,Financial Services,Shell Companies,NASDAQ,92.08,59,49,44,40,10.01,365833586.4749012,36546811.0,0.00029999999,-0.3,15440,24586,46610,
2439,SYY,Consumer Defensive,Food Distribution,NYSE,92.08,59,60,59,41,78.2,37161745070.22163,479568281.0,0.0293,-14.86,4236030,4294016,3948992,0.047
2440,RCG,Financial Services,Asset Management,NYSE ARCA,92.07,59,64,59,63,2.87,20977200.20690775,7015786.0,0.002,-13.29,5955,6518,5759,-0.471
2441,IGAC,Financial Services,Shell Companies,NASDAQ,92.07,59,47,45,40,10.1,240848303.64227295,23870000.0,0.0001,-0.39,2980,18360,14704,
2442,BSL,Financial Services,Asset Management,NYSE,92.07,59,51,43,40,12.94,168998789.27994537,13019938.0,0.0014,-7.57,35963,52041,46948,-0.127
2443,LWACU,Financial Services,Shell Companies,NASDAQ,92.07,59,49,54,42,10.36,,,0.0,-2.95,110,56,40,
2444,ITHA,Financial Services,Shell Companies,NASDAQ,92.06,58,48,43,39,10.06,308813337.40127563,30666668.0,0.0001,-0.49,29480,24956,19974,
2445,CHSCO,Consumer Defensive,Farm Products,NASDAQ,92.06,58,51,47,50,25.48,,,0.67,-5.73,24059,17726,17635,0.186
2446,GFL,Industrials,Waste Management,NYSE,92.05,58,52,31,24,42.33,18303978011.767426,436016632.0,0.0765,-9.96,3698800,3245800,2733608,0.163
2447,IRHO,Financial Services,Shell Companies,NASDAQ,92.05,58,48,46,41,10.07,295252391.0522461,29320000.0,0.0,-0.69,18050,31046,74020,
2448,PACHU,Financial Services,Shell Companies,NASDAQ,92.05,58,50,47,43,10.38,,,43.69,-7.32,30,60,36,
2449,SUMAU,Financial Services,Shell Companies,NASDAQ,92.04,58,51,48,40,10.25,,,30.96,0.0,120,46,60,
2450,RVT,Financial Services,Asset Management,NYSE,92.04,58,66,66,72,16.81,2145775520.3565521,124248724.0,0.0067000003,-12.08,224812,193837,193100,0.15
2451,LIEN,Financial Services,Asset Management,NASDAQ,92.04,58,63,57,36,9.39,216795605.0,22820590.0,0.010299999,-16.68,94110,61780,61056,0.068
2452,GALT,Healthcare,Biotechnology,NASDAQ,92.03,58,71,92,32,3.64,393313621.21777153,100849644.0,0.121300004,-48.95,221860,304766,326316,
2453,GLED,Financial Services,Shell Companies,NYSE,92.03,58,48,43,38,10.06,160464299.390316,15982500.0,0.04,-0.0,27650,17616,15292,
2454,BIXIU,Financial Services,Shell Companies,NASDAQ,92.03,58,51,43,39,10.2,,,0.27,-2.86,1290,480,462,
2455,BRC,Industrials,Security & Protection Services,NYSE,92.02,58,62,73,62,84.41,3976115305.669983,46899214.0,0.0238,-14.99,312950,289890,239500,0.1
2456,OLLI,Consumer Defensive,Discount Stores,NASDAQ,92.01,58,16,10,20,86.71,5230678614.293175,59402403.0,0.1674,-34.94,1678900,1948423,1679618,0.091
2457,RNGT,Financial Services,Shell Companies,NASDAQ,92.0,58,49,44,39,10.19,319218733.774807,31326668.0,0.11,-0.06,190,18236,13794,
2458,STRW,Real Estate,REIT - Healthcare Facilities,NYSE ARCA,92.0,58,70,69,63,12.8,191124036.0,14157336.0,0.013300001,-13.22,49330,45353,43354,0.058
2459,XSLL,Financial Services,Shell Companies,NASDAQ,92.0,58,50,44,39,10.0,277077226.75545883,27680042.0,0.00029999999,-0.1,63760,62973,40870,
2460,SCWO,Industrials,Pollution & Treatment Controls,NASDAQ,91.99,58,75,16,66,2.65,53886150.985198975,17495504.0,0.0194,-75.69,38550,54656,54918,2.802
2461,LPCV,Financial Services,Shell Companies,NASDAQ,91.99,58,46,43,41,10.07,289799997.8065491,28750000.0,0.01,-0.59,17312,27540,31738,
2462,EBMT,Financial Services,Banks - Regional,NASDAQ,91.99,58,69,78,76,20.86,169265408.75,7965431.0,0.0296,-15.41,26700,31946,34244,0.087
2463,CUBWU,Financial Services,Shell Companies,NASDAQ,91.99,58,50,49,36,11.02,,,0.0,-14.57,0,13,18,
2464,OYSEU,Financial Services,Shell Companies,NASDAQ,91.98,58,47,53,41,10.66,,,13.37,-9.58,0,0,14,
2465,KRSP,Financial Services,Shell Companies,NYSE,91.98,58,48,47,36,10.57,487765564.0131483,46002601.0,0.0007,-11.1,203680,88040,61850,
2466,BHAV,Financial Services,Shell Companies,NASDAQ,91.98,58,49,44,38,10.03,140894662.78467083,14033333.0,0.001,-0.2,28110,10710,7650,
2467,AER,Industrials,Rental & Leasing Services,NYSE,91.97,58,60,63,75,142.81,22687947366.474762,157184065.0,0.0222,-10.07,1137400,1153383,1102866,0.149
2468,OLP,Real Estate,REIT - Diversified,NYSE,91.97,58,60,69,60,22.01,482467016.65784836,21900454.0,0.0291,-14.95,92450,81823,81872,0.103
2469,HCIC,Financial Services,Shell Companies,NASDAQ,91.96,58,47,45,37,10.04,354424863.443203,35513515.0,0.04,0.2,1421,19837,24754,
2470,CUBI,Financial Services,Banks - Regional,NYSE,91.95,58,66,60,74,74.6,2549663351.769989,33783799.0,0.1091,-11.59,317450,291886,272290,0.101
2471,BHAVU,Financial Services,Shell Companies,NASDAQ,91.95,58,49,43,44,10.15,,,1.11,-17.81,0,483,436,
2472,CHPGU,Financial Services,Shell Companies,NASDAQ,91.95,58,49,49,43,10.48,,,,-0.1,0,0,0,
2473,FIGXU,Financial Services,Shell Companies,NASDAQ,91.95,58,49,47,38,10.36,,,0.0,-8.36,70,60,80,
2474,CSW,Industrials,Specialty Industrial Machinery,NYSE,91.95,58,63,54,37,286.62,4931875619.809021,16293487.0,0.079,-19.37,114370,130306,135950,0.33
2475,LFAC,Financial Services,Shell Companies,NASDAQ,91.95,58,48,43,39,10.08,197766405.69660187,19639167.0,0.02,-0.1,14384,22501,31434,
2476,MBVI,Financial Services,Shell Companies,NASDAQ,91.95,58,49,43,39,10.24,442031250.0,43125000.0,0.0001,-2.48,52870,49690,30246,
2477,BLUW,Financial Services,Shell Companies,NASDAQ,91.95,58,48,46,44,10.39,335357043.6973572,32308000.0,0.0001,-0.19,12830,51973,33488,
2478,MESH,Financial Services,Shell Companies,NASDAQ,91.95,58,49,44,39,10.09,435131256.5803528,43125000.0,0.0,-0.39,60840,183810,150286,
2479,AEAQ,Financial Services,Shell Companies,NASDAQ,91.94,58,49,43,40,10.08,315621600.9711094,31311667.0,0.0001,-0.2,0,32390,23768,
2480,PCAP,Financial Services,Shell Companies,NASDAQ,91.94,58,49,41,36,10.4,329788795.1660156,31680000.0,0.001,-0.4,12700,27100,28118,
2481,QADRU,Financial Services,Shell Companies,NASDAQ,91.94,58,50,45,39,10.1,,,0.78,-3.81,0,0,4,
2482,ALOV,Financial Services,Shell Companies,NASDAQ,91.93,58,48,43,41,10.01,375937892.17472076,37518750.0,0.01,-0.3,3790,68043,45124,
2483,RNST,Financial Services,Banks - Regional,NYSE,91.93,58,60,70,71,39.29,3648866075.433426,91404465.0,0.061,-11.79,741080,707590,652744,0.453
2484,DMIIU,Financial Services,Shell Companies,NASDAQ,91.93,58,49,45,41,10.2,,,14.28,-5.56,240,346,302,
2485,OACCU,Financial Services,Shell Companies,NASDAQ,91.93,58,53,41,37,10.91,,,,-12.51,70,23,34,
2486,CCEC,Industrials,Marine Shipping,NASDAQ,91.93,58,64,57,34,20.8,1263851923.2385445,60212098.0,0.0022,-13.33,8830,5823,7184,0.085
2487,HOMB,Financial Services,Banks - Regional,NYSE,91.92,58,64,57,34,28.48,5735422907.362576,200049630.0,0.0695,-10.16,1486630,1515153,1438376,0.086
2488,MEVO,Financial Services,Shell Companies,NASDAQ,91.91,58,48,43,39,10.02,400400009.15527344,40000000.0,0.01,-10.05,25160,146656,98668,
2489,BLZR,Financial Services,Shell Companies,NASDAQ,91.9,58,48,42,37,10.23,352343750.0,34375000.0,0.0,-0.2,29850,51306,39276,
2490,XRN,Real Estate,REIT - Healthcare Facilities,NYSE,91.9,58,59,62,53,34.1,450218576.0807419,13237830.0,0.0756,-11.77,111620,101706,99176,0.048
2491,GPATU,Financial Services,Shell Companies,NASDAQ,91.9,58,51,47,46,10.99,,,0.0,-11.8,0,3,4,
2492,SCPQ,Financial Services,Shell Companies,NASDAQ,91.9,58,47,44,38,10.07,138201678.61977768,13683334.0,0.01,-0.3,690,11516,14100,
2493,LUV,Industrials,Airlines,NYSE,91.9,58,48,81,75,41.36,20776672893.64798,489208201.0,0.059699997,-24.95,6310520,5968036,5413770,0.164
2494,ALUB,Financial Services,Shell Companies,NYSE,91.89,58,47,43,39,10.13,364046879.1127205,35937500.0,0.0002,-0.39,16610,66666,62700,
2495,TLNCU,Financial Services,Shell Companies,NASDAQ,91.89,58,52,58,45,10.46,,,0.56,-12.76,0,236,14244,
2496,IMRN,Healthcare,Biotechnology,NASDAQ,91.88,58,86,46,13,1.11,8797610.449405432,8071202.0,0.0225,-53.56,61650,4374460,2631450,0.072
2497,JFR,Financial Services,Asset Management,NYSE,91.87,58,59,54,45,7.36,1183110558.39895,160967425.0,0.0033000002,-9.69,1122610,845106,737324,0.043
2498,KFIIU,Financial Services,Shell Companies,NASDAQ,91.87,58,40,45,48,10.7,276370304.0,,,-16.41,10,3,16,
2499,WMK,Consumer Defensive,Grocery Stores,NYSE,91.86,58,44,66,36,72.53,1832089984.5343552,24744597.0,0.24069999,-13.39,172200,204930,188256,0.046
2500,MUZE,Financial Services,Shell Companies,NASDAQ,91.86,58,49,46,40,10.01,273475288.33309937,27320208.0,0.0,-0.3,36460,43490,30462,
2501,DOC,Real Estate,REIT - Healthcare Facilities,NYSE,91.86,58,73,81,37,18.52,13438886139.579735,689527260.0,0.0478,-19.3,6209350,5431386,5366810,0.111
2502,SBXE,Financial Services,Shell Companies,NYSE,91.86,58,48,47,37,10.15,350766438.08841705,34695000.0,0.0,-0.88,3230,27680,24354,
2503,EVRG,Utilities,Utilities - Regulated Electric,NASDAQ,91.85,57,61,67,65,80.52,18254002585.0589,230567172.0,0.1035,-9.14,2528420,2355210,2164432,0.044
2504,TRAD,Financial Services,Shell Companies,NYSE,91.85,57,46,41,38,10.04,147101852.7917862,14637000.0,0.0021,-0.4,18710,7173,5842,
2505,MED,Consumer Cyclical,Personal Services,NYSE,91.84,57,58,28,26,11.43,131149641.07188034,11180703.0,0.1725,-19.22,112660,112593,142344,-0.276
2506,DNMX,Financial Services,Shell Companies,NASDAQ,91.84,57,47,42,39,10.08,270479994.59277916,26833333.0,0.0004,0.0,39850,53736,42120,
2507,IACO,Financial Services,Shell Companies,NASDAQ,91.84,57,49,44,40,9.99,437500000.0,43750000.0,0.02,-0.2,2063,25061,32340,
2508,SZZLU,Financial Services,Shell Companies,NASDAQ,91.84,57,49,43,46,10.54,,,1.62,-6.97,0,0,144,
2509,ORIQU,Financial Services,Shell Companies,NASDAQ,91.84,57,45,46,40,10.35,146763005.40924072,14180000.0,0.0,-3.18,0,0,0,
2510,TROW,Financial Services,Asset Management,NASDAQ,91.83,57,63,75,37,104.23,22317104812.88948,213315850.0,0.14930001,-14.57,1697400,1564773,1639324,0.107
2511,ARCI,Financial Services,Shell Companies,NASDAQ,91.83,57,51,48,40,10.06,355440957.3097229,35262000.0,0.09,-1.37,8890,20353,20990,
2512,MEVOU,Financial Services,Shell Companies,NASDAQ,91.83,57,45,43,38,10.19,,,0.0,-7.36,0,460,624,
2513,COMP,Real Estate,Real Estate Services,NYSE,91.82,57,71,93,30,9.52,7077683693.583231,767644630.0,0.060399998,-31.78,17229320,15515856,13442810,1.09
2514,NVCR,Healthcare,Medical Devices,NASDAQ,91.82,57,65,73,26,14.22,1739700800.737381,116445840.0,0.137,-33.71,1745030,1275283,1305274,0.156
2515,TACOU,Financial Services,Shell Companies,NASDAQ,91.81,57,55,50,37,10.75,,,5.64,-14.0,140,123,214,
2516,PPLI,Communication Services,Internet Content & Information,NASDAQ,91.81,57,38,69,72,40.93,3073870733.101654,74463925.0,0.20040001,-15.29,1590980,1276130,1199956,-0.015
2517,SORN,Financial Services,Shell Companies,NASDAQ,91.81,57,47,41,40,10.02,348722672.03502846,34733334.0,0.0002,-7.9,9797,39195,23517,
2518,ESS,Real Estate,REIT - Residential,NYSE,91.8,57,58,69,35,268.58,17263915790.127472,64261739.0,0.054,-11.46,515810,563020,504982,0.031
2519,TREX,Industrials,Building Products & Equipment,NYSE,91.8,57,48,34,24,44.44,4525828777.923191,103898729.0,0.100200005,-18.16,1627160,1553250,1702064,0.078
2520,WLII,Financial Services,Shell Companies,NASDAQ,91.8,57,46,48,36,10.25,206727841.73171997,20148912.0,0.0001,-2.38,11290,14053,10632,
2521,DBCA,Financial Services,Shell Companies,NASDAQ,91.8,57,48,45,40,10.02,433579738.3880882,43271429.0,0.0,-0.79,200320,94580,89030,
2522,MLAA,Financial Services,Shell Companies,NASDAQ,91.8,57,48,42,45,10.01,261261005.97381592,26100000.0,,-10.62,32260,49826,59904,
2523,FGII,Financial Services,Shell Companies,NASDAQ,91.79,57,47,42,37,10.03,289978813.24768066,28940000.0,0.0001,-0.1,66686,39525,35537,
2524,IRAB,Financial Services,Shell Companies,NYSE,91.78,57,47,43,39,10.01,232482361.31256294,22904667.0,0.01,-1.38,4890,29020,26992,
2525,JENA,Financial Services,Shell Companies,NYSE,91.78,57,52,49,40,10.42,301339988.9469147,28975000.0,0.02,-1.79,197380,81153,53054,
2526,BACCU,Financial Services,Shell Companies,NASDAQ,91.78,57,48,65,45,10.88,,,0.01,-7.4,611,877,526,
2527,FSHPU,Financial Services,Shell Companies,NASDAQ,91.78,57,54,47,46,11.3,,,0.07,-15.67,140,46,46,
2528,IPXG,Financial Services,Shell Companies,NASDAQ,91.77,57,50,50,41,10.05,315196583.1672907,31331667.0,0.0001,-1.66,29000,63360,83012,
2529,APXTU,Financial Services,Shell Companies,NASDAQ,91.76,57,49,46,38,10.27,,,21.93,-2.19,10,156,172,
2530,EVOXU,Financial Services,Shell Companies,NASDAQ,91.76,57,47,43,40,10.28,,,0.02,-0.29,0,522,451,
2531,CDW,Technology,Information Technology Services,NASDAQ,91.75,57,61,33,29,139.88,16663571872.189606,125017426.0,0.088,-13.39,1329180,1543746,1703414,0.1
2532,OGC,Basic Materials,Gold,NYSE,91.75,57,74,36,93,26.67,6030552484.301193,222447523.0,4.97,-38.45,501940,620343,599524,0.497
2533,EPR,Real Estate,REIT - Specialty,NYSE,91.74,57,66,63,56,54.41,4324573705.347969,76608922.0,0.1329,-16.25,783490,865366,829724,0.106
2534,BANX,Financial Services,Asset Management,NASDAQ,91.74,57,66,49,40,19.73,193714820.0,9685741.0,0.0073,-12.31,47357,44022,40303,-0.002
2535,ARCIU,Financial Services,Shell Companies,NASDAQ,91.74,57,54,42,36,10.24,,,1.22,-3.94,90,476,292,
2536,OIMAU,Financial Services,Shell Companies,NASDAQ,91.74,57,47,41,40,10.2,,,4.2,-6.9,20,6,8,
2537,ACAAU,Financial Services,Shell Companies,NASDAQ,91.74,57,46,42,39,10.15,,,0.02,-14.2,40,46,234,
2538,LFACU,Financial Services,Shell Companies,NASDAQ,91.73,57,48,44,40,10.18,,,37.38,-2.96,0,3,2526,
2539,MESHU,Financial Services,Shell Companies,NASDAQ,91.73,57,51,45,38,10.18,,,0.31,-3.05,10,3926,2584,
2540,ZKPU,Financial Services,Shell Companies,NASDAQ,91.73,57,45,42,36,10.08,,,4.29,-3.72,0,30,236,
2541,LFVN,Consumer Defensive,Packaged Foods,NASDAQ,91.73,57,24,46,9,5.99,76417927.24112129,12589444.0,0.114300005,-48.85,28130,44076,47050,-0.231
2542,ULH,Industrials,Trucking,NASDAQ,91.73,57,65,14,65,17.36,486749656.1595535,26367805.0,0.118599996,-32.71,63430,58090,54308,-0.037
2543,OACC,Financial Services,Shell Companies,NASDAQ,91.73,57,50,43,45,10.76,264510589.30654907,24582768.0,0.01,-1.06,56810,40900,33532,
2544,BIII,Financial Services,Shell Companies,NYSE,91.72,57,48,40,36,10.05,231150004.38690186,23000000.0,0.0001,-1.86,6220,246050,155580,
2545,HCMAU,Financial Services,Shell Companies,NASDAQ,91.72,57,49,48,38,10.47,,,0.0,-4.73,30,60,70,
2546,XCBE,Financial Services,Shell Companies,NASDAQ,91.72,57,47,42,38,10.03,281812512.8746033,28125000.0,0.0001,0.0,23980,36046,28452,
2547,UAC,Financial Services,Shell Companies,NYSE ARCA,91.72,57,46,43,37,10.01,138675339.9708557,13853680.0,0.0011999999,-0.0,13760,56190,33916,
2548,AG,Basic Materials,Silver,NYSE,91.72,57,87,62,94,16.98,8709655825.215773,492906383.0,2.46,-47.0,9897990,9652556,10099222,0.573
2549,HOFT,Consumer Cyclical,"Furnishings, Fixtures & Appliances",NASDAQ,91.72,57,44,83,78,12.66,140816235.3057499,10692197.0,0.0114,-30.02,30720,47226,44518,-0.087
2550,HCMA,Financial Services,Shell Companies,NASDAQ,91.71,57,50,47,39,10.32,347453336.33412266,33733333.0,0.0001,-1.62,22310,25516,18348,
2551,SJ,Communication Services,Internet Content & Information,NASDAQ,91.71,57,35,64,86,0.86,35074245.31511307,42462768.0,0.00059999997,-47.24,30440,46653,36874,-0.08
2552,CHY,Financial Services,Asset Management,NASDAQ,91.71,57,68,77,66,11.9,942710597.7987442,80436056.0,0.0018000001,-14.45,250652,179647,167802,-0.449
2553,DYORU,Financial Services,Shell Companies,NASDAQ,91.7,57,47,42,37,10.22,204400005.34057617,20000000.0,0.0,-11.21,0,0,300,
2554,PALO,Financial Services,Shell Companies,NASDAQ,91.7,57,46,42,40,9.99,210704080.17253876,21091500.0,0.82,-0.89,2260,2803,1966,
2555,VHCP,Financial Services,Shell Companies,NASDAQ,91.7,57,48,42,37,10.07,308813327.33127594,30666667.0,0.05,-0.3,260,25083,18234,
2556,CING,Healthcare,Biotechnology,NASDAQ,91.7,57,59,37,64,4.88,69219095.08835983,14541826.0,0.11229999,-58.96,99570,98810,120872,
2557,PED,Energy,Oil & Gas E&P,NYSE ARCA,91.69,57,70,34,78,12.88,170270692.10755062,13292013.0,0.017,-31.82,26700,32020,28194,5.614
2558,PRPO,Healthcare,Diagnostics & Research,NASDAQ,91.69,57,71,68,96,23.19,41407046.93761444,1790188.0,0.045300003,-31.04,54470,125283,127120,0.242
2559,WRB,Financial Services,Insurance - Property & Casualty,NYSE,91.69,57,57,51,35,72.05,25607276196.606163,371227529.0,0.0004,-8.75,2362030,3260746,2599590,0.012
2560,BTO,Financial Services,Asset Management,NYSE,91.68,57,69,67,64,36.48,714188457.3108673,19833060.0,0.11,-13.14,50818,39766,39509,-0.001
2561,FMACU,Financial Services,Shell Companies,NASDAQ,91.68,57,54,46,40,10.16,,,1.92,-1.84,280,93,216,
2562,ACRV,Healthcare,Biotechnology,NASDAQ,91.68,57,81,74,41,1.87,85278190.7886815,42853362.0,0.0419,-47.47,250610,296226,337384,
2563,RFAM,Financial Services,Shell Companies,NASDAQ,91.67,56,48,43,37,9.98,139193993.48091316,13933333.0,0.0001,-0.4,10890,27463,17948,
2564,VALE,Basic Materials,Other Industrial Metals & Mining,NYSE,91.67,56,77,68,91,13.42,58559297033.2668,4255762795.0,0.0108,-25.2,41200040,33862503,30413512,0.064
2565,SPCE,Industrials,Aerospace & Defense,NYSE,91.66,56,19,26,26,2.94,459335581.7528064,151595903.0,0.2235,-66.97,4537720,5459966,6790410,-0.67
2566,IRHOU,Financial Services,Shell Companies,NASDAQ,91.66,56,51,48,39,10.16,,,0.15,-10.01,0,113,162,
2567,TVAIU,Financial Services,Shell Companies,NASDAQ,91.66,56,51,46,43,10.47,,,0.36,-28.53,110,53,52,
2568,GIXXU,Financial Services,Shell Companies,NASDAQ,91.65,56,47,46,40,10.21,,,20.22,-4.67,0,0,4,
2569,LPCVU,Financial Services,Shell Companies,NASDAQ,91.65,56,46,42,38,10.13,,,1.48,-11.45,0,310,334,
2570,CRANU,Financial Services,Shell Companies,NASDAQ,91.64,56,51,51,41,10.31,,,0.36,-8.19,0,120,168,
2571,UBCP,Financial Services,Banks - Regional,NASDAQ,91.64,56,63,58,72,14.5,84828311.00120735,5735518.0,0.0015,-16.38,7680,6740,4952,0.092
2572,HLXC,Financial Services,Shell Companies,NASDAQ,91.64,56,59,46,41,10.5,233174193.26782227,22060000.0,0.0001,-6.5,13380,32170,31398,
2573,KOYNU,Financial Services,Shell Companies,NASDAQ,91.63,56,48,48,42,10.32,,,6.32,-2.64,500,263,294,
2574,LSTR,Industrials,Integrated Freight & Logistics,NASDAQ,91.63,56,62,88,75,169.47,5887377604.005814,33936925.0,0.0623,-25.82,349900,333306,408678,0.181
2575,SOCAU,Financial Services,Shell Companies,NASDAQ,91.63,56,51,45,46,10.4,,,0.15,-13.33,90,163,138,
2576,AXINU,Financial Services,Shell Companies,NASDAQ,91.62,56,53,53,42,10.5,,,0.91,-10.64,60,376,358,
2577,CAQUU,Financial Services,Shell Companies,NASDAQ,91.62,56,46,41,38,10.07,,,24.06,-6.33,0,43,38,
2578,FR,Real Estate,REIT - Industrial,NYSE,91.61,56,60,74,72,59.3,7882637289.668152,132570424.0,0.0461,-15.14,1256470,1075010,967514,0.084
2579,PTOR,Financial Services,Shell Companies,NASDAQ,91.61,56,47,47,37,9.97,337873907.9740629,33923083.0,0.0002,-0.7,51840,37866,40282,
2580,SOR,Financial Services,Asset Management,NYSE,91.61,56,55,52,55,45.13,369982152.7297325,8230971.0,0.0011,-10.47,9030,10473,10066,-0.047
2581,QRHC,Industrials,Waste Management,NASDAQ,91.61,56,28,33,12,1.39,28897212.820578575,21092856.0,0.0045,-42.32,17050,18016,23674,0.076
2582,BEBE,Financial Services,Shell Companies,NYSE,91.61,56,44,42,37,10.05,200799999.23706055,20000000.0,0.0001,-0.0,370,7496,5082,
2583,QETA,Financial Services,Shell Companies,NASDAQ,91.6,56,54,52,46,11.6,44185948.77703476,3747748.0,0.0001,-11.25,2526,985,595,
2584,VHCPU,Financial Services,Shell Companies,NASDAQ,91.59,56,48,44,38,10.17,,,0.0,-1.17,240,363,476,
2585,XSLLU,Financial Services,Shell Companies,NASDAQ,91.59,56,45,45,38,10.06,,,9.73,-11.68,258,636,2137,
2586,MUZEU,Financial Services,Shell Companies,NASDAQ,91.59,56,44,48,37,10.16,,,6.83,-9.29,10,90,258,
2587,AQST,Healthcare,Drug Manufacturers - Specialty & Generic,NASDAQ,91.58,56,64,31,71,4.76,570874819.3309288,125466988.0,0.22649999,-36.95,1823450,2230886,2853584,0.381
2588,FERAU,Financial Services,Shell Companies,NASDAQ,91.58,56,50,47,41,10.74,,,0.0,-6.61,0,3333,2016,
2589,VLTO,Industrials,Pollution & Treatment Controls,NYSE,91.58,56,54,33,29,96.48,23082353884.319824,243793344.0,0.031,-10.13,1833930,1770613,1620900,0.075
2590,PLMR,Financial Services,Insurance - Property & Casualty,NASDAQ,91.58,56,71,47,44,131.44,3328923666.4493637,26317683.0,0.0422,-10.96,235610,225080,229140,0.547
2591,FACTU,Financial Services,Shell Companies,NASDAQ,91.57,56,43,47,47,10.83,,,,-27.8,0,0,0,
2592,DWSN,Energy,Oil & Gas Equipment & Services,NASDAQ,91.56,56,81,98,89,2.59,85713505.38383055,31055618.0,0.0442,-67.01,96300,79870,123702,0.818
2593,MCB,Financial Services,Banks - Regional,NYSE,91.56,56,63,76,76,87.49,1106501686.5,12397778.0,0.053000003,-14.26,121740,120760,116292,0.14
2594,BEAG,Financial Services,Shell Companies,NASDAQ,91.56,56,51,42,38,10.69,335102594.02656555,31318000.0,0.0004,-3.78,1978370,690266,415294,
2595,AACOU,Financial Services,Shell Companies,NASDAQ,91.55,56,45,45,38,10.1,,,1.7,-10.06,10,200,2636,
2596,KRAQ,Financial Services,Shell Companies,NASDAQ,91.55,56,47,44,38,10.04,431681259.8705292,43125000.0,0.0004,-3.83,73190,60050,48746,
2597,PALOU,Financial Services,Shell Companies,NASDAQ,91.55,56,44,41,42,10.1,,,,-14.04,100,33,20,
2598,LBTYB,Communication Services,Telecom Services,NASDAQ,91.54,56,43,51,85,12.38,4219253152.385626,341087566.0,0.0007,-57.33,51240,18390,14118,-0.077
2599,ZION,Financial Services,Banks - Regional,NASDAQ,91.54,56,74,79,73,62.73,9219873168.101425,145953355.0,0.0479,-14.47,1348510,1447300,1411266,0.352
2600,CRAI,Industrials,Consulting Services,NASDAQ,91.54,56,42,34,24,177.56,1069451437.4487305,6276860.0,0.0493,-21.88,136430,129526,130586,0.128
2601,KCHVU,Financial Services,Shell Companies,NASDAQ,91.53,56,45,46,44,10.52,,,0.51,-4.36,0,1036,726,
2602,SCD,Financial Services,Asset Management,NYSE,91.53,56,60,55,51,14.72,335806896.92477036,22906337.0,0.34,-9.02,71067,70089,70567,0.13
2603,TACO,Financial Services,Shell Companies,NASDAQ,91.53,56,52,45,38,10.46,392446126.43122673,37518750.0,0.0002,-1.78,69050,51790,45644,
2604,POLE,Financial Services,Shell Companies,NASDAQ,91.53,56,47,48,45,10.74,147501116.25658035,13733810.0,0.0001,-10.5,1210,99036,74172,
2605,WWW,Consumer Cyclical,Footwear & Accessories,NYSE,91.53,56,52,35,50,19.0,1575673771.4116478,82066339.0,0.120799996,-31.48,898660,762443,805152,0.068
2606,AOSL,Technology,Semiconductors,NASDAQ,91.52,56,26,80,85,28.41,916425340.1037197,30305071.0,0.1359,-47.72,459250,543726,564310,-0.035
2607,MBVIU,Financial Services,Shell Companies,NASDAQ,91.52,56,48,45,38,10.3,0.0,0.0,0.07,-1.9,0,33,74,
2608,BLUWU,Financial Services,Shell Companies,NASDAQ,91.52,56,42,46,45,10.5,,,8.08,-18.29,40,13,48,
2609,ZKP,Financial Services,Shell Companies,NASDAQ,91.51,56,48,42,39,10.04,392497061.8287077,39093333.0,0.0001,-0.1,3800,25636,19794,
2610,BLZRU,Financial Services,Shell Companies,NASDAQ,91.51,56,49,43,40,10.35,,,0.0,-5.91,5490,3246,2410,
2611,DSAC,Financial Services,Shell Companies,NASDAQ,91.5,56,51,47,36,10.13,344945908.29926777,34018333.0,0.0,-3.25,37890,122853,91894,
2612,GTENU,Financial Services,Shell Companies,NASDAQ,91.5,56,52,50,41,10.65,,,0.82,-2.29,0,103,122,
2613,ONCH,Financial Services,Shell Companies,NASDAQ,91.5,56,46,42,37,10.35,222740840.06699753,21541667.0,0.0001,-1.43,29980,28493,58652,
2614,LGI,Financial Services,Asset Management,NYSE,91.49,56,58,65,60,16.96,219635396.5510559,13027010.0,0.0021,-14.69,27014,31134,31590,0.059
2615,VLY,Financial Services,Banks - Regional,NASDAQ,91.48,56,72,84,83,12.75,7084398828.678268,552605226.0,0.113299996,-16.12,8204320,7200720,6731298,0.15
2616,PMTR,Financial Services,Shell Companies,NASDAQ,91.47,56,46,44,38,10.44,321201712.351799,30825500.0,0.0,-2.16,61190,95943,63768,
2617,RGCO,Utilities,Utilities - Regulated Gas,NASDAQ,91.47,56,39,70,56,22.61,227146312.85050964,10419556.0,0.0149,-19.22,13490,13393,14944,-0.009
2618,BCSS,Financial Services,Shell Companies,NYSE,91.47,56,49,43,41,10.23,600351984.4055176,58400000.0,0.0001,-2.39,77500,35163,34816,
2619,MTG,Financial Services,Insurance - Specialty,NYSE,91.46,56,75,58,59,27.87,5528114594.497833,205124840.0,0.059499998,-12.61,3017400,2402780,2073166,-0.029
2620,CAQ,Financial Services,Shell Companies,NASDAQ,91.46,56,47,41,36,10.0,311621670.0,31162167.0,0.01,-0.99,1060,12103,27890,
2621,LPAA,Financial Services,Shell Companies,NASDAQ,91.45,56,46,50,46,10.85,311937510.96725464,28750000.0,0.0005,-7.03,1090,473,5408,
2622,BDCIU,Financial Services,Shell Companies,NASDAQ,91.45,56,48,41,37,10.29,,,0.0,-2.46,30,150,178,
2623,TRP,Energy,Oil & Gas Midstream,NYSE,91.44,55,56,80,70,59.98,61537170228.79797,1041766896.0,16.86,-16.08,3829030,3049056,2726252,0.057
2624,NMPAU,Financial Services,Shell Companies,NASDAQ,91.44,55,46,45,45,10.35,,,0.86,-9.29,0,0,12,
2625,AACO,Financial Services,Shell Companies,NASDAQ,91.43,55,47,44,38,9.98,313616670.0,31361667.0,0.03,-0.2,6740,9180,6732,
2626,MTAL,Financial Services,Shell Companies,NYSE,91.43,55,46,48,41,10.16,311266658.3515949,30666667.0,0.0,-13.9,104063,56837,56322,
2627,MTB,Financial Services,Banks - Regional,NYSE,91.43,55,74,78,68,217.56,31760617531.539917,144933000.0,0.0417,-15.0,1007230,1075296,1007284,0.062
2628,TRGS,Financial Services,Shell Companies,NASDAQ,91.43,55,46,40,38,9.97,259109400.9923935,26015000.0,0.02,-1.29,5730,9543,14998,
2629,ALFUU,Financial Services,Shell Companies,NASDAQ,91.43,55,38,47,40,10.91,,,,-14.7,0,0,0,
2630,TPVG,Financial Services,Asset Management,NYSE,91.42,55,37,28,35,4.71,199477646.58238173,40709723.0,0.0629,-32.23,189700,239460,224370,-0.052
2631,VLYPN,Financial Services,Banks - Regional,NASDAQ,91.42,55,58,50,54,24.86,,,1.59,-6.33,40608,20152,17185,0.15
2632,CION,Financial Services,Asset Management,NYSE,91.42,55,40,22,27,6.96,344418928.0,49202704.0,0.037100002,-33.08,313370,333436,450398,-0.047
2633,CRAN,Financial Services,Shell Companies,NASDAQ,91.42,55,50,49,41,10.1,473690017.8909302,46900000.0,0.0001,-1.08,12890,38356,44728,
2634,HTHT,Consumer Cyclical,Lodging,NASDAQ,91.41,55,43,46,85,42.67,13177661751.842926,315405987.0,0.045500003,-24.66,1459020,1409023,1518316,0.108
2635,QUMSU,Financial Services,Shell Companies,NASDAQ,91.41,55,51,47,45,10.38,,,0.0,-5.55,0,120,76,
2636,CALY,Consumer Cyclical,Leisure,NYSE,91.4,55,77,94,89,13.87,2597496751.063966,179757563.0,0.048299998,-31.61,2051500,2061096,1996582,0.02
2637,VNMEU,Financial Services,Shell Companies,NASDAQ,91.39,55,48,43,42,10.34,,,0.0,-8.66,0,43,26,
2638,FGIIU,Financial Services,Shell Companies,NASDAQ,91.39,55,45,41,37,10.07,,,,-8.74,280,190,114,
2639,CEV,Financial Services,Asset Management,NYSE ARCA,91.39,55,45,58,54,10.07,73008509.30492878,7033575.0,0.91,-7.1,44610,33463,29384,0.037
2640,IGACU,Financial Services,Shell Companies,NASDAQ,91.38,55,46,44,40,10.18,,,0.0,-8.6,0,0,48,
2641,SDHIU,Financial Services,Shell Companies,NASDAQ,91.38,55,50,42,43,10.62,,,6.06,-5.43,0,43,38,
2642,CLBR,Financial Services,Shell Companies,NYSE,91.38,55,45,45,38,10.2,408169995.7674265,40016667.0,0.0002,-1.92,71326,128132,92133,
2643,CBIO,Healthcare,Biotechnology,NASDAQ,91.38,55,88,71,87,14.12,531942594.26368713,37146830.0,0.1574,-48.49,410780,493673,373454,
2644,MS,Financial Services,Capital Markets,NYSE,91.38,55,78,85,77,187.44,298894467196.12964,1570566292.0,0.0,-19.29,5643960,5148006,4856520,0.28
2645,TRS,Consumer Cyclical,Packaging & Containers,NASDAQ,91.38,55,50,70,78,38.44,1403385873.4425697,35873873.0,0.16780001,-15.39,276030,298930,371200,0.016
2646,ECAT,Financial Services,Asset Management,NYSE,91.38,55,65,67,52,14.11,1391561592.1635113,99468307.0,0.0044,-15.66,573081,584767,555438,
2647,ARTCU,Financial Services,Shell Companies,NASDAQ,91.36,55,47,51,37,10.15,,,10.48,-2.36,40,116,168,
2648,TDWDU,Financial Services,Shell Companies,NASDAQ,91.36,55,45,41,44,10.18,,,1.24,-15.17,20,6,36,
2649,SAC,Financial Services,Shell Companies,NYSE,91.35,55,47,43,37,10.1,316803348.6654339,31366667.0,0.01,-8.31,42552,130370,81328,
2650,LPAAU,Financial Services,Shell Companies,NASDAQ,91.35,55,55,48,45,10.83,,,,-5.66,70,23,14,
2651,RDW,Industrials,Aerospace & Defense,NYSE,91.34,55,58,27,28,9.76,2719919614.5293837,249992609.0,0.1981,-63.36,14104050,13014646,14743110,0.896
2652,IPFXU,Financial Services,Shell Companies,NASDAQ,91.34,55,39,54,38,10.4,,,0.34,-12.61,20,580,470,
2653,VCEL,Healthcare,Biotechnology,NASDAQ,91.33,55,62,83,33,40.05,2055945630.2350922,51206614.0,0.1379,-18.8,580490,530666,516672,0.225
2654,DRDBU,Financial Services,Shell Companies,NASDAQ,91.33,55,41,40,36,10.72,,,0.0,-12.13,0,13,8,
2655,BCV,Financial Services,Asset Management,NYSE ARCA,91.33,55,63,67,70,23.03,129657881.63214111,5627512.0,0.0011,-15.73,14254,10661,15268,-0.293
2656,STVN,Healthcare,Medical Instruments & Supplies,NYSE,91.33,55,71,44,15,19.21,5514674827.085289,273003694.0,0.0242,-31.37,279160,308340,388378,0.078
2657,LEGO,Financial Services,Shell Companies,NYSE ARCA,91.33,55,46,41,37,10.0,315168000.9745426,31266667.0,0.0084,-0.79,8200,41206,33234,
2658,CTAAU,Financial Services,Shell Companies,NASDAQ,91.33,55,49,43,42,10.07,,,1.18,-2.99,0,73,406,
2659,HACQ,Financial Services,Shell Companies,NASDAQ,91.32,55,48,46,38,10.04,375244998.5742569,37375000.0,0.0,-0.5,1030,44370,27138,
2660,SPOT,Communication Services,Internet Content & Information,NYSE,91.31,55,36,23,30,526.42,97235673658.30261,205620061.0,0.0286,-24.81,1416450,1472636,1704746,0.139
2661,AMR,Basic Materials,Coking Coal,NYSE,91.31,55,81,28,71,174.28,2174963294.174576,12679045.0,0.1472,-31.34,245100,309703,331320,-0.104
2662,MCHPP,Technology,Semiconductors,NASDAQ,91.3,55,40,71,73,64.7,,,0.03,-26.48,106376,240585,200873,0.38
2663,AGNCZ,Real Estate,REIT - Mortgage,NASDAQ,91.3,55,57,53,48,24.21,,,0.22,-8.19,123290,64810,54442,
2664,IIPR,Real Estate,REIT - Industrial,NYSE,91.3,55,61,83,60,51.92,1392904564.101162,27571349.0,0.2092,-20.59,558090,418316,375328,0.007
2665,BCAT,Financial Services,Asset Management,NYSE,91.3,55,74,74,66,13.63,1459169458.810707,106276002.0,2.91,-15.86,944076,1096585,916807,
2666,TWLVU,Financial Services,Shell Companies,NASDAQ,91.3,55,47,45,42,10.16,,,0.0,-2.4,0,0,8,
2667,ANGO,Healthcare,Medical Instruments & Supplies,NASDAQ,91.3,55,85,88,56,11.23,635442725.0617504,42054450.0,0.0346,-31.06,1003100,619663,540040,0.08
2668,ED,Utilities,Utilities - Regulated Electric,NYSE,91.3,55,59,58,55,105.99,38236582140.144516,369828633.0,0.036199998,-8.81,2567540,2201030,2246652,0.132
2669,AFL,Financial Services,Insurance - Life,NYSE,91.29,55,57,65,56,114.94,55919831917.9135,501343298.0,0.0299,-11.73,1699280,2147136,2090614,-0.01
2670,HCICU,Financial Services,Shell Companies,NASDAQ,91.28,55,46,48,37,10.15,,,5.75,-1.12,20,40,170,
2671,INDB,Financial Services,Banks - Regional,NASDAQ,91.28,55,67,74,69,77.12,3792369950.2927856,47369099.0,0.062800005,-11.86,452070,377893,348736,0.415
2672,SQM,Basic Materials,Specialty Chemicals,NYSE,91.27,55,74,78,93,64.52,18429350413.292847,285637808.0,2.42,-34.16,787060,943193,955962,1.367
2673,IEAG,Financial Services,Shell Companies,NASDAQ,91.27,55,52,49,40,10.16,443033613.28125,43520000.0,0.00029999999,-1.36,130580,59643,54694,
2674,KBON,Financial Services,Shell Companies,NASDAQ,91.26,55,44,41,40,10.12,444111356.716156,44015000.0,0.01,-0.3,43263,56944,40498,
2675,PCAPU,Financial Services,Shell Companies,NASDAQ,91.25,55,46,41,34,10.47,,,0.26,-4.82,1430,1490,1288,
2676,CEPS,Financial Services,Shell Companies,NASDAQ,91.24,55,50,50,38,10.28,150858996.08135223,14675000.0,0.0001,-1.63,3090,5120,11006,
2677,PAAC,Financial Services,Shell Companies,NASDAQ,91.24,55,50,40,35,10.01,177587804.773098,17723333.0,0.0037,-1.38,88220,39210,25608,
2678,STRA,Consumer Defensive,Education & Training Services,NASDAQ,91.24,55,55,36,50,82.39,1770386630.5888367,22207559.0,0.103199996,-8.18,289890,301713,292136,0.049
2679,BDCI,Financial Services,Shell Companies,NASDAQ,91.24,55,47,40,36,10.13,352504952.6207619,34746667.0,0.0001,-1.27,19020,13260,22546,
2680,HMY,Basic Materials,Gold,NYSE,91.24,55,83,27,36,16.84,10881830501.205683,626112257.0,0.0226,-35.38,3471990,4191753,3776806,0.492
2681,PTORU,Financial Services,Shell Companies,NASDAQ,91.24,55,49,51,37,10.08,,,4.26,-8.78,150,226,968,
2682,TEL,Technology,Electronic Components,NYSE,91.23,54,39,33,79,214.31,63891326658.88574,289940672.0,0.033099998,-15.14,1584150,1862983,1938218,0.138
2683,CTAA,Financial Services,Shell Companies,NASDAQ,91.23,54,45,41,37,9.95,169166583.40718937,17001667.0,0.28,-0.5,0,10323,7270,
2684,MCGA,Financial Services,Shell Companies,NASDAQ,91.23,54,48,38,33,10.35,244065956.84553337,23581251.0,0.0023,-4.43,8090,66020,77962,
2685,TMTS,Financial Services,Shell Companies,NASDAQ,91.23,54,47,44,41,10.03,307586661.82111645,30666667.0,0.03,-4.02,34751,39270,52922,
2686,CPHC,Consumer Cyclical,Resorts & Casinos,NASDAQ,91.23,54,53,40,33,15.76,81638455.5,5183394.0,0.0066000004,-9.43,620,1286,1556,0.032
2687,ANGH,Communication Services,Entertainment,NASDAQ,91.23,54,31,29,45,3.53,33775475.24772072,9064808.0,0.0007,-55.26,3250,21943,26066,0.053
2688,BWBBP,Financial Services,Banks - Regional,NASDAQ,91.23,54,53,58,59,19.21,,,3.83,-9.3,2210,2070,2168,0.184
2689,OIM,Financial Services,Shell Companies,NASDAQ,91.22,54,47,43,38,10.11,366072879.1356087,36137500.0,0.0001,-2.13,57450,34306,32538,
2690,ALLE,Industrials,Security & Protection Services,NYSE,91.22,54,56,29,30,149.99,13113523339.985687,85036786.0,0.0354,-18.09,993820,1282303,1202530,0.127
2691,KBONU,Financial Services,Shell Companies,NASDAQ,91.22,54,49,44,44,10.23,,,1.49,-7.8,35391,11803,7118,
2692,EW,Healthcare,Medical Devices,NYSE,91.21,54,57,64,50,84.24,49029370878.601074,575800000.0,0.0179,-12.51,3732730,3426750,3301742,0.136
2693,SVIV,Financial Services,Shell Companies,NASDAQ,91.2,54,49,49,37,10.11,309426674.70936203,30666667.0,0.01,-6.39,35490,25773,22570,
2694,LSAK,Technology,Software - Infrastructure,NASDAQ,91.19,54,39,55,58,4.72,371618320.47214127,85824094.0,0.0042,-14.8,224030,177046,152756,0.118
2695,TCBS,Financial Services,Banks - Regional,NASDAQ,91.17,54,59,56,54,17.0,49209811.09911156,2872727.0,0.0013,-15.0,2410,1930,1702,0.135
2696,MAS,Industrials,Building Products & Equipment,NYSE,91.17,54,45,75,41,69.5,13479732835.153656,197187430.0,0.052699998,-16.91,2073600,2274796,2238550,-0.029
2697,FCRS,Financial Services,Shell Companies,NYSE,91.16,54,47,42,35,10.21,368359375.0,35937500.0,0.0,-6.5,50680,86756,60528,
2698,SSP,Communication Services,Broadcasting,NASDAQ,91.16,54,42,49,96,2.89,253913036.22376037,92668991.0,0.1062,-46.38,666850,660153,660276,-0.092
2699,BAFN,Financial Services,Banks - Regional,NASDAQ,91.15,54,85,15,28,6.72,209231450.5712986,26962815.0,0.0148,-36.12,106320,155160,104102,
2700,CGBD,Financial Services,Asset Management,NASDAQ,91.15,54,57,31,33,10.54,732768761.4031353,68804581.0,0.0433,-20.63,510710,471160,498860,-0.077
2701,INVA,Healthcare,Biotechnology,NASDAQ,91.13,54,37,57,79,20.87,1481032442.5,72245485.0,0.13430001,-17.02,775730,927656,821538,0.193
2702,OHI,Real Estate,REIT - Healthcare Facilities,NYSE,91.12,54,62,70,69,44.14,13675355285.125732,299111000.0,0.0477,-15.75,2141470,2081166,1969964,0.112
2703,UCB,Financial Services,Banks - Regional,NYSE,91.12,54,66,66,65,33.58,4085144212.068039,119763827.0,0.0575,-9.68,991580,849226,826308,0.244
2704,ULBI,Industrials,Electrical Equipment & Parts,NASDAQ,91.12,54,31,21,75,6.21,108477885.0039196,16663269.0,0.0107,-24.73,35420,40373,43582,-0.013
2705,SPEGU,Financial Services,Shell Companies,NASDAQ,91.12,54,46,50,38,10.48,,,0.73,-23.28,0,0,2506,
2706,SDEV,Financial Services,Asset Management,NYSE ARCA,91.1,54,7,7,4,1.99,377364355.3622532,50449780.0,0.0435,-98.01,70956720,24267240,14995218,
2707,GTEN,Financial Services,Shell Companies,NASDAQ,91.08,54,53,46,41,10.42,471935262.03632355,45075000.0,0.0001,-5.19,20480,7726,36098,
2708,MQ,Technology,Software - Infrastructure,NASDAQ,91.08,54,33,34,33,17.44,1722835623.2788925,104098834.0,0.0592,-21.72,1199190,890966,961472,0.17
2709,TRGSU,Financial Services,Shell Companies,NASDAQ,91.08,54,45,42,38,10.06,,,0.17,-8.55,0,0,132,
2710,WAY,Healthcare,Health Information Services,NASDAQ,91.08,54,36,19,18,26.48,4757278098.555298,191748416.0,0.091000006,-34.37,2019970,2066640,2451950,0.181
2711,SAAQ,Financial Services,Shell Companies,NASDAQ,91.08,54,44,44,46,10.08,314692309.32241726,31312667.0,0.0001,-9.19,79770,80556,56748,
2712,NSRX,Healthcare,Drug Manufacturers - General,NYSE ARCA,91.07,54,18,22,3,3.63,45918128.25369263,11713808.0,0.0123000005,-61.79,33480,17740,17028,
2713,PNW,Utilities,Utilities - Regulated Electric,NYSE,91.07,54,55,68,64,97.98,11625238463.361237,121197234.0,0.1109,-11.86,1597360,1191613,1168638,0.071
2714,COYA,Healthcare,Biotechnology,NASDAQ,91.07,54,27,35,31,4.99,112832252.34773111,23457849.0,0.0511,-35.61,101300,132490,128756,0.49
2715,HIFS,Financial Services,Banks - Regional,NASDAQ,91.06,54,63,54,69,290.61,632324602.31781,2197250.0,0.1472,-14.02,38450,39333,44296,1.08
2716,MLAAU,Financial Services,Shell Companies,NASDAQ,91.06,54,42,41,47,10.08,,,8.31,-9.35,0,53,44,
2717,LPLA,Financial Services,Capital Markets,NASDAQ,91.05,54,69,36,27,328.0,24917210439.84192,78742290.0,0.0226,-18.03,956070,813206,741378,0.364
2718,EQT,Energy,Oil & Gas E&P,NYSE,91.05,54,46,29,61,52.94,31382136574.645996,625516000.0,0.040900003,-22.42,7375790,7411433,6889156,-0.039
2719,DNMXU,Financial Services,Shell Companies,NASDAQ,91.04,54,45,41,38,10.15,,,0.0,-7.73,3720,1686,1328,
2720,YORW,Utilities,Utilities - Regulated Water,NASDAQ,91.02,54,66,38,29,30.97,499191155.2744274,16228581.0,0.0416,-11.03,186260,147630,136354,0.225
2721,HACQU,Financial Services,Shell Companies,NASDAQ,91.02,54,45,43,37,10.14,,,0.0,-0.59,50,656,506,
2722,IEAGU,Financial Services,Shell Companies,NASDAQ,91.02,54,48,47,37,10.32,,,8.61,-11.72,285,178,485,
2723,MMTXU,Financial Services,Shell Companies,NASDAQ,91.0,54,45,41,43,10.1,77710412.93506622,7694100.0,,-9.58,0,0,0,
2724,ALOVU,Financial Services,Shell Companies,NASDAQ,91.0,54,45,43,38,10.06,,,23.14,-3.73,0,0,126,
2725,OPRX,Healthcare,Health Information Services,NASDAQ,90.98,54,38,15,10,8.38,161424094.32172394,18835951.0,0.0561,-62.34,217980,171736,202640,-0.298
2726,CAAS,Consumer Cyclical,Auto Parts,NASDAQ,90.96,54,78,44,39,4.39,139388639.78723717,30170702.0,0.0043,-22.16,27730,23263,35484,0.17
2727,VLOS,Financial Services,Shell Companies,NASDAQ,90.96,54,45,42,48,10.79,252430543.25,23481911.0,0.00059999997,-9.78,40462,22304,19114,
2728,GGZ,Financial Services,Asset Management,NYSE,90.96,54,64,65,73,15.04,118543211.86206722,7707621.0,0.0005,-11.94,5008,5862,6109,
2729,NCZ,Financial Services,Asset Management,NYSE,90.94,54,68,67,70,14.02,265834282.9112749,19028939.0,0.0082,-13.3,85038,58736,56129,-0.104
2730,CRCL,Financial Services,Capital Markets,NYSE,90.93,54,36,10,52,80.84,20627415331.25,253875881.0,0.0958,-49.31,9666680,13688270,13942332,0.066
2731,RMD,Healthcare,Medical Instruments & Supplies,NYSE,90.93,54,42,22,29,226.73,30784523814.43062,140639243.0,0.11350001,-20.41,943910,1219560,1348986,0.086
2732,TLNC,Financial Services,Shell Companies,NASDAQ,90.92,54,48,49,45,10.21,349983706.4809799,33979000.0,0.00059999997,-9.65,9600,72210,52988,
2733,PECO,Real Estate,REIT - Retail,NASDAQ,90.91,54,56,74,64,37.39,4859711783.981323,128700000.0,0.051799998,-15.74,1405350,1111723,981172,0.067
2734,EXK,Basic Materials,Silver,NYSE,90.9,54,86,33,85,8.57,2546842632.3701534,296144479.0,2.13,-43.43,6886160,7948523,8301214,1.394
2735,DLX,Industrials,Conglomerates,NYSE,90.9,54,64,75,92,23.05,1036810744.8884583,45856290.0,0.1225,-28.13,504660,462123,463818,-0.042
2736,WTRG,Utilities,Utilities - Regulated Water,NYSE,90.89,54,69,40,40,38.72,11169467173.49271,283632983.0,0.0305,-8.92,2562340,2609470,2347894,0.031
2737,NGVC,Consumer Defensive,Grocery Stores,NYSE,90.88,54,39,58,22,30.08,705433513.1760712,23045851.0,0.094799995,-26.76,113460,136630,150890,0.018
2738,ALCO,Consumer Defensive,Farm Products,NASDAQ,90.86,53,59,62,76,38.7,284205082.09784317,7418561.0,0.0327,-14.02,20880,20903,20606,0.077
2739,BGB,Financial Services,Asset Management,NYSE,90.86,53,47,42,38,11.06,497274381.313076,44678740.0,0.0011999999,-8.75,214139,197286,178439,
2740,FVR,Real Estate,REIT - Diversified,NYSE,90.86,53,75,88,77,16.66,407925303.50336456,24455953.0,0.025799999,-25.26,293820,196583,209066,0.015
2741,BRLT,Consumer Cyclical,Luxury Goods,NASDAQ,90.86,53,46,18,25,1.46,23501975.198130608,16907896.0,0.0064999997,-49.66,54440,74606,116298,0.057
2742,TDY,Technology,Scientific & Technical Instruments,NYSE,90.86,53,51,58,67,604.82,28609329913.19879,46355673.0,0.0226,-13.31,243970,264496,281524,0.098
2743,FOXF,Consumer Cyclical,Auto Parts,NASDAQ,90.85,53,61,31,22,18.5,783878152.6164455,42031001.0,0.0955,-27.93,742250,535540,569902,-0.045
2744,STRRP,Industrials,Staffing & Employment Services,NASDAQ,90.85,53,62,62,68,9.19,,,8.16,-15.84,6460,4883,5408,0.546
2745,SUMA,Financial Services,Shell Companies,NASDAQ,90.82,53,44,40,38,9.95,233290183.0279827,23446250.0,0.2,-0.2,770,2643,5706,
2746,CHOW,Technology,Software - Infrastructure,NYSE ARCA,90.81,53,8,5,2,0.56,19874400.084614754,35490000.0,0.0401,-95.35,138030,5417550,8255184,-0.126
2747,OGE,Utilities,Utilities - Regulated Electric,NYSE,90.79,53,56,59,59,46.11,9357011745.630222,206374321.0,0.0682,-8.86,2351790,1850323,1650890,-0.04
2748,NP,Financial Services,Insurance Brokers,NYSE,90.78,53,85,69,57,28.44,3764303700.5802155,137233090.0,0.0664,-19.09,602150,542536,544604,0.328
2749,FIBK,Financial Services,Banks - Regional,NASDAQ,90.78,53,66,76,64,34.94,3430965852.0,95304607.0,0.1611,-13.94,1297150,1213136,1114450,0.074
2750,SBRA,Real Estate,REIT - Healthcare Facilities,NASDAQ,90.77,53,69,55,66,18.84,4894666365.979477,255462756.0,0.112799995,-17.26,2596340,2447136,2481388,0.253
2751,OR,Basic Materials,Gold,NYSE,90.77,53,51,20,79,34.18,6456357147.552155,187303653.0,3.17,-28.88,754730,819153,951802,0.62
2752,GDOT,Financial Services,Credit Services,NYSE,90.76,53,57,67,69,12.68,712314737.5,56985179.0,0.0298,-7.78,496760,372836,382458,0.183
2753,EFTY,Industrials,Consulting Services,NASDAQ,90.75,53,80,87,93,15.02,302052209.20562744,20110000.0,0.1073,-0.0,0,0,0,-0.259
2754,UCFI,Consumer Defensive,Packaged Foods,NASDAQ,90.75,53,31,30,21,5.51,287814768.2856388,52234983.0,0.048600003,-0.0,0,0,0,0.171
2755,OST,Technology,Electronic Components,NASDAQ,90.75,53,40,29,15,1.7,10108844.712820053,5963920.0,0.0296,0.29,0,0,0,-0.16
2756,CRC,Energy,Oil & Gas E&P,NYSE,90.74,53,58,40,85,53.05,4656827017.09568,88819893.0,0.0631,-26.3,771800,857423,859544,0.33
2757,CCII,Financial Services,Shell Companies,NASDAQ,90.74,53,45,43,41,10.29,357688277.7879019,34693333.0,0.0005,-2.0,64570,93436,68226,
2758,MOD,Consumer Cyclical,Auto Parts,NYSE,90.73,53,32,92,96,181.89,9464684403.512878,53112708.0,0.0644,-43.73,1579880,1334816,1414380,0.28
2759,CRVS,Healthcare,Biotechnology,NASDAQ,90.72,53,87,96,98,10.21,916918257.5104065,84120944.0,0.2321,-62.12,1202500,1148750,998368,
2760,ACAA,Financial Services,Shell Companies,NASDAQ,90.7,53,43,41,35,10.02,358609232.30589867,35682510.0,0.0001,-2.15,52770,43930,33794,
2761,NAVI,Financial Services,Credit Services,NASDAQ,90.68,53,49,23,17,9.27,863762702.7904711,93989417.0,0.2867,-31.23,1240040,1429270,1362018,0.042
2762,TFX,Healthcare,Medical Instruments & Supplies,NYSE,90.67,53,61,66,68,124.19,5259262032.019264,42372397.0,0.14819999,-14.35,860370,780286,729356,0.289
2763,NOMD,Consumer Defensive,Packaged Foods,NYSE,90.66,53,55,51,16,11.05,1488775896.523901,139791169.0,0.0215,-16.16,1379640,1311243,1561084,-0.031
2764,API,Technology,Software - Application,NASDAQ,90.66,53,44,41,54,4.04,344963120.42936325,84549786.0,0.0091,-26.48,92650,123910,181236,0.18
2765,CKX,Energy,Oil & Gas E&P,NYSE ARCA,90.66,53,53,45,43,10.4,21824761.504961967,2053129.0,0.003,-16.4,3150,3316,3724,0.238
2766,CCIIU,Financial Services,Shell Companies,NASDAQ,90.66,53,47,49,40,10.46,,,3.88,-16.92,40,80,84,
2767,COLB,Financial Services,Banks - Regional,NASDAQ,90.64,53,64,78,72,28.53,8181533612.14373,282902268.0,0.0375,-15.29,2726830,2894653,2855000,0.351
2768,SBUX,Consumer Cyclical,Restaurants,NASDAQ,90.63,53,63,70,64,93.21,107969398956.29883,1140000000.0,0.038900003,-15.65,9368680,7604486,7499916,-0.014
2769,JQC,Financial Services,Asset Management,NYSE,90.62,53,51,43,43,4.62,690303902.2075176,147816679.0,0.0014,-12.67,1097406,730108,682141,-0.009
2770,SA,Basic Materials,Gold,NYSE,90.62,53,78,44,90,27.12,2909286621.450714,107871216.0,0.044,-32.3,517620,524813,661974,
2771,RDAGU,Financial Services,Shell Companies,NASDAQ,90.62,53,45,41,41,10.53,41698798.94256592,3960000.0,0.18,-1.59,120,63,172,
2772,OIS,Energy,Oil & Gas Equipment & Services,NYSE,90.61,53,66,67,93,8.2,496455126.7564964,60322619.0,0.0434,-43.45,874090,627730,634384,-0.053
2773,EFSC,Financial Services,Banks - Regional,NASDAQ,90.6,53,65,72,59,59.33,2174446667.8704834,36192520.0,0.039100002,-13.68,215410,276160,241964,0.012
2774,SVIVU,Financial Services,Shell Companies,NASDAQ,90.59,53,56,49,42,10.2,,,5.04,-7.27,660,306,522,
2775,ETY,Financial Services,Asset Management,NYSE,90.59,53,42,43,48,14.21,2258599070.048584,159280608.0,0.14,-10.69,438248,353912,316921,0.021
2776,ITHAU,Financial Services,Shell Companies,NASDAQ,90.59,53,46,53,39,10.13,,,372.91,-7.91,0,23,14,
2777,LSE,Energy,Oil & Gas Equipment & Services,NASDAQ,90.58,53,67,29,27,4.7,76612500.0,17025000.0,0.0029,-32.66,6480,5206,5386,-0.256
2778,AVGO,Technology,Semiconductors,NASDAQ,90.58,53,37,65,86,360.14,1695306980182.3188,4773629865.0,0.0111,-27.24,22334940,25881543,23416804,0.855
2779,CTW,Communication Services,Electronic Gaming & Multimedia,NASDAQ,90.57,53,62,63,29,2.3,120183919.36616278,59203902.0,0.95,-26.75,16660,21290,23320,-0.007
2780,THQ,Financial Services,Asset Management,NYSE,90.55,53,68,59,51,17.45,736758333.9528561,41437475.0,0.0011999999,-14.42,149371,123600,133086,
2781,DGICA,Financial Services,Insurance - Property & Casualty,NASDAQ,90.55,53,64,46,33,18.54,678169299.1318588,37119282.0,0.049099997,-11.97,110250,110060,121626,-0.024
2782,AKA,Consumer Cyclical,Apparel Retail,NYSE,90.54,53,70,47,35,10.76,119252994.34275627,10991059.0,0.012,-34.31,760,2546,3342,-0.003
2783,PCYO,Utilities,Utilities - Regulated Water,NASDAQ,90.53,53,55,38,53,11.0,262661323.80758286,24097370.0,0.0251,-11.58,76390,84466,85766,0.6
2784,CHSCN,Consumer Defensive,Farm Products,NASDAQ,90.52,53,56,50,51,24.02,,,0.54,-6.1,35198,23936,22359,0.186
2785,KRAQU,Financial Services,Shell Companies,NASDAQ,90.51,53,45,42,37,10.13,,,0.0,-3.52,300,503,452,
2786,JBS,Consumer Defensive,Packaged Foods,NYSE,90.51,53,37,28,78,12.75,38386874559.93854,3289363694.0,0.168,-31.64,6406460,5529886,5667100,0.138
2787,TBCH,Technology,Consumer Electronics,NASDAQ,90.51,53,25,53,27,12.73,250556852.79079247,17909711.0,0.2952,-26.78,404400,398000,378104,-0.007
2788,DTF,Financial Services,Asset Management,NYSE,90.5,53,53,51,48,11.24,79082628.75,7029567.0,0.0019,-3.19,15366,8452,7117,-0.016
2789,IPI,Basic Materials,Agricultural Inputs,NYSE,90.5,53,80,52,62,33.05,440840617.6534195,13456674.0,0.0274,-34.35,184670,197790,200272,-0.015
2790,CEPV,Financial Services,Shell Companies,NASDAQ,90.48,53,48,48,36,10.26,327119098.78730774,31790000.0,0.0002,-2.29,11850,5400,4368,
2791,MOH,Healthcare,Healthcare Plans,NYSE,90.48,53,74,85,15,195.76,9893987649.536133,52200000.0,0.0715,-20.06,713880,644266,622978,-0.057
2792,IACOU,Financial Services,Shell Companies,NASDAQ,90.47,53,47,52,41,10.05,,,0.11,-2.52,100,40,1354,
2793,CEE,Financial Services,Asset Management,NYSE,90.46,53,65,74,82,18.57,118145920.75196457,6520194.0,0.0004,-15.51,10238,14776,22227,3.178
2794,BH,Consumer Cyclical,Restaurants,NYSE,90.46,53,71,65,30,367.7,1158385748.378418,3184478.0,0.9,-23.97,66160,130390,150198,0.079
2795,PNC,Financial Services,Banks - Regional,NYSE,90.42,53,73,78,72,219.68,88190969512.93945,399000000.0,0.0194,-15.17,2042790,1804933,1654686,0.236
2796,VLOSU,Financial Services,Shell Companies,NASDAQ,90.41,53,32,43,31,10.79,,,2.78,-37.95,200,506,308,
2797,ONCHU,Financial Services,Shell Companies,NASDAQ,90.4,53,48,43,36,10.41,,,0.9,-8.2,10,1993,1776,
2798,PGR,Financial Services,Insurance - Property & Casualty,NYSE,90.39,53,54,37,30,218.73,122063922583.00781,580400000.0,0.0108,-10.96,2786830,2620526,2522818,0.073
2799,STHO,Real Estate,Real Estate Services,NASDAQ,90.39,53,70,65,59,8.47,102512772.5461998,12088771.0,0.0095,-14.79,82520,39230,30086,-0.599
2800,EFT,Financial Services,Asset Management,NYSE,90.38,53,42,37,35,10.61,281993186.25514793,26578058.0,0.06,-10.99,188089,128873,129243,-0.231
2801,MDT,Healthcare,Medical Devices,NYSE,90.37,53,62,30,32,87.75,110491927424.94286,1279137890.0,0.0135,-17.47,40368820,19918030,14626174,0.137
2802,PC,Industrials,Specialty Business Services,NASDAQ,90.35,52,61,61,68,9.4,30497781.762342453,3244445.0,,-29.06,0,0,0,-0.079
2803,FNWB,Financial Services,Banks - Regional,NASDAQ,90.35,52,74,84,60,9.71,94640567.43580341,9511615.0,0.0044,-22.44,31830,30783,27322,-0.0
2804,BACC,Financial Services,Shell Companies,NASDAQ,90.35,52,54,54,44,10.44,293323083.4699688,27962163.0,0.0004,-5.95,188470,103853,79940,
2805,SHPH,Healthcare,Drug Manufacturers - Specialty & Generic,NASDAQ,90.34,52,7,2,5,5.55,19868782.683517456,4764696.0,0.0215,-90.07,54420,44533,149096,
2806,LND,Consumer Defensive,Farm Products,NYSE,90.34,52,42,35,57,3.73,349650253.119993,99615457.0,0.0016,-16.18,65370,58873,54826,-0.15
2807,HLIT,Technology,Communication Equipment,NASDAQ,90.34,52,54,84,57,11.07,1218272198.9711094,109066445.0,0.0813,-37.39,1352210,1422823,1537238,0.535
2808,SELF,Real Estate,REIT - Specialty,NASDAQ,90.31,52,56,47,56,4.91,55393885.91076851,11421420.0,0.0016,-14.61,49430,37100,35718,0.006
2809,CNA,Financial Services,Insurance - Property & Casualty,NYSE,90.3,52,63,67,61,46.69,12539647044.810425,270600928.0,0.1479,-16.19,500630,553400,489140,0.03
2810,TRVI,Healthcare,Biotechnology,NASDAQ,90.3,52,87,94,93,12.82,1981838926.569912,142475841.0,0.094,-36.6,3141340,2075213,1862342,
2811,JF,Financial Services,Credit Services,NASDAQ,90.28,52,31,41,42,0.95,16872941.986084342,18340154.0,0.0013,-23.39,5790,6926,9072,
2812,ALZN,Healthcare,Biotechnology,NASDAQ,90.28,52,60,20,5,1.34,6611240.53301084,4825723.0,0.026199998,-50.0,64860,99700,97564,
2813,QSR,Consumer Cyclical,Restaurants,NYSE,90.27,52,68,55,70,70.66,24381677601.34018,348758065.0,0.0635,-13.79,2662460,3168980,2857972,0.046
2814,UHS,Healthcare,Medical Care Facilities,NYSE,90.26,52,43,21,34,175.72,10356324487.743988,58936515.0,0.065799996,-28.66,586960,717840,722522,0.083
2815,PGY,Technology,Software - Infrastructure,NASDAQ,90.26,52,74,33,20,18.26,1499996618.9506798,83425843.0,0.1435,-42.11,2242630,2317650,2652448,0.186
2816,CBSH,Financial Services,Banks - Regional,NASDAQ,90.25,52,67,60,31,54.61,7928930624.751892,143432178.0,0.0456,-10.36,822400,989253,950290,0.142
2817,EOS,Financial Services,Asset Management,NYSE,90.25,52,40,43,48,21.43,1137763768.2353783,53316015.0,0.12,-11.99,184918,151232,141077,0.169
2818,CABR,Healthcare,Drug Manufacturers - Specialty & Generic,NASDAQ,90.23,52,71,85,84,1.16,12027141.81392312,10368226.0,0.002,-36.96,12090,30490,51640,
2819,DAAQU,Financial Services,Shell Companies,NASDAQ,90.23,52,66,51,34,10.58,,,4.13,-11.46,826,465,371,
2820,RSG,Industrials,Waste Management,NYSE,90.22,52,55,40,30,216.84,64169990922.08972,306212978.0,0.0252,-7.1,1186370,1557100,1497512,0.046
2821,WFF,Industrials,Specialty Industrial Machinery,NASDAQ,90.21,52,14,36,5,2.05,21814013.520497322,9070276.0,0.0614,-80.86,516960,504953,3398210,-0.131
2822,PLD,Real Estate,REIT - Industrial,NYSE,90.21,52,57,70,76,129.29,122507478464.74475,950333372.0,0.0227,-15.69,3951170,3508713,3909060,0.123
2823,ALX,Real Estate,REIT - Retail,NYSE,90.2,52,64,76,65,241.48,1245463742.5172424,5107290.0,0.1117,-16.57,43230,42083,39806,0.061
2824,AUB,Financial Services,Banks - Regional,NYSE,90.19,52,67,75,73,37.92,5544074219.136353,142814896.0,0.0773,-13.07,1235510,1272450,1081854,0.358
2825,CAL,Consumer Cyclical,Apparel Retail,NYSE,90.16,52,32,30,45,12.43,421650828.1538229,34504977.0,0.1252,-17.35,438810,562976,533486,0.056
2826,KR,Consumer Defensive,Grocery Stores,NYSE,90.13,52,27,26,47,61.41,34862450240.06653,590588700.0,0.0504,-19.81,8350400,7721883,7049190,0.02
2827,FORTY,Technology,Information Technology Services,NASDAQ,90.13,52,54,25,49,118.15,1740484704.5,15334667.0,0.89,-38.0,1910,810,634,0.053
2828,AWX,Industrials,Waste Management,NYSE ARCA,90.13,52,57,50,32,2.58,9670591.434375763,3899432.0,0.0045,-52.49,6960,7563,55736,0.032
2829,FRME,Financial Services,Banks - Regional,NASDAQ,90.13,52,62,68,61,39.59,2521477229.2773666,62801423.0,0.043,-12.66,585560,510903,443208,0.028
2830,TEI,Financial Services,Asset Management,NYSE,90.13,52,69,67,71,6.11,287148777.83675766,47228418.0,0.0016,-12.71,194828,168176,157007,0.115
2831,MGRC,Industrials,Rental & Leasing Services,NASDAQ,90.12,52,43,52,53,112.73,2871480882.6470337,24425663.0,0.024300002,-10.41,169770,152496,153814,-0.062
2832,TFPM,Basic Materials,Other Precious Metals & Mining,NYSE,90.11,52,63,27,76,30.62,6305752904.644272,206003031.0,2.9,-26.57,421750,477196,530942,0.373
2833,COCO,Consumer Defensive,Beverages - Non-Alcoholic,NASDAQ,90.11,52,29,93,65,55.98,3238656714.0449524,57864153.0,0.12550001,-34.78,1085640,1403560,1167738,0.281
2834,MXE,Financial Services,Asset Management,NYSE,90.07,52,62,60,75,12.5,54210573.53716278,4400209.0,1.47,-12.59,4016,3325,3243,-0.055
2835,PAYX,Technology,Software - Application,NASDAQ,90.07,52,69,52,17,104.46,35220708867.71295,355980473.0,0.0623,-19.17,3207170,3231413,2907956,0.059
2836,CEPF,Financial Services,Shell Companies,NASDAQ,90.06,52,46,45,38,10.27,586930526.1611938,57150000.0,0.0001,-3.75,130710,100686,76338,
2837,FAF,Financial Services,Insurance - Specialty,NYSE,90.06,52,69,72,63,62.81,6380229171.37146,102100000.0,0.0687,-21.36,1083060,948286,800250,0.15
2838,GLQ,Financial Services,Asset Management,NYSE ARCA,90.05,52,60,69,70,7.56,142409717.81299353,18738121.0,0.0050999997,-13.6,42487,45725,45047,-0.003
2839,PRM,Basic Materials,Specialty Chemicals,NYSE,90.03,52,66,88,88,27.7,4493206161.2332115,163686923.0,0.056700002,-27.43,1492960,1240516,1419494,0.315
2840,FTS,Utilities,Utilities - Regulated Electric,NYSE,90.03,52,55,64,65,53.38,27011282454.299927,510900000.0,20.28,-10.13,993630,822463,800204,0.041
2841,PNFP,Financial Services,Banks - Regional,NYSE,90.02,52,63,53,40,94.67,14520413024.208984,151112640.0,0.0373,-14.19,1282590,1108090,1026356,1.37
2842,CECO,Industrials,Pollution & Treatment Controls,NASDAQ,90.01,52,75,93,92,65.55,4314253892.289124,58569830.0,0.0377,-35.25,724390,729056,804710,0.537
2843,OSW,Consumer Cyclical,Leisure,NASDAQ,90.01,52,43,74,78,23.5,2397399662.621109,101498712.0,0.0789,-19.65,798810,975746,967366,0.085
2844,DCI,Industrials,Specialty Industrial Machinery,NYSE,90.0,52,57,58,61,87.16,10275433112.71482,115910129.0,0.0307,-22.76,609100,672906,661870,0.08
2845,FTEK,Industrials,Pollution & Treatment Controls,NASDAQ,90.0,52,52,28,21,1.66,51734312.299747586,31165249.0,0.0128,-51.88,95780,192946,172146,0.167
2846,PSIX,Industrials,Specialty Industrial Machinery,NASDAQ,89.99,52,17,5,85,48.5,1034485397.3049164,23065450.0,0.1412,-54.46,378630,388893,436166,-0.205
2847,LIN,Basic Materials,Specialty Chemicals,NASDAQ,89.98,52,41,62,60,481.7,221030773619.71933,460980163.0,0.0127,-12.13,2271210,2078713,2150080,0.093
2848,HTLD,Industrials,Trucking,NASDAQ,89.98,52,69,91,79,11.35,920258041.39995,77332611.0,0.0776,-31.79,619650,719310,748102,-0.125
2849,WYY,Technology,Information Technology Services,NYSE ARCA,89.98,52,94,98,72,7.17,75586807.22789526,9998255.0,0.0456,-70.49,752470,316620,245274,0.019
2850,SJT,Energy,Oil & Gas E&P,NYSE,89.98,52,13,7,21,3.79,175249076.27550387,46608797.0,0.028499998,-42.14,506770,352870,296500,-0.938
2851,CRS,Industrials,Metal Fabrication,NYSE,89.95,52,79,95,92,387.1,19252016194.516296,49558566.0,0.0368,-38.16,721550,811843,750770,0.126
2852,SYF,Financial Services,Credit Services,NYSE,89.95,52,59,46,69,73.72,23351864094.551697,325370840.0,0.077,-16.95,2655380,2921543,3028882,0.006
2853,SKYW,Industrials,Airlines,NASDAQ,89.94,52,44,40,40,96.73,3824440908.9333572,39660281.0,0.065799996,-17.83,291050,328010,319464,0.065
2854,LSPD,Technology,Software - Application,NYSE,89.94,52,36,36,25,10.41,1269721953.980896,129299592.0,0.0481,-24.1,1108810,762290,759462,0.058
2855,XYF,Financial Services,Credit Services,NYSE,89.93,52,32,17,7,5.07,182450889.43334484,36933378.0,0.005,-65.88,53030,73156,63064,-0.563
2856,ETJ,Financial Services,Asset Management,NYSE,89.93,52,50,46,48,8.13,547163536.0120783,67301787.0,1.72,-10.46,238429,156463,138263,
2857,BBT,Financial Services,Banks - Regional,NYSE,89.92,52,72,65,79,27.48,2375347890.02932,83816086.0,0.0552,-16.3,1199380,1077126,955942,1.445
2858,FLOC,Energy,Oil & Gas Equipment & Services,NYSE,89.92,52,52,59,79,19.15,811735798.6818008,43972689.0,0.0939,-32.24,667220,601450,591072,0.221
2859,WMG,Communication Services,Entertainment,NASDAQ,89.9,52,40,34,39,28.91,14027188735.105757,523109769.0,0.083900005,-18.38,2403690,2056933,2164408,0.104
2860,ASG,Financial Services,Asset Management,NYSE,89.9,52,43,54,51,5.04,323685794.29872704,63717677.0,0.00029999999,-11.42,277912,263527,244820,-0.011
2861,NVS,Healthcare,Drug Manufacturers - General,NYSE,89.88,51,39,64,74,143.11,268000792440.0,1900714840.0,0.0027,-16.04,1836620,2354793,1996518,0.008
2862,NWAX,Financial Services,Shell Companies,NYSE,89.88,51,44,41,36,10.04,501485984.8022461,49800000.0,0.0014,-3.37,187820,210646,140686,
2863,MXF,Financial Services,Asset Management,NYSE,89.88,51,65,65,75,19.85,287391899.8506546,14420065.0,0.0019,-13.7,28421,29533,31340,-0.073
2864,SBCF,Financial Services,Banks - Regional,NASDAQ,89.88,51,66,59,64,31.87,3164175669.5480347,96823000.0,0.0631,-12.13,919420,835523,863404,0.383
2865,GUT,Financial Services,Asset Management,NYSE,89.87,51,69,73,57,6.02,535667421.77849483,90028141.0,0.025999999,-14.85,279004,215548,197770,0.07
2866,JJSF,Consumer Defensive,Packaged Foods,NASDAQ,89.87,51,40,25,19,81.69,1461835826.0,18681608.0,0.16360001,-17.18,218730,202423,222350,-0.062
2867,BGT,Financial Services,Asset Management,NYSE,89.86,51,60,39,37,10.32,311370064.28504944,29824720.0,0.015,-15.96,159287,137085,132765,-0.079
2868,KIM,Real Estate,REIT - Retail,NYSE,89.85,51,56,71,68,22.09,14918355501.988497,670789373.0,0.0641,-17.11,4801900,5604870,5045240,0.049
2869,CCXIU,Financial Services,Shell Companies,NASDAQ,89.85,51,86,92,38,11.75,,,0.42,-46.29,4560,3660,5744,
2870,APG,Industrials,Engineering & Construction,NYSE,89.84,51,35,51,83,39.98,17493848624.732716,432160297.0,0.0298,-20.02,2897210,3497836,3154764,0.133
2871,APD,Basic Materials,Specialty Chemicals,NYSE,89.84,51,66,56,59,278.38,61810824193.097534,222685530.0,0.0186,-11.59,1028870,1133926,1075086,0.046
2872,ZWS,Industrials,Pollution & Treatment Controls,NYSE,89.82,51,40,59,71,46.24,7906741200.283768,165864097.0,0.0399,-15.93,857160,890826,858382,0.105
2873,IEP,Energy,Oil & Gas Refining & Marketing,NASDAQ,89.81,51,56,54,55,6.64,4741803724.548517,710915093.0,0.107700005,-28.76,906880,786830,1112996,0.257
2874,TPL,Energy,Oil & Gas E&P,NYSE,89.8,51,52,72,74,357.78,23464497578.165222,68974683.0,0.0896,-34.62,305680,365150,387964,0.312
2875,IGIC,Financial Services,Insurance - Diversified,NASDAQ,89.79,51,65,69,72,24.86,1045530214.2594738,42466701.0,0.0186,-15.97,111360,88513,94306,0.08
2876,ARGX,Healthcare,Biotechnology,NASDAQ,89.77,51,77,68,73,818.63,57506691750.161194,62560993.0,0.021,-23.69,518460,333293,324710,0.593
2877,SON,Consumer Cyclical,Packaging & Containers,NYSE,89.77,51,57,68,79,48.4,4819167812.17841,98875003.0,0.1416,-20.22,950310,1143840,1052418,-0.013
2878,BOKF,Financial Services,Banks - Regional,NASDAQ,89.77,51,68,72,77,126.42,7799152610.204956,60759992.0,0.103999995,-13.91,250530,265463,240976,0.101
2879,AESI,Energy,Oil & Gas Equipment & Services,NYSE,89.75,51,63,72,64,12.16,1503863226.59523,124905584.0,0.26770002,-39.59,4561760,3542823,3519404,0.016
2880,FTV,Technology,Scientific & Technical Instruments,NYSE,89.74,51,43,64,69,56.42,17520363249.0148,304861021.0,0.057600003,-12.61,2211240,2305796,2295786,0.079
2881,CGNT,Technology,Software - Infrastructure,NASDAQ,89.74,51,31,37,60,8.73,645407363.2181664,73845238.0,0.0092,-29.08,453160,639116,586534,0.12
2882,GLO,Financial Services,Asset Management,NYSE ARCA,89.73,51,55,63,64,5.43,231792926.5028038,42766222.0,0.0023999999,-12.14,129493,116804,112374,-0.066
2883,FSK,Financial Services,Asset Management,NYSE,89.73,51,56,26,18,10.79,3031452945.3908157,276340280.0,0.0511,-33.84,2142700,1803100,2023404,-0.271
2884,ALM,Basic Materials,Other Industrial Metals & Mining,NASDAQ,89.72,51,96,89,99,11.57,3865641939.953327,288480750.0,2.99,-52.6,6125360,6338410,6704458,4.977
2885,CNR,Energy,Thermal Coal,NYSE,89.71,51,72,37,40,88.55,4415641377.276649,49636257.0,0.066599995,-22.87,466540,494950,521382,0.035
2886,BEP,Utilities,Utilities - Renewable,NYSE,89.7,51,54,60,81,29.29,8597873723.4406,303275965.0,0.0046,-23.16,1066390,1078913,990944,0.011
2887,VTS,Energy,Oil & Gas E&P,NYSE,89.7,51,43,23,27,17.17,710299863.125349,42104317.0,0.1557,-27.86,426450,526563,509482,0.092
2888,SAAQU,Financial Services,Shell Companies,NASDAQ,89.7,51,42,47,44,10.2,,,1.08,-6.42,2630,2006,1570,
2889,PRI,Financial Services,Insurance - Life,NYSE,89.7,51,66,69,51,275.39,8476698150.270081,30777350.0,0.0517,-15.85,174970,196913,190706,0.087
2890,CVCO,Consumer Cyclical,Residential Construction,NASDAQ,89.68,51,33,63,37,548.72,4499299829.805908,7689402.0,0.0577,-23.04,119600,108776,113092,0.095
2891,NMAD,Industrials,Electrical Equipment & Parts,NASDAQ,89.67,51,18,94,82,4.27,66336398.317379,16101068.0,0.060900003,-49.05,158120,202670,243216,
2892,MSEX,Utilities,Utilities - Regulated Water,NASDAQ,89.65,51,68,56,29,53.08,1009281773.6382217,18843946.0,0.056500003,-14.63,162100,131810,134744,0.143
2893,SW,Consumer Cyclical,Packaging & Containers,NYSE,89.65,51,60,53,42,41.45,22313204986.535065,524522908.0,0.051999997,-21.27,4227340,4471810,4426574,0.011
2894,MPV,Financial Services,Asset Management,NYSE,89.65,51,35,29,35,16.41,172460261.9196968,10792257.0,0.9,-20.26,15793,19734,23104,-0.053
2895,JOUT,Consumer Cyclical,Leisure,NASDAQ,89.64,51,51,61,88,44.4,470641978.10092926,10479670.0,0.1441,-17.07,36540,40420,45438,0.05
2896,SMP,Consumer Cyclical,Auto Parts,NYSE,89.64,51,53,57,67,37.09,835318238.2713203,22263279.0,0.0626,-19.37,113270,183083,167994,0.016
2897,PLAB,Technology,Semiconductor Equipment & Materials,NASDAQ,89.64,51,51,42,95,29.71,1857820775.32662,58997167.0,0.1042,-46.95,787560,1082890,1146468,0.027
2898,ASPCU,Financial Services,Shell Companies,NASDAQ,89.64,51,62,27,40,11.99,,,0.71,-75.53,0,0,218,
2899,SCHW,Financial Services,Capital Markets,NYSE,89.62,51,76,57,37,96.87,167226758266.28622,1729335714.0,0.01,-15.42,7160180,8234596,7795182,0.209
2900,PLMK,Financial Services,Shell Companies,NASDAQ,89.62,51,50,47,46,10.64,113928021.59421158,10702491.0,0.0001,-11.33,3140,1536,12734,
2901,NWN,Utilities,Utilities - Regulated Gas,NYSE,89.61,51,61,59,75,47.8,1994391875.4007492,42093538.0,0.06,-14.63,251310,260580,248496,0.031
2902,EFR,Financial Services,Asset Management,NYSE,89.61,51,44,40,34,10.3,305864672.34387016,29523618.0,0.29,-10.82,116108,110386,127209,-0.214
2903,FWONA,Communication Services,Entertainment,NASDAQ,89.61,51,57,55,37,87.57,20906580411.129684,250708485.0,0.0462,-12.01,204340,193476,170046,0.183
2904,TRI,Industrials,Specialty Business Services,NASDAQ,89.59,51,35,21,10,101.55,42294001100.80046,433251382.0,7.47,-38.19,1270540,1478486,1726494,0.095
2905,HSDT,Financial Services,Asset Management,NASDAQ,89.57,51,34,8,4,2.38,171225037.0706272,65104574.0,0.026600001,-88.39,497080,553306,410924,57.744
2906,PROF,Healthcare,Medical Devices,NASDAQ,89.56,51,58,58,56,6.91,213350354.53443146,36532594.0,0.048699997,-22.79,438930,223723,180984,0.123
2907,DMA,Financial Services,Asset Management,NYSE,89.56,51,52,37,34,7.48,66686498.67288065,8963239.0,0.0033000002,-18.25,8142,15054,18550,
2908,FNB,Financial Services,Banks - Regional,NYSE,89.55,51,64,70,71,17.28,6211571181.628941,355963949.0,0.081599995,-11.79,5123950,4387596,3995838,0.068
2909,PAAS,Basic Materials,Gold,NYSE,89.51,51,66,37,89,45.31,18869264484.077454,414618000.0,1.41,-35.26,2840090,3476870,4165646,0.384
2910,EVTC,Technology,Software - Infrastructure,NYSE,89.49,51,58,39,37,29.34,1677921938.912445,61620344.0,0.066599995,-14.73,428320,456883,438830,0.197
2911,ABX,Financial Services,Insurance - Life,NYSE,89.48,51,74,92,83,8.32,808741943.995739,97792249.0,0.1675,-33.12,580930,581756,580736,0.299
2912,EURK,Financial Services,Shell Companies,NASDAQ,89.47,51,58,61,50,11.5,25070441.964009285,2170601.0,0.0001,-19.47,630,12093,8688,
2913,SHLS,Technology,Solar,NASDAQ,89.47,51,30,90,63,8.42,1396889617.100668,168299950.0,0.1172,-36.12,3977810,4193016,4830996,0.474
2914,TVA,Financial Services,Shell Companies,NASDAQ,89.47,51,50,40,37,10.58,317399997.71118164,30000000.0,0.0,-13.77,48490,391746,247226,
2915,HY,Industrials,Farm & Heavy Construction Machinery,NYSE,89.46,51,49,32,55,32.49,559513611.2587509,17915902.0,0.0641,-21.33,184520,130926,124350,-0.15
2916,THW,Financial Services,Asset Management,NYSE,89.45,51,75,69,67,12.01,498493352.94758034,40363833.0,0.001,-17.17,126447,104985,113457,
2917,UHAL,Industrials,Rental & Leasing Services,NYSE,89.45,51,73,80,27,57.8,12099136723.249802,195494213.0,0.14,-24.4,141220,145353,149114,0.032
2918,UMBFO,Financial Services,Banks - Regional,NASDAQ,89.44,51,49,52,45,25.2,,,1.88,-8.7,78637,33865,24213,0.122
2919,NCNO,Technology,Software - Application,NASDAQ,89.44,51,75,21,16,19.68,1975151762.5881195,105736174.0,0.18370001,-28.44,2051940,2370486,2377176,0.082
2920,HRZN,Financial Services,Asset Management,NASDAQ,89.43,50,57,29,14,4.58,315366325.0081358,68261111.0,0.0444,-33.14,307430,555476,611888,0.021
2921,KLTR,Technology,Software - Application,NASDAQ,89.43,50,37,34,14,1.3,199842093.400949,152551223.0,0.02,-36.59,196660,218770,582822,0.055
2922,LITS,Healthcare,Biotechnology,NASDAQ,89.42,50,34,11,10,1.22,41962029.69500685,30407268.0,0.0031,-58.92,891280,816126,547820,
2923,SIM,Basic Materials,Steel,NYSE ARCA,89.42,50,31,44,60,28.7,4295631340.0,153415405.0,0.0001,-17.03,15080,5566,15440,0.156
2924,OMF,Financial Services,Credit Services,NYSE,89.42,50,68,59,59,56.42,6444623146.041805,115041469.0,0.0349,-21.56,861660,943523,913148,-0.027
2925,TBLD,Financial Services,Asset Management,NASDAQ,89.4,50,60,59,70,20.24,648374826.0581589,32081883.0,0.1,-12.08,67155,74118,63081,
2926,GLV,Financial Services,Asset Management,NYSE ARCA,89.39,50,57,67,62,5.76,71852069.88660812,12409684.0,0.0017,-13.38,30160,32456,40158,-0.22
2927,RJF,Financial Services,Asset Management,NYSE,89.38,50,70,59,33,158.6,30433547588.80098,192361711.0,0.0446,-13.21,1068760,1287306,1155996,0.151
2928,NNVC,Healthcare,Biotechnology,NYSE ARCA,89.36,50,18,85,43,1.31,32671999.269723892,25525000.0,0.023599999,-41.26,449430,565950,448922,
2929,CMC,Industrials,Metal Fabrication,NYSE,89.34,50,43,61,68,63.1,7033495421.859207,110624335.0,0.0739,-25.65,1071610,1042516,1084658,0.229
2930,STEW,Financial Services,Asset Management,NYSE,89.33,50,58,54,50,17.42,1694477125.56839,96441500.0,0.0001,-8.56,69936,61478,66897,0.035
2931,BWAY,Healthcare,Medical Devices,NASDAQ,89.33,50,81,90,96,11.47,503162362.5,40252989.0,0.0064999997,-34.08,123330,98296,111560,0.354
2932,ENSC,Healthcare,Biotechnology,NASDAQ,89.33,50,72,3,4,0.46,7685433.838748753,19456794.0,0.062,-83.27,383380,501676,17714098,-0.151
2933,FRT,Real Estate,REIT - Retail,NYSE,89.33,50,63,76,68,105.46,9216863638.841125,86389197.0,0.0002,-17.74,1062440,913650,878244,0.072
2934,POWI,Technology,Semiconductors,NASDAQ,89.32,50,39,89,78,49.89,3042859757.926468,55873298.0,0.14899999,-45.28,771060,822340,749434,0.027
2935,NTRSO,Financial Services,Asset Management,NASDAQ,89.3,50,40,38,41,18.29,,,2.09,-10.76,63850,46810,42050,0.364
2936,G,Technology,Information Technology Services,NYSE,89.29,50,33,19,22,34.67,5593865562.870094,168034407.0,0.074099995,-28.72,1831400,1945713,2222404,0.071
2937,IDE,Financial Services,Asset Management,NYSE,89.28,50,57,67,73,12.07,183846163.33450317,15156320.0,0.0005,-15.59,68995,56668,50097,
2938,BGX,Financial Services,Asset Management,NYSE,89.28,50,41,38,34,10.54,133945218.01521778,12708275.0,0.0004,-12.46,85403,75271,68810,
2939,GLE,Technology,Information Technology Services,NASDAQ,89.27,50,26,22,10,4.29,9211499.851942062,20700000.0,0.018,293.58,17543,15606,327281,-0.634
2940,PPG,Basic Materials,Specialty Chemicals,NYSE,89.26,50,41,60,58,105.46,23374845339.20288,222300000.0,0.0336,-20.96,1678930,1670783,1597162,0.072
2941,CHH,Consumer Cyclical,Lodging,NYSE,89.26,50,41,36,53,104.82,4613383755.0,45008622.0,0.2951,-15.34,547570,571546,544850,0.071
2942,BOC,Industrials,Conglomerates,NYSE,89.26,50,55,62,29,12.98,397971938.0092373,30126566.0,0.0834,-14.72,148560,158103,141566,0.024
2943,FIZZ,Consumer Defensive,Beverages - Non-Alcoholic,NASDAQ,89.25,50,34,35,27,30.84,2838318904.0718536,93612102.0,0.17709999,-19.29,401770,417006,374470,0.0
2944,ETR,Utilities,Utilities - Regulated Electric,NYSE,89.24,50,62,71,78,102.49,48212527458.293396,477777482.0,0.0398,-13.47,3080250,2974476,2647190,0.059
2945,NJR,Utilities,Utilities - Regulated Gas,NYSE,89.23,50,62,73,71,51.01,5206543966.46941,100921573.0,0.0546,-16.18,836750,718456,698528,0.168
2946,NCV,Financial Services,Asset Management,NYSE,89.22,50,63,67,69,15.15,342063977.7768259,22593393.0,0.0007,-14.16,117810,84793,71510,-0.105
2947,CUBE,Real Estate,REIT - Industrial,NYSE,89.22,50,52,56,46,37.51,8461574062.115639,225521694.0,0.0548,-13.29,2772070,2738513,2433416,0.015
2948,OMC,Communication Services,Advertising Agencies,NYSE,89.22,50,61,60,53,76.45,21133209868.284943,285006196.0,0.095699996,-14.65,2342060,2976186,2759994,0.634
2949,HMN,Financial Services,Insurance - Property & Casualty,NYSE,89.21,50,65,74,59,45.9,1833077636.0603256,40501054.0,0.038,-17.39,320670,327690,293298,0.077
2950,WRBY,Healthcare,Medical Instruments & Supplies,NYSE,89.21,50,38,69,64,24.95,3341125784.494915,123608054.0,0.2027,-19.52,3417270,3155150,2952712,0.098
2951,COCP,Healthcare,Biotechnology,NASDAQ,89.19,50,70,17,75,1.07,22152679.540729523,19263200.0,0.020399999,-47.29,38980,47896,63452,
2952,UAL,Industrials,Airlines,NASDAQ,89.18,50,53,78,57,107.44,36517340790.63574,324569728.0,0.056599997,-22.58,4487420,4020836,3624582,0.16
2953,EVG,Financial Services,Asset Management,NYSE,89.18,50,45,51,47,10.25,135107335.72665977,13456906.0,2.36,-9.61,54855,41378,44337,-0.163
2954,CNX,Energy,Oil & Gas E&P,NYSE,89.16,50,62,32,65,33.83,4660224565.5,147943637.0,0.1451,-22.44,2031750,1940533,1735034,-0.181
2955,EDTK,Consumer Defensive,Education & Training Services,NASDAQ,89.16,50,31,34,50,0.98,16199451.0,16199451.0,0.0001,-27.94,53510,20620,18578,-0.984
2956,RILYP,Financial Services,Financial Conglomerates,NASDAQ,89.15,50,95,96,95,9.2,,,0.51,-47.49,13510,9390,9114,0.104
2957,EDF,Financial Services,Asset Management,NYSE,89.15,50,68,66,64,4.72,158940465.86102152,32174183.0,0.0085,-16.75,157981,143877,125150,
2958,GGG,Industrials,Specialty Industrial Machinery,NYSE,89.14,50,36,27,49,78.37,12632398272.0,161953824.0,0.0431,-18.1,1393090,2176006,1889214,0.033
2959,APEI,Consumer Defensive,Education & Training Services,NASDAQ,89.13,50,59,70,93,47.77,800326467.0122185,18301543.0,0.122,-22.44,250610,252933,281696,0.055
2960,FWONK,Communication Services,Entertainment,NASDAQ,89.12,50,58,55,36,95.07,22864613066.898422,250708485.0,0.0402,-13.07,2314160,2261903,2163340,0.183
2961,CPK,Utilities,Utilities - Regulated Gas,NYSE,89.12,50,59,52,41,128.16,3216942597.5959167,25254692.0,0.050100002,-9.0,182530,179790,175370,0.047
2962,AFYA,Consumer Defensive,Education & Training Services,NASDAQ,89.12,50,38,34,59,14.15,1081203823.1462326,88478216.0,0.28959998,-12.44,669590,442686,313192,0.057
2963,BAC,Financial Services,Banks - Diversified,NYSE,89.12,50,79,75,65,53.61,375860224618.75,6992748365.0,0.0,-17.81,36965070,37991513,33324888,0.168
2964,RTX,Industrials,Aerospace & Defense,NYSE,89.11,50,69,64,72,184.32,248903964162.64453,1347758144.0,0.0101,-18.76,3854360,3888100,4132208,0.145
2965,TIPT,Financial Services,Asset Management,NASDAQ,89.1,50,42,38,30,17.35,646108670.4058151,37239692.0,0.0345,-10.24,257500,213206,220460,
2966,MGF,Financial Services,Asset Management,NYSE,89.09,50,41,38,37,13.87,88319424.2732172,32590193.0,0.19,343.13,12745,16653,13729,-0.073
2967,FTHY,Financial Services,Asset Management,NYSE,89.08,50,44,49,47,12.72,463707378.66499615,36772989.0,0.0034,-11.79,148489,124456,113659,
2968,WFG,Basic Materials,Lumber & Wood Production,NYSE,89.07,50,55,56,32,64.21,5207204163.0,78303822.0,12.5,-16.6,182270,218593,224678,-0.064
2969,IMNM,Healthcare,Biotechnology,NASDAQ,89.07,50,94,90,94,19.31,2366933191.398403,113250394.0,0.1672,-35.76,1467720,1297750,1256654,
2970,D,Utilities,Utilities - Regulated Electric,NYSE,89.07,50,61,75,57,61.75,53923737141.03508,879525949.0,0.0254,-15.4,4556660,4930836,4342548,0.176
2971,GBDC,Financial Services,Asset Management,NASDAQ,89.06,50,43,44,47,12.21,3256030916.155078,259651589.0,0.0535,-15.27,1899740,1506993,1364244,-0.14
2972,TOST,Technology,Software - Infrastructure,NYSE,89.04,50,65,31,20,30.53,17218620529.174805,578000000.0,0.0623,-23.15,8674970,8704953,9028180,0.231
2973,AIG,Financial Services,Insurance - Diversified,NYSE,89.03,50,43,40,49,77.05,39180385312.74433,522893169.0,0.0233,-11.73,5618510,4798130,4058864,0.005
2974,SSBI,Financial Services,Banks - Regional,NASDAQ,89.02,50,41,58,74,12.66,82485046.20061493,6766616.0,0.0019,-9.57,3400,4853,4420,-0.543
2975,SRI,Consumer Cyclical,Auto Parts,NYSE,89.01,50,58,59,73,6.49,191673707.29566288,28522874.0,0.040700004,-33.16,174790,157873,148658,0.151
2976,SPOK,Healthcare,Health Information Services,NASDAQ,88.96,50,31,24,21,11.06,227798519.1116724,20918137.0,0.035,-32.77,126960,130976,152596,-0.019
2977,DCH,Consumer Cyclical,Auto Parts,NYSE,88.96,50,67,31,70,5.69,1330585748.5402594,237604602.0,0.0795,-38.49,4528700,3782443,3481050,0.924
2978,L,Financial Services,Insurance - Property & Casualty,NYSE,88.94,50,59,62,67,107.6,21675470902.054443,204427720.0,0.0287,-11.08,989000,1019273,863652,0.039
2979,CHSCP,Consumer Defensive,Farm Products,NASDAQ,88.93,50,39,39,48,26.02,,,0.14,-12.39,19447,17269,15861,0.186
