Rank,Ticker,Sector,Industry,Exchange,Relative Strength,Percentile,1M_RS_Percentile,3M_RS_Percentile,6M_RS_Percentile,Price,MarketCap,Float,ShortFloatPct,PctFrom52WkHigh,AvgVol10,AvgVol30,AvgVol50,RevenueGrowth
1,MPU,Communication Services,Entertainment,NYSE ARCA,525.5,99,5,2,16,2.75,9179889.462122679,3399959.0,0.0149,-29.12,4460,133170,141844,-0.492
2,BURU,Industrials,Specialty Industrial Machinery,NYSE ARCA,488.71,99,1,4,1,1.2,9632838.446669579,9262345.0,0.0253,-71.76,1568050,2612060,5835601,
3,BRTX,Healthcare,Biotechnology,NASDAQ,461.96,99,3,16,1,2.27,2955614.064886093,1381128.0,0.0085,-22.49,43930,223933,251271,-0.073
4,NRSN,Healthcare,Biotechnology,NASDAQ,452.79,99,6,17,11,4.07,7464309.261458397,1896902.0,0.0256,-45.73,26820,267223,322634,
5,AXTI,Technology,Semiconductor Equipment & Materials,NASDAQ,432.96,99,99,99,99,84.06,5630771894.542206,65573212.0,0.14029999,-41.28,7131570,8141076,10416432,1.648
6,SNDK,Technology,Computer Hardware,NASDAQ,403.44,99,99,99,99,1660.46,251839216100.11694,146419001.0,0.060300004,-29.47,7240880,9636703,12523892,3.716
7,ANL,Healthcare,Biotechnology,NASDAQ,398.22,99,99,99,99,14.46,971764879.1563454,64397937.0,0.0759,-16.17,137980,158800,160026,
8,MTNB,Healthcare,Biotechnology,NYSE ARCA,396.78,99,2,52,13,3.01,2585930.2627556324,979519.0,0.03,-1.31,344770,605802,5442912,
9,TNMG,Communication Services,Publishing,NASDAQ,377.98,99,4,1,5,4.14,3620327.6540813446,760573.0,0.0101,-66.29,1748260,8607503,6612599,0.057
10,IOVA,Healthcare,Biotechnology,NASDAQ,371.81,99,99,92,90,12.96,6441253883.996422,452971432.0,0.2057,-15.29,21874410,16078856,17913234,0.657
11,RFAIU,Financial Services,Shell Companies,NASDAQ,370.97,99,99,49,46,44.99,,,6.66,-16.22,9930,3506,2190,
12,MRNA,Healthcare,Biotechnology,NASDAQ,370.84,99,99,95,92,187.46,75858809075.82176,399235889.0,0.100600004,-10.26,15936410,17518136,20652666,0.021
13,CYPH,Financial Services,Asset Management,NASDAQ,367.26,99,99,52,91,3.26,322587377.41402674,106464482.0,0.113800004,-22.2,17985070,16777926,12101248,
14,MXL,Technology,Semiconductors,NASDAQ,364.25,99,99,99,88,109.3,9607129750.307365,90693191.0,0.0746,-14.81,3133380,2764136,2708842,0.552
15,DLXY,Energy,Oil & Gas Refining & Marketing,NASDAQ,360.69,99,8,9,6,2.4,6572699.96881485,3270000.0,0.0095999995,-46.07,1638890,10513304,6323691,0.202
16,QMCO,Technology,Computer Hardware,NASDAQ,341.65,99,99,78,20,33.47,1359645034.5,39410001.0,0.39009997,-4.83,2664570,1569356,1947944,0.257
17,SVRN,Financial Services,Asset Management,NASDAQ,324.13,99,26,4,2,43.72,67829506.2737732,1875816.0,0.0082,-41.5,307990,213063,133108,-0.374
18,TXG,Healthcare,Medical Devices,NASDAQ,321.17,99,99,98,95,80.66,12182224208.0,130291168.0,0.1879,-15.24,4005910,3164406,3176646,-0.127
19,RFAI,Financial Services,Shell Companies,NASDAQ,319.79,99,99,48,49,38.6,319816527.72789,8343765.0,0.0047,-47.12,10000,23053,105892,
20,KOD,Healthcare,Biotechnology,NASDAQ,303.15,99,96,99,99,92.34,5936131021.848679,62849457.0,0.2687,-11.21,6532000,2639883,1820938,
21,ABLV,Consumer Cyclical,Specialty Retail,NASDAQ,301.0,99,57,89,17,2.74,132529987.66626835,55220826.0,2.49,10.93,396040,159520,106442,0.28
22,AIFA,Technology,Software - Infrastructure,NASDAQ,300.08,99,81,19,21,7.67,28698811.172964096,6420316.0,0.0387,29.12,630040,245153,359400,-0.35
23,TWST,Healthcare,Biotechnology,NASDAQ,299.41,99,99,98,89,166.97,12509042377.178925,66301174.0,0.2379,-16.64,3443490,2330533,2119814,0.232
24,EDRY,Industrials,Marine Shipping,NASDAQ,299.31,99,99,93,94,55.01,177677671.91621017,3179629.0,0.12810001,-24.72,175560,184773,158198,0.57
25,BUUU,Industrials,Specialty Business Services,NASDAQ,297.26,99,99,98,98,38.7,738822014.3795013,18847500.0,0.0014,-26.86,108440,90076,85338,0.123
26,IGR,Financial Services,Asset Management,NYSE,282.69,99,81,77,79,11.47,588827156.7275047,50586524.0,1.18,-13.82,408142,460087,441833,-0.231
27,VNCE,Consumer Cyclical,Apparel Manufacturing,NASDAQ,282.46,99,98,98,87,12.24,135919864.5,12944749.0,0.0494,-5.77,404370,478260,312684,0.117
28,CDNA,Healthcare,Diagnostics & Research,NASDAQ,281.35,99,99,94,35,63.79,3473953153.3901596,51734223.0,0.124,-8.61,1809870,1373763,1309396,0.522
29,RCEL,Healthcare,Medical Devices,NASDAQ,274.37,99,99,23,60,12.99,393389502.0983591,30926847.0,0.0942,1.8,342540,310763,483972,0.178
30,OPTT,Industrials,Specialty Industrial Machinery,NYSE ARCA,271.76,99,6,7,20,1.06,9184720.388250351,9004628.0,0.1722,-67.18,818200,4585946,4442909,0.441
31,UCAR,Consumer Cyclical,Auto & Truck Dealerships,NASDAQ,260.04,99,1,3,0,3.87,7365988.719271183,1774937.0,0.0053,-82.33,9530,339030,268918,-0.248
32,DELL,Technology,Computer Hardware,NYSE,258.41,99,99,99,89,574.0,357657400548.2178,635812750.0,0.0468,-3.61,6422690,9267900,7864496,0.577
33,LITE,Technology,Communication Equipment,NASDAQ,253.59,99,99,99,99,1133.4,97362177941.89453,89700000.0,0.0792,3.83,4482700,4454263,4810320,1.093
34,OESX,Industrials,Electrical Equipment & Parts,NASDAQ,241.45,99,99,68,58,28.4,124477868.02391434,4089286.0,0.0497,-10.27,54770,90763,94542,0.315
35,HLP,Basic Materials,Steel,NASDAQ,239.71,99,97,82,72,2.52,190583808.93617868,74738750.0,0.0055,-3.82,88770,106460,86052,0.402
36,MU,Technology,Semiconductors,NASDAQ,238.22,99,99,99,98,1045.56,1213973420622.2349,1129393151.0,0.024500001,-16.69,25066050,25096933,30398000,3.793
37,SILC,Technology,Communication Equipment,NASDAQ,237.44,99,97,98,90,61.65,345029081.3138733,5747611.0,0.020499999,1.51,137390,165293,184572,0.585
38,ABCL,Healthcare,Biotechnology,NASDAQ,235.46,99,99,91,43,13.15,4452410693.451445,324047363.0,0.13340001,-12.42,5936850,5087473,7146146,-0.763
39,AGL,Healthcare,Medical Care Facilities,NYSE,234.93,99,99,99,23,83.4,1412812399.1514587,16791210.0,0.0998,-37.31,241410,216903,282050,0.072
40,ROMA,Industrials,Consulting Services,NASDAQ,234.46,99,98,99,98,8.74,512255333.3220806,59564571.0,0.0145000005,-25.74,2820,2850,4360,-0.362
41,BVC,Technology,Software - Application,NASDAQ,233.95,99,99,99,99,11.96,1928639923.0957031,168000000.0,0.0002,-33.56,47210,42580,48906,
42,ASBP,Consumer Cyclical,Auto Parts,NASDAQ,232.73,99,99,98,1,8.76,12314450.085476875,1402557.0,0.0249,-53.3,27000,31936,32016,
43,BDSX,Healthcare,Diagnostics & Research,NASDAQ,231.46,99,98,98,89,27.96,292476983.7151222,10551118.0,0.035099998,-12.54,138300,107850,110434,0.342
44,XHG,Financial Services,Insurance Brokers,NASDAQ,230.86,99,99,26,76,2.38,95879143.097399,51547926.0,0.00029999999,-67.08,5420150,1819163,2879798,0.126
45,SLS,Healthcare,Biotechnology,NASDAQ,230.48,99,99,99,97,11.34,2308466373.7543755,196632574.0,0.2937,-28.59,4715700,6494180,6516446,
46,BAND,Technology,Software - Infrastructure,NASDAQ,227.88,99,97,99,84,60.09,2051203481.1343842,32180788.0,0.15689999,-24.01,856150,885186,992298,0.222
47,RXT,Technology,Software - Infrastructure,NASDAQ,226.53,99,95,99,43,4.02,1050076112.8321171,254872850.0,0.2245,-53.26,4679760,6645690,6998184,0.006
48,ERAS,Healthcare,Biotechnology,NASDAQ,223.88,99,99,99,99,14.3,5155492315.845823,349762035.0,0.104499996,-41.1,4705310,4818640,4099234,
49,ANTX,Healthcare,Biotechnology,NASDAQ,223.8,99,99,99,98,5.07,215473914.7095232,37736237.0,0.0754,-29.49,299540,254853,242296,
50,MTC,Financial Services,Capital Markets,NASDAQ,223.49,99,98,86,99,5.01,498934955.903841,99587811.0,0.0063,-44.91,22140,26950,26214,
51,FIRY,Communication Services,Electronic Gaming & Multimedia,NYSE,221.01,99,94,97,25,12.48,207279549.22862148,16622257.0,0.2163,-37.6,161120,148860,617166,0.229
52,PLSE,Healthcare,Medical Instruments & Supplies,NASDAQ,220.28,99,99,90,78,49.75,3416352984.1296616,71322607.0,0.1472,-15.53,520160,615490,552702,
53,PURR,Financial Services,Capital Markets,NASDAQ,220.06,99,98,92,92,12.5,2352289096.2521486,197837597.0,0.87,-15.31,17913730,24622903,20464262,
54,TOP,Financial Services,Capital Markets,NASDAQ,218.15,99,99,95,18,15.16,1901353720.6530275,123705513.0,0.0016,-12.97,93570,105856,106143,-0.193
55,ECO,Industrials,Marine Shipping,NYSE,217.47,99,97,93,94,86.85,3407817440.7380676,39044655.0,0.057600003,-0.98,679180,723610,665294,2.394
56,VICR,Technology,Electronic Components,NASDAQ,215.81,99,95,99,98,299.29,14242369233.38684,46106732.0,0.097600006,-21.78,900670,846160,854618,0.493
57,NWGL,Basic Materials,Lumber & Wood Production,NASDAQ,215.28,99,74,2,21,1.3,23836558.5471797,16553165.0,0.038900003,-34.34,111190,1165300,2051060,-0.119
58,IBRX,Healthcare,Biotechnology,NASDAQ,215.21,99,98,98,98,9.69,10900415906.086819,1059836273.0,0.31280002,-22.04,15209850,12010060,10637252,0.939
59,OPTX,Technology,Electronic Components,NASDAQ,214.4,99,98,98,99,9.82,368158098.74899864,40279878.0,0.1866,-34.18,477510,366900,365106,0.261
60,CLYM,Healthcare,Biotechnology,NASDAQ,212.01,99,99,99,99,10.68,628352605.5987883,57436255.0,0.20889999,-41.73,1359580,1650926,1467642,
61,OABI,Healthcare,Biotechnology,NASDAQ,211.03,98,98,78,21,4.35,708051221.6213894,145390398.0,0.0538,-19.89,1369650,1484430,1716822,2.442
62,HPE,Technology,Communication Equipment,NYSE,209.36,98,97,97,77,70.48,92033135558.7306,1327464779.0,0.048,0.27,19007840,24601770,21295894,0.337
63,ETS,Industrials,Trucking,NASDAQ,205.72,98,97,53,16,1.62,78433842.61689758,48716672.0,0.0034,-41.09,95760,440503,297226,0.153
64,AMD,Technology,Semiconductors,NASDAQ,205.54,98,98,98,90,649.42,1034842210033.3375,1632475042.0,0.024600001,0.61,18959420,20421410,22567918,0.501
65,MRVL,Technology,Semiconductors,NASDAQ,204.95,98,97,98,94,287.01,244708286753.1307,898704613.0,0.0418,-13.0,18452270,20876913,22119584,0.365
66,RNG,Technology,Software - Application,NYSE,203.57,98,97,85,87,77.26,6536862259.423767,83506162.0,0.1537,-5.67,1539340,1536060,1653730,0.059
67,CPOP,Communication Services,Entertainment,NASDAQ,200.81,98,0,0,8,2.84,3227152.048088312,1008485.0,0.0465,-88.86,95850,831480,1839239,0.648
68,COHU,Technology,Semiconductor Equipment & Materials,NASDAQ,200.28,98,95,96,94,73.1,3478428215.751976,47338433.0,0.22,-2.13,955100,995533,1067958,0.384
69,RLYB,Healthcare,Biotechnology,NASDAQ,200.21,98,98,99,97,17.08,90738934.314682,5312584.0,0.0126,-2.81,7940,9430,14080,
70,SAIH,Technology,Information Technology Services,NASDAQ,199.45,98,99,83,84,24.35,45399483.637908936,1837292.0,0.0031,-26.21,16600,18113,17806,-0.705
71,SIF,Industrials,Aerospace & Defense,NYSE ARCA,198.66,98,97,99,99,23.01,147722508.6086731,6254128.0,0.0588,-20.66,35530,60330,108630,0.183
72,SWVL,Industrials,Railroads,NASDAQ,198.16,98,99,14,7,3.75,73354535.9008112,18954661.0,0.0197,-55.76,139880,3105556,1867468,
73,ASX,Technology,Semiconductors,NYSE,197.86,98,98,98,97,46.78,123543924694.48904,2603665389.0,0.0067000003,-2.4,5897230,6409993,7164648,0.267
74,ATEX,Communication Services,Telecom Services,NASDAQ,197.85,98,99,99,89,83.41,1644306263.7927704,19498473.0,0.136,-26.19,225390,289650,313792,0.381
75,ETON,Healthcare,Drug Manufacturers - Specialty & Generic,NASDAQ,197.63,98,99,96,93,54.77,1582362371.045761,28583135.0,0.0746,-17.48,756140,571226,621060,0.986
76,RVMD,Healthcare,Biotechnology,NASDAQ,197.53,98,99,98,98,199.87,44290477284.69943,214336418.0,0.0476,-10.9,2081810,2047666,1912998,
77,PAYS,Technology,Software - Infrastructure,NASDAQ,197.21,98,98,92,84,14.36,803456454.0336761,56462156.0,0.0461,-3.82,874670,826616,806390,0.481
78,CPIX,Healthcare,Drug Manufacturers - Specialty & Generic,NASDAQ,196.82,98,98,96,20,7.14,110725158.7295394,14983107.0,0.028800001,-23.06,39660,52173,71592,-0.563
79,PBF,Energy,Oil & Gas Refining & Marketing,NYSE,196.8,98,98,94,92,82.88,9575405628.941711,118536838.0,0.12560001,-0.58,3168470,3582246,3454028,0.562
80,PXS,Energy,Oil & Gas Midstream,NASDAQ,194.02,98,96,78,86,7.7,79148969.81529713,10239194.0,0.0092,-7.23,126470,189233,127798,0.326
81,SYRE,Healthcare,Biotechnology,NASDAQ,191.39,98,99,99,99,80.11,8216913096.047974,88173762.0,0.1471,-27.29,1519580,1431853,1200380,
82,OMER,Healthcare,Biotechnology,NASDAQ,191.13,98,98,90,96,18.51,1347146604.9423218,72388316.0,0.17889999,-12.85,1072980,1436486,1848884,
83,LIFE,Financial Services,Insurance Brokers,NASDAQ,191.08,98,99,77,27,35.05,2175472502.377556,63759454.0,0.0771,-17.63,1690300,1617186,1665838,1.134
84,ABSI,Healthcare,Biotechnology,NASDAQ,191.02,98,98,99,37,10.27,1899767038.3275604,171614010.0,0.2641,-14.81,4156660,3849180,3384172,-0.464
85,BE,Industrials,Electrical Equipment & Parts,NYSE,190.98,98,98,99,99,295.78,85162580298.24774,294527346.0,0.0734,-15.8,14243290,15710150,16150016,1.655
86,SMTC,Technology,Semiconductors,NASDAQ,190.76,98,96,95,94,197.2,18187298450.571533,93325626.0,0.0853,-2.37,2915190,3603580,3118854,0.327
87,OKTA,Technology,Software - Infrastructure,NASDAQ,190.61,98,96,95,17,218.67,36972879023.04004,174820928.0,0.054899998,0.96,3605220,4358790,3638306,0.106
88,IMOS,Technology,Semiconductors,NASDAQ,190.48,98,96,98,95,78.39,2896416575.912384,34770906.0,0.0034,-6.5,121030,88203,96564,0.287
89,AEHR,Technology,Semiconductor Equipment & Materials,NASDAQ,189.65,98,98,98,99,92.14,3501429896.7592926,32659546.0,0.16520001,-37.49,2316660,2615620,2576304,0.337
90,CJMB,Industrials,Integrated Freight & Logistics,NASDAQ,189.45,98,97,5,8,2.33,16246418.300994873,6658368.0,0.0345,-58.47,68730,135220,322152,-0.174
91,UMC,Technology,Semiconductors,NYSE,188.93,98,98,99,80,23.19,65882759544.62944,2507908580.0,0.0164,-19.92,11379310,11838763,12673544,0.17
92,CLMT,Basic Materials,Specialty Chemicals,NASDAQ,188.76,98,98,95,96,56.21,4859014268.222351,87898234.0,0.0645,-6.11,1583260,1440523,1360834,0.408
93,PSIG,Industrials,Integrated Freight & Logistics,NASDAQ,187.55,98,3,2,94,4.66,70444163.58653641,15380822.0,0.0021,-61.17,1475490,1219390,924308,-0.373
94,AGEN,Healthcare,Biotechnology,NASDAQ,187.05,98,98,86,83,7.49,377553602.2548866,45161916.0,0.1524,-27.35,1306210,1067500,1285938,0.344
95,INSW,Energy,Oil & Gas Midstream,NYSE,186.66,98,96,94,94,116.46,5736221005.983948,49531311.0,0.078600004,0.28,714520,756086,655516,1.401
96,FET,Energy,Oil & Gas Equipment & Services,NYSE,186.44,98,97,89,97,84.43,935016959.4358063,11246295.0,0.061300002,-3.42,180660,190606,205776,0.132
97,AAOI,Technology,Communication Equipment,NASDAQ,186.4,98,98,98,99,130.16,9814317634.573883,84906289.0,0.15020001,-44.3,8318950,7183093,9776520,0.864
98,NVCT,Healthcare,Biotechnology,NASDAQ,186.21,98,99,98,56,20.03,715557929.2105446,32644066.0,0.1088,-31.58,191560,212346,213714,
99,WHLRP,Real Estate,REIT - Retail,NASDAQ,185.02,98,94,96,90,13.09,,,0.9,8.36,28660,13653,8498,-0.139
100,TTRX,Healthcare,Biotechnology,NASDAQ,184.41,98,99,97,11,11.64,404801492.00312805,30367704.0,1.76,-56.08,112580,144066,107784,
101,DRTS,Healthcare,Biotechnology,NASDAQ,183.14,98,99,98,95,14.48,1365902376.9131393,92478154.0,0.0542,-8.3,436640,571403,553238,
102,FRO,Energy,Oil & Gas Midstream,NYSE,183.12,98,95,91,93,52.77,11741131592.26513,222622890.0,0.0761,-3.9,3730560,3734810,3025324,0.965
103,CRWD,Technology,Software - Infrastructure,NASDAQ,182.35,98,94,94,31,278.86,276503373483.1232,1023934842.0,0.0277,1.95,7967780,11355716,9886690,0.258
104,CORT,Healthcare,Biotechnology,NASDAQ,182.05,98,97,94,25,119.57,12564277046.18914,108098397.0,0.1114,-5.39,925190,1463770,1334132,0.317
105,ORKA,Healthcare,Biotechnology,NASDAQ,181.56,98,99,99,99,80.18,5596043537.218437,66209699.0,0.1676,-30.59,1086340,934826,887814,
106,LIND,Consumer Cyclical,Travel Services,NASDAQ,181.44,98,93,94,91,36.08,2282252703.3178406,65619689.0,0.105900005,1.66,1031640,956210,905648,0.186
107,NNBR,Industrials,Conglomerates,NASDAQ,181.44,98,97,97,69,4.04,372437830.3611641,82580446.0,0.0511,-15.66,4390550,2313133,2628224,0.193
108,TKNO,Healthcare,Drug Manufacturers - Specialty & Generic,NASDAQ,179.61,98,96,88,11,8.75,482657319.2517357,53688246.0,0.1437,-7.7,334010,249586,259072,0.185
109,KRT,Consumer Cyclical,Packaging & Containers,NASDAQ,178.92,98,97,85,71,53.69,1087674008.8873215,19931721.0,0.0521,-2.22,197400,165726,164882,0.099
110,HBB,Consumer Cyclical,"Furnishings, Fixtures & Appliances",NYSE,178.81,98,96,74,66,35.8,510674215.24250793,13442332.0,0.0477,-10.48,102600,88363,86106,0.116
111,FEAM,Basic Materials,Specialty Chemicals,NASDAQ,178.66,98,14,8,5,3.76,161591804.24616337,41647371.0,0.0143,-49.87,861680,793296,944854,
112,GRAL,Healthcare,Diagnostics & Research,NASDAQ,178.05,98,89,82,44,137.28,6398884437.481049,44666234.0,0.19479999,-9.36,1414490,1231930,1051038,0.257
113,TEAM,Technology,Software - Application,NASDAQ,177.53,98,94,39,5,193.98,47562251795.84633,253138815.0,0.060900003,-3.01,2613230,3370736,4241908,0.276
114,NAT,Energy,Oil & Gas Midstream,NYSE,177.37,98,95,93,95,8.22,1782940598.6152935,211750663.0,0.0813,-2.49,4976550,5028533,4161048,0.975
115,BFLY,Healthcare,Medical Devices,NYSE,176.99,98,98,98,93,8.7,2383252337.060132,266285183.0,0.16700001,-13.43,5644470,5373830,5834438,0.395
116,INTC,Technology,Semiconductors,NASDAQ,176.62,98,98,98,96,112.5,630790950593.6078,5286105262.0,0.0301,-20.97,98059490,101679303,106053604,0.254
117,MPC,Energy,Oil & Gas Refining & Marketing,NYSE,176.31,98,97,91,84,432.36,123293595139.50241,291936635.0,0.0319,0.3,2240510,2793546,2639406,0.537
118,VIAV,Technology,Communication Equipment,NASDAQ,176.15,98,95,98,98,48.14,11621916522.289642,246749828.0,0.0633,-20.34,6492290,5153676,5325006,0.525
119,P,Technology,Computer Hardware,NYSE,176.1,98,91,66,55,147.2,46698466751.75423,333227251.0,0.028800001,4.52,5231510,6426696,5141322,0.377
120,VLO,Energy,Oil & Gas Refining & Marketing,NYSE,176.1,98,97,92,90,419.22,116984923889.56049,287927461.0,0.039100002,0.04,3308440,3443733,3083948,0.517
121,SIMO,Technology,Semiconductors,NASDAQ,175.51,97,98,99,95,284.96,9511259917.5,33908235.0,0.0668,-19.73,586150,737420,999890,1.27
122,AP,Industrials,Metal Fabrication,NYSE,174.95,97,96,95,98,9.42,200388619.75968075,20658621.0,0.070700005,-26.46,107790,80686,90868,-0.09
123,MRVI,Healthcare,Biotechnology,NASDAQ,174.84,97,97,97,77,7.85,1177017419.7087502,148989545.0,0.098400004,-16.67,2567210,3023500,3329844,0.085
124,DINO,Energy,Oil & Gas Refining & Marketing,NYSE,174.52,97,97,92,85,114.6,20153577231.15065,177783849.0,0.062,-3.2,2474990,2635090,2705478,0.532
125,PENG,Technology,Information Technology Services,NASDAQ,174.09,97,96,99,80,64.21,3144252041.9160614,51242699.0,0.19680001,-28.54,3153670,1986863,1973892,0.476
126,ASST,Financial Services,Asset Management,NASDAQ,173.93,97,95,11,15,29.75,2932481248.6821156,97651721.0,0.2832,-45.71,6697670,9733003,7662462,0.946
127,CHRN,Technology,Information Technology Services,NASDAQ,173.87,97,99,99,95,19.28,2789576655.301857,145214825.0,4.4,-35.73,113550,136746,147870,
128,MTW,Industrials,Farm & Heavy Construction Machinery,NYSE,172.65,97,96,43,70,23.38,837358895.418211,36061969.0,0.0363,-0.76,549470,453293,437738,0.103
129,GTE,Energy,Oil & Gas E&P,NYSE ARCA,172.56,97,96,77,92,10.46,369371663.91378117,35380429.0,0.031600002,-9.2,527660,549100,1077366,0.253
130,DK,Energy,Oil & Gas Refining & Marketing,NYSE,171.89,97,97,94,94,75.67,4546922890.607788,61287542.0,0.103599995,-8.02,2601520,2472033,2073510,0.478
131,ILMN,Healthcare,Diagnostics & Research,NASDAQ,171.86,97,94,93,79,273.54,41229041290.2832,151000000.0,0.114700004,-2.37,3234690,3545530,2974344,0.094
132,BLZE,Technology,Software - Infrastructure,NASDAQ,171.3,97,98,99,16,13.8,888883978.7483215,61900000.0,0.0925,-42.48,1462360,1715450,2540790,0.177
133,FOSL,Consumer Cyclical,Footwear & Accessories,NASDAQ,171.26,97,87,85,98,7.06,402138764.87968826,59138052.0,0.1295,0.0,916360,808496,923718,-0.049
134,FCEL,Industrials,Electrical Equipment & Parts,NASDAQ,170.51,97,98,98,74,20.65,1476753945.2198105,79954196.0,0.31190002,-45.49,5648200,6503870,7420138,-0.294
135,MAAS,Technology,Information Technology Services,NASDAQ,169.95,97,99,99,95,11.95,6057805334.261702,442175578.0,0.0018000001,-52.01,572830,387530,299530,
136,ANDG,Consumer Cyclical,Personal Services,NYSE,169.95,97,97,93,85,57.12,1059399016.0838318,18540410.0,0.1943,-1.82,686550,487420,517674,0.237
137,NCEW,Industrials,Integrated Freight & Logistics,NASDAQ,169.88,97,98,97,94,16.92,54144000.244140625,3200000.0,0.0116,-18.79,610,473,2432,0.335
138,SGHT,Healthcare,Medical Devices,NASDAQ,169.7,97,95,85,44,8.56,469900539.98991966,55087990.0,0.0312,-11.87,415780,254923,280548,0.195
139,PKOH,Industrials,Specialty Industrial Machinery,NASDAQ,169.5,97,96,94,81,48.68,686391758.2229996,14490010.0,0.0341,-8.67,80910,73400,89554,0.1
140,MANE,Healthcare,Biotechnology,NYSE,169.46,97,97,98,96,108.96,4878079583.368904,41778687.0,0.1509,-16.98,628350,700223,754976,
141,AMLX,Healthcare,Drug Manufacturers - Specialty & Generic,NASDAQ,169.23,97,99,87,96,28.04,3546741885.7655945,127626548.0,0.1348,-31.84,1253140,1562223,2545732,
142,CVI,Energy,Oil & Gas Refining & Marketing,NYSE,168.99,97,92,64,79,57.42,5512092927.247025,100530599.0,0.19790001,2.1,1008540,1131793,1082826,0.555
143,LVLU,Consumer Cyclical,Apparel Retail,NASDAQ,168.42,97,95,82,80,12.94,39168297.62587738,2871576.0,0.010199999,-59.96,9240,44680,40474,-0.168
144,CRSR,Technology,Computer Hardware,NASDAQ,167.76,97,95,87,30,13.64,1491760260.4833765,108176959.0,0.1815,-8.93,1044290,1101733,1584536,-0.018
145,TWLO,Technology,Software - Infrastructure,NYSE,167.69,97,93,95,74,280.41,45240186245.43274,153575220.0,0.045500003,-8.35,6663280,3538120,3169414,0.22
146,FTNT,Technology,Software - Infrastructure,NASDAQ,167.38,97,93,96,32,191.27,132765483271.23363,733713653.0,0.0226,4.47,3178560,4188746,4662258,0.256
147,XRPN,Financial Services,Shell Companies,NASDAQ,167.02,97,49,46,46,19.2,1245277742.1569824,31590000.0,0.0029,-63.77,2458750,959316,592798,
148,SVIA,Financial Services,Capital Markets,NASDAQ,166.52,97,40,9,3,4.18,378221799.5406747,88369575.0,0.024,-60.45,2044620,2322523,1621760,
149,OCC,Technology,Communication Equipment,NASDAQ,166.45,97,88,97,97,16.73,161278515.7362213,8842024.0,0.098000005,-40.21,143830,232850,237458,0.22
150,STX,Technology,Computer Hardware,NASDAQ,166.32,97,99,99,99,805.63,193054392735.2251,227393014.0,0.045900002,-29.64,4709130,4088113,4530282,0.485
151,IZM,Technology,Electronics & Computer Distribution,NASDAQ,166.29,97,5,3,2,0.99,2884346.5146136284,2403622.0,0.0378,-63.74,205380,124684,676092,0.072
152,ALNT,Technology,Electronic Components,NASDAQ,165.76,97,92,93,93,117.24,2010687421.4692383,16996512.0,0.0479,-3.44,219070,212563,240354,0.102
153,MTRN,Basic Materials,Other Industrial Metals & Mining,NYSE,165.44,97,94,96,88,312.15,6493391633.777313,20801485.0,0.0392,-0.67,308320,275206,330678,0.422
154,XRPNU,Financial Services,Shell Companies,NASDAQ,165.36,97,48,47,48,20.0,,,1.25,-57.43,3980,1483,1392,
155,TSEM,Technology,Semiconductors,NASDAQ,165.31,97,96,98,99,258.41,27224704535.388794,113031240.0,0.024300002,-19.23,1718150,1798153,1903346,0.237
156,DOCN,Technology,Software - Infrastructure,NYSE,165.3,97,97,98,96,131.01,16375317862.980469,116908096.0,0.0921,-30.13,1811280,2463240,2740716,0.286
157,ALAB,Technology,Semiconductors,NASDAQ,165.24,97,91,98,90,389.8,60777034154.808105,173485104.0,0.0657,-21.96,3774820,3839116,4193530,1.045
158,LPG,Energy,Oil & Gas Midstream,NYSE,164.84,97,95,87,86,56.45,2447597140.8412857,42782681.0,0.0672,-5.87,606360,607556,600608,1.24
159,MGLD,Financial Services,Asset Management,NYSE ARCA,164.8,97,31,66,76,2.0,87785988.6627698,43244330.0,0.0058999998,-5.66,2015610,679043,411088,0.257
160,PANW,Technology,Software - Infrastructure,NASDAQ,164.74,97,94,95,26,419.91,329850312011.71875,818000000.0,0.0269,2.54,5243780,6531486,6184724,0.345
161,PUBM,Technology,Software - Application,NASDAQ,164.74,97,95,90,63,18.35,839032127.0951939,45550061.0,0.066300005,-5.8,851210,703346,744756,0.105
162,NCPL,Financial Services,Capital Markets,NASDAQ,164.04,97,9,12,4,1.09,10987058.412891507,7847899.0,0.0315,-60.36,14311380,42136946,25735698,-0.382
163,AMWL,Healthcare,Health Information Services,NYSE,164.01,97,98,95,56,12.27,210738517.45949364,17008758.0,0.0109,-13.53,95320,98363,106550,-0.266
164,FORM,Technology,Semiconductor Equipment & Materials,NASDAQ,164.01,97,96,95,98,141.3,11626953768.001831,77954772.0,0.0584,-11.84,2727570,1678096,1551772,0.319
165,IMMX,Healthcare,Biotechnology,NASDAQ,163.81,97,99,98,99,9.64,802500590.9799728,82902951.0,0.16239999,-36.16,2070430,1712350,1630340,
166,NUAI,Technology,Software - Infrastructure,NASDAQ,163.78,97,99,99,99,5.86,759813622.3019571,120797079.0,0.2531,-37.96,7653140,7550880,6855164,-0.825
167,PRAX,Healthcare,Biotechnology,NASDAQ,163.75,97,99,99,99,280.14,8250635926.536133,27919988.0,0.1363,-28.66,528380,419600,430854,
168,NTAP,Technology,Software - Infrastructure,NASDAQ,163.32,97,92,92,38,228.45,44443729100.54253,196419005.0,0.051799998,-1.49,2792190,2636293,2594120,0.299
169,REPL,Healthcare,Biotechnology,NASDAQ,162.99,97,96,99,3,13.25,1231450587.6264496,94219634.0,0.3369,-18.86,2424270,2153003,4394772,
170,AGPU,Technology,Software - Infrastructure,NASDAQ,162.9,97,99,79,4,12.29,140020777.03566742,11591124.0,0.0514,-18.77,328750,305840,358996,1197.729
171,FRD,Basic Materials,Steel,NASDAQ,162.68,97,98,95,56,42.28,296301467.4870148,7212791.0,0.0219,-13.31,41610,55616,71560,0.781
172,MBX,Healthcare,Biotechnology,NASDAQ,162.59,97,99,99,97,56.92,2817847136.124878,48160096.0,0.119799994,-21.64,489650,484256,486786,
173,MAGH,Industrials,Engineering & Construction,NASDAQ,162.47,97,97,97,96,6.76,236600008.01086426,35000000.0,0.043,-2.59,0,0,0,0.498
174,NDLS,Consumer Cyclical,Restaurants,NASDAQ,162.38,97,96,96,82,13.87,79953241.72389984,5966660.0,0.0221,-27.0,25530,26570,42298,0.005
175,PARR,Energy,Oil & Gas Refining & Marketing,NYSE,162.06,97,96,92,97,86.91,4208368668.0,50099627.0,0.1276,-0.92,886230,924616,986232,0.568
176,USIO,Technology,Software - Infrastructure,NASDAQ,161.91,97,97,93,22,2.83,80856264.26223135,27595994.0,0.0023,-7.52,199320,277300,395674,0.186
177,EHLD,Industrials,Marine Shipping,NASDAQ,161.35,97,94,65,80,12.91,33348722.02978134,2816615.0,0.0049,-18.29,7190,11040,8818,1.95
178,APPS,Technology,Software - Application,NASDAQ,161.02,97,97,98,18,10.49,1351751521.7328072,121016250.0,0.087,-31.62,3385890,2922133,3426872,0.268
179,QTTB,Healthcare,Biotechnology,NASDAQ,160.8,97,99,99,96,8.11,245002691.55261993,29769466.0,0.18,-65.59,1640450,942316,748468,
180,DKI,Communication Services,Electronic Gaming & Multimedia,NASDAQ,160.55,96,99,99,9,1.36,2894670.0499979258,2097587.0,0.0301,-85.1,662890,254013,405674,0.139
181,DHT,Energy,Oil & Gas Midstream,NYSE,160.38,96,92,84,89,23.52,3818058417.845192,161235573.0,0.1037,-0.84,4259090,4044163,3737624,0.955
182,HZO,Consumer Cyclical,Specialty Retail,NYSE,160.36,96,96,80,66,52.39,1156240543.548317,22086735.0,0.1488,-0.32,697430,759703,828952,-0.07
183,SDGR,Healthcare,Health Information Services,NASDAQ,159.65,96,84,57,11,28.9,2267358544.7294846,74805628.0,0.26610002,-10.94,3241340,2400016,1909930,0.075
184,BB,Technology,Software - Infrastructure,NYSE,159.27,96,93,98,56,9.58,5459400306.667521,587032279.0,0.0642,-29.51,25703360,15896016,14003162,0.26
185,OPHC,Financial Services,Banks - Regional,NYSE ARCA,159.04,96,97,82,79,8.81,114178435.83819008,12630358.0,0.010299999,-17.51,74080,91550,144288,0.56
186,XNCR,Healthcare,Biotechnology,NASDAQ,158.92,96,98,81,63,24.36,1846938392.825428,74353397.0,0.3005,-20.42,1268840,1465166,1349094,0.175
187,NBIS,Communication Services,Internet Content & Information,NASDAQ,158.79,96,98,97,98,249.87,66009164818.87097,271855218.0,0.1981,-16.67,14801910,14826390,20457188,4.54
188,FSLY,Technology,Software - Application,NASDAQ,158.14,96,94,95,98,25.51,4111532914.9246216,159300000.0,0.1574,-26.74,8562440,6735853,6775948,0.233
189,DHX,Technology,Software - Application,NYSE,158.07,96,94,93,90,4.74,208870351.41524792,43424190.0,0.0093,-8.67,195240,274453,261264,-0.021
190,JRSH,Consumer Cyclical,Apparel Manufacturing,NASDAQ,157.95,96,94,91,50,6.05,78104632.21116066,12699940.0,0.005,-2.1,97500,87400,94658,0.267
191,QTEX,Technology,Computer Hardware,NASDAQ,157.75,96,21,96,9,1.59,73782551.09919369,67075045.0,0.0583,-58.7,35145090,12625096,8813362,4.377
192,RLAY,Healthcare,Biotechnology,NASDAQ,157.72,96,98,98,99,18.74,4154925123.1298447,219141631.0,0.2364,-11.89,3199020,3347986,2860462,-0.483
193,TISI,Industrials,Specialty Business Services,NYSE,157.63,96,94,52,44,27.61,132454738.35164452,4583209.0,0.015700001,-6.63,28160,36780,33960,-0.078
194,TEN,Energy,Oil & Gas Midstream,NYSE,157.34,96,91,89,95,50.47,1507886507.164463,30127603.0,0.0108,-6.26,458720,473220,363798,0.544
195,CBAT,Industrials,Electrical Equipment & Parts,NASDAQ,157.25,96,76,9,29,1.19,123217710.77191114,88645836.0,0.0113,-23.23,715400,731710,583032,0.993
196,DFTX,Healthcare,Biotechnology,NASDAQ,157.22,96,99,99,97,35.62,5025324135.027695,134366950.0,0.0883,-28.33,2384650,2227836,2248720,
197,NTRA,Healthcare,Diagnostics & Research,NASDAQ,157.03,96,93,88,67,400.65,59149561039.286194,144144170.0,0.0343,-6.27,1935330,1555183,1523152,0.377
198,PSNL,Healthcare,Diagnostics & Research,NASDAQ,156.91,96,97,97,55,16.03,1737904415.980013,106750881.0,0.120900005,-15.14,1769350,2393656,2873644,0.3
199,XP,Financial Services,Capital Markets,NASDAQ,156.71,96,73,30,79,29.73,10910024048.5,507442979.0,0.044,28.53,13620750,9474356,7436714,0.106
200,TRMD,Energy,Oil & Gas Midstream,NASDAQ,156.68,96,89,83,92,39.05,4106031080.0,102650777.0,0.0242,-2.38,2572840,2016900,1397388,1.103
201,JILL,Consumer Cyclical,Apparel Retail,NYSE,156.61,96,86,72,21,24.76,369196350.9479103,14862977.0,0.113400005,-1.49,248420,219310,154116,0.005
202,GLBS,Industrials,Marine Shipping,NASDAQ,156.53,96,98,95,87,3.25,75538053.5,21582301.0,0.0591,-19.95,167130,159990,172238,0.532
203,ENGS,Industrials,Waste Management,NASDAQ,156.45,96,98,96,13,3.12,135805938.77680922,44526538.0,0.0095999995,-75.0,3063590,2060593,1701350,-0.278
204,HNGE,Healthcare,Health Information Services,NYSE,156.44,96,95,97,34,98.35,7881423560.6341095,80694417.0,0.0783,-1.38,1820690,1952070,1868456,0.53
205,EVC,Communication Services,Advertising Agencies,NYSE,156.09,96,98,99,87,6.7,681087701.4615583,92288305.0,0.16690001,-51.24,1533180,1244503,1511534,1.262
206,HQI,Industrials,Staffing & Employment Services,NASDAQ,156.06,96,93,83,52,18.83,261278755.16171646,13890418.0,0.0388,-9.64,36120,25240,27028,0.06
207,CAKE,Consumer Cyclical,Restaurants,NASDAQ,155.63,96,96,88,62,108.23,5456253594.028702,49760634.0,0.3796,-8.64,1311510,1398423,1668446,0.077
208,PGEN,Healthcare,Biotechnology,NASDAQ,155.61,96,96,93,90,7.55,3057620995.722039,358035247.0,0.2166,-15.92,6240320,4980140,5465740,63.227
209,ECOR,Healthcare,Medical Devices,NASDAQ,155.17,96,89,60,60,9.92,91421076.99535847,9015885.0,0.0373,-21.89,75230,83246,89060,0.28
210,PSX,Energy,Oil & Gas Refining & Marketing,NYSE,154.93,96,95,87,82,269.79,105572948597.33313,399020916.0,0.0196,-2.65,2692860,3050516,2943114,0.531
211,FLXS,Consumer Cyclical,"Furnishings, Fixtures & Appliances",NASDAQ,154.92,96,95,93,70,87.81,363428434.37129974,4091741.0,0.0744,-3.13,70770,90016,84886,0.007
212,XMTR,Industrials,Industrial Distribution,NASDAQ,154.86,96,93,97,70,110.66,5877385869.714935,57323573.0,0.0848,2.53,888080,771540,709060,0.411
213,CMBT,Energy,Oil & Gas Midstream,NYSE,154.36,96,94,90,82,19.68,5759870025.340982,290169769.0,0.0106,-5.48,1076150,1152110,1049568,0.815
214,IRDM,Communication Services,Telecom Services,NASDAQ,154.35,96,96,96,93,49.04,5188856688.890991,105981552.0,0.0373,-14.24,943850,1023836,1071682,0.038
215,URGN,Healthcare,Biotechnology,NASDAQ,154.24,96,97,97,86,41.43,2023655424.1858215,48880564.0,0.1304,-18.46,874100,733410,847688,1.992
216,LCUT,Consumer Cyclical,"Furnishings, Fixtures & Appliances",NASDAQ,154.22,96,97,95,96,9.16,209658181.6891365,22988836.0,0.11270001,-9.93,169070,172463,184304,0.074
217,BWLP,Energy,Oil & Gas Midstream,NYSE,153.93,96,93,88,89,25.59,3892526353.899719,151814604.0,0.0154,-3.32,319130,451293,391276,-0.031
218,MNTK,Basic Materials,Specialty Chemicals,NASDAQ,153.74,96,92,58,14,2.66,408519052.6403494,142341139.0,0.0345,-12.79,1304750,701510,479926,0.197
219,HAFN,Industrials,Marine Shipping,NYSE,153.63,96,91,78,92,10.13,5487144328.5,535331154.0,0.0255,-1.46,3776880,2778910,2088394,0.472
220,HTFL,Healthcare,Health Information Services,NASDAQ,153.59,96,95,27,29,50.69,4288552857.103859,86953627.0,0.0936,-2.93,1751000,1951193,1971578,0.476
221,MAMK,Industrials,Conglomerates,NASDAQ,153.57,96,98,97,98,13.0,216125000.0,16625000.0,0.0057,-9.09,0,0,0,0.13
222,NEWP,Basic Materials,Silver,NYSE ARCA,153.43,96,96,81,97,6.39,1165517133.258729,185591894.0,0.030199999,-15.36,708230,827173,742262,
223,AYA,Basic Materials,Silver,NASDAQ,153.23,96,97,88,89,27.51,3906260997.039963,144036168.0,7.14,-10.3,1037280,1284570,1128250,1.507
224,MASS,Healthcare,Medical Devices,NASDAQ,152.92,96,91,68,79,12.33,524524699.10568714,41333705.0,0.1294,-4.64,385790,390333,445194,0.233
225,RBRK,Technology,Software - Infrastructure,NYSE,152.9,96,80,83,17,125.8,24582160044.725754,207304433.0,0.0832,5.87,2698390,3596426,3397362,0.379
226,MEI,Technology,Electronic Components,NYSE,152.78,96,96,98,58,15.1,561053126.0614948,35645053.0,0.09020001,-25.91,556640,721666,659028,0.104
227,AMN,Healthcare,Medical Care Facilities,NYSE,152.59,96,92,96,37,36.73,1418679611.6980934,38729991.0,0.106800005,-1.32,670100,617693,671068,0.023
228,BOLD,Healthcare,Biotechnology,NASDAQ,152.32,96,98,96,81,2.57,59599718.096699715,22747985.0,0.0591,-18.77,181870,120933,172598,
229,ARM,Technology,Semiconductors,NASDAQ,152.11,96,92,97,81,302.56,328398869552.1365,1067998569.0,0.1069,-33.17,5830780,5107026,5159058,0.224
230,HELP,Healthcare,Biotechnology,NASDAQ,151.79,96,99,56,18,10.76,854915101.6630669,73069668.0,2.16,-28.98,1241510,1672213,1741960,
231,VSTS,Industrials,Rental & Leasing Services,NYSE,151.65,96,96,97,88,13.92,1854206237.8594446,132160105.0,0.1175,-17.63,1335510,1487500,1448994,-0.018
232,NTRB,Healthcare,Biotechnology,NASDAQ,151.42,96,90,10,19,6.68,88493374.79036379,12155683.0,0.0339,-27.27,168380,112166,76082,-0.297
233,HHS,Industrials,Conglomerates,NASDAQ,151.39,96,92,19,22,4.44,33991333.973464966,7454240.0,0.0047999998,-4.93,47190,92073,204246,-0.017
234,HSHP,Industrials,Marine Shipping,NYSE,151.35,96,95,94,96,17.78,857078903.5987854,47170000.0,0.0387,-9.05,482440,476506,415760,0.796
235,JTAI,Technology,Software - Application,NASDAQ,151.13,96,24,4,0,1.48,2203667.48220706,1421721.0,0.1707,-97.61,77420,375823,304856,1.39
236,TER,Technology,Semiconductor Equipment & Materials,NASDAQ,151.04,96,94,96,98,430.32,70203251715.9195,156340750.0,0.059899997,-11.8,1986160,2378116,2828692,1.039
237,MYO,Healthcare,Medical Devices,NYSE ARCA,150.94,96,86,65,11,1.61,64560801.831135035,39607854.0,0.0343,-14.59,264810,381780,544606,0.213
238,AVT,Technology,Electronics & Computer Distribution,NASDAQ,150.81,96,91,89,85,106.37,8776884574.633484,82072979.0,0.119799994,-2.08,1436210,1313090,1309402,0.477
239,OPAD,Real Estate,Real Estate Services,NASDAQ,150.64,96,97,99,7,3.07,15730598.548064232,4832749.0,0.1447,-56.45,22710,38940,45642,-0.516
240,MTSI,Technology,Semiconductors,NASDAQ,150.32,95,82,93,93,350.67,24560891875.73117,76370931.0,0.0435,-16.29,1136550,1266530,1383290,0.358
241,SSL,Basic Materials,Specialty Chemicals,NYSE,150.31,95,92,89,97,14.29,8936065018.089884,641037682.0,0.0083,-5.86,1897070,1899140,1574596,0.179
242,ICHR,Technology,Semiconductor Equipment & Materials,NASDAQ,150.3,95,97,99,98,62.44,2356620020.0992584,37454229.0,0.0879,-45.03,687540,681326,789960,0.227
243,UTZ,Consumer Defensive,Packaged Foods,NYSE,150.18,95,95,22,13,14.27,2054340845.4106712,143962213.0,0.1182,-0.42,1600610,1763000,2130608,0.014
244,SITM,Technology,Semiconductors,NASDAQ,150.09,95,92,96,95,711.06,21333595853.255615,30071036.0,0.060100004,-21.15,373350,415533,453130,1.265
245,XGN,Healthcare,Diagnostics & Research,NASDAQ,149.72,95,91,27,8,8.19,197921021.4782467,24225339.0,0.0365,-33.03,325280,272996,355072,0.159
246,CIX,Industrials,Security & Protection Services,NYSE ARCA,149.72,95,94,66,56,39.0,460882350.60349274,12323057.0,0.0324,-3.2,20620,30170,21334,0.08
247,VAI,Industrials,Rental & Leasing Services,NASDAQ,149.48,95,92,37,18,2.36,32608775.498831034,14557489.0,0.0175,-1.67,48150,74283,798976,-0.156
248,VSH,Technology,Semiconductors,NYSE,149.42,95,89,98,90,37.84,5856016642.867607,153379167.0,0.1408,-45.53,3934900,3842073,4134746,0.166
249,PBR,Energy,Oil & Gas Integrated,NYSE,149.26,95,90,77,92,23.8,139520529690.3193,6444366381.0,1.35,7.01,27004520,24496596,21242634,0.423
250,PACB,Healthcare,Medical Devices,NASDAQ,149.08,95,27,36,32,2.7,789510116.0027475,310830759.0,0.1808,-1.1,28201420,13370360,10853602,-0.019
251,AMC,Communication Services,Entertainment,NYSE,149.08,95,89,39,20,2.95,2472514830.2349176,892604638.0,0.048800003,-13.24,29210020,27497076,27024134,0.142
252,TNK,Energy,Oil & Gas Midstream,NYSE,148.95,95,91,79,89,101.24,3575519494.2823486,34680112.0,0.0484,-2.64,408740,530850,475394,0.63
253,HMR,Industrials,Marine Shipping,NASDAQ,148.91,95,65,53,15,1.73,98516632.45833814,58991997.0,0.0011,-14.14,111040,146236,109244,2.113
254,VSXY,Consumer Cyclical,Apparel Retail,NYSE,148.9,95,95,97,94,85.09,7316755565.232582,79764039.0,0.16370001,-16.95,1498520,1998223,1803240,0.104
255,DDOG,Technology,Software - Application,NASDAQ,148.89,95,84,97,38,278.24,99542778591.604,359075024.0,0.0353,-4.95,3004120,3454106,4222662,0.356
256,UGP,Energy,Oil & Gas Refining & Marketing,NYSE,148.88,95,95,86,93,7.74,7938868990.44911,1065620026.0,0.0058,-0.51,5218380,3876506,3583356,0.219
257,AMPL,Technology,Software - Application,NASDAQ,148.87,95,92,67,13,14.79,1925631512.628273,132619246.0,0.0757,0.2,1748580,1670126,1918604,0.212
258,FEIM,Technology,Communication Equipment,NASDAQ,148.85,95,90,87,95,87.13,969840866.8486633,11273287.0,0.1126,-2.93,353420,352276,354282,0.698
259,FGI,Consumer Cyclical,"Furnishings, Fixtures & Appliances",NASDAQ,148.18,95,90,62,58,7.67,14986663.402032852,1931271.0,0.097600006,-61.52,15350,42616,2186706,0.029
260,HYLN,Consumer Cyclical,Auto Parts,NYSE ARCA,148.0,95,93,97,59,4.04,809045435.0111876,178597218.0,0.113900006,-52.41,1919540,1902843,2495354,2.263
261,DMRA,Healthcare,Biotechnology,NASDAQ,147.88,95,99,98,99,19.55,1274838443.7997684,61735519.0,0.089499995,-48.99,760370,693576,553192,
262,MCTA,Healthcare,Medical Care Facilities,NASDAQ,147.79,95,94,98,98,29.35,504260182.13653564,17178000.0,0.1191,-7.41,0,0,0,-0.189
263,RRGB,Consumer Cyclical,Restaurants,NASDAQ,147.48,95,97,92,25,8.36,150284824.79439545,18903752.0,0.1103,-23.65,190320,263850,331936,-0.021
264,NSIT,Technology,Electronics & Computer Distribution,NASDAQ,147.37,95,93,84,17,159.49,4715186348.478699,29348850.0,0.0587,-5.35,306700,335973,379510,0.147
265,RCMT,Industrials,Conglomerates,NASDAQ,147.26,95,96,64,87,41.31,298722973.6548271,7110759.0,0.040799998,-4.13,59550,78666,80174,0.2
266,MRX,Financial Services,Capital Markets,NASDAQ,146.92,95,96,92,85,74.24,5232970792.5,71930870.0,0.0381,-6.16,713870,770263,732844,0.321
267,ZETA,Technology,Software - Infrastructure,NYSE,146.75,95,93,80,46,32.95,8190574199.261456,251013605.0,0.08,0.43,6212210,6608276,7700266,0.435
268,GH,Healthcare,Diagnostics & Research,NASDAQ,146.68,95,95,97,81,170.69,23860079435.53421,134196170.0,0.0856,-6.99,1887100,1853706,2041812,0.443
269,ENTX,Healthcare,Biotechnology,NASDAQ,146.56,95,97,64,12,2.53,495185618.4966991,173141831.0,0.0077,-39.76,550600,435260,597546,
270,VREX,Healthcare,Medical Devices,NASDAQ,146.55,95,95,40,67,18.48,783875174.2835541,42463446.0,0.0377,-0.81,445860,627370,953868,0.037
271,RSKD,Technology,Software - Application,NYSE,146.3,95,83,68,29,7.79,1037816606.8689394,132037734.0,0.0149,-4.65,3216280,2231820,2013180,0.218
272,KRSA,Healthcare,Biotechnology,NASDAQ,146.22,95,94,91,87,31.77,1388558037.826395,45541425.0,0.06,-46.48,99460,56422,35679,
273,CLDT,Real Estate,REIT - Hotel & Motel,NYSE,145.98,95,92,95,82,13.71,637017613.7306976,46565614.0,0.032899998,-1.3,284000,271273,290214,0.094
274,CD,Financial Services,Capital Markets,NASDAQ,145.83,95,12,8,19,8.32,741425586.8221283,110003800.0,0.055999998,-77.37,206230,221960,232908,0.984
275,FIVN,Technology,Software - Infrastructure,NASDAQ,145.75,95,92,87,16,33.29,2567500570.767624,74723531.0,0.118,-16.78,2250680,2182216,2691516,0.103
276,VRA,Consumer Cyclical,Footwear & Accessories,NASDAQ,145.62,95,81,85,91,5.08,146599076.87034988,28688664.0,0.0296,-1.17,415350,737493,487106,0.011
277,NTWK,Technology,Software - Application,NASDAQ,144.79,95,57,77,61,6.17,71117777.32022858,11952568.0,0.0017,1.31,218050,87450,59726,0.125
278,ANRO,Healthcare,Biotechnology,NYSE,144.28,95,99,99,99,23.69,973204149.2606506,39242104.0,0.1246,-36.79,639970,566166,524698,
279,ACHV,Healthcare,Biotechnology,NASDAQ,144.06,95,96,95,56,7.03,746462004.0017128,103102490.0,0.15630001,-18.63,1439700,1571090,1482892,
280,SHIP,Industrials,Marine Shipping,NASDAQ,143.98,95,93,92,96,17.5,386127281.74739075,21668198.0,0.0163,-8.95,540340,449140,398910,0.486
281,TH,Industrials,Specialty Business Services,NASDAQ,143.89,95,97,94,95,18.54,1844997899.1029053,97929824.0,0.1278,-14.8,2613650,2425666,1926898,0.387
282,GTLB,Technology,Software - Infrastructure,NASDAQ,143.75,95,91,70,8,51.63,8294094496.612549,166615000.0,0.0866,-7.06,4184370,5252640,4856176,0.213
283,BNC,Industrials,Farm & Heavy Construction Machinery,NASDAQ,143.74,95,91,12,4,5.85,240867018.57335567,41173850.0,0.068,-51.25,821990,3860496,2404526,-0.046
284,ARW,Technology,Electronics & Computer Distribution,NYSE,143.71,95,90,89,87,240.4,12319621140.59816,50905423.0,0.0373,-2.77,555480,551020,584718,0.318
285,COHR,Technology,Scientific & Technical Instruments,NYSE,143.58,95,92,96,98,338.36,66003301865.21124,195832246.0,0.060900003,-23.1,6521210,6328083,6974860,0.337
286,TBI,Industrials,Staffing & Employment Services,NYSE,143.57,95,96,96,20,8.97,279479087.21087646,30444344.0,0.0328,-18.68,175340,266623,296464,0.118
287,PBT,Energy,Oil & Gas Midstream,NYSE,143.18,95,94,92,89,33.55,1471439675.4961243,46608796.0,0.0125,-9.32,232160,148366,155592,0.344
288,LFST,Healthcare,Medical Care Facilities,NASDAQ,142.91,95,97,96,62,12.12,4497223530.00654,380154147.0,0.088999994,-10.62,4269450,5098606,4748488,0.261
289,WEST,Consumer Defensive,Packaged Foods,NASDAQ,142.85,95,91,91,49,8.25,794686963.6977034,97627387.0,0.1337,-19.04,328040,312493,356158,0.088
290,PRLB,Industrials,Metal Fabrication,NYSE,142.8,95,86,88,85,97.28,2349369482.468849,23921897.0,0.0433,-2.15,273750,223720,217200,0.106
291,CHEF,Consumer Defensive,Food Distribution,NASDAQ,142.75,95,93,92,59,111.21,4749479908.160141,40796083.0,0.15020001,-6.16,603840,672050,698098,0.129
292,TWN,Financial Services,Asset Management,NYSE,142.7,95,94,94,94,106.89,598837252.5669937,5742039.0,0.0838,-1.78,16525,24281,26393,0.404
293,TWIN,Industrials,Specialty Industrial Machinery,NASDAQ,142.48,95,91,91,88,28.56,414504498.4876938,14538916.0,0.0561,-0.66,83560,88740,93312,0.183
294,EXFY,Technology,Software - Application,NASDAQ,142.46,95,97,89,7,2.23,205169994.0,91186664.0,0.018,-20.64,549480,553170,840796,-0.053
295,CLOV,Healthcare,Healthcare Plans,NASDAQ,142.38,95,91,96,17,4.6,2326464492.7260103,531156263.0,0.0558,-17.71,3512320,3963563,4158746,0.556
296,AAMI,Financial Services,Asset Management,NYSE,142.18,95,94,92,91,93.49,3342105288.775635,35490128.0,0.046,-5.11,416030,470543,440804,0.453
297,QLYS,Technology,Software - Infrastructure,NASDAQ,142.09,95,91,88,13,199.93,6796882351.0,35217007.0,0.1381,-0.8,593720,709253,729346,0.11
298,FROG,Technology,Software - Application,NASDAQ,141.98,95,91,96,36,98.51,11775275200.5,123301311.0,0.065799996,-6.86,1445350,1803866,2010616,0.287
299,WEYS,Consumer Cyclical,Footwear & Accessories,NASDAQ,141.81,94,88,79,72,50.96,486049519.0405426,9550983.0,0.0239,-1.05,36010,30760,28644,0.069
300,FTRE,Healthcare,Biotechnology,NASDAQ,141.8,94,87,97,76,20.78,1902000000.0,95100000.0,0.155,-2.85,1532470,1454670,1545564,-0.045
301,TBBB,Consumer Defensive,Discount Stores,NYSE,141.66,94,92,87,76,54.24,6347630287.714195,120562775.0,0.0414,0.44,786010,635630,707842,0.387
302,ATRC,Healthcare,Medical Instruments & Supplies,NASDAQ,141.59,94,95,58,25,53.68,2804767420.113678,50866294.0,0.0876,-13.0,1279720,1389950,1147302,0.128
303,HAE,Healthcare,Medical Devices,NYSE,141.4,94,91,76,34,103.52,4762631312.564598,45497051.0,0.0881,-6.27,502400,572350,708954,0.056
304,AOUT,Consumer Cyclical,Leisure,NASDAQ,141.23,94,95,92,39,16.09,206357033.56461525,12621225.0,0.0322,-9.04,120890,279480,186108,0.254
305,NVEC,Technology,Semiconductors,NASDAQ,141.04,94,85,80,74,116.53,538957138.2828827,4837167.0,0.13239999,-13.68,88430,101443,131720,0.807
306,KNSA,Healthcare,Drug Manufacturers - Specialty & Generic,NASDAQ,141.0,94,96,91,87,77.09,5913440016.703117,78024013.0,0.096999995,-7.05,535040,535993,593378,0.554
307,ADPT,Healthcare,Diagnostics & Research,NASDAQ,140.86,94,94,90,67,26.9,4524542181.580982,159595842.0,0.106800005,-10.21,2458170,2235586,2318188,0.215
308,AUGO,Basic Materials,Gold,NASDAQ,140.74,94,96,71,98,86.67,6870429028.000259,83836843.0,0.16690001,-21.44,874130,1009966,990372,0.764
309,FTH,Healthcare,Biotechnology,NASDAQ,140.69,94,99,98,98,26.89,730827685.7338142,25778754.0,0.051799998,-36.19,333260,390193,358494,
310,WDC,Technology,Computer Hardware,NASDAQ,140.68,94,98,99,99,411.04,149729051714.5542,360540944.0,0.0538,-48.61,9492380,7435106,7907692,0.438
311,PLPC,Industrials,Electrical Equipment & Parts,NASDAQ,140.63,94,93,89,92,421.52,2050565694.1265259,4888701.0,0.069699995,-16.48,71560,71070,89928,0.254
312,MAN,Industrials,Staffing & Employment Services,NYSE,140.62,94,97,79,24,51.87,2518741664.103813,46505570.0,0.1336,-18.8,986390,831303,918342,0.075
313,S,Technology,Software - Infrastructure,NYSE,140.46,94,82,79,24,25.8,8722110686.141718,348049117.0,0.0598,0.19,8411540,9348203,8192186,0.206
314,MWYN,Consumer Cyclical,"Furnishings, Fixtures & Appliances",NASDAQ,140.45,94,88,72,7,1.47,22214284.881481647,20194804.0,0.0029,2.08,110060,169200,238914,25.435
315,VCTR,Financial Services,Asset Management,NASDAQ,140.3,94,93,86,67,113.85,6964729044.043549,61509572.0,0.0521,-7.85,567450,736090,672028,0.24
316,OBIO,Healthcare,Biotechnology,NASDAQ,140.11,94,89,53,79,5.84,357625030.0858717,60105049.0,0.0641,-10.15,274820,341243,325998,-0.895
317,MLAB,Technology,Scientific & Technical Instruments,NASDAQ,140.08,94,92,64,69,136.06,741732453.0272369,5595869.0,0.104399994,-1.88,122490,128610,141654,0.01
318,CYRX,Industrials,Integrated Freight & Logistics,NASDAQ,139.85,94,90,94,74,17.8,882813828.4568787,50649100.0,0.066199996,-1.44,820840,619226,601380,0.077
319,TK,Energy,Oil & Gas Midstream,NYSE,139.85,94,85,76,91,14.7,1301339944.1806412,87691370.0,0.059299998,-1.54,540890,575946,556342,0.435
320,DAC,Industrials,Marine Shipping,NYSE,139.72,94,88,83,81,165.94,3006318978.9442444,18203567.0,0.1312,0.42,152510,133413,128314,0.047
321,ARCT,Healthcare,Biotechnology,NASDAQ,139.72,94,97,14,24,13.0,370352581.48022175,28423069.0,0.2393,-46.21,849470,1024493,1054984,-0.895
322,AVAT,Financial Services,Asset Management,NASDAQ,139.66,94,0,0,48,2.07,69384094.77712691,37914805.0,0.06,-80.58,1478620,1930593,1295716,
323,NUTX,Healthcare,Medical Care Facilities,NASDAQ,139.65,94,94,91,25,218.4,1482586154.5,6847973.0,0.2856,-2.62,161410,159826,160702,-0.136
324,KELYB,Industrials,Staffing & Employment Services,NASDAQ,139.63,94,96,96,83,22.4,777995509.9508152,34731943.0,0.0031,-82.08,1890,8363,5316,-0.058
325,OPRT,Financial Services,Credit Services,NASDAQ,139.08,94,92,54,54,8.32,383993580.0927448,45987253.0,0.0308,-3.93,796900,581843,558704,0.094
326,ECPG,Financial Services,Credit Services,NASDAQ,138.83,94,93,94,94,99.19,2034402347.884491,21209366.0,0.0749,-5.52,206000,335693,347790,0.113
327,STLN,Healthcare,Medical Care Facilities,NASDAQ,138.75,94,96,95,67,6.58,647167320.5305219,101916115.0,0.0787,-7.71,1095450,1248336,1407680,0.346
328,OSCR,Healthcare,Healthcare Plans,NYSE,138.7,94,95,96,37,32.34,9549476464.834213,308645000.0,0.070300005,-6.21,4686640,5143960,5522810,0.704
329,KEYS,Technology,Scientific & Technical Instruments,NYSE,138.58,94,86,89,95,388.03,65482941210.61951,170244745.0,0.0159,0.03,1105900,1115790,1227250,0.365
330,TNGX,Healthcare,Biotechnology,NASDAQ,138.54,94,95,98,99,21.9,3918504890.4881496,168610367.0,0.2511,-36.32,3402760,2952156,2691012,
331,YDES,Healthcare,Biotechnology,NASDAQ,138.54,94,19,2,5,6.15,574442191.7419872,70831346.0,0.0026,-72.05,675750,551643,348574,3.149
332,ANIK,Healthcare,Drug Manufacturers - Specialty & Generic,NASDAQ,138.49,94,96,86,87,19.12,255614655.70519638,13382966.0,0.0374,-16.43,96530,86886,108262,0.156
333,SENS,Healthcare,Medical Devices,NASDAQ,138.47,94,85,14,20,9.96,522395649.69095516,52874053.0,0.09810001,-13.99,699030,672626,732526,1.178
334,HOWL,Healthcare,Biotechnology,NASDAQ,138.46,94,95,4,63,0.92,45102178.63820028,48601487.0,0.0424,-57.21,478270,1402656,8504900,
335,SN,Consumer Cyclical,"Furnishings, Fixtures & Appliances",NYSE,138.29,94,92,86,67,184.72,25837376630.556213,141520379.0,0.1117,-5.05,1145740,1864243,1825630,0.222
336,NET,Technology,Software - Infrastructure,NYSE,138.06,94,84,88,66,355.01,124296748723.05573,356079715.0,0.0271,-3.38,2818560,3076186,3493154,0.359
337,FATN,Technology,Software - Infrastructure,NASDAQ,137.98,94,95,92,11,5.24,78836850.36208344,14128468.0,0.0116,-39.12,37490,66120,87368,0.278
338,SB,Industrials,Marine Shipping,NYSE,137.88,94,94,86,89,8.58,1002872944.8964262,113833473.0,0.0749,-7.84,1566750,1539220,1223346,0.33
339,CURV,Consumer Cyclical,Apparel Retail,NYSE,137.87,94,95,67,73,2.49,249298587.5,99719435.0,0.1706,-12.78,159260,372453,320226,-0.118
340,PAYC,Technology,Software - Application,NYSE,137.83,94,90,35,14,222.44,9960377330.395798,45071619.0,0.0685,-9.2,569340,708473,823446,0.098
341,DIOD,Technology,Semiconductors,NASDAQ,137.81,94,85,88,94,107.74,4782008878.553619,46051705.0,0.088,-14.49,488620,539250,609534,0.217
342,MG,Industrials,Security & Protection Services,NYSE,137.74,94,90,85,91,21.03,657916256.6462402,31860352.0,0.0862,-3.4,400100,425483,345640,0.042
343,AMBQ,Technology,Semiconductors,NYSE,137.65,94,91,98,28,63.24,1648901671.8605347,24184536.0,0.0921,-30.97,455670,545763,529936,0.897
344,PD,Technology,Software - Application,NYSE,137.59,94,86,71,6,15.44,1206489063.8210182,78649873.0,0.13149999,-7.93,1770050,1739226,1535012,0.008
345,BLFS,Healthcare,Medical Instruments & Supplies,NASDAQ,137.36,94,90,79,29,38.61,1824840283.574459,48923333.0,0.1082,-2.89,1425350,1101543,933232,0.215
346,CSTE,Industrials,Building Products & Equipment,NASDAQ,137.36,94,98,91,24,2.78,99236201.2929678,34577075.0,0.0067000003,-27.6,35240,55910,84630,-0.045
347,FVNNU,Financial Services,Shell Companies,NASDAQ,137.25,94,71,48,42,16.5,,,0.25,-48.26,5600,2897,2030,
348,BHE,Technology,Electronic Components,NYSE,137.23,94,85,94,89,85.96,3139042922.946213,35919933.0,0.045300003,-14.39,419340,382923,374566,0.177
349,HALO,Healthcare,Biotechnology,NASDAQ,137.21,94,93,71,50,109.72,12468890349.273682,113498000.0,0.175,-6.1,2502240,2226686,2318908,0.477
350,CON,Healthcare,Medical Care Facilities,NYSE,137.12,94,91,90,63,36.4,4546007482.976624,127517736.0,0.044899996,-0.84,869320,914396,932622,0.1
351,ACVA,Consumer Cyclical,Auto & Truck Dealerships,NYSE,137.0,94,58,40,6,10.44,1774493358.6116982,169807980.0,0.0941,-0.57,8698470,11540943,8899688,0.104
352,FBIOP,Healthcare,Biotechnology,NASDAQ,136.99,94,93,96,92,18.58,,,0.0,-13.3,24630,12906,13080,0.14
353,GCT,Technology,Software - Infrastructure,NASDAQ,136.93,94,92,60,96,54.76,1919425238.75,35710237.0,0.1512,-2.68,567720,614750,649164,0.276
354,CBRL,Consumer Cyclical,Restaurants,NASDAQ,136.9,94,93,91,17,56.32,1246371459.2821884,22352430.0,0.42119998,-6.54,1227000,1042806,927992,-0.022
355,NXTC,Healthcare,Biotechnology,NASDAQ,136.72,94,98,2,95,5.68,23298758.008449554,4577359.0,0.023,-63.91,92400,98916,200088,
356,SNOW,Technology,Software - Application,NYSE,136.53,94,92,91,18,335.95,120318915014.64844,352800000.0,0.0545,-12.64,3952600,5060456,4990320,0.351
357,RELL,Technology,Electronic Components,NASDAQ,136.42,94,91,89,82,19.05,282271496.4178505,14864218.0,0.0805,-17.71,133240,126753,201272,0.276
358,CADL,Healthcare,Biotechnology,NASDAQ,136.42,94,97,94,26,9.87,745891055.3803024,73270239.0,0.2074,-29.5,983450,1151136,1213982,
359,FTK,Energy,Oil & Gas Equipment & Services,NYSE,136.22,93,89,93,83,29.97,1120660092.603796,36220429.0,0.2637,-24.45,525820,454083,600696,0.703
360,PRCH,Financial Services,Insurance - Property & Casualty,NASDAQ,136.16,93,95,89,23,17.17,1965028300.533867,113519836.0,0.2297,-6.53,1663590,1425246,1566496,0.117
361,MATX,Industrials,Marine Shipping,NYSE,136.04,93,93,92,89,224.78,6910988196.631622,29903458.0,0.069299996,-6.68,278780,287566,286554,0.167
362,IDT,Communication Services,Telecom Services,NYSE,135.91,93,80,75,39,80.31,1961759503.6618195,24838686.0,0.035099998,-1.81,465700,314700,258020,0.071
363,WT,Financial Services,Asset Management,NYSE,135.88,93,95,84,86,24.18,3693865139.025976,151512111.0,0.1734,-6.68,2155050,2895823,2708530,0.573
364,TLYS,Consumer Cyclical,Apparel Retail,NYSE,135.86,93,95,96,98,4.42,140089671.36637688,30587265.0,0.060900003,-29.28,211970,1055126,675204,0.081
365,APA,Energy,Oil & Gas E&P,NASDAQ,135.8,93,92,82,94,44.1,15303354063.718796,350351510.0,0.0921,-7.04,5514490,5513153,5743950,0.092
366,RVTY,Healthcare,Diagnostics & Research,NYSE,135.69,93,85,70,31,153.3,16908687207.316132,111586401.0,0.083500005,-3.15,2222950,2119596,1918046,0.013
367,NMM,Industrials,Marine Shipping,NYSE,135.68,93,91,88,90,91.38,2676504608.8101807,28925804.0,0.0253,-3.81,162890,178603,158038,0.252
368,DNTH,Healthcare,Biotechnology,NASDAQ,135.66,93,97,98,99,85.4,4822108362.881569,54666233.0,0.18110001,-27.55,861710,806833,783840,2.943
369,SMTI,Healthcare,Medical Instruments & Supplies,NASDAQ,135.58,93,92,62,19,35.0,320203005.7301712,9188035.0,0.058000002,-0.96,202820,230250,334952,0.09
370,RDI,Communication Services,Entertainment,NASDAQ,135.54,93,96,51,33,1.83,45093550.84489179,22890127.0,0.0022,-24.07,35190,78110,78264,0.108
371,CRL,Healthcare,Diagnostics & Research,NYSE,135.41,93,93,81,63,304.96,13853343382.22998,47738872.0,0.054,0.54,1087400,971616,976454,-0.027
372,UFI,Consumer Cyclical,Textile Manufacturing,NYSE,135.38,93,96,90,25,6.56,121570993.27089214,18588837.0,0.0137,-22.55,51470,70846,111858,0.041
373,ELVN,Healthcare,Biotechnology,NASDAQ,135.28,93,98,95,96,42.39,3441527733.611847,73270761.0,0.16950001,-31.98,1182760,1326633,1217940,
374,RXO,Industrials,Trucking,NYSE,135.23,93,61,93,56,28.54,3855972734.228485,164926128.0,0.2566,-4.55,4438030,2574456,2355980,0.25
375,ASC,Industrials,Marine Shipping,NYSE,135.09,93,86,82,87,18.82,787490419.070076,40802614.0,0.063,-6.04,645640,640430,619598,0.613
376,VIR,Healthcare,Biotechnology,NASDAQ,134.99,93,92,88,93,11.6,1890142263.770153,169215958.0,0.1176,-2.85,2006740,2241123,1931026,195.825
377,HBIO,Healthcare,Medical Instruments & Supplies,NASDAQ,134.85,93,88,81,76,8.56,37966224.39462662,4552305.0,0.0108,-8.94,21230,18920,19676,0.111
378,ALVO,Healthcare,Drug Manufacturers - Specialty & Generic,NASDAQ,134.74,93,61,13,9,6.14,1944652789.042551,356817038.0,0.0361,-32.12,1248700,1208860,1160874,-0.389
379,FLEX,Technology,Electronic Components,NASDAQ,134.71,93,91,97,90,121.38,43076081490.045685,369402978.0,0.0273,-27.26,2720270,3066360,3567304,0.206
380,ANF,Consumer Cyclical,Apparel Retail,NYSE,134.71,93,95,38,57,141.39,5767256333.46933,42434377.0,0.1725,-8.91,1168840,2088246,1656300,0.048
381,AMRX,Healthcare,Drug Manufacturers - Specialty & Generic,NASDAQ,134.7,93,87,91,83,20.3,7070409082.37122,348296027.0,0.046,-4.13,3235640,2630046,2328538,0.099
382,FNKO,Consumer Cyclical,Leisure,NASDAQ,134.6,93,89,92,54,6.11,328135196.23624134,55995766.0,0.15689999,-16.87,1030050,1114470,1226856,0.074
383,HNST,Consumer Defensive,Household & Personal Products,NASDAQ,134.55,93,96,74,36,5.03,553587379.2697029,107284379.0,0.1086,-16.31,1432980,1957783,2433390,-0.109
384,CIEN,Technology,Communication Equipment,NYSE,134.51,93,90,98,99,443.65,55495347654.18167,141808525.0,0.0399,-30.41,2554010,2690523,2500520,0.37
385,PMTS,Financial Services,Credit Services,NASDAQ,134.34,93,96,65,53,24.86,288176679.5951843,11591982.0,0.040999997,-20.45,129600,208006,168626,0.15
386,LILA,Communication Services,Telecom Services,NASDAQ,134.22,93,94,90,77,8.89,1671026947.6890564,195900000.0,0.0291,-1.06,307750,346790,447216,0.015
387,SND,Energy,Oil & Gas Equipment & Services,NASDAQ,133.78,93,93,93,96,5.32,226410992.20958328,42399061.0,0.0738,-10.14,243170,244583,272166,0.341
388,SOPH,Healthcare,Health Information Services,NASDAQ,133.74,93,96,80,78,7.38,677034771.0171967,83895266.0,0.013300001,-17.82,639700,678296,606448,0.272
389,SMWB,Technology,Software - Application,NYSE,133.58,93,96,94,4,8.03,702459687.2064209,88248704.0,0.014099999,-15.65,513210,623660,769260,0.088
390,CVE,Energy,Oil & Gas Integrated,NYSE,133.57,93,93,89,92,31.24,59753540814.09454,1844245000.0,9.08,-8.55,8166590,7183326,7156928,0.415
391,CELU,Healthcare,Biotechnology,NASDAQ,133.5,93,89,7,19,1.58,51919627.973662734,32449767.0,0.1232,-38.04,180240,8250703,4967616,-0.663
392,VSAT,Technology,Communication Equipment,NASDAQ,133.45,93,96,97,98,74.38,9918418320.0,137755810.0,0.0968,-20.05,1554100,1676100,1836214,-0.012
393,MCS,Communication Services,Entertainment,NYSE,133.4,93,93,84,76,26.44,834318206.0738506,30832159.0,0.037100002,-18.45,234050,219166,284704,0.128
394,TGHL,Technology,Software - Infrastructure,NASDAQ,133.3,93,94,64,6,0.78,19885651.78378892,25299811.0,0.0081,-68.55,82950,110193,682386,-0.652
395,TVTX,Healthcare,Biotechnology,NASDAQ,133.26,93,97,97,95,55.98,5366283427.026199,94261082.0,0.17899999,-18.55,1890480,1614560,1649566,0.482
396,PTEN,Energy,Oil & Gas Drilling,NASDAQ,133.26,93,94,84,91,11.41,4255513904.611264,379617653.0,0.1075,-14.79,7278950,8451586,8253216,0.007
397,RDVT,Technology,Software - Application,NASDAQ,133.19,93,92,91,24,78.02,1272043654.3813705,16046975.0,0.041100003,-4.62,184950,213710,249960,0.227
398,OGN,Healthcare,Drug Manufacturers - General,NYSE,133.14,93,92,91,37,13.74,3603001490.884284,262609433.0,0.0759,-0.33,1913410,2709096,2674296,-0.023
399,WTI,Energy,Oil & Gas E&P,NYSE,133.14,93,94,93,93,3.59,537356900.482975,150942952.0,0.1461,-29.33,3439480,3494450,3734388,0.329
400,EQNR,Energy,Oil & Gas Integrated,NYSE,132.89,93,92,81,90,43.01,100860617179.6072,2369845252.0,0.0239,-6.17,4234410,3547690,3253190,0.374
401,ESTC,Technology,Software - Application,NYSE,132.88,93,86,42,11,94.6,9875027823.662048,105120583.0,0.045900002,-12.41,1752700,2570313,2456580,0.151
402,AMAT,Technology,Semiconductor Equipment & Materials,NASDAQ,132.77,93,94,97,94,530.27,428574345680.2762,793597443.0,0.0178,-28.31,5514050,6176450,6935068,0.248
403,LILAK,Communication Services,Telecom Services,NASDAQ,132.67,93,94,89,78,8.86,1665150000.0,195900000.0,0.0464,-0.62,1373560,1305436,1363636,0.015
404,QXL,Technology,Information Technology Services,NASDAQ,132.67,93,96,97,15,4.09,57479848.75688553,13336392.0,0.0067000003,-46.88,48470,66350,67514,-0.208
405,NEO,Healthcare,Diagnostics & Research,NASDAQ,132.65,93,96,93,27,16.51,2405011487.190666,130211780.0,0.1535,-17.66,2626670,2194590,2255784,0.112
406,NGL,Energy,Oil & Gas Midstream,NYSE,132.6,93,95,97,97,15.68,2016934881.1653671,123814289.0,0.0352,-17.73,218081,218460,237332,0.591
407,ZBRA,Technology,Communication Equipment,NASDAQ,132.57,93,90,47,25,385.78,17903486019.365234,47633392.0,0.045900002,-0.12,504030,542223,685742,0.204
408,NEOG,Healthcare,Medical Devices,NASDAQ,132.55,93,93,80,87,11.96,2649987877.549162,218106005.0,0.0684,-16.13,5892570,3786886,3205382,-0.001
409,SFL,Industrials,Marine Shipping,NYSE,132.53,93,85,80,85,13.3,1865115266.4507427,138670282.0,0.0357,-4.86,1362100,1484350,1373872,0.027
410,KLIC,Technology,Semiconductor Equipment & Materials,NASDAQ,132.46,93,87,97,95,97.92,5273204742.884636,52329115.0,0.0529,-27.89,728290,719640,847738,1.226
411,ESYN,Consumer Cyclical,Restaurants,NASDAQ,132.36,93,67,24,17,2.1,16843552.515792847,7726400.0,0.0342,-28.67,28380,73690,202628,-0.793
412,KOPN,Technology,Electronic Components,NASDAQ,132.3,93,93,88,88,4.88,912634506.3780899,185872614.0,0.14479999,-26.17,3058670,3385323,3832710,0.506
413,LBRX,Healthcare,Biotechnology,NASDAQ,132.3,93,98,92,91,34.26,1193266937.3959541,32259175.0,0.2049,-31.7,457440,339633,358268,
414,CIB,Financial Services,Banks - Regional,NYSE,132.05,93,93,85,86,96.54,21705971234.583862,236165492.0,0.0077,-8.58,300470,338116,327096,0.26
415,KOS,Energy,Oil & Gas E&P,NYSE,131.93,93,92,88,92,2.6,1494673998.3309872,595487651.0,0.048299998,-22.16,14465170,12697293,12918332,0.546
416,FATE,Healthcare,Biotechnology,NASDAQ,131.76,93,97,98,68,2.29,277983584.4811177,119820514.0,0.0885,-29.1,1512890,1466760,1723028,0.092
417,IRD,Healthcare,Biotechnology,NASDAQ,131.74,93,94,94,99,4.38,381036862.99266243,83195823.0,0.159,-38.05,2000770,4059066,2764600,-0.738
418,PACS,Healthcare,Medical Care Facilities,NYSE,131.72,92,96,97,97,42.81,6784680732.59903,158335612.0,0.0774,-13.5,805400,749063,798192,0.091
419,TGB,Basic Materials,Copper,NYSE ARCA,131.68,92,94,84,95,8.81,3275908626.2865925,366023318.0,1.45,-10.29,5528950,5401633,5814370,1.848
420,DAO,Consumer Defensive,Education & Training Services,NYSE,131.66,92,91,86,35,16.87,1827614613.6315403,120634631.0,0.0343,-10.93,31010,61663,63502,0.035
421,VEON,Communication Services,Telecom Services,NASDAQ,131.46,92,82,43,55,76.41,5208660747.770462,68861195.0,0.0069,-3.07,194070,170463,138566,0.169
422,SLN,Healthcare,Biotechnology,NASDAQ,131.38,92,98,92,88,9.83,661319496.378912,62154086.0,0.043,-44.07,1058490,849823,1295600,
423,NTSK,Technology,Software - Infrastructure,NASDAQ,131.33,92,70,34,7,19.64,7252432527.0,408587748.0,0.0671,-21.38,5911830,6953440,5768702,0.292
424,ERO,Basic Materials,Copper,NYSE,131.24,92,94,47,91,37.93,3954112801.1146812,104302633.0,3.69,-7.1,1249890,1395436,1454138,0.739
425,VPG,Technology,Scientific & Technical Instruments,NYSE,131.2,92,82,98,92,77.91,1053246396.0349274,13320430.0,0.1258,-48.67,317300,324983,502856,0.117
426,CRGY,Energy,Oil & Gas E&P,NYSE,131.19,92,89,48,88,13.62,4424105602.875107,330403696.0,0.1145,-11.96,4687980,5929283,5884096,0.553
427,SDEV,Financial Services,Asset Management,NYSE ARCA,131.1,92,7,5,4,3.25,377364355.3622532,50449780.0,0.0435,-96.74,66846780,22750703,14055212,
428,KBSX,Consumer Cyclical,Leisure,NASDAQ,130.9,92,12,11,21,1.65,64910706.484609365,44766003.0,0.0087,-7.82,60250,30106,23144,0.097
429,STM,Technology,Semiconductors,NYSE,130.87,92,88,97,89,58.72,51079183009.831924,892057012.0,0.0226,-27.88,9632790,8367886,8652268,0.261
430,SOTK,Technology,Scientific & Technical Instruments,NASDAQ,130.81,92,60,84,54,6.74,97443679.60227299,15716723.0,0.0068,5.64,156580,92673,70636,0.103
431,SNX,Technology,Electronics & Computer Distribution,NYSE,130.79,92,89,90,88,278.38,22207665347.531372,79777511.0,0.0224,-6.82,1446830,938656,831332,0.377
432,ATI,Industrials,Metal Fabrication,NYSE,130.77,92,94,92,95,194.69,26201904847.524582,136170383.0,0.048499998,-20.07,1360720,1839153,1741682,0.106
433,UCTT,Technology,Semiconductor Equipment & Materials,NASDAQ,130.71,92,96,98,98,73.24,3291187348.5496216,45277029.0,0.1074,-49.22,1075840,891993,1083468,0.243
434,CODI,Industrials,Conglomerates,NYSE,130.69,92,92,84,87,11.02,822329131.3401947,75235966.0,0.0646,-16.83,596260,553990,652932,-0.114
435,FRNM,Healthcare,Diagnostics & Research,NASDAQ,130.69,92,89,38,34,16.36,1753531971.6898346,107446814.0,1.96,-6.51,567230,875533,881218,1.065
436,CUE,Healthcare,Biotechnology,NASDAQ,130.66,92,95,96,84,23.14,185751063.76307678,7264414.0,0.048,-49.14,279650,352466,297342,1.667
437,TITN,Industrials,Industrial Distribution,NASDAQ,130.65,92,83,44,67,25.2,598206243.5354176,23532897.0,0.0577,-6.32,163290,278330,247148,-0.092
438,VGNT,Consumer Cyclical,Auto Parts,NYSE,130.61,92,86,85,65,47.37,3288881375.5672073,70835265.0,4.73,-6.92,617700,713123,794140,0.108
439,OUST,Technology,Electronic Components,NASDAQ,130.57,92,84,93,83,44.91,3201066417.856125,72112333.0,0.096999995,-29.6,2614560,2207143,2569828,0.559
440,CGEM,Healthcare,Biotechnology,NASDAQ,130.53,92,97,95,92,16.25,953214307.5266304,61458046.0,0.2084,-29.93,1563130,1135223,959326,
441,ACU,Consumer Defensive,Household & Personal Products,NYSE ARCA,130.43,92,91,64,59,63.13,243447760.5,3833823.0,0.027999999,-2.68,35630,43833,41808,0.161
442,SBC,Industrials,Consulting Services,NASDAQ,130.38,92,80,15,36,5.33,523490955.5631981,102846943.0,0.0378,0.66,209450,207686,189946,0.134
443,AVAH,Healthcare,Medical Care Facilities,NASDAQ,130.31,92,96,91,54,12.22,2748279732.278515,218290683.0,0.0614,-16.93,3168300,3199050,3284998,0.137
444,PTGX,Healthcare,Biotechnology,NASDAQ,130.26,92,95,94,91,138.69,9063042239.120789,64708285.0,0.1462,-13.76,808880,683913,609002,37.492
445,BVS,Healthcare,Medical Devices,NASDAQ,130.21,92,95,91,86,13.1,896846535.4069033,68305143.0,0.0625,-17.57,413920,481460,632052,0.038
446,EWTX,Healthcare,Biotechnology,NASDAQ,130.2,92,96,96,95,40.02,4496211106.31675,108604129.0,0.1238,-17.5,1906040,1510213,1449432,
447,AVTR,Healthcare,Medical Instruments & Supplies,NYSE,130.19,92,92,40,12,15.43,10375344708.804169,676358840.0,0.0922,-3.86,8483000,8383810,9114796,0.005
448,MSBI,Financial Services,Banks - Regional,NASDAQ,130.15,92,92,91,82,32.78,687724979.013916,20752112.0,0.0531,-6.61,190470,157330,169256,0.18
449,BWEN,Industrials,Specialty Industrial Machinery,NASDAQ,130.03,92,90,96,30,4.25,99467493.0,23404116.0,0.034,-25.44,135240,204313,450268,0.674
450,MSGM,Communication Services,Electronic Gaming & Multimedia,NASDAQ,129.9,92,88,86,95,5.2,22301578.332671165,4588802.0,0.0499,-6.44,89380,104916,89568,0.366
451,FIX,Industrials,Engineering & Construction,NYSE,129.89,92,88,95,97,1817.96,60816152798.98462,35194329.0,0.028099999,-12.34,286810,329563,374892,0.503
452,CMPS,Healthcare,Medical Care Facilities,NASDAQ,129.84,92,97,98,71,11.56,1647874128.9752846,138476822.0,0.1114,-27.16,2916370,2768630,2774332,
453,CMTV,Financial Services,Banks - Regional,NASDAQ,129.7,92,89,92,91,42.73,234117699.3268509,5600902.0,0.0461,-2.35,27120,40713,39934,0.112
454,NXPL,Technology,Software - Application,NASDAQ,129.69,92,92,54,19,9.27,23198048.617506027,2713222.0,0.0021,-16.49,7270,33640,39474,-0.103
455,REPX,Energy,Oil & Gas E&P,NYSE ARCA,129.67,92,90,68,83,42.87,915351974.1351509,21695947.0,0.044899996,-5.39,195390,339156,278420,0.942
456,MYE,Consumer Cyclical,Packaging & Containers,NYSE,129.65,92,93,93,87,31.83,1189859522.5296593,37618070.0,0.038,-15.01,292630,327470,368780,0.098
457,PBYI,Healthcare,Biotechnology,NASDAQ,129.51,92,94,90,92,9.5,490906839.4748955,51620066.0,0.098000005,-5.94,366420,316203,318010,0.078
458,SAFT,Financial Services,Insurance - Property & Casualty,NASDAQ,129.35,92,91,57,51,103.94,1525595662.5592346,14680482.0,0.050300002,-0.07,130860,124953,169052,0.03
459,ARX,Financial Services,Insurance Brokers,NYSE,129.34,92,88,26,19,19.73,4285130031.538971,217188552.0,0.076799996,-0.85,1846150,1881896,4257372,0.572
460,SATL,Industrials,Aerospace & Defense,NASDAQ,129.29,92,94,40,93,5.51,880929692.9623561,153739911.0,0.16280001,-54.08,5896470,5111636,5470954,2.585
461,KELYA,Industrials,Staffing & Employment Services,NASDAQ,129.27,92,93,88,24,15.56,545986153.2344294,34731943.0,0.0401,-12.34,230230,276863,306408,-0.058
462,BSIN,Energy,Oil & Gas E&P,NASDAQ,129.24,92,90,79,13,1.45,74540665.50722647,52493428.0,0.0172,-13.17,552360,740750,981044,0.047
463,AZTA,Healthcare,Medical Instruments & Supplies,NASDAQ,129.19,92,76,30,19,39.35,1697575228.75,43808393.0,0.19950001,-6.31,1418180,1032206,922404,0.12
464,RIBBU,Financial Services,Shell Companies,NASDAQ,129.14,92,27,49,65,15.75,,,0.69,-6.75,6190,2926,1794,
465,TX,Basic Materials,Steel,NYSE,129.11,92,90,75,77,56.97,11112977771.396698,196307678.0,0.0095999995,-3.0,380980,459800,556470,0.1
466,SMCI,Technology,Computer Hardware,NASDAQ,129.08,92,61,22,19,43.46,28261881661.285084,646873027.0,0.1882,-26.06,33267670,36344780,43790372,0.932
467,FWDI,Consumer Cyclical,Footwear & Accessories,NASDAQ,128.96,92,73,10,7,8.14,622511822.7593422,76288215.0,0.1,-69.46,2128560,2378863,1911776,3.321
468,MGNI,Communication Services,Advertising Agencies,NASDAQ,128.87,92,91,84,27,24.84,3546879336.9556313,143424157.0,0.09,-7.45,2111420,2247823,2485414,0.112
469,NHC,Healthcare,Medical Care Facilities,NYSE ARCA,128.82,92,91,92,85,228.27,3565473243.0537415,15661395.0,0.0538,-4.61,105650,106933,109356,0.088
470,CGAU,Basic Materials,Gold,NYSE,128.77,92,95,80,95,21.69,4191869663.324684,195607541.0,4.02,-11.54,1103120,1270313,1496378,0.535
471,TENB,Technology,Software - Infrastructure,NASDAQ,128.73,92,84,94,15,39.47,4063522036.7883224,110271973.0,0.1936,-9.62,2977020,5082276,4233224,0.086
472,PDFS,Technology,Software - Application,NASDAQ,128.72,92,89,94,91,54.44,2343610488.0,42227216.0,0.098500006,-24.06,529650,626446,597526,0.189
473,U,Technology,Software - Application,NYSE,128.63,92,88,54,22,44.95,19192278636.738968,440088933.0,0.0665,-13.81,12544790,9898096,11176866,0.239
474,SM,Energy,Oil & Gas E&P,NYSE,128.53,92,91,77,82,35.1,8381977755.550156,237854068.0,0.066199996,-15.54,3113650,3842763,3813068,1.761
475,TTMI,Technology,Electronic Components,NASDAQ,128.49,92,91,96,98,132.71,13892354181.28125,105348864.0,0.0458,-40.71,1848200,1918376,2541856,0.374
476,GPRK,Energy,Oil & Gas E&P,NYSE,128.43,92,89,81,82,11.44,704118944.8057652,64895753.0,0.0311,-12.87,861630,1100373,796364,0.196
477,ONTO,Technology,Semiconductor Equipment & Materials,NYSE,128.39,92,94,95,94,313.71,20034427946.197876,61123436.0,0.071,-18.82,685830,844333,1003010,0.353
478,LRCX,Technology,Semiconductor Equipment & Materials,NASDAQ,128.37,91,95,96,97,333.89,434857439330.43896,1251424362.0,0.0233,-23.86,8046540,8534953,9243412,0.3
479,HPQ,Technology,Computer Hardware,NYSE,128.3,91,85,69,24,31.73,28965524961.063328,901790969.0,0.094,-12.42,12265080,16335000,15541586,0.125
480,ROG,Technology,Electronic Components,NYSE,128.15,91,80,88,89,156.6,2855765600.0,17848535.0,0.0493,-7.34,336390,252063,243166,0.069
481,XOS,Industrials,Farm & Heavy Construction Machinery,NASDAQ,128.06,91,65,55,11,3.32,46918910.922039986,14217852.0,0.0766,-59.85,223450,379786,3610240,-0.742
482,LEDS,Technology,Semiconductors,NASDAQ,127.97,91,71,27,9,2.37,19194294.407690763,8273403.0,0.040900003,-34.53,8840,15053,35542,-0.486
483,CNXN,Technology,Electronics & Computer Distribution,NASDAQ,127.9,91,83,80,53,92.39,2331495516.301491,25238099.0,0.0499,-1.6,139990,138733,150066,0.124
484,INBX,Healthcare,Biotechnology,NASDAQ,127.88,91,97,97,98,93.41,1427465811.9596863,14717660.0,0.3078,-39.85,243250,332346,296386,
485,WTTR,Energy,Oil & Gas Equipment & Services,NYSE,127.82,91,94,94,89,19.99,2572410793.7756195,128942892.0,0.0514,-11.35,2161120,1740113,1731340,0.087
486,DGII,Technology,Communication Equipment,NASDAQ,127.79,91,89,92,89,73.94,2869257603.191696,37948123.0,0.0619,-14.85,404890,369180,378410,0.29
487,ZIM,Industrials,Marine Shipping,NYSE,127.71,91,91,80,92,29.2,3570997602.435871,120519666.0,0.025899999,-5.68,1964720,1518260,1782924,0.089
488,TLIH,Industrials,Industrial Distribution,NASDAQ,127.7,91,88,80,3,5.75,16687059.98584652,2940451.0,0.0,-14.69,3170,2346,2458,-0.122
489,GEO,Industrials,Security & Protection Services,NYSE,127.6,91,94,92,26,29.94,4127590234.5742188,131619584.0,0.1046,-9.68,3100020,2551886,2311136,0.151
490,VIA,Technology,Software - Application,NYSE,127.59,91,82,19,7,30.83,2384407890.2276173,81295871.0,0.1657,-44.15,768110,807060,800686,0.267
491,RDIB,Communication Services,Entertainment,NASDAQ,127.58,91,86,21,35,13.66,368073240.4136219,22890127.0,0.0592,-43.08,24919,353892,214578,0.108
492,CNET,Communication Services,Advertising Agencies,NASDAQ,127.55,91,83,30,7,1.55,5869486.487462163,3668429.0,0.0137,-45.99,2771860,927173,670616,0.19
493,IBTA,Technology,Software - Application,NYSE,127.55,91,89,48,73,40.96,838383341.5177307,20148602.0,0.3,-5.69,218840,199686,249666,0.033
494,USEA,Industrials,Marine Shipping,NASDAQ,127.31,91,93,92,88,2.67,25419140.071148872,9538139.0,0.18540001,-16.56,134320,136486,105608,-0.199
495,KF,Financial Services,Asset Management,NYSE,127.23,91,93,94,93,66.39,286177508.0909729,4158348.0,0.1,-18.98,18859,25883,28249,0.158
496,CFFI,Financial Services,Banks - Regional,NASDAQ,127.19,91,85,65,74,102.21,319641235.2233734,3251691.0,0.0165,2.11,76770,81740,60536,0.116
497,ATKR,Industrials,Electrical Equipment & Parts,NYSE,127.18,91,89,56,50,94.72,3195607219.200485,33773062.0,0.0452,-0.17,753240,753906,1044736,0.081
498,FORR,Industrials,Consulting Services,NASDAQ,127.09,91,95,88,14,11.23,213617585.0839615,19039000.0,0.1498,-11.92,111460,117196,115756,-0.102
499,HUT,Financial Services,Capital Markets,NASDAQ,127.07,91,97,97,98,92.22,11047745778.29776,123259468.0,0.1479,-34.5,3864990,4459166,4767118,0.814
500,EC,Energy,Oil & Gas Integrated,NYSE,127.03,91,92,91,84,16.96,34126857385.238716,2055834735.0,0.0322,-7.73,1644250,1634593,1743984,0.355
501,VAC,Consumer Cyclical,Resorts & Casinos,NYSE,126.92,91,90,89,63,104.57,3583992239.0338135,34395320.0,0.0862,-20.38,300890,443626,490556,0.097
502,OBE,Energy,Oil & Gas E&P,NYSE ARCA,126.9,91,92,80,91,10.62,693945902.546215,66725570.0,9.8,-27.21,666730,808406,784068,0.417
503,KFRC,Industrials,Staffing & Employment Services,NYSE,126.83,91,92,95,28,50.68,946669750.9307861,17909000.0,0.1062,-17.83,181240,250536,252584,0.045
504,DT,Technology,Software - Application,NYSE,126.8,91,75,61,22,61.05,17143606144.76355,289002128.0,0.0509,1.34,6098290,6707496,6781852,0.162
505,BJRI,Consumer Cyclical,Restaurants,NASDAQ,126.7,91,93,93,44,61.33,1317484272.9422379,21273765.0,0.1161,-17.79,375650,431416,464752,0.064
506,TORO,Energy,Oil & Gas Midstream,NASDAQ,126.69,91,98,95,89,5.07,185929199.35500145,34559330.0,0.0026,-40.35,39930,35056,31522,0.077
507,TRX,Basic Materials,Gold,NYSE ARCA,126.67,91,88,46,98,1.19,392968826.4151776,327474009.0,0.0064999997,-57.5,2366530,3332570,3189060,1.633
508,ROIV,Healthcare,Biotechnology,NASDAQ,126.64,91,97,95,95,35.53,25801378977.54196,722323015.0,0.066,-16.4,6011360,9018863,7723500,-0.335
509,NUE,Basic Materials,Steel,NYSE,126.58,91,88,89,83,251.07,54538643615.16608,226875676.0,0.0251,-10.37,1283230,1229080,1399926,0.23
510,HQ,Technology,Software - Infrastructure,NASDAQ,126.29,91,93,98,76,17.26,852219141.1411285,53972080.0,0.10479999,-61.64,141880,393453,357636,
511,ALTO,Basic Materials,Specialty Chemicals,NASDAQ,126.28,91,93,99,99,3.75,292433092.72049904,77568460.0,0.087799996,-38.63,1019380,1241306,1553868,0.125
512,QUAD,Industrials,Specialty Business Services,NYSE,126.07,91,92,86,83,9.39,484765468.76618576,51461302.0,0.053600002,-15.78,275410,354516,406258,0.01
513,OII,Energy,Oil & Gas Equipment & Services,NYSE,126.04,91,94,91,91,44.97,4411153836.025963,99529645.0,0.105399996,-17.11,768870,888550,890228,0.1
514,PR,Energy,Oil & Gas E&P,NYSE,125.87,91,90,81,90,22.35,18526762184.385834,837557029.0,0.0254,-9.31,9016610,10104350,9749358,0.551
515,BYFC,Financial Services,Banks - Regional,NASDAQ,125.85,91,92,81,48,11.65,105960984.6078968,9278545.0,0.0027,-5.67,2340,2453,3148,0.046
516,EFXT,Energy,Oil & Gas Equipment & Services,NYSE,125.85,91,86,95,97,24.37,3002509911.6014214,122102883.0,2.28,-16.4,757070,607480,700736,-0.054
517,STRZ,Communication Services,Entertainment,NASDAQ,125.84,91,94,96,84,23.18,398136975.75,17124171.0,0.042600002,-28.85,489490,304420,268218,-0.037
518,CRCT,Technology,Computer Hardware,NASDAQ,125.65,91,76,38,31,6.38,1365577588.3251648,209444416.0,0.0967,-4.2,660100,679300,793810,-0.092
519,DSX,Industrials,Marine Shipping,NYSE,125.58,91,89,62,89,2.83,355823217.5684817,124413717.0,0.061300002,-11.56,805040,1262453,1124200,0.047
520,ITGR,Healthcare,Medical Devices,NYSE,125.57,91,90,45,28,126.47,4298929144.849182,33997068.0,0.089899994,-0.26,763090,746270,1143828,-0.026
521,KRO,Basic Materials,Specialty Chemicals,NYSE,125.55,91,92,61,64,7.86,895458698.6284199,115097516.0,0.050100002,-14.29,317250,386280,418964,0.129
522,HIMX,Technology,Semiconductors,NASDAQ,125.55,91,85,93,76,14.85,2658250889.4370766,174425914.0,0.05,-40.81,899780,931603,1169742,0.059
523,CBZ,Industrials,Specialty Business Services,NYSE,125.41,91,91,36,7,54.74,3004694885.1307297,54940482.0,0.045700002,-3.68,730230,1000703,1480252,-0.002
524,TGT,Consumer Defensive,Discount Stores,NYSE,125.4,91,92,83,78,154.33,70869467916.0,454291461.0,0.037,-9.62,3872010,3727783,4091742,0.053
525,SBLK,Industrials,Marine Shipping,NASDAQ,125.37,91,90,84,85,29.86,3569195119.5,116071386.0,0.0269,-9.18,1999940,1826260,1720564,0.445
526,VIRT,Financial Services,Capital Markets,NYSE,125.31,91,91,92,84,61.62,5191196940.461685,88300678.0,0.0552,-10.38,1688820,1208883,1345708,0.291
527,JAKK,Consumer Cyclical,Leisure,NASDAQ,125.3,91,83,71,69,27.43,310732071.4340744,11445012.0,0.0424,0.77,90880,72880,93800,0.169
528,NVT,Industrials,Electrical Equipment & Parts,NYSE,125.27,91,87,91,91,173.8,27444631741.679016,161857939.0,0.0327,-5.87,1736070,2328973,2324944,0.528
529,BTSG,Healthcare,Health Information Services,NASDAQ,125.06,91,93,97,93,63.75,11921320520.25,197864241.0,0.0798,-13.56,2466680,2565086,2692840,0.23
530,CXW,Industrials,Security & Protection Services,NYSE,125.04,91,95,92,40,31.78,3306009367.449898,98893489.0,0.18,-13.05,2558610,2136653,1897276,0.273
531,DDD,Technology,Computer Hardware,NYSE,124.96,91,87,87,30,3.59,628035757.3064954,166147027.0,0.2741,-12.86,2257450,2265000,2855060,-0.003
532,ENTG,Technology,Semiconductor Equipment & Materials,NASDAQ,124.94,91,85,80,89,166.89,25353381185.913086,152300000.0,0.0671,-10.73,1844480,2032156,2300880,0.115
533,APPN,Technology,Software - Infrastructure,NASDAQ,124.85,91,79,41,18,37.25,2627300279.819008,71627597.0,0.0998,-19.13,712430,886896,870368,0.191
534,PDEX,Healthcare,Medical Instruments & Supplies,NASDAQ,124.85,91,89,87,80,64.92,205237608.40242004,3203334.0,0.2881,-15.69,59180,72073,73318,0.166
535,RYDE,Technology,Software - Application,NYSE ARCA,124.84,91,89,71,99,0.68,129042038.79135978,180226306.0,0.0015,-56.13,302220,596283,469512,0.388
536,YPF,Energy,Oil & Gas Integrated,NYSE,124.77,91,88,88,82,51.16,19474367313.60913,392075056.0,4.5,-11.59,1036990,1227446,1182624,0.722
537,HUM,Healthcare,Healthcare Plans,NYSE,124.73,91,92,94,19,404.27,46634386655.89111,120080308.0,0.0269,-5.74,1348770,1067086,1212550,0.262
538,VECO,Technology,Semiconductor Equipment & Materials,NASDAQ,124.71,90,77,95,92,55.67,3507618808.4934998,61129640.0,0.1545,-35.74,828980,637986,717430,0.165
539,FIGS,Consumer Cyclical,Apparel Manufacturing,NYSE,124.62,90,83,57,96,14.1,2246216147.892967,166140242.0,0.18129998,-19.34,2858110,2620523,2934196,0.288
540,NTNX,Technology,Software - Infrastructure,NASDAQ,124.53,90,86,64,12,73.41,19559518487.624397,270570179.0,0.056799997,-5.76,2452050,2724773,2637016,0.159
541,INFU,Healthcare,Medical Devices,NYSE ARCA,124.51,90,82,64,87,13.27,262110098.92087936,19917181.0,0.042600002,0.53,111250,127733,146224,0.026
542,PRHI,Financial Services,Insurance - Property & Casualty,NASDAQ,124.4,90,94,28,33,7.67,25698191.62015724,3746092.0,0.0056,-61.28,27870,26960,21064,-0.265
543,RAL,Technology,Electronic Components,NYSE,124.36,90,81,88,34,73.86,8098848247.953491,110640008.0,0.074499995,-2.06,1228400,1403320,1523694,0.128
544,PEB,Real Estate,REIT - Hotel & Motel,NYSE,124.25,90,85,91,82,18.98,2151910559.683136,112842716.0,0.2377,-4.77,2330970,2193766,2136030,-0.001
545,NAKA,Financial Services,Capital Markets,NASDAQ,124.25,90,36,1,3,9.57,172865146.6494484,17894943.0,0.1155,-79.38,198270,213283,189720,86.801
546,FFIV,Technology,Software - Infrastructure,NASDAQ,124.25,90,78,88,54,469.79,25711006199.154846,56627182.0,0.031600002,1.69,510280,530496,584494,0.109
547,SEI,Energy,Oil & Gas Equipment & Services,NYSE,124.22,90,86,87,95,79.7,4932757312.290192,65831540.0,0.2493,-7.53,2285920,2579513,2903784,0.469
548,IMAX,Communication Services,Entertainment,NYSE,124.22,90,90,71,78,50.58,2891276317.02594,54842114.0,0.1823,-12.39,1152520,999146,1161728,0.122
549,BTE,Energy,Oil & Gas E&P,NYSE,124.21,90,89,88,94,4.69,3237296080.01709,699200000.0,1.57,-12.5,18804910,17098856,16146932,0.513
550,ANET,Technology,Computer Hardware,NYSE,124.13,90,88,84,86,215.36,261514938460.70435,1261224648.0,0.0127,0.22,4361280,4795280,6125870,0.377
551,MTLS,Technology,Software - Application,NASDAQ,124.06,90,84,76,38,8.56,490285601.5,57680659.0,0.0177,-2.95,285860,209723,151530,0.081
552,SANM,Technology,Electronic Components,NASDAQ,124.0,90,82,90,82,228.07,12275938058.39447,53597356.0,0.059699997,-21.0,642010,613220,682124,0.697
553,DCO,Industrials,Aerospace & Defense,NYSE,123.88,90,90,90,91,175.33,2648350229.5938263,15099779.0,0.0592,-16.66,191130,227846,230592,0.118
554,DAVE,Technology,Software - Application,NASDAQ,123.87,90,94,96,88,343.14,4420676154.414124,12755507.0,0.202,-25.12,308440,321236,378610,0.296
555,VGZ,Basic Materials,Gold,NYSE ARCA,123.86,90,71,38,89,2.68,389743504.9567299,145971346.0,0.053000003,-14.38,2450730,1987160,1709984,
556,CLBK,Financial Services,Banks - Regional,NASDAQ,123.86,90,90,84,77,11.13,3075509949.2206764,269545135.0,0.1005,-7.25,3528280,4216116,4637302,0.131
557,UFCS,Financial Services,Insurance - Property & Casualty,NASDAQ,123.82,90,91,92,79,54.87,1401339759.5162582,25656166.0,0.0312,-3.3,119300,144183,145992,0.144
558,MATV,Basic Materials,Specialty Chemicals,NYSE,123.8,90,87,23,63,12.21,656762145.1466484,55190098.0,0.024500001,-21.12,398010,513023,562748,0.012
559,DXPE,Industrials,Industrial Distribution,NASDAQ,123.74,90,90,82,87,191.65,3010016302.7435913,15517148.0,0.0399,-7.86,163980,126226,136934,0.156
560,MGNX,Healthcare,Biotechnology,NASDAQ,123.69,90,96,97,97,3.64,228046664.60006142,63700187.0,0.1144,-28.35,773980,553943,545380,3.78
561,MRAM,Technology,Semiconductors,NASDAQ,123.68,90,92,94,87,17.76,458510667.61224174,24350009.0,0.1593,-65.51,793370,875166,1072552,0.419
562,LFUS,Technology,Electronic Components,NASDAQ,123.66,90,83,87,92,454.28,11595289936.90567,25398747.0,0.0554,-9.25,166820,190303,247028,0.204
563,ARTV,Healthcare,Biotechnology,NASDAQ,123.55,90,98,98,98,7.27,333919522.6999798,48890121.0,0.0602,-49.97,486740,449623,403210,
564,NRIX,Healthcare,Biotechnology,NASDAQ,123.51,90,96,92,83,22.6,2377299617.2022877,103405813.0,0.1752,-19.94,1553230,1416673,1287778,-0.795
565,SCSC,Technology,Electronics & Computer Distribution,NASDAQ,123.51,90,86,84,38,60.94,1243415775.5393524,20142812.0,0.078600004,-8.75,262200,276026,289738,0.173
566,BEEP,Industrials,Infrastructure Operations,NASDAQ,123.48,90,83,12,13,2.85,106140997.24292755,41300000.0,0.0062,-24.6,38070,29270,40634,-0.011
567,OOMA,Technology,Software - Application,NYSE,123.45,90,94,93,77,19.86,574079978.9428711,27600000.0,0.065,-24.17,464330,532203,482452,0.254
568,SUNE,Technology,Solar,NASDAQ,123.35,90,85,98,56,2.34,15240672.160975456,6513108.0,0.0733,-75.24,106410,5330576,3249100,-0.375
569,LB,Energy,Oil & Gas E&P,NYSE,123.34,90,89,85,70,85.65,2484749241.509491,29654484.0,0.119899996,-6.59,225820,223510,281850,0.406
570,CBLL,Healthcare,Medical Devices,NASDAQ,123.34,90,90,65,75,24.34,909177233.1861172,38378101.0,0.0727,-5.02,279810,325333,378090,0.325
571,RNXT,Healthcare,Biotechnology,NASDAQ,123.34,90,98,23,36,1.39,71304624.57674837,45129508.0,0.0154,-46.33,544180,1204273,912136,1.154
572,WCC,Industrials,Industrial Distribution,NYSE,123.27,90,82,83,86,384.09,18602792892.815125,48732854.0,0.0335,-0.33,445290,480626,542436,0.13
573,VEEV,Healthcare,Health Information Services,NYSE,123.17,90,85,33,15,283.5,44254543796.43097,161908850.0,0.0335,-8.7,1330930,1762386,1757928,0.176
574,PLXS,Technology,Electronic Components,NASDAQ,123.12,90,85,91,88,272.63,7279487930.007202,26652099.0,0.0475,-11.21,200420,216693,259144,0.281
575,CRDO,Technology,Semiconductors,NASDAQ,123.11,90,41,95,95,220.83,41093807236.80325,187951918.0,0.0514,-28.46,8264190,8721896,7219428,1.147
576,TEVA,Healthcare,Drug Manufacturers - Specialty & Generic,NYSE,123.11,90,84,84,90,39.13,46103546754.092926,1166292643.0,0.0271,-4.07,5515190,5156746,5493614,-0.008
577,ATNI,Communication Services,Telecom Services,NASDAQ,123.05,90,88,72,88,28.34,429907691.51963425,15403357.0,0.035099998,-15.18,76840,80923,86136,0.018
578,PRTS,Consumer Cyclical,Auto Parts,NASDAQ,122.97,90,91,22,78,8.61,69892222.0568285,8098751.0,0.062800005,-21.58,32730,71093,52302,-0.107
579,KN,Technology,Electronic Components,NYSE,122.87,90,84,90,86,39.19,3420683491.1370926,85410326.0,0.0784,-8.71,623910,677956,756076,0.143
580,BSTZ,Financial Services,Asset Management,NYSE,122.85,90,87,85,77,31.24,2122819294.3076134,68744150.0,0.0011,-2.04,209557,181419,180975,
581,IESC,Industrials,Engineering & Construction,NASDAQ,122.74,90,88,89,92,341.85,13522261784.149658,39848712.0,0.0885,-16.27,191080,254996,300214,0.396
582,ORMP,Healthcare,Biotechnology,NASDAQ,122.7,90,95,88,89,4.38,186772109.93912125,41597354.0,0.038,-19.93,152350,210413,199714,
583,AERT,Industrials,Consulting Services,NASDAQ,122.59,90,93,79,34,7.23,39962388.527088165,5393035.0,0.011,-9.17,13880,16066,14984,0.43
584,DDI,Communication Services,Electronic Gaming & Multimedia,NASDAQ,122.47,90,82,78,34,13.4,659556307.1934509,49553440.0,0.0013,0.0,168860,168983,144204,0.112
585,TALO,Energy,Oil & Gas E&P,NYSE,122.47,90,88,79,89,16.76,2801680667.6860886,166965468.0,0.0874,-10.49,1901740,1982846,1997868,0.566
586,OSPN,Technology,Software - Infrastructure,NASDAQ,122.41,90,81,74,23,18.38,671760073.1127739,37072850.0,0.1224,-0.54,488340,504503,475112,0.01
587,AGCC,Consumer Defensive,Beverages - Wineries & Distilleries,NASDAQ,122.3,90,79,91,96,15.0,341797500.0,22786500.0,0.0098,-41.69,9610,15790,34750,2.741
588,BDL,Consumer Cyclical,Restaurants,NYSE ARCA,122.24,90,87,83,49,47.0,86445668.85032272,1858647.0,0.0076,-9.82,36964,27031,32154,0.083
589,NOK,Technology,Communication Equipment,NYSE,122.19,90,89,94,94,10.97,59345634874.51343,5598644598.0,0.0099,-37.13,64051900,77407560,78514272,0.084
590,CNC,Healthcare,Healthcare Plans,NYSE,122.18,90,92,95,29,64.61,31116745879.154205,493995000.0,0.0328,-7.21,4177430,4624333,4689518,0.046
591,ARTW,Industrials,Farm & Heavy Construction Machinery,NASDAQ,122.14,90,75,50,70,3.29,16280338.775251389,5201386.0,0.024,-21.1,6620,13113,688230,0.239
592,GNK,Industrials,Marine Shipping,NYSE,122.08,90,86,87,89,27.28,1206041363.675394,43586605.0,0.035,-4.01,416220,625546,579038,0.685
593,VBNK,Financial Services,Banks - Regional,NASDAQ,122.07,90,92,91,81,22.28,726187357.2331028,32419079.0,2.7,-11.06,169320,146430,128496,0.284
594,TIGO,Communication Services,Telecom Services,NASDAQ,122.06,90,93,95,95,90.46,14812147148.81897,167710000.0,0.0324,-15.56,943470,843223,1072638,0.594
595,NEXA,Basic Materials,Other Industrial Metals & Mining,NYSE,121.99,90,95,95,96,12.45,1621048568.3272076,132438611.0,0.0049,-26.29,481110,767383,725120,0.282
596,RCKY,Consumer Cyclical,Footwear & Accessories,NASDAQ,121.93,90,81,81,95,46.56,350171932.71492386,7491911.0,0.0312,-12.17,52200,49840,60204,0.12
597,HSCS,Healthcare,Medical Devices,NASDAQ,121.92,89,96,36,10,3.77,20828813.92390251,4843910.0,0.0087,-28.19,376180,223110,183000,0.105
598,STK,Financial Services,Asset Management,NYSE,121.89,89,86,87,85,56.26,974113589.999733,17695070.0,0.11,-3.76,61907,51002,59131,
599,SKM,Communication Services,Telecom Services,NYSE,121.87,89,87,78,92,36.45,14123314923.061829,383890040.0,0.0124,-22.74,1025900,1308820,1636474,0.005
600,SGMT,Healthcare,Biotechnology,NASDAQ,121.82,89,95,58,71,8.76,648105204.1645575,70908663.0,0.1681,-23.49,1988670,1302576,1322022,
601,STGW,Communication Services,Advertising Agencies,NASDAQ,121.81,89,90,88,78,8.5,2043814686.426015,244475451.0,0.1038,-10.99,1330190,1248463,1423888,0.112
602,GIC,Industrials,Industrial Distribution,NYSE,121.8,89,82,59,70,43.44,1668566550.7427216,38261099.0,0.0463,-1.05,156940,139066,140818,0.077
603,CSCO,Technology,Communication Equipment,NASDAQ,121.8,89,82,93,75,117.94,442358235118.7797,3942586873.0,0.0146,-9.53,18785840,17212313,19471578,0.176
604,GKOS,Healthcare,Medical Devices,NYSE,121.77,89,95,88,77,161.59,9658619683.75,58983937.0,0.0855,-15.67,873040,777776,850272,0.495
605,CVU,Industrials,Aerospace & Defense,NYSE ARCA,121.72,89,89,92,44,5.18,68501125.79087448,13249734.0,0.0064,-13.38,35520,42256,51284,0.158
606,DCTH,Healthcare,Medical Devices,NASDAQ,121.67,89,92,75,42,15.41,524992772.32096195,34698795.0,0.0725,-11.54,326440,371593,521896,0.206
607,FRSH,Technology,Software - Application,NASDAQ,121.63,89,75,58,14,13.76,3334567396.486637,260920772.0,0.096499994,-1.64,5822410,4662660,5967812,0.16
608,WNC,Industrials,Farm & Heavy Construction Machinery,NYSE,121.48,89,93,86,33,13.87,571949907.3660002,40737173.0,0.10560001,-4.15,1199860,840966,924766,-0.091
609,PWR,Industrials,Engineering & Construction,NYSE,121.38,89,78,86,89,719.56,101716325601.0307,150343393.0,0.024,-8.77,874460,897486,1050182,0.411
610,MAKO,Basic Materials,Gold,NASDAQ,121.33,89,94,79,91,9.09,811230737.3914013,87605909.0,0.08,-18.11,131590,176860,190034,0.617
611,EUDA,Real Estate,Real Estate Services,NASDAQ,121.32,89,16,16,1,19.39,51610185.882759094,2994325.0,0.0008,-77.45,14390,24620,16666,0.134
612,XERS,Healthcare,Drug Manufacturers - Specialty & Generic,NASDAQ,121.26,89,84,81,46,10.07,1655468364.5700645,182320306.0,0.045700002,-11.12,4493710,2732860,2331106,0.287
613,SXC,Basic Materials,Coking Coal,NYSE,121.24,89,89,71,19,10.04,840260982.6228142,84874850.0,0.057600003,-5.99,1137550,1056923,1370288,0.095
614,VTRS,Healthcare,Drug Manufacturers - Specialty & Generic,NASDAQ,121.13,89,84,89,85,17.54,20215199644.552643,1148590864.0,0.0356,-4.83,9840200,8568010,9289746,0.049
615,TRGP,Energy,Oil & Gas Midstream,NYSE,121.03,89,89,89,86,285.72,60413793762.48706,214431021.0,0.0309,-7.22,1148400,1144156,1223180,0.042
616,BZH,Consumer Cyclical,Residential Construction,NYSE,120.97,89,86,87,38,33.41,891099448.909874,26679623.0,0.077,-3.27,772470,700313,793624,-0.053
617,RLJ,Real Estate,REIT - Hotel & Motel,NYSE,120.87,89,84,91,69,11.18,1709657324.5287476,152375872.0,0.1066,-13.27,1802010,1741466,1784256,0.056
618,CHMG,Financial Services,Banks - Regional,NASDAQ,120.87,89,90,86,71,81.62,395023202.4313965,4821472.0,0.0347,-5.09,80410,73166,66308,2.417
619,CBNA,Financial Services,Banks - Regional,NYSE,120.82,89,87,81,78,49.42,310177092.59376144,6561817.0,0.0398,-0.58,17420,18910,19972,0.549
620,GCBC,Financial Services,Banks - Regional,NASDAQ,120.8,89,89,88,52,34.37,583293087.5232887,17025485.0,0.0315,-5.39,26550,36143,33698,0.198
621,BWMN,Industrials,Engineering & Construction,NASDAQ,120.79,89,83,21,39,42.79,738417808.7507935,17333752.0,0.0506,-6.63,413260,334900,415572,0.197
622,SUNC,Energy,Oil & Gas Midstream,NYSE,120.75,89,88,83,75,75.87,3908609953.7562103,51517198.0,0.043,-9.14,509280,498866,515846,1.645
623,LINK,Technology,Electronic Components,NASDAQ,120.74,89,83,58,15,5.62,93712538.64592457,15750007.0,0.0068,-37.09,72210,40270,30986,0.104
624,BBDO,Financial Services,Banks - Regional,NYSE,120.71,89,60,55,87,4.02,33461799366.196327,10589176727.0,1.08,5.79,94170,85120,89434,0.072
625,MSGE,Communication Services,Entertainment,NYSE,120.66,89,86,90,84,79.99,3778269169.5077057,47305234.0,0.0465,-11.53,574890,490023,435876,0.274
626,HFBL,Financial Services,Banks - Regional,NASDAQ,120.62,89,91,87,81,24.16,76946779.81027222,3030594.0,0.0016,-13.71,960,880,1248,0.13
627,GLW,Technology,Electronic Components,NYSE,120.62,89,91,96,98,168.97,141143936585.47516,859637825.0,0.0231,-37.83,6867310,8252280,10355494,0.166
628,UEIC,Technology,Consumer Electronics,NASDAQ,120.42,89,83,53,30,5.55,73058302.52305222,12885062.0,0.0135,-7.35,29170,55946,76364,-0.25
629,UMAC,Technology,Computer Hardware,NYSE ARCA,120.39,89,95,79,85,22.36,1117527058.7751675,49956505.0,0.1859,-35.98,2642170,2702576,3678280,6.873
630,CRT,Energy,Oil & Gas E&P,NYSE,120.37,89,79,53,77,11.36,70620002.74658203,6000000.0,0.002,-13.61,22300,28990,25556,-0.156
631,UFPT,Healthcare,Medical Devices,NASDAQ,120.27,89,83,61,25,302.87,2329159147.5531006,7745790.0,0.1891,-10.58,116090,116763,143920,0.151
632,STNG,Energy,Oil & Gas Midstream,NYSE,120.26,89,80,84,90,86.23,4318515151.079773,50081352.0,0.0513,-4.25,1164330,1009476,936144,0.775
633,KGEI,Energy,Oil & Gas E&P,NASDAQ,120.2,89,85,54,60,6.36,221368803.71652603,35936495.0,4.31,-8.36,178130,164690,156544,1.029
634,AIRT,Industrials,Conglomerates,NASDAQ,120.18,89,91,83,70,30.8,80355966.1427269,2696509.0,0.024,-12.0,48250,47513,33850,0.629
635,TRLV,Healthcare,Drug Manufacturers - Specialty & Generic,NYSE,120.11,89,93,86,73,10.65,2064299166.9404602,192565216.0,0.0308,-19.8,2518200,2367616,1807620,-0.103
636,BOTJ,Financial Services,Banks - Regional,NASDAQ,120.04,89,90,90,86,27.27,124033151.23370743,4543339.0,0.0045,-8.46,56190,39190,40478,0.041
637,PANL,Industrials,Marine Shipping,NASDAQ,119.99,89,78,71,86,8.41,551943917.9410095,65473772.0,0.0287,-10.44,365570,422233,413096,0.194
638,PK,Real Estate,REIT - Hotel & Motel,NYSE,119.97,89,85,84,63,15.25,3126784211.1368656,201338330.0,0.23709999,-5.86,3558980,3457846,3777358,0.01
639,BTX,Financial Services,Asset Management,NYSE,119.87,89,82,79,70,9.49,1076068987.945012,116710299.0,0.29,0.58,470370,412520,452346,
640,FCX,Basic Materials,Copper,NYSE,119.83,89,89,63,88,72.56,103450703671.6333,1436017523.0,0.024,-9.57,10845740,12245896,12992452,-0.073
641,WHD,Energy,Oil & Gas Equipment & Services,NYSE,119.8,89,89,68,78,64.17,4423872082.156067,69733168.0,0.0596,-13.37,618310,750210,786996,0.643
642,GPRO,Technology,Consumer Electronics,NASDAQ,119.8,89,88,12,68,1.32,278581096.3199191,206356364.0,0.1838,-51.65,10141830,65730246,41941658,-0.313
643,SU,Energy,Oil & Gas Integrated,NYSE,119.68,89,86,80,89,68.22,82132632464.16132,1180745189.0,4.8,-5.33,3520860,4327460,4351296,0.459
644,FMAO,Financial Services,Banks - Regional,NASDAQ,119.68,89,86,74,64,35.34,488633015.2294464,13768188.0,0.0212,-2.16,48010,46756,64260,0.175
645,TSM,Technology,Semiconductors,NYSE,119.67,89,85,86,89,482.3,2452061177534.995,5186474013.0,0.0057,0.69,8982300,9580683,10470394,0.36
646,NESR,Energy,Oil & Gas Equipment & Services,NASDAQ,119.63,89,98,97,97,24.51,2488012778.874378,100851754.0,0.0477,-33.65,2882790,2074513,2150420,0.591
647,KOP,Basic Materials,Specialty Chemicals,NYSE,119.61,89,88,90,82,46.03,870688608.0340576,18911568.0,0.0538,-13.15,147000,167123,184314,0.03
648,OPY,Financial Services,Capital Markets,NYSE,119.59,89,92,89,92,120.58,1286352611.2395859,10708005.0,0.0139999995,-4.21,120140,117670,125942,0.241
649,MSGS,Communication Services,Entertainment,NYSE,119.51,89,88,90,86,402.07,9799332283.894592,24079941.0,0.0858,-8.4,298120,284960,259624,0.367
650,PBI,Industrials,Integrated Freight & Logistics,NYSE,119.51,89,87,93,71,16.56,2297631984.4974594,137090212.0,0.0001,-13.16,1671580,1706040,1732740,-0.023
651,SWKS,Technology,Semiconductors,NASDAQ,119.51,89,66,33,32,82.79,12794700469.777405,150472782.0,0.3444,-10.79,8194420,8195156,7210568,-0.031
652,TXN,Technology,Semiconductors,NASDAQ,119.49,89,76,90,73,297.23,268312158998.75696,913247686.0,0.0241,-11.02,4259240,5499286,6041814,0.228
653,HPK,Energy,Oil & Gas E&P,NASDAQ,119.46,89,80,69,30,8.22,992654499.3405209,126452804.0,0.512,-9.96,515870,481060,489856,0.258
654,CHPT,Consumer Cyclical,Specialty Retail,NYSE,119.43,89,80,22,13,8.67,249439508.93574142,26850324.0,0.21280001,-31.25,1196070,3197446,2056624,0.177
655,VIOT,Consumer Cyclical,"Furnishings, Fixtures & Appliances",NASDAQ,119.4,89,21,9,12,1.49,102879746.70639324,65948558.0,0.0235,-58.73,888340,2871406,1762060,-0.499
656,PARK,Healthcare,Medical Care Facilities,NASDAQ,119.38,89,88,92,88,20.53,94344795.60559845,4755282.0,0.0032,-23.37,21560,34383,30014,0.051
657,HBM,Basic Materials,Copper,NYSE,119.31,88,91,72,95,26.95,12080737810.85556,444144760.0,2.05,-16.17,4421280,4047943,4557010,0.177
658,SLNHP,Financial Services,Capital Markets,NASDAQ,119.28,88,98,81,73,11.92,,,1.55,-7.67,4060,3936,5486,1.446
659,ACB,Healthcare,Drug Manufacturers - Specialty & Generic,NASDAQ,119.24,88,42,12,23,4.59,248175443.95017433,63310061.0,6.62,-31.13,1290480,1062466,1408452,-0.088
660,NWPX,Basic Materials,Steel,NASDAQ,119.19,88,88,97,91,105.48,1021447019.3927155,9637202.0,0.088,-30.62,122630,142096,157742,0.197
661,GGB,Basic Materials,Steel,NYSE,119.07,88,87,79,82,5.12,9828629972.020912,1961802300.0,0.053600002,-1.16,14294270,12207146,12130390,0.02
662,BBD,Financial Services,Banks - Regional,NYSE,119.03,88,62,59,86,4.51,38650496063.41259,10589176727.0,0.003,4.88,47742190,34948900,32567072,0.072
663,ITUB,Financial Services,Banks - Regional,NYSE,118.96,88,71,72,89,10.15,94677886817.58429,11021872542.0,0.0043,5.73,40250830,28052846,25152224,0.175
664,DAR,Consumer Defensive,Packaged Foods,NYSE,118.93,88,92,89,92,61.17,9932115316.330673,157802916.0,0.0432,-12.59,2204000,2388100,2476494,0.164
665,ELPC,Utilities,Utilities - Regulated Electric,NYSE,118.92,88,79,75,91,13.89,9547297798.396278,742402648.0,0.0013,1.41,812600,578380,532646,0.111
666,HP,Energy,Oil & Gas Drilling,NYSE,118.84,88,91,83,90,39.61,3853645856.4452553,99938945.0,0.103999995,-17.77,1053330,1252873,1272632,-0.006
667,AII,Financial Services,Insurance - Property & Casualty,NYSE,118.83,88,91,50,51,25.77,510604697.15598106,19593427.0,0.019199999,-4.56,111790,196110,190138,0.546
668,WCCB,Financial Services,Banks - Regional,NASDAQ,118.83,88,84,73,68,61.14,638390873.1741524,10524083.0,0.0,-1.31,37703,18067,11910,-0.023
669,ASML,Technology,Semiconductor Equipment & Materials,NASDAQ,118.76,88,90,91,91,1834.1,717233793505.8594,384100000.0,0.0038,-8.29,1332470,1292306,1356260,0.213
670,SBFG,Financial Services,Banks - Regional,NASDAQ,118.76,88,87,83,65,29.48,183837962.41467285,6252992.0,0.0039,-10.48,13240,15596,15972,0.078
671,MFG,Financial Services,Banks - Regional,NYSE,118.71,88,88,89,85,11.15,131802094400.34854,12103038590.0,0.00090000004,-2.96,3444680,3225416,3263908,0.35
672,KNTK,Energy,Oil & Gas Midstream,NYSE,118.66,88,86,81,77,53.95,4225631977.193878,80442263.0,0.0954,-5.22,1295920,1259453,1206020,0.363
673,MSM,Industrials,Industrial Distribution,NYSE,118.66,88,81,87,68,130.32,7266720023.072998,55846298.0,0.0543,-1.52,769250,697950,670822,0.078
674,TMCI,Healthcare,Medical Devices,NASDAQ,118.66,88,93,91,9,4.0,285501674.59695053,65034552.0,0.0335,-43.5,234600,245723,317854,-0.042
675,VRNS,Technology,Software - Infrastructure,NASDAQ,118.62,88,89,87,9,49.08,5463913236.397362,114860485.0,0.0685,-23.19,1352710,1809340,1771896,0.183
676,ADI,Technology,Semiconductors,NASDAQ,118.49,88,70,85,87,420.55,202136480767.1971,484565465.0,0.0199,-5.69,2627950,3185786,3517984,0.396
677,LSCC,Technology,Semiconductors,NASDAQ,118.49,88,80,93,93,134.47,18994394006.0,141749209.0,0.08140001,-14.36,1729070,1674180,1761912,0.622
678,WKC,Energy,Oil & Gas Refining & Marketing,NYSE,118.42,88,86,89,31,36.52,1833785498.948822,51151620.0,0.2874,-11.36,1013500,1110330,1112082,0.503
679,OVV,Energy,Oil & Gas E&P,NYSE,118.35,88,86,81,88,61.48,16690044042.20581,276600000.0,0.045700002,-8.93,2832930,3110346,3238592,0.297
680,WPP,Communication Services,Advertising Agencies,NYSE,118.33,88,84,31,16,25.03,5321444389.396992,215705082.0,0.0088,-9.9,335420,319913,424494,-0.044
681,RELY,Technology,Software - Infrastructure,NASDAQ,118.29,88,91,89,74,23.2,4608361952.48127,211684054.0,0.0912,-15.57,3769360,3985853,3740090,0.202
682,PRLD,Healthcare,Biotechnology,NASDAQ,118.19,88,98,98,99,3.81,292298282.7664547,79645307.0,0.1433,-44.22,568830,505286,530018,
683,ANAB,Healthcare,Biotechnology,NASDAQ,118.06,88,97,98,97,47.89,1450816154.8267822,29895244.0,0.4051,-33.82,633140,548940,496548,0.235
684,DNA,Healthcare,Biotechnology,NYSE,118.01,88,21,52,20,12.41,831652446.638277,67340277.0,0.1336,-29.41,4546290,2377246,1911036,-0.485
685,RUSHB,Consumer Cyclical,Auto & Truck Dealerships,NASDAQ,118.0,88,79,79,78,56.54,6619781727.780113,116730415.0,0.0359,-1.46,92100,183165,153921,-0.016
686,LTRX,Technology,Communication Equipment,NASDAQ,117.98,88,28,57,90,7.33,337062888.6824608,46879400.0,0.0616,-16.23,1042770,1322440,1079464,0.08
687,ATLC,Financial Services,Credit Services,NASDAQ,117.97,88,86,91,74,93.07,1393974782.5609436,15170038.0,0.3147,-18.6,97910,114280,131598,0.833
688,TRAX,Healthcare,Biotechnology,NASDAQ,117.95,88,98,94,80,31.39,1189122411.4232483,35730843.0,7.68,-37.11,710320,700306,675474,
689,CTOS,Industrials,Rental & Leasing Services,NYSE,117.9,88,85,94,82,9.96,2225004071.549468,227505535.0,0.0777,-18.56,714760,889776,1007188,0.102
690,HCHL,Consumer Cyclical,Restaurants,NASDAQ,117.82,88,94,90,3,3.96,118183829.09847355,29844401.0,0.024400001,-20.8,0,0,0,-0.442
691,RCBC,Financial Services,Banks - Regional,NASDAQ,117.72,88,84,65,57,54.7,758102353.1246185,13994875.0,1.81,-0.33,97826,90222,73117,0.198
692,SYNA,Technology,Semiconductors,NASDAQ,117.69,88,56,93,64,119.39,4807837905.120491,39701387.0,0.1084,-19.93,1445180,971216,850498,0.089
693,PBAM,Financial Services,Banks - Regional,NASDAQ,117.67,88,89,74,74,86.21,497562991.13671875,5725696.0,0.31,-6.39,98321,135433,88928,0.137
694,JOYY,Communication Services,Internet Content & Information,NASDAQ,117.63,88,78,78,69,80.65,3878211822.1342163,48973503.0,0.059699997,-0.75,337630,402446,343134,0.163
695,NVAX,Healthcare,Biotechnology,NASDAQ,117.62,88,78,69,66,11.32,1725332300.25218,164945726.0,0.3043,-5.43,8239080,6628960,5640234,-0.763
696,BWFG,Financial Services,Banks - Regional,NASDAQ,117.61,88,87,82,83,65.83,531331945.9642639,7971972.0,0.0829,-5.4,71170,73640,69386,0.197
697,HBT,Financial Services,Banks - Regional,NASDAQ,117.54,88,87,77,69,36.29,1321526345.628952,36365612.0,0.057800002,-3.25,131080,122640,129546,0.377
698,STLD,Basic Materials,Steel,NASDAQ,117.52,88,82,88,83,238.17,33250683922.444702,143328088.0,0.0332,-17.51,871280,992266,1100364,0.334
699,SCCO,Basic Materials,Copper,NYSE,117.5,88,90,76,90,204.26,173546395551.62863,844343686.0,0.1039,-7.48,945390,1065723,1088571,0.406
700,MITK,Technology,Software - Application,NASDAQ,117.48,88,90,94,91,17.47,800922138.5,45122374.0,0.0926,-17.01,544130,607133,670144,0.182
701,GSL,Industrials,Marine Shipping,NYSE,117.47,88,81,81,86,45.5,1650062555.8514252,36035434.0,0.024400001,-2.3,326370,298453,328524,0.02
702,INTT,Technology,Semiconductor Equipment & Materials,NYSE ARCA,117.46,88,58,89,96,14.47,157757170.24632454,12825786.0,0.0418,-27.65,135710,122940,136142,0.255
703,ASTC,Technology,Scientific & Technical Instruments,NASDAQ,117.42,88,91,97,15,6.84,14183892.885041237,2009050.0,0.05,-90.07,34520,34670,148640,-0.427
704,NRXS,Healthcare,Biotechnology,NYSE ARCA,117.39,88,91,94,97,6.78,89285710.82664251,12557765.0,0.038399998,-27.33,87020,130256,118746,1.157
705,SRZN,Healthcare,Biotechnology,NASDAQ,117.37,88,63,87,97,26.37,344614316.97309875,11753558.0,0.3364,-30.29,1832290,736056,554586,4.086
706,SXT,Basic Materials,Specialty Chemicals,NYSE,117.35,88,83,73,41,132.91,5473151710.620331,42562811.0,0.0634,-4.26,350770,330096,332638,0.116
707,AMTB,Financial Services,Banks - Regional,NYSE,117.29,88,87,77,76,29.06,1158452181.5503578,39189858.0,0.059699997,-5.03,315110,331090,357716,-0.079
708,PTC,Technology,Software - Application,NASDAQ,117.24,88,22,19,21,193.0,15628156639.376068,108506261.0,0.0921,-6.68,4762550,2718256,2204354,-0.068
709,NKSH,Financial Services,Banks - Regional,NASDAQ,117.23,88,82,67,78,43.18,271770648.22792053,6370620.0,0.0188,-0.3,31890,34596,38258,0.162
710,BXC,Industrials,Industrial Distribution,NYSE,117.2,88,86,21,17,74.82,573095563.050003,7782395.0,0.0643,-20.23,190420,161843,170352,0.044
711,PCLA,Communication Services,Telecom Services,NASDAQ,117.05,88,65,41,2,6.55,64797043.49957466,9613805.0,0.0334,-66.6,33100,471230,533070,0.455
712,TGTX,Healthcare,Biotechnology,NASDAQ,117.01,88,94,93,49,52.19,8310119027.5089035,153069053.0,0.2847,-11.99,1725290,1792236,2066176,0.703
713,FF,Basic Materials,Specialty Chemicals,NYSE,117.0,88,86,78,63,5.16,226334714.18698883,43863318.0,0.0465,-26.18,284040,346020,436714,1.207
714,GCTS,Technology,Semiconductors,NYSE,116.95,88,67,95,40,2.12,206931883.5,91969726.0,0.1232,-46.06,1316320,1542133,1949738,-0.179
715,XRX,Industrials,Business Equipment & Supplies,NASDAQ,116.93,88,75,87,6,2.93,396569820.71537447,131314511.0,0.34919998,-23.3,2015010,2463183,3114322,0.22
716,HRTG,Financial Services,Insurance - Property & Casualty,NYSE,116.89,87,90,66,68,34.17,1010604869.744873,29732416.0,0.0317,-6.38,277200,276636,309406,0.03
717,PLTR,Technology,Software - Infrastructure,NASDAQ,116.88,87,70,26,36,192.07,453577288100.0,2403058480.0,0.027999999,-7.45,19790000,24758823,33879992,0.928
718,MEOH,Basic Materials,Chemicals,NASDAQ,116.82,87,84,68,90,60.81,4520393910.699699,77364263.0,3.3,-8.9,600630,763310,796144,0.752
719,BST,Financial Services,Asset Management,NYSE,116.82,87,82,77,66,51.04,1782178638.8442535,34720019.0,0.0034999999,-2.45,157205,112861,104099,
720,SLNG,Energy,Oil & Gas Integrated,NASDAQ,116.79,87,85,35,21,5.34,90563983.74182224,18596301.0,0.003,-24.47,15810,32696,34090,-0.312
721,IBEX,Technology,Information Technology Services,NASDAQ,116.78,87,75,59,30,43.19,578682894.033905,13278634.0,0.0337,-4.62,107520,144566,129568,0.116
722,CNK,Communication Services,Entertainment,NYSE,116.76,87,85,57,67,35.28,4178622284.3162727,115911855.0,0.10569999,-9.7,2071100,2161356,2358784,0.155
723,SENEB,Consumer Defensive,Packaged Foods,NASDAQ,116.68,87,91,87,89,180.23,1179549026.804718,6770457.0,0.0013,-13.57,140,166,170,0.362
724,ROKU,Communication Services,Entertainment,NASDAQ,116.64,87,90,88,77,152.06,22631535272.226303,148510633.0,0.057800002,-4.9,1628830,2092013,2280954,0.219
725,ATLO,Financial Services,Banks - Regional,NASDAQ,116.63,87,84,82,87,32.27,286619644.60601807,8857220.0,0.0361,-1.8,18100,29456,31012,0.18
726,CNQ,Energy,Oil & Gas E&P,NYSE,116.63,87,86,73,87,48.1,99859057168.96057,2061500000.0,26.75,-8.05,5378680,6543313,6423916,0.695
727,LNTH,Healthcare,Drug Manufacturers - Specialty & Generic,NASDAQ,116.63,87,86,90,74,99.95,6527375445.216179,65299875.0,0.0723,-10.65,977040,1009920,1485570,0.027
728,ACMR,Technology,Semiconductor Equipment & Materials,NASDAQ,116.6,87,95,97,88,75.35,5807349771.18277,69649196.0,0.0764,-40.76,1508920,1119220,1090254,0.36
729,SBET,Financial Services,Capital Markets,NASDAQ,116.59,87,74,8,33,9.5,2031040780.2642288,217223604.0,0.14130001,-51.38,6399310,8427373,8525712,15.539
730,SKK,Industrials,Engineering & Construction,NASDAQ,116.57,87,70,90,8,4.55,17426622.77771187,3960596.0,0.010299999,-74.65,22290,19293,175590,-0.046
731,BTSGU,Healthcare,Health Information Services,NASDAQ,116.57,87,93,97,93,197.35,,,0.2,-22.76,2150,8580,15756,0.23
732,NVGS,Energy,Oil & Gas Midstream,NYSE,116.56,87,71,72,81,23.61,1465996157.0631065,61493127.0,0.0602,-7.34,462990,457380,438316,0.295
733,CMDB,Industrials,Marine Shipping,NYSE,116.56,87,93,87,81,21.9,543624351.694622,24301490.0,0.0334,-11.55,54380,65580,70768,-0.284
734,AEF,Financial Services,Asset Management,NYSE ARCA,116.54,87,88,84,86,9.65,389773676.28821373,40601423.0,2.45,-4.83,98403,97931,97372,0.248
735,NXXT,Utilities,Utilities - Renewable,NASDAQ,116.53,87,3,5,3,0.65,12495000.24318695,17000000.0,0.097799994,-77.43,242650,1076853,1608356,0.409
736,SEPN,Healthcare,Biotechnology,NASDAQ,116.49,87,93,94,95,35.67,1760187628.6359787,46676947.0,0.1185,-30.2,395700,342436,386710,223.756
737,RBKB,Financial Services,Banks - Regional,NASDAQ,116.49,87,82,82,83,13.22,205612946.93535233,15635966.0,0.0308,-0.08,94420,135973,142664,0.014
738,ASRV,Financial Services,Banks - Regional,NASDAQ,116.46,87,89,70,84,4.4,78953593.16926908,16979267.0,0.0117999995,-18.22,13260,14170,19712,0.426
739,PCVX,Healthcare,Biotechnology,NASDAQ,116.25,87,87,75,88,66.7,8404522033.32235,148805278.0,0.109,2.62,3794680,2114170,1647972,
740,ICCC,Healthcare,Biotechnology,NASDAQ,116.21,87,86,93,73,9.97,88551420.75,9082197.0,0.0026,-17.6,8240,12956,21450,0.115
741,KFFB,Financial Services,Banks - Regional,NASDAQ,116.14,87,87,76,84,5.75,45609077.16030693,8086716.0,0.0116,-10.99,5010,9170,7406,0.268
742,ACLS,Technology,Semiconductor Equipment & Materials,NASDAQ,116.1,87,67,90,91,141.15,4563357761.469955,30881489.0,0.067,-27.16,375860,349310,365050,0.106
743,FDMT,Healthcare,Biotechnology,NASDAQ,116.06,87,95,91,94,12.56,755188368.5847988,55244211.0,0.2492,-25.81,1319550,992936,990298,251.067
744,BBGI,Communication Services,Broadcasting,NASDAQ,115.94,87,99,99,98,10.07,22744480.923387527,2052751.0,0.15630001,-65.63,43900,50536,56244,-0.167
745,AMAL,Financial Services,Banks - Regional,NASDAQ,115.92,87,87,86,85,47.65,1440888042.8683968,29900147.0,0.0752,-7.64,306340,265250,220026,0.235
746,MRK,Healthcare,Drug Manufacturers - General,NYSE,115.92,87,90,78,81,141.94,356012874892.61035,2467171638.0,0.0139999995,-9.55,8949420,9661300,10167844,0.051
747,SLDE,Financial Services,Insurance - Property & Casualty,NASDAQ,115.91,87,92,75,55,23.89,2757924756.886215,116811719.0,0.1031,-10.69,1124820,1378463,1204910,0.479
748,MOV,Consumer Cyclical,Luxury Goods,NYSE,115.89,87,86,95,90,32.85,751030163.2954216,22312245.0,0.0794,-18.89,201440,205660,191834,0.049
749,ELF,Consumer Defensive,Household & Personal Products,NYSE,115.8,87,89,26,23,102.79,6176957039.287811,59007996.0,0.0842,-30.43,1178760,1414833,1873732,0.355
750,CCSI,Technology,Software - Infrastructure,NASDAQ,115.76,87,81,92,69,36.35,647969253.1046448,18324922.0,0.0833,-12.2,99630,150306,155274,0.042
751,MTA,Basic Materials,Other Precious Metals & Mining,NYSE ARCA,115.69,87,92,66,80,9.15,859227042.82757,93495874.0,4.38,-21.12,278470,303190,408910,0.938
752,DRH,Real Estate,REIT - Hotel & Motel,NASDAQ,115.67,87,80,85,80,12.38,2571893347.7293015,204605681.0,0.0987,-10.22,3192940,2955403,2826142,0.041
753,LGND,Healthcare,Biotechnology,NASDAQ,115.6,87,89,94,87,296.94,6039691932.291779,19935609.0,0.1583,-9.09,281440,237806,245850,0.337
754,CGNX,Technology,Scientific & Technical Instruments,NASDAQ,115.6,87,81,89,90,66.35,10929503220.09137,168223842.0,0.0478,-8.96,1687650,1545933,1914892,0.169
755,SLGL,Healthcare,Biotechnology,NASDAQ,115.54,87,87,99,99,75.64,235727928.0,3273999.0,0.1155,-22.79,44200,57906,58638,-0.966
756,UROY,Energy,Uranium,NASDAQ,115.52,87,90,19,82,4.24,1512837263.3624234,381067318.0,1.92,-23.19,2768630,3855896,3514268,1.129
757,PSNYW,Consumer Cyclical,Auto Manufacturers,NASDAQ,115.52,87,74,8,18,4.16,688333749.9101844,164280129.0,0.05,-71.11,28540,504760,317242,-0.044
758,GTX,Consumer Cyclical,Auto Parts,NASDAQ,115.51,87,90,97,87,26.09,5048376660.066727,186493414.0,0.0373,-28.03,2300260,2782686,2644754,0.069
759,BRKR,Healthcare,Medical Devices,NASDAQ,115.48,87,87,88,32,60.5,9635203399.570053,152359316.0,0.158,-9.67,2330310,2249993,2343846,0.052
760,E,Energy,Oil & Gas Integrated,NYSE,115.47,87,82,76,91,54.55,78483212086.04361,1434007176.0,0.0008,-5.95,336760,333073,364754,0.185
761,BHP,Basic Materials,Other Industrial Metals & Mining,NYSE,115.41,87,88,82,86,87.0,218744916093.4728,2541476901.0,0.0068,-11.86,3277100,2590060,2681830,0.183
762,CHRD,Energy,Oil & Gas E&P,NASDAQ,115.31,87,85,67,86,137.53,7494155142.255615,54697872.0,0.0825,-12.43,636030,689493,716530,0.841
763,VIST,Energy,Oil & Gas E&P,NYSE,115.07,87,89,83,88,66.06,7107168207.0,110617404.0,0.0325,-18.89,947600,1119186,1052164,1.023
764,WTBA,Financial Services,Banks - Regional,NASDAQ,115.07,87,84,77,75,29.53,512675788.1396656,17043743.0,0.026099999,-3.18,57900,53150,63166,0.18
765,TSAT,Technology,Communication Equipment,NASDAQ,115.03,87,91,63,93,47.66,730529184.0,15219358.0,0.0995,-22.55,99880,123383,191898,-0.251
766,ALRS,Financial Services,Banks - Regional,NASDAQ,115.02,87,87,85,74,32.36,814382228.7763367,24927526.0,0.057600003,-5.93,210700,171476,179630,0.072
767,USBC,Technology,Scientific & Technical Instruments,NYSE ARCA,114.95,87,67,10,7,0.55,205716536.79509878,388144430.0,0.0126,-57.36,265200,419753,338576,
768,ATRO,Industrials,Aerospace & Defense,NASDAQ,114.85,87,93,93,94,69.16,2932788179.1625977,43009064.0,0.0946,-26.78,434450,590903,632996,0.27
769,CBL,Real Estate,REIT - Retail,NYSE,114.82,87,90,92,87,50.0,1692568831.50745,30942757.0,0.0517,-17.22,293500,268513,258400,0.04
770,VOD,Communication Services,Telecom Services,NASDAQ,114.78,87,84,76,85,16.53,38967325112.85143,2316725673.0,0.004,-6.66,3396610,3282206,3595692,
771,DE,Industrials,Farm & Heavy Construction Machinery,NYSE,114.74,87,83,65,72,682.79,185232658044.0,269625412.0,0.0208,-5.33,1198340,1271720,1254080,0.049
772,TECK,Basic Materials,Copper,NYSE,114.64,87,91,76,84,67.1,33635534802.246094,490600000.0,4.47,-7.52,3182220,2987210,2976302,0.782
773,EOLS,Healthcare,Drug Manufacturers - Specialty & Generic,NASDAQ,114.64,87,87,73,16,7.38,471600132.78131485,66050440.0,0.0848,-20.73,713870,873753,941138,0.212
774,EGY,Energy,Oil & Gas E&P,NYSE,114.61,86,88,80,90,5.78,602748889.9463739,105191778.0,0.0793,-13.99,1102390,1272976,1285956,0.395
775,KALU,Basic Materials,Aluminum,NASDAQ,114.61,86,90,90,91,153.77,2485552436.8026123,16349092.0,0.0699,-23.07,223950,219086,234282,0.527
776,EXPD,Industrials,Integrated Freight & Logistics,NYSE,114.61,86,82,84,64,191.8,25019295175.01996,129990622.0,0.0394,-1.43,1109760,1003276,1027708,0.321
777,POWL,Industrials,Electrical Equipment & Parts,NASDAQ,114.59,86,75,95,97,204.69,7144426022.766724,36432564.0,0.0975,-37.59,465580,533390,606598,0.089
778,A,Healthcare,Diagnostics & Research,NYSE,114.55,86,67,55,34,169.33,47302022779.96857,281928854.0,0.020499999,-4.36,2442760,2524746,2250710,0.081
779,NDSN,Industrials,Specialty Industrial Machinery,NASDAQ,114.52,86,78,68,74,334.22,18584164852.025513,55717948.0,0.0306,-1.44,332440,351733,379270,0.103
780,BELFB,Technology,Electronic Components,NASDAQ,114.5,86,81,93,95,260.26,3668605078.303406,14222707.0,0.0704,-22.38,153870,150316,185716,0.252
781,MUFG,Financial Services,Banks - Diversified,NYSE,114.49,86,86,85,77,23.2,256856548342.57318,11255764758.0,0.00059999997,-4.37,2786060,2785696,2897650,0.288
782,GRC,Industrials,Specialty Industrial Machinery,NYSE,114.48,86,84,91,91,77.22,2040455430.5983658,26410243.0,0.0328,-16.77,185120,187283,182166,0.039
783,CPAY,Technology,Software - Infrastructure,NYSE,114.45,86,79,69,49,406.79,25909278166.15439,65659599.0,0.0494,-4.84,523990,465156,506720,0.215
784,IQV,Healthcare,Diagnostics & Research,NYSE,114.43,86,87,64,32,259.98,42501364593.50586,164600000.0,0.029000001,-6.28,1407350,1533396,1523014,0.087
785,LVWR,Consumer Cyclical,Recreational Vehicles,NYSE,114.42,86,13,2,10,1.63,322497568.26431215,205412457.0,0.1272,-74.69,211070,454520,1520910,0.552
786,XOM,Energy,Oil & Gas Integrated,NYSE,114.42,86,80,67,80,164.48,674394657972.193,4111911960.0,0.0108,-6.76,11587180,13894926,13987460,0.441
787,UVE,Financial Services,Insurance - Property & Casualty,NYSE,114.34,86,88,89,80,43.51,1223144123.4828758,27830355.0,0.028099999,-3.63,163110,152226,176328,0.067
788,DSGR,Industrials,Industrial Distribution,NASDAQ,114.32,86,85,38,32,35.05,1618014640.3859482,46255422.0,0.0574,-0.03,212670,213416,219144,0.11
789,BFH,Financial Services,Credit Services,NYSE,114.26,86,89,87,85,97.8,3767009344.6463013,38419268.0,0.0005,-14.61,593940,555280,516928,0.038
790,PFIS,Financial Services,Banks - Regional,NASDAQ,114.25,86,85,83,76,69.26,693618338.5947647,10010367.0,0.026800001,-5.6,49700,54383,56316,0.007
791,THC,Healthcare,Medical Care Facilities,NYSE,114.21,86,87,47,65,258.47,20823823386.84082,80519000.0,0.0294,-8.68,564290,760956,811280,0.068
792,PAGP,Energy,Oil & Gas Midstream,NASDAQ,114.2,86,87,82,80,26.24,5157381365.747795,197904124.0,0.0945,-8.57,1821160,1770490,1751776,0.663
793,BSET,Consumer Cyclical,"Furnishings, Fixtures & Appliances",NASDAQ,114.16,86,79,88,29,21.12,179256193.97958183,8651361.0,0.0086,-5.12,36100,27120,27484,0.034
794,SHG,Financial Services,Banks - Regional,NYSE,114.16,86,90,81,86,77.91,36631201498.08063,469450238.0,0.0014,-8.95,204100,171106,180414,0.057
795,EPC,Consumer Defensive,Household & Personal Products,NYSE,114.12,86,89,81,50,26.87,1243018005.9032536,46088915.0,0.1017,-10.28,563920,567020,575936,0.017
796,TDW,Energy,Oil & Gas Equipment & Services,NYSE,114.11,86,88,72,93,82.07,4100908467.91362,49756231.0,0.1528,-19.21,484400,577053,620546,0.003
797,MANH,Technology,Software - Application,NASDAQ,114.05,86,82,41,16,202.84,11902959677.934692,58304972.0,0.0656,-10.65,480210,592796,793822,0.093
798,LQDT,Consumer Cyclical,Internet Retail,NASDAQ,114.04,86,83,86,74,41.51,1354465831.7975235,31331618.0,0.0498,-7.76,255820,238280,232580,0.081
799,CLS,Technology,Electronic Components,NYSE,114.03,86,60,82,97,388.24,48845358760.10541,126111117.0,0.0309,-18.1,2231580,2178043,2616762,0.624
800,VOC,Energy,Oil & Gas E&P,NYSE,114.02,86,84,63,74,3.42,58140001.29699707,17000000.0,0.0147,-10.94,49090,49683,94144,-0.316
801,VSTM,Healthcare,Biotechnology,NASDAQ,113.98,86,89,26,47,7.75,697338478.4263945,90563441.0,0.2002,-28.37,2090900,2299786,2155826,17.754
802,RIGL,Healthcare,Biotechnology,NASDAQ,113.98,86,88,90,79,46.11,872373100.2319336,18502080.0,0.1754,-11.73,213030,240306,277260,-0.226
803,GSAT,Communication Services,Telecom Services,NASDAQ,113.97,86,87,93,97,83.63,10782265473.958435,129563390.0,0.0849,-1.44,586480,597813,738562,-0.035
804,ACNB,Financial Services,Banks - Regional,NASDAQ,113.97,86,85,83,68,63.73,651324153.854126,10212044.0,0.044099998,-5.72,52980,70580,68922,0.053
805,SSRM,Basic Materials,Gold,NASDAQ,113.96,86,92,82,94,34.28,6903228027.151875,207491071.0,0.0425,-13.08,2179610,2348426,2687908,0.095
806,EEIQ,Consumer Defensive,Education & Training Services,NASDAQ,113.94,86,17,6,11,4.99,8373078.017813683,1646623.0,0.0175,-60.71,29430,18790,15854,0.168
807,III,Technology,Information Technology Services,NASDAQ,113.94,86,66,27,24,5.71,275956724.16586494,48413462.0,0.019199999,-11.47,301080,234643,238528,0.064
808,ZD,Communication Services,Advertising Agencies,NASDAQ,113.9,86,87,85,84,54.77,1892653907.7590637,34287208.0,0.2566,-9.44,534490,647640,638630,-0.027
809,APLE,Real Estate,REIT - Hotel & Motel,NYSE,113.9,86,75,87,60,16.33,3897725398.0150414,236082698.0,0.111,-5.5,2653830,2500503,2749874,0.047
810,ACA,Industrials,Engineering & Construction,NYSE,113.85,86,84,87,71,146.5,7194147518.5,49106809.0,0.038,-0.34,701270,670883,644578,0.017
811,CNH,Industrials,Farm & Heavy Construction Machinery,NYSE,113.83,86,83,32,34,13.27,21661898711.104713,1608158744.0,0.060300004,-8.23,14000040,21456493,19756660,0.02
812,EFOR,Technology,Information Technology Services,NYSE,113.83,86,45,5,20,35.97,1404250000.0,41000000.0,0.1074,-34.53,671970,704466,810172,-0.013
813,LTH,Consumer Cyclical,Leisure,NYSE,113.78,86,90,90,39,40.38,9159705623.59346,223461948.0,0.0653,-14.51,3039600,3179496,3182924,0.137
814,IOSP,Basic Materials,Specialty Chemicals,NASDAQ,113.76,86,76,55,32,98.55,2399310378.471588,24631047.0,0.028800001,-1.92,239780,210856,196602,0.118
815,PMVP,Healthcare,Biotechnology,NASDAQ,113.76,86,62,39,73,1.61,95689921.78073692,53458058.0,0.056500003,-15.71,1252450,1025443,746330,
816,CSTL,Healthcare,Diagnostics & Research,NASDAQ,113.72,86,85,33,36,33.36,1086340510.8733635,30549507.0,0.0637,-24.66,408810,359903,426738,0.201
817,FCBC,Financial Services,Banks - Regional,NASDAQ,113.71,86,82,74,76,47.79,907695792.0,18910329.0,0.0397,-4.74,74610,93796,90872,0.374
818,NWL,Consumer Defensive,Household & Personal Products,NASDAQ,113.71,86,91,75,29,5.55,2299860040.616989,425900000.0,0.1511,-22.16,4817530,6220303,7717876,0.03
819,MSFT,Technology,Software - Infrastructure,NASDAQ,113.67,86,69,27,29,529.3,3842942775502.508,7425545491.0,0.0091,-4.41,22773990,21956270,27622544,0.177
820,STRL,Industrials,Engineering & Construction,NASDAQ,113.63,86,70,96,94,563.69,16316526748.807007,30588518.0,0.0456,-43.95,449130,531883,662488,0.901
821,CHYM,Technology,Software - Application,NASDAQ,113.61,86,93,27,26,27.65,10316444274.75,378585111.0,0.0733,-22.22,4930990,6882016,8125152,0.268
822,ACCO,Industrials,Business Equipment & Supplies,NYSE,113.5,86,75,74,27,4.37,396922560.00627136,92307568.0,0.0763,-4.17,505190,656340,671758,0.051
823,CZFS,Financial Services,Banks - Regional,NASDAQ,113.5,86,86,71,68,79.65,389117276.8392563,4809855.0,0.0167,-5.91,40960,37106,39130,0.1
824,RRBI,Financial Services,Banks - Regional,NASDAQ,113.49,86,84,83,88,102.89,680862425.5717163,6584106.0,0.0497,-1.89,72010,65490,64288,0.095
825,HSTM,Healthcare,Health Information Services,NASDAQ,113.49,86,71,80,24,31.31,942965228.0028763,30595887.0,0.0617,0.64,173790,188003,197040,0.125
826,ADIL,Healthcare,Biotechnology,NASDAQ,113.45,86,98,32,1,3.98,12086860.144264221,2933704.0,0.0719,-62.98,40330,47590,63926,
827,SMBK,Financial Services,Banks - Regional,NYSE,113.43,86,84,77,74,51.25,871851166.9692192,17098473.0,0.0313,-5.34,136020,119206,120052,0.164
828,MSTR,Technology,Software - Application,NASDAQ,113.4,86,27,7,9,164.55,63804117317.8463,398750825.0,0.081499994,-54.94,18946910,24067526,23265418,0.069
829,SUN,Energy,Oil & Gas Refining & Marketing,NYSE,113.38,86,86,81,74,72.96,14080167568.26278,188413849.0,0.0354,-9.05,601450,594753,558432,1.645
830,FBLA,Financial Services,Banks - Regional,NASDAQ,113.38,86,77,71,72,17.29,246257117.58665466,14519878.0,0.0396,1.59,82640,107343,94786,0.084
831,BPRN,Financial Services,Banks - Regional,NASDAQ,113.38,86,83,71,66,43.32,297873156.03689575,6813201.0,0.0139,-2.64,33200,28026,28500,0.619
832,XMAX,Consumer Cyclical,"Furnishings, Fixtures & Appliances",NASDAQ,113.36,86,87,94,99,8.76,554256239.1854935,64523426.0,0.15010001,-6.81,531390,553113,572880,0.071
833,CAI,Healthcare,Biotechnology,NASDAQ,113.35,86,73,16,18,27.45,7999863452.831745,282680695.0,0.1158,-18.44,4115910,5224026,5303630,0.454
834,CARE,Financial Services,Banks - Regional,NASDAQ,113.34,86,89,91,83,30.46,681540878.25,22163931.0,0.0992,-15.53,236360,251183,319074,0.683
835,DOCU,Technology,Software - Application,NASDAQ,113.32,85,77,25,14,68.22,12898138611.786713,186902452.0,0.097600006,-9.04,2506400,3496100,3264206,0.094
836,AMCX,Communication Services,Entertainment,NASDAQ,113.32,85,87,85,63,10.98,460349670.06575394,41249971.0,0.2207,-15.08,609060,609206,703446,-0.088
837,KYMR,Healthcare,Biotechnology,NASDAQ,113.31,85,96,94,94,105.98,8833642325.113953,82257588.0,0.16290002,-18.51,831590,754870,721034,4.664
838,JCI,Industrials,Building Products & Equipment,NYSE,113.29,85,71,75,83,158.76,94641050600.23727,605741470.0,0.0211,1.08,2996460,3129966,3342600,0.093
839,MPWR,Technology,Semiconductors,NASDAQ,113.27,85,62,80,92,1473.69,70752650430.17578,49143000.0,0.052199997,-14.02,562840,661966,728732,0.476
840,NEU,Basic Materials,Specialty Chemicals,NYSE,113.18,85,70,59,33,926.28,8498030905.907837,9196406.0,0.0754,-5.64,122900,121856,125946,0.07
841,ESP,Industrials,Electrical Equipment & Parts,NYSE ARCA,113.1,85,80,67,91,62.3,181358560.96702576,2868236.0,0.0278,-16.68,57070,36886,35690,0.404
842,CBNK,Financial Services,Banks - Regional,NASDAQ,113.04,85,72,68,59,39.59,659171149.4828224,16295949.0,0.0641,-2.73,214680,105096,84796,0.088
843,LEGH,Consumer Cyclical,Residential Construction,NASDAQ,113.03,85,76,71,31,28.91,698032174.372509,23783038.0,0.0738,-7.75,81010,72593,100528,0.323
844,ASYS,Technology,Semiconductor Equipment & Materials,NASDAQ,113.02,85,84,95,97,17.76,315320903.0172863,17508101.0,0.131,-30.92,233450,306226,369830,0.145
845,BNR,Healthcare,Diagnostics & Research,NASDAQ,113.02,85,34,60,98,16.11,171378073.75,10546343.0,0.0055,-61.39,49360,51983,33404,-0.093
846,CVX,Energy,Oil & Gas Integrated,NYSE,113.01,85,81,63,76,207.58,405443785492.1305,1961603274.0,0.0106,-4.68,7119600,9057896,8649102,0.535
847,PLBC,Financial Services,Banks - Regional,NASDAQ,112.98,85,83,81,75,61.7,435216867.01116943,6959016.0,0.045900002,-3.59,47230,51336,50468,0.431
848,PAA,Energy,Oil & Gas Midstream,NASDAQ,112.93,85,87,82,79,24.06,16757203425.0,705566460.0,0.026199998,-8.83,2408310,2613900,2654614,0.663
849,ASPN,Basic Materials,Specialty Chemicals,NYSE,112.92,85,61,73,15,5.87,472206185.7086563,82988784.0,0.1292,-37.21,1180950,877436,1211942,-0.361
850,VET,Energy,Oil & Gas E&P,NYSE,112.91,85,87,53,91,11.6,1784704046.6308594,152800000.0,8.99,-21.73,1206190,1367013,1376572,0.231
851,KB,Financial Services,Banks - Regional,NYSE,112.86,85,88,84,85,124.76,43495024066.338264,351106111.0,0.0013,-6.4,161630,153663,181876,0.185
852,EFOI,Consumer Cyclical,"Furnishings, Fixtures & Appliances",NASDAQ,112.84,85,70,82,33,3.15,19043973.840741634,6369222.0,0.038399998,-67.99,17370,11686,10904,2.28
853,LUXE,Consumer Cyclical,Luxury Goods,NYSE,112.83,85,25,30,61,10.0,1360676321.9652462,139699831.0,0.1985,-12.13,216050,294826,223486,0.115
854,ODC,Basic Materials,Specialty Chemicals,NYSE,112.83,85,77,94,81,88.13,1298277480.6473694,14480007.0,0.0734,-17.64,141019,115473,125813,0.094
855,NVDA,Technology,Semiconductors,NASDAQ,112.78,85,76,63,77,239.24,5649190576309.204,24147000000.0,0.0127,0.57,108433580,124994660,121245980,1.059
856,PRTH,Technology,Software - Infrastructure,NASDAQ,112.78,85,27,76,19,7.78,641633896.6833606,82472221.0,0.056799997,-1.64,1369140,1594936,1163414,0.094
857,MT,Basic Materials,Steel,NYSE,112.75,85,93,89,92,65.19,48540005481.80855,752441542.0,0.004,-18.19,1638100,1303673,1385572,0.052
858,FTI,Energy,Oil & Gas Equipment & Services,NYSE,112.75,85,90,90,95,69.89,26988753062.480927,392164388.0,0.0326,-13.4,2488670,2843403,3068212,0.09
859,BOX,Technology,Software - Infrastructure,NYSE,112.7,85,78,60,22,35.27,4732054891.056942,137200773.0,0.1531,-2.94,2443530,3038683,2902744,0.092
860,CHCI,Real Estate,Real Estate Services,NASDAQ,112.68,85,91,58,90,18.75,192992243.7467041,10281952.0,0.0305,-15.04,40940,47393,40740,0.741
861,SKE,Basic Materials,Other Industrial Metals & Mining,NYSE,112.62,85,87,66,93,31.35,3756353454.7043133,125462705.0,12.42,-19.14,530650,506776,526072,
862,SLAB,Technology,Semiconductors,NASDAQ,112.57,85,81,85,92,222.62,7432779497.070908,33366761.0,0.1291,-0.39,304640,299636,285778,0.183
863,ACCL,Industrials,Consulting Services,NASDAQ,112.54,85,85,21,5,2.58,36269738.669633865,13949900.0,0.0149,-48.4,18860,154483,111728,0.01
864,SHEL,Energy,Oil & Gas Integrated,NYSE,112.53,85,78,60,81,97.62,274148920788.96246,2848892354.0,0.0124,-1.55,7289086,6768762,6428221,0.447
865,SG,Consumer Cyclical,Restaurants,NYSE,112.53,85,35,64,14,9.14,1083276011.910658,119041315.0,0.2712,-14.02,5656800,5107910,5703242,0.038
866,STTK,Healthcare,Biotechnology,NASDAQ,112.5,85,97,99,99,5.86,675444694.6042771,100363253.0,0.070300005,-29.65,1569980,1287570,1134676,
867,BWIN,Financial Services,Insurance Brokers,NASDAQ,112.44,85,85,49,17,31.83,3076561476.7691803,96838572.0,0.1513,-2.68,3129980,3974556,2832624,0.301
868,YQ,Consumer Defensive,Education & Training Services,NASDAQ,112.43,85,89,37,13,3.34,34095694.85524893,9686277.0,0.0108,-48.22,4620,145130,89948,2.546
869,CFBK,Financial Services,Banks - Regional,NASDAQ,112.42,85,85,76,74,34.6,223461925.1524048,6492212.0,0.024600001,-9.21,34976,33685,44567,0.102
870,CPAC,Basic Materials,Building Materials,NYSE,112.39,85,91,87,87,12.29,1054855239.9504318,85621369.0,0.0005,-3.53,21800,48726,49706,0.154
871,TRVG,Communication Services,Internet Content & Information,NASDAQ,112.38,85,94,95,27,4.42,330213552.60783863,70558454.0,0.013099999,-35.0,209930,231880,182326,0.209
872,PNTG,Healthcare,Medical Care Facilities,NASDAQ,112.31,85,84,88,70,39.96,1370616922.387291,34929074.0,0.0319,-6.5,315790,348470,319572,0.358
873,FBIZ,Financial Services,Banks - Regional,NASDAQ,112.3,85,85,72,66,70.71,593564940.1538086,8368320.0,0.038599998,-4.11,68420,62230,60992,0.165
874,GEV,Industrials,Specialty Industrial Machinery,NYSE,112.3,85,83,90,95,1029.21,263324014785.84235,266333581.0,0.032899998,-13.94,1894340,2168296,2188642,0.219
875,COP,Energy,Oil & Gas E&P,NYSE,112.29,85,84,62,80,129.35,154418765387.25,1218294007.0,0.0134000005,-8.66,5856060,6620360,6782090,0.355
876,ROLR,Consumer Cyclical,Gambling,NYSE ARCA,112.2,85,97,96,85,4.59,53933339.097427845,11029313.0,0.0113,-86.37,46200,36706,51242,-0.516
877,PGC,Financial Services,Banks - Regional,NASDAQ,112.2,85,85,89,85,44.18,790312132.6208496,17727952.0,0.056599997,-10.09,134963,127324,150756,0.234
878,NXDT,Real Estate,REIT - Diversified,NYSE,112.19,85,89,86,81,5.18,281461953.2291708,53106027.0,0.0295,-12.94,148360,156526,183130,-0.13
879,JXN,Financial Services,Insurance - Life,NYSE,112.15,85,86,76,69,132.91,8908361615.64331,67728744.0,0.0645,-5.67,652840,788926,713612,
880,TMP,Financial Services,Banks - Regional,NYSE ARCA,112.13,85,83,80,79,97.81,1422325466.6713715,14382905.0,0.0274,-4.66,99010,116256,107926,0.072
881,BRKRP,Healthcare,Medical Devices,NASDAQ,112.13,85,85,90,55,445.04,,,0.86,-8.22,8934,6541,7842,0.052
882,STIM,Healthcare,Medical Devices,NASDAQ,112.1,85,97,30,9,2.21,164586006.06006002,76197222.0,0.1516,-35.76,885030,1157443,1920386,0.091
883,HURA,Healthcare,Biotechnology,NASDAQ,112.07,85,54,85,97,1.95,121717836.34289467,63726617.0,0.1274,-43.15,249700,207520,235490,
884,WST,Healthcare,Medical Instruments & Supplies,NYSE,112.06,85,77,87,59,372.64,25685746387.931213,70375762.0,0.0395,-3.46,584840,573623,568446,0.138
885,GENC,Industrials,Farm & Heavy Construction Machinery,NYSE ARCA,112.05,85,84,52,65,18.14,257828980.41658783,14657702.0,0.0095999995,-10.15,51370,64103,64276,0.253
886,MFIN,Financial Services,Credit Services,NASDAQ,112.04,85,81,60,41,11.81,273456562.08654404,22960249.0,0.0546,-3.67,81160,70240,74780,0.025
887,OBK,Financial Services,Banks - Regional,NYSE,112.03,85,83,82,78,52.82,1654159701.408989,30849678.0,0.024600001,-4.95,176940,167056,174620,0.333
888,PRSU,Consumer Cyclical,Travel Services,NYSE,111.99,85,78,89,78,52.73,1437792477.638977,27449264.0,0.0828,-6.71,231020,240506,229592,0.143
889,HURN,Industrials,Consulting Services,NASDAQ,111.98,85,69,20,25,157.26,2579818077.692627,15910072.0,0.0481,-15.8,251160,234510,287184,0.157
890,NRT,Energy,Oil & Gas E&P,NYSE,111.98,85,91,79,91,8.31,77752391.75059319,9190590.0,0.0068,-20.78,21330,32363,37960,0.006
891,APH,Technology,Electronic Components,NYSE,111.98,85,76,76,84,88.62,214440480583.77985,2465966914.0,0.0145000005,-0.72,11681350,11871520,12543840,0.55
892,MLR,Consumer Cyclical,Auto Parts,NYSE,111.96,85,82,65,68,54.12,617445280.8311768,11352184.0,0.0434,-9.35,74406,89318,96935,0.121
893,RS,Basic Materials,Steel,NYSE,111.9,85,78,79,57,401.49,20437648787.40509,51054555.0,0.0311,-7.28,253560,286310,312210,0.265
894,WATT,Technology,Communication Equipment,NASDAQ,111.9,85,34,95,98,12.63,73731127.9833641,5527071.0,0.123500004,-65.85,161530,146086,172632,2.168
895,AGM,Financial Services,Credit Services,NYSE,111.87,84,85,78,39,213.92,2331160903.0329895,10853210.0,0.0039,-13.84,116590,111503,108966,0.249
896,APT,Industrials,Building Products & Equipment,NYSE ARCA,111.81,84,54,59,37,5.99,51949651.177345276,10206218.0,0.012200001,-20.13,81300,44963,43224,0.12
897,CLMB,Technology,Electronics & Computer Distribution,NASDAQ,111.78,84,64,35,20,32.8,612068944.9630623,18660639.0,0.086899996,-9.53,211320,156893,155176,0.094
898,JG,Technology,Software - Application,NASDAQ,111.75,84,33,9,20,7.0,37154836.189363,5733771.0,0.0026,-21.88,4350,4040,5066,0.126
899,MKSI,Technology,Scientific & Technical Instruments,NASDAQ,111.7,84,88,97,97,281.41,18875440902.99518,67617558.0,0.1021,-37.13,1043120,1262193,1409278,0.283
900,ANGO,Healthcare,Medical Instruments & Supplies,NASDAQ,111.67,84,82,80,51,14.42,635442725.0617504,42054450.0,0.0346,-11.48,696340,501473,477658,0.08
901,GHRS,Healthcare,Biotechnology,NASDAQ,111.65,84,95,93,75,21.52,1574654100.4389362,68642287.0,0.1004,-31.55,409080,254143,288400,
902,PI,Technology,Semiconductors,NASDAQ,111.58,84,85,61,26,184.16,5793422267.578934,30554413.0,0.1456,-25.46,382570,391346,436380,0.107
903,MMED,Healthcare,Medical Instruments & Supplies,NASDAQ,111.52,84,88,37,23,19.64,5542593855.3529625,281349931.0,0.4764,-19.61,5939410,3681896,2676914,0.166
904,AMG,Financial Services,Asset Management,NYSE,111.49,84,81,86,81,379.72,9605154724.786194,25859933.0,0.0541,-3.36,316105,289081,278759,0.299
905,CRDL,Healthcare,Drug Manufacturers - Specialty & Generic,NASDAQ,111.46,84,98,28,83,1.31,171333248.39406788,121512945.0,0.028199999,-44.02,1919370,1672240,1490998,
906,DBX,Technology,Software - Infrastructure,NASDAQ,111.45,84,77,70,27,33.73,7371305115.891106,217442619.0,0.2705,-11.63,4607520,4476766,4393300,0.009
907,ING,Financial Services,Banks - Diversified,NYSE,111.41,84,89,80,76,34.9,98996874993.94269,2846373734.0,0.0011,-6.98,2556650,1971260,2090710,0.111
908,COKE,Consumer Defensive,Beverages - Non-Alcoholic,NASDAQ,111.41,84,67,75,85,194.61,12783006572.85617,66564294.0,0.0686,-11.4,434660,526996,502824,0.106
909,PHOE,Industrials,Engineering & Construction,NASDAQ,111.34,84,93,91,97,19.26,408239991.7602539,21600000.0,0.0002,-85.53,4980,18126,20652,0.032
910,GCL,Communication Services,Electronic Gaming & Multimedia,NASDAQ,111.31,84,21,4,3,0.78,97030598.94933641,128008703.0,0.0062,-71.64,145500,377926,596360,0.538
911,CRON,Healthcare,Drug Manufacturers - Specialty & Generic,NASDAQ,111.31,84,78,62,74,3.29,1188131451.2654114,368412864.0,0.0178,-8.81,1027610,1028060,1236338,0.584
912,MBIN,Financial Services,Banks - Regional,NASDAQ,111.3,84,85,78,85,49.95,2294473664.645935,45935408.0,0.1007,-12.17,164630,210966,195386,0.371
913,PEO,Financial Services,Asset Management,NYSE,111.25,84,82,69,78,28.23,779746574.1264496,28028274.0,0.015,-5.11,48229,57186,60061,0.05
914,TPC,Industrials,Engineering & Construction,NYSE,111.16,84,85,65,94,89.06,4563273367.814064,52614703.0,0.0513,-12.94,373530,442013,489188,0.192
915,ARXS,Industrials,Aerospace & Defense,NASDAQ,111.08,84,86,61,41,49.49,21554240964.108948,430826334.0,0.040700004,-19.53,1432580,981180,918420,0.25
916,WBD,Communication Services,Entertainment,NASDAQ,111.06,84,84,85,93,30.95,77570810898.83545,2507136702.0,0.023699999,-0.06,90666750,52940703,40084224,-0.112
917,EXEL,Healthcare,Biotechnology,NASDAQ,111.04,84,83,82,55,58.33,14467972844.646057,247781692.0,0.1456,-4.6,1988510,2118046,2374546,0.106
918,NBR,Energy,Oil & Gas Drilling,NYSE,110.98,84,88,91,96,81.22,1209857660.8477936,15191583.0,0.0706,-28.06,175510,214440,233112,-0.022
919,CVEO,Consumer Cyclical,Lodging,NYSE,110.95,84,79,78,81,32.67,342873594.1026459,10336859.0,0.1586,-10.49,103720,82326,101704,0.106
920,AVIR,Healthcare,Biotechnology,NASDAQ,110.92,84,89,71,93,5.07,411450115.0486994,80204699.0,0.122600004,-21.4,275980,275850,311886,
921,FLYW,Technology,Software - Infrastructure,NASDAQ,110.91,84,85,89,61,18.22,2138917699.6374931,121667674.0,0.1001,-7.65,1565750,1402280,1681614,0.272
922,BIIB,Healthcare,Drug Manufacturers - General,NASDAQ,110.88,84,75,82,78,222.89,32488149801.69507,147753998.0,0.043899998,-3.3,1202830,963816,961596,0.034
923,TRST,Financial Services,Banks - Regional,NASDAQ,110.88,84,82,86,81,55.13,948274817.2159576,17027740.0,0.0837,-7.0,111300,144033,136702,0.107
924,GMAB,Healthcare,Biotechnology,NASDAQ,110.86,84,79,50,59,37.8,21686034612.5,624058550.0,0.0081,5.28,5119480,2990513,2940404,0.249
925,ASH,Basic Materials,Specialty Chemicals,NYSE,110.85,84,82,76,49,70.97,3183554928.674698,45793370.0,0.1083,-9.3,649640,646670,706970,0.073
926,RPRX,Healthcare,Biotechnology,NASDAQ,110.81,84,87,87,83,56.44,25452052915.09607,445277344.0,0.026500002,-12.33,2696110,3054223,2982994,0.165
927,SAIL,Technology,Software - Infrastructure,NASDAQ,110.81,84,49,29,11,19.91,11663724836.418404,570911633.0,0.2541,-17.04,5560090,5177213,4320560,0.168
928,BBCP,Industrials,Engineering & Construction,NASDAQ,110.73,84,84,91,68,9.94,496375206.22356415,50393420.0,0.0557,-18.46,110930,225063,183192,0.126
929,ON,Technology,Semiconductors,NASDAQ,110.71,84,52,89,86,86.31,33049256819.948776,389318613.0,0.1043,-36.03,11136950,10660296,10328266,0.092
930,AVBC,Financial Services,Banks - Regional,NYSE,110.67,84,78,74,82,22.2,410806155.77220917,18471500.0,0.0271,-3.04,117400,162236,163710,0.169
931,STT,Financial Services,Asset Management,NYSE,110.67,84,91,88,81,175.75,48336524413.71117,274701765.0,0.0001,-10.3,2122720,1880276,1742414,0.184
932,WDS,Energy,Oil & Gas E&P,NYSE,110.64,84,82,70,91,21.75,41424973856.479164,1901100143.0,6.14,-13.66,600760,621913,609808,0.13
933,NPO,Industrials,Specialty Industrial Machinery,NYSE,110.6,84,70,85,82,332.06,7039523941.681091,21167681.0,0.0355,-14.95,173510,163420,174292,0.176
934,PSTL,Real Estate,REIT - Office,NYSE,110.57,84,84,89,82,22.69,686346944.524641,30248873.0,0.095699996,-10.03,255680,359900,340726,0.224
935,ARCB,Industrials,Trucking,NASDAQ,110.53,84,88,93,85,128.24,2964013067.582184,22351354.0,0.0834,-27.42,197340,229696,292650,0.159
936,ACOG,Healthcare,Biotechnology,NASDAQ,110.53,84,90,74,55,8.98,198178607.10759735,21777868.0,0.0121,-11.44,101500,121786,129128,2.676
937,DMLP,Energy,Oil & Gas E&P,NASDAQ,110.5,84,80,59,69,29.12,1405977895.1569824,49091408.0,0.0084,-4.65,87100,92366,135576,0.731
938,HVT,Consumer Cyclical,Home Improvement Retail,NYSE,110.47,84,80,69,56,27.92,442622207.5,16095353.0,0.0,-6.4,111690,126190,133644,0.077
939,ASIC,Financial Services,Insurance - Property & Casualty,NYSE,110.45,84,85,83,49,25.51,1254247709.4165344,47926928.0,0.0354,-12.03,74110,69780,72722,0.459
940,JAZZ,Healthcare,Biotechnology,NASDAQ,110.44,84,86,91,88,231.39,15298418242.72786,64914577.0,0.074200004,-13.14,812450,1005016,910744,0.155
941,SRCE,Financial Services,Banks - Regional,NASDAQ,110.44,84,81,79,76,85.77,2091506551.3540497,24081826.0,0.048600003,-6.22,111700,107933,115894,0.16
942,PESI,Industrials,Waste Management,NASDAQ,110.41,84,94,74,61,15.47,330157550.4635744,21218351.0,0.1346,-27.44,308300,315920,384814,-0.117
943,NMAX,Communication Services,Broadcasting,NYSE,110.4,84,76,43,11,10.01,1229609399.525051,129160645.0,0.6482,-24.05,821270,1122406,1187308,0.165
944,KIDS,Healthcare,Medical Devices,NASDAQ,110.4,84,75,67,31,22.71,578592898.0959625,26109788.0,0.0495,-15.07,161870,197343,224136,0.154
945,CAT,Industrials,Farm & Heavy Construction Machinery,NYSE,110.38,84,81,93,92,863.44,388618336802.608,459674889.0,0.020299999,-19.56,2222330,2294560,2626790,0.24
946,BIO,Healthcare,Medical Devices,NYSE,110.38,84,84,50,52,368.83,9870130311.172485,26738175.0,0.062800005,-6.92,249770,261890,272180,-0.001
947,RBCAA,Financial Services,Banks - Regional,NASDAQ,110.37,84,82,78,58,93.29,1839719888.7813263,19634151.0,0.054899998,-8.74,79910,108263,105822,0.044
948,NSP,Industrials,Staffing & Employment Services,NYSE,110.36,84,93,84,9,46.42,1775316132.115593,38195270.0,0.09689999,-16.96,468990,412153,465780,0.017
949,KRYS,Healthcare,Biotechnology,NASDAQ,110.35,84,92,94,82,326.81,9539112829.948608,29598836.0,0.175,-14.57,277170,275110,287802,0.241
950,FNWD,Financial Services,Banks - Regional,NASDAQ,110.35,84,82,65,64,41.7,183543249.9658928,4330893.0,0.03,-9.15,10236,11738,13151,0.024
951,GEF,Consumer Cyclical,Packaging & Containers,NYSE,110.35,84,86,60,60,82.54,4671781806.148682,56848160.0,1.21,-8.87,398360,370683,339580,0.035
952,WLY,Communication Services,Publishing,NYSE,110.34,84,82,86,67,48.45,2407486675.0,50683930.0,0.1548,-15.67,440031,553393,492993,-0.026
953,SENEA,Consumer Defensive,Packaged Foods,NASDAQ,110.32,84,92,87,87,171.42,1202839415.414154,6770457.0,0.050300002,-18.37,113770,98550,97156,0.362
954,BSVN,Financial Services,Banks - Regional,NASDAQ,110.31,84,81,71,50,55.68,528494486.5194092,9525856.0,0.0348,-3.47,46920,50060,46318,-0.063
955,IDAI,Technology,Software - Application,NASDAQ,110.28,83,85,17,28,3.31,18327695.75,5639291.0,0.0248,-37.31,27270,32926,38382,0.107
956,CTBI,Financial Services,Banks - Regional,NASDAQ,110.27,83,82,79,76,76.11,1384579757.7067413,18167954.0,0.039,-4.77,152400,115026,111582,0.112
957,WF,Financial Services,Banks - Regional,NYSE,110.25,83,83,50,87,75.2,18469886332.93705,245577537.0,0.0008,-11.23,76490,79853,88548,0.337
958,RLGT,Industrials,Integrated Freight & Logistics,NYSE ARCA,110.25,83,66,86,79,9.31,438930351.1001301,46894270.0,0.0224,-8.73,170320,327153,238018,0.185
959,BGR,Financial Services,Asset Management,NYSE,110.23,83,78,68,77,17.3,434027696.1284828,25456171.0,0.00029999999,-3.46,114030,102150,95648,-0.058
960,BNS,Financial Services,Banks - Diversified,NYSE,110.23,83,83,85,78,90.22,110960594089.01917,1216806570.0,5.69,-5.77,2673550,2258840,2137038,0.117
961,SMC,Energy,Oil & Gas Midstream,NYSE,110.22,83,81,72,75,33.15,425086781.2232132,13783618.0,0.026300002,-9.1,100780,76683,69280,0.106
962,CVLT,Technology,Software - Application,NASDAQ,110.2,83,68,79,12,154.98,6228289027.328491,41444564.0,0.0955,-15.23,600030,555126,606232,0.114
963,PLX,Healthcare,Biotechnology,NYSE ARCA,110.2,83,87,72,71,2.73,218349152.89356422,80571642.0,0.0372,-14.42,829630,794656,784148,0.271
964,OSBC,Financial Services,Banks - Regional,NASDAQ,110.19,83,82,73,74,25.05,1269349153.015091,50875716.0,0.0504,-3.88,620560,493386,461778,0.227
965,IEX,Industrials,Specialty Industrial Machinery,NYSE,110.14,83,74,74,65,236.28,17175998973.995483,73719896.0,0.0325,-3.08,670640,586276,634758,0.064
966,WAT,Healthcare,Diagnostics & Research,NYSE,110.14,83,73,60,34,436.43,41749606565.55954,98185855.0,0.0337,-2.63,821090,690270,765942,1.134
967,YARW,Healthcare,Biotechnology,NASDAQ,110.11,83,98,57,31,18.73,187936021.6530571,8438977.0,1.15,-60.11,134760,133906,92114,
968,WAB,Industrials,Railroads,NYSE,110.06,83,79,67,78,291.16,48568627539.870026,168910851.0,0.0278,-5.05,787510,778533,849440,0.175
969,BTBD,Consumer Cyclical,Restaurants,NASDAQ,110.03,83,84,15,79,1.67,11565433.909491062,6184724.0,0.0032,-32.66,22110,29890,37510,-0.061
970,TS,Energy,Oil & Gas Equipment & Services,NYSE,110.03,83,77,81,90,56.87,28264865816.543404,504819878.0,0.0242,-11.97,1327730,1173166,1370874,-0.039
971,PKBK,Financial Services,Banks - Regional,NASDAQ,110.01,83,83,86,85,32.78,386599506.3373947,11761470.0,0.0233,-8.18,37300,39420,45396,0.311
972,CBC,Financial Services,Banks - Regional,NASDAQ,110.01,83,83,83,54,32.14,7671349117.625336,239505133.0,0.0802,-4.96,997030,1394480,1141014,0.137
973,MKTW,Financial Services,Financial Data & Stock Exchanges,NASDAQ,109.98,83,73,86,62,19.8,56161419.91453552,2792711.0,0.0312,-13.27,18370,24086,19780,-0.052
974,BOW,Financial Services,Insurance - Property & Casualty,NYSE,109.97,83,83,75,24,33.78,1112485293.930111,32943005.0,0.0336,-3.68,252800,285720,374874,0.23
975,CERT,Healthcare,Health Information Services,NASDAQ,109.95,83,68,24,9,9.27,1427762928.429966,152538780.0,0.2959,-32.29,3050140,2526620,3034950,0.01
976,VAL,Energy,Oil & Gas Drilling,NYSE,109.89,83,76,80,96,82.0,5443072868.349747,69435807.0,0.111999996,-28.15,1060900,1165283,1166700,-0.124
977,SMFG,Financial Services,Banks - Diversified,NYSE,109.85,83,86,88,81,25.83,160500751593.72052,6318927323.0,0.0017,-6.48,1620870,1441770,1463446,0.248
978,DVN,Energy,Oil & Gas E&P,NYSE,109.85,83,78,68,84,48.02,52415001678.4668,1100000000.0,0.030199999,-8.9,10549040,11611353,11313566,0.642
979,ARMK,Industrials,Specialty Business Services,NYSE,109.85,83,85,87,68,55.45,14607070279.582352,262953564.0,0.031400003,-11.49,1995940,2163913,2414560,0.093
980,SHAZ,Technology,Information Technology Services,NASDAQ,109.84,83,95,97,68,48.12,1819176138.2186317,35803505.0,0.0919,-50.64,1359290,1446520,1823862,4.123
981,WOLF,Technology,Semiconductors,NYSE,109.83,83,65,88,57,31.83,1867390409.707489,52930569.0,7.69,-60.62,3008340,2641086,3548152,-0.241
982,GRDN,Healthcare,Medical Care Facilities,NYSE,109.81,83,80,87,87,41.2,2684446911.17688,63342304.0,0.0654,-14.75,501070,622590,516964,0.022
983,SGC,Consumer Cyclical,Apparel Manufacturing,NASDAQ,109.8,83,64,82,59,13.05,206968701.68086624,15945201.0,0.0477,-10.56,29930,36066,47516,0.026
984,BP,Energy,Oil & Gas Integrated,NYSE,109.77,83,76,63,87,45.01,115349583437.31628,2575342288.0,0.0028,-6.75,9071290,9765296,9268102,0.482
985,QUCY,Healthcare,Diagnostics & Research,NASDAQ,109.77,83,54,90,4,1.29,111810698.9678154,84068192.0,0.0224,-73.83,299380,593830,676336,
986,INTA,Technology,Software - Application,NASDAQ,109.77,83,86,34,9,37.03,2791891918.9414215,76511148.0,0.059699997,-22.74,425340,553206,651408,0.13
987,RAMP,Technology,Software - Infrastructure,NYSE,109.76,83,76,85,44,37.65,2288931165.0657806,60794982.0,0.16299999,-1.52,1274820,1255513,1109970,0.098
988,TMO,Healthcare,Diagnostics & Research,NYSE,109.72,83,75,49,51,656.58,242110518359.28333,369747286.0,0.0136,-3.96,2153540,2107133,2017754,0.105
989,BEN,Financial Services,Asset Management,NYSE,109.7,83,85,85,73,32.44,16670004114.837456,508076910.0,0.0429,-10.58,4549410,3724613,3983758,0.143
990,WLYB,Communication Services,Publishing,NYSE,109.67,83,80,86,61,49.18,2510628464.816246,50683930.0,0.0031,-11.4,6186,2960,3146,-0.026
991,ECG,Industrials,Engineering & Construction,NYSE,109.64,83,66,88,95,132.74,6295982022.21669,51041606.0,0.0454,-22.64,387700,422996,507092,0.337
992,LXP,Real Estate,REIT - Industrial,NYSE,109.62,83,82,75,67,60.95,3593445285.7808228,58957264.0,0.0001,-1.07,974500,852220,783386,0.004
993,CAC,Financial Services,Banks - Regional,NASDAQ,109.61,83,82,77,78,56.76,966342209.1054344,16897049.0,0.0444,-6.32,85640,93736,94338,0.205
994,UAN,Basic Materials,Agricultural Inputs,NYSE,109.61,83,88,72,85,125.28,1319302211.9344025,10569638.0,0.039300002,-10.19,25774,30518,40154,0.2
995,APLM,Healthcare,Biotechnology,NASDAQ,109.6,83,98,74,86,22.1,67819577.86946297,2914965.0,0.0031,-47.53,9410,8983,17436,
996,ZS,Technology,Software - Infrastructure,NASDAQ,109.6,83,35,20,9,212.25,32056554622.006897,163054698.0,0.061,-37.02,2926790,3456763,2967720,0.249
997,CTS,Technology,Electronic Components,NYSE,109.59,83,64,81,81,61.1,1759061568.4267044,28556195.0,0.044,-12.15,218200,217583,215352,0.07
998,EAT,Consumer Cyclical,Restaurants,NYSE,109.57,83,92,80,47,190.44,8460014520.0,41881260.0,0.1868,-25.31,1164630,1339153,1246404,0.051
999,FDBC,Financial Services,Banks - Regional,NASDAQ,109.53,83,74,74,57,55.46,321326660.78738403,5808508.0,0.0109,-2.53,9460,10766,12692,0.111
1000,TNET,Industrials,Staffing & Employment Services,NYSE,109.49,83,87,70,10,62.78,2903015708.1695786,45904738.0,0.0652,-14.09,332240,332156,365238,-0.044
1001,RGEN,Healthcare,Medical Instruments & Supplies,NASDAQ,109.48,83,83,57,32,174.86,10254352163.472153,56435621.0,0.1193,-12.07,1420070,1101906,1116506,0.119
1002,CEVA,Technology,Semiconductors,NASDAQ,109.46,83,52,95,32,36.17,1044516028.2402954,28154072.0,0.1157,-29.9,710020,642356,806354,0.131
1003,KLAC,Technology,Semiconductor Equipment & Materials,NASDAQ,109.46,83,86,94,93,197.46,269992792333.36725,1305006492.0,0.0202,-35.76,8075900,9049680,10019242,0.152
1004,MOVE,Technology,Software - Infrastructure,NASDAQ,109.45,83,93,97,98,10.59,367583991.7137623,31552275.0,0.0088,-60.37,132970,439006,448612,35.903
1005,FENC,Healthcare,Biotechnology,NASDAQ,109.44,83,92,90,29,10.35,357685015.1114702,35067159.0,0.018,-21.89,131060,208366,204914,0.852
1006,SCL,Basic Materials,Specialty Chemicals,NYSE,109.43,83,83,62,45,62.39,1432150020.0,22732540.0,0.0424,-8.25,132688,144269,146805,0.15
1007,CRBG,Financial Services,Asset Management,NYSE,109.42,83,77,59,28,35.17,15169638379.50409,445772522.0,0.048299998,-1.32,4900030,4246890,4540804,0.259
1008,NL,Industrials,Security & Protection Services,NYSE,109.41,83,72,45,34,6.95,341313164.25266933,48898734.0,0.0183,-19.19,13890,29653,33964,0.08
1009,ZBIO,Healthcare,Biotechnology,NASDAQ,109.39,83,90,92,83,26.94,1844175382.2575893,65176723.0,0.2674,-39.6,779990,692363,705796,
1010,VOYA,Financial Services,Financial Conglomerates,NYSE,109.34,83,87,85,53,97.82,8756137269.089058,90596349.0,0.0002,-7.4,866230,1109476,1047356,-0.043
1011,NTCT,Technology,Software - Infrastructure,NASDAQ,109.32,83,75,92,82,40.99,2978091432.954468,72707312.0,0.0629,-9.47,584090,645156,620316,0.127
1012,EMF,Financial Services,Asset Management,NYSE,109.3,83,83,83,82,22.87,335879235.3260937,14947897.0,0.87,-7.41,30495,27741,29491,0.152
1013,AVNT,Basic Materials,Specialty Chemicals,NYSE,109.26,83,80,51,68,41.49,3776093705.556488,91719550.0,0.059499998,-11.04,667950,678003,775462,0.058
1014,DV,Communication Services,Advertising Agencies,NYSE,109.24,82,74,56,29,13.48,2106901025.8926773,156182436.0,0.0539,-1.25,2189870,3138686,4052852,0.025
1015,ESCA,Consumer Cyclical,Leisure,NASDAQ,109.24,82,89,81,84,18.65,265134588.3908043,13766074.0,0.031600002,-19.16,31430,30226,40348,0.062
1016,CASS,Industrials,Specialty Business Services,NASDAQ,109.16,82,80,78,69,53.9,690670577.545166,12776000.0,0.0352,-9.61,82980,85646,81512,0.122
1017,CARL,Healthcare,Health Information Services,NASDAQ,109.15,82,81,51,22,14.64,389610155.1082039,27302743.0,0.105500005,-15.03,89310,93710,127284,0.567
1018,MDIA,Communication Services,Broadcasting,NASDAQ,109.14,82,86,69,33,1.06,89901252.46701694,84019858.0,0.0058,-35.37,5460,13270,15354,0.087
1019,BBVA,Financial Services,Banks - Diversified,NYSE,109.14,82,89,82,83,27.15,148389540333.18756,5499983056.0,0.00029999999,-8.4,1638880,1313633,1540016,0.202
1020,CZNC,Financial Services,Banks - Regional,NASDAQ,109.08,82,81,64,74,25.43,459670626.1584606,17934867.0,0.0235,-3.56,52190,57333,62854,0.532
1021,WASH,Financial Services,Banks - Regional,NASDAQ,109.08,82,84,75,81,38.22,733598368.1969376,19074321.0,0.0738,-5.72,99320,124736,128882,0.097
1022,NXDR,Communication Services,Internet Content & Information,NYSE,109.06,82,72,88,24,2.42,930586070.8231807,381387725.0,0.0272,-34.95,1906390,2215260,2181148,0.145
1023,AMGN,Healthcare,Drug Manufacturers - General,NASDAQ,109.03,82,77,68,67,402.6,217896327914.85825,540632005.0,0.025999999,-9.94,2849690,2946820,2868104,0.095
1024,JCTC,Basic Materials,Lumber & Wood Production,NASDAQ,109.02,82,87,62,12,2.96,10384333.517852068,3520113.0,0.0163,-22.51,7300,9043,17248,-0.218
1025,QUIK,Technology,Semiconductors,NASDAQ,109.01,82,80,95,94,11.49,217431583.5737009,18317741.0,0.094399996,-52.77,184880,219416,251126,0.487
1026,DJCO,Technology,Software - Application,NASDAQ,108.99,82,82,76,67,629.69,904542814.2441406,1377952.0,0.1262,-9.07,49770,62076,64490,0.153
1027,IMVT,Healthcare,Biotechnology,NASDAQ,108.97,82,94,95,84,32.11,6944300948.217934,206552682.0,0.1857,-29.3,1692790,1448496,1315896,
1028,WHWK,Healthcare,Biotechnology,NASDAQ,108.96,82,91,90,93,3.61,210933339.71840143,57009010.0,0.077199996,-34.3,282310,321810,358302,
1029,PPIH,Industrials,Building Products & Equipment,NASDAQ,108.94,82,56,23,91,32.43,261098407.9419403,8195179.0,0.0557,-11.68,64650,89233,85520,0.244
1030,DC,Basic Materials,Gold,NYSE ARCA,108.88,82,72,24,79,5.88,794304116.9565868,134172991.0,0.0626,-18.9,1280040,1439436,1406150,
1031,WYHG,Consumer Defensive,Packaged Foods,NASDAQ,108.87,82,97,93,10,3.8,131294504.57597065,35581166.0,0.0042,-85.48,40030,796660,2241670,-0.075
1032,PVLA,Healthcare,Biotechnology,NASDAQ,108.82,82,94,98,98,128.0,1908681692.8783875,14408407.0,0.1826,-20.68,236020,221940,204414,
1033,KSS,Consumer Cyclical,Department Stores,NYSE,108.81,82,67,78,77,19.63,2132610869.900446,113376445.0,0.3475,-22.16,4122000,4541173,4144928,-0.009
1034,NPK,Industrials,Aerospace & Defense,NYSE,108.81,82,78,45,83,148.96,1075619348.4214325,7136067.0,0.0933,-5.82,99200,107556,104470,0.217
1035,VG,Energy,Oil & Gas Midstream,NYSE,108.75,82,88,69,82,13.51,32826219419.74292,2500092851.0,0.8047,-23.33,12364130,13739696,13645160,0.476
1036,REI,Energy,Oil & Gas E&P,NYSE ARCA,108.73,82,86,60,88,1.34,341306870.2618041,260539607.0,0.030299999,-33.0,2110270,3535786,3505858,0.265
1037,DLTH,Consumer Cyclical,Apparel Retail,NASDAQ,108.7,82,85,90,87,4.06,149359656.46710753,38005001.0,0.0235,-20.24,65460,198473,137602,-0.078
1038,CURR,Technology,Software - Application,NASDAQ,108.68,82,93,85,95,2.81,348073832.791965,112281885.0,0.0274,-44.69,90570,498600,375246,-0.218
1039,ARIS,Basic Materials,Gold,NYSE,108.66,82,90,66,96,17.66,3612537127.5,206430693.0,3.82,-24.17,1765400,1506466,1586722,0.623
1040,SPT,Technology,Software - Application,NASDAQ,108.65,82,83,53,6,10.13,611375428.3256378,60592212.0,0.08930001,-19.67,782510,1144553,1226916,0.108
1041,AIT,Industrials,Industrial Distribution,NYSE,108.62,82,71,76,63,344.99,12616256686.161804,36733895.0,0.028099999,-7.95,237160,288213,278680,0.104
1042,OBT,Financial Services,Banks - Regional,NASDAQ,108.6,82,81,80,84,37.5,505882437.8523216,13407963.0,0.0134000005,-6.48,57890,54356,52662,-0.05
1043,AXGN,Healthcare,Medical Devices,NASDAQ,108.55,82,94,95,95,36.31,2193727835.2597504,58671513.0,0.0789,-31.37,1588810,1342620,1226518,0.231
1044,GIBO,Communication Services,Internet Content & Information,NASDAQ,108.54,82,18,9,5,44.44,84514827.03149414,2604704.0,0.0008,-42.66,54700,34436,22686,
1045,ENLT,Utilities,Utilities - Renewable,NASDAQ,108.53,82,90,96,98,67.58,9314827817.792404,139904289.0,0.007900001,-37.8,160630,182973,191284,0.43
1046,TPCS,Industrials,Metal Fabrication,NASDAQ,108.52,82,90,70,34,5.42,53503620.20604277,10133261.0,0.002,-14.1,15840,22616,39276,0.233
1047,SHOP,Technology,Software - Application,NASDAQ,108.5,82,54,35,45,164.44,194785023928.78485,1286643931.0,0.0136,-9.74,8960380,9329370,10003110,0.337
1048,PAYO,Technology,Software - Infrastructure,NASDAQ,108.49,82,78,83,26,7.15,2422783509.715334,338850836.0,0.047,-0.56,2564170,2659680,3799096,0.052
1049,MNOV,Healthcare,Biotechnology,NASDAQ,108.44,82,84,39,56,1.65,87613816.47176886,49221246.0,0.0078,-57.69,455350,640913,399958,2.406
1050,EQH,Financial Services,Asset Management,NYSE,108.43,82,76,60,27,54.5,14358390861.196976,272765787.0,0.0,-1.02,2555510,2965340,2955398,-0.298
1051,BMNR,Financial Services,Capital Markets,NYSE,108.39,82,65,7,50,26.2,15846757646.51513,603226394.0,0.0674,-60.06,31446830,41022666,38824250,21.678
1052,FRAF,Financial Services,Banks - Regional,NASDAQ,108.39,82,75,82,82,63.55,284193598.4334183,4499582.0,0.0504,-2.84,39940,37963,35374,0.053
1053,SVCO,Technology,Software - Application,NASDAQ,108.38,82,79,94,94,8.64,310054672.77360916,33885758.0,0.1401,-39.96,435570,379620,406938,0.478
1054,WSM,Consumer Cyclical,Specialty Retail,NYSE,108.37,82,71,69,59,242.25,27357506759.399414,117768000.0,0.0493,-4.96,1010700,1248593,1103188,0.067
1055,EZPW,Financial Services,Credit Services,NASDAQ,108.36,82,88,91,91,30.85,1858386582.5482254,61535978.0,0.2703,-16.91,582920,705916,899888,0.347
1056,INNV,Healthcare,Medical Care Facilities,NASDAQ,108.33,82,95,96,94,9.0,1222604773.2052088,136451425.0,0.052800003,-28.8,1456240,661820,484416,0.183
1057,MTEX,Consumer Defensive,Food Distribution,NASDAQ,108.33,82,83,16,10,7.79,12813008.54236126,1929670.0,0.0121,-37.43,23770,43803,29868,0.038
1058,ACHC,Healthcare,Medical Care Facilities,NASDAQ,108.32,82,80,87,90,29.04,2612393666.779089,93100275.0,0.3548,-18.95,1567370,1495706,1824336,-0.004
1059,OPCH,Healthcare,Medical Care Facilities,NASDAQ,108.29,82,30,17,29,31.0,3555102594.7180176,157027504.0,0.1126,-15.76,7995720,4098290,3511012,0.019
1060,DXCM,Healthcare,Medical Devices,NASDAQ,108.24,82,71,64,26,83.39,32211515130.722733,377360765.0,0.052800003,-9.94,2960010,3767516,4555866,0.131
1061,ADM,Consumer Defensive,Farm Products,NYSE,108.19,82,80,84,72,82.21,38773401126.3354,481956527.0,0.0397,-7.37,2998550,3631176,3837286,0.072
1062,EFSI,Financial Services,Banks - Regional,NASDAQ,108.19,82,79,67,63,45.76,246282589.5667839,5411615.0,0.0295,-5.0,31712,43177,50088,0.106
1063,BAP,Financial Services,Banks - Regional,NYSE,108.19,82,81,87,80,385.14,29648025035.375183,79419317.0,0.0231,-6.8,299610,328693,310334,0.12
1064,LXFR,Industrials,Specialty Industrial Machinery,NYSE,108.16,82,79,83,51,17.24,466172645.4365082,26993204.0,0.0218,-11.36,331900,381316,391082,-0.102
1065,LFCR,Healthcare,Drug Manufacturers - Specialty & Generic,NASDAQ,108.12,82,12,18,19,6.45,247904231.39400673,37905846.0,0.0866,-28.17,931790,411773,300796,
1066,HRMY,Healthcare,Biotechnology,NASDAQ,108.11,82,79,69,30,39.36,2308490582.9753265,58236393.0,0.1062,-9.5,842210,984046,887756,0.303
1067,FISI,Financial Services,Banks - Regional,NASDAQ,108.09,82,84,83,79,39.28,787860263.7791443,19706360.0,0.0346,-8.59,119010,138263,143466,0.07
1068,EOG,Energy,Oil & Gas E&P,NYSE,108.05,82,74,72,74,144.28,75303024172.12524,532628530.0,0.033,-6.41,2865780,3225396,3077796,0.587
1069,DCBO,Technology,Software - Application,NASDAQ,107.99,82,70,33,13,24.11,582027366.1166496,24947594.0,9.37,-16.05,24390,40086,59310,0.13
1070,FSM,Basic Materials,Gold,NYSE,107.99,82,86,30,79,11.18,3329520603.75,295957387.0,3.68,-19.28,6341670,5072346,5425784,0.382
1071,FLNG,Energy,Oil & Gas Midstream,NYSE,107.97,82,73,76,83,31.13,1689845813.8592377,54092376.0,0.1375,-6.8,294190,401100,369016,0.242
1072,FTDR,Consumer Cyclical,Personal Services,NASDAQ,107.95,82,84,79,60,78.77,5321319580.667999,68893316.0,0.0695,-15.69,670330,557263,559042,0.045
1073,CNSP,Healthcare,Biotechnology,NASDAQ,107.95,82,80,73,3,5.3,7782215.646250725,1461449.0,0.002,-49.94,3690,4956,5992,
1074,AAPL,Technology,Consumer Electronics,NASDAQ,107.91,81,73,82,67,333.63,4869931959830.322,14594180000.0,0.0088,-3.39,34209330,40197300,45027586,0.164
1075,YEXT,Technology,Software - Infrastructure,NYSE,107.9,81,76,40,7,6.56,644351385.6944275,98978704.0,0.104499996,-27.35,885290,1130650,964802,-0.018
1076,DHC,Real Estate,REIT - Healthcare Facilities,NASDAQ,107.77,81,79,94,96,7.58,1871657081.858244,242128988.0,0.0617,-21.53,1980940,1851036,1857838,-0.045
1077,DKL,Energy,Oil & Gas Refining & Marketing,NYSE,107.75,81,76,79,70,56.22,2922127760.164528,53197301.0,0.0117,-8.59,126590,189960,202466,0.562
1078,W,Consumer Cyclical,Internet Retail,NYSE,107.72,81,82,68,81,105.45,13364645523.75,131996499.0,0.1269,-12.11,2492960,2337366,2890648,0.075
1079,VABK,Financial Services,Banks - Regional,NASDAQ,107.71,81,72,70,60,48.15,255313778.37049103,5425282.0,0.013099999,-3.7,9220,7656,6832,0.386
1080,CROX,Consumer Cyclical,Footwear & Accessories,NASDAQ,107.68,81,71,87,69,120.22,5661833731.169891,47945075.0,0.13149999,-14.91,1032800,1087850,1087446,0.026
1081,CNO,Financial Services,Insurance - Life,NYSE,107.66,81,83,82,61,54.04,4983201098.530563,92521371.0,0.0001,-6.16,870954,1079941,922824,0.116
1082,KRNT,Industrials,Specialty Industrial Machinery,NASDAQ,107.65,81,63,38,40,18.15,810494932.1235065,46340477.0,0.0165,-8.24,459290,317433,309736,0.112
1083,PBFS,Financial Services,Banks - Regional,NASDAQ,107.65,81,81,80,67,17.53,429674168.56861115,24179750.0,0.0154,-11.95,16610,16096,13106,0.179
1084,TUSK,Industrials,Conglomerates,NASDAQ,107.65,81,81,76,69,2.91,134757235.7050979,48127585.0,0.0034999999,-25.77,69320,85096,158654,1.109
1085,ARHS,Consumer Cyclical,Specialty Retail,NASDAQ,107.58,81,59,32,21,9.92,1449370222.9640503,141540064.0,0.12020001,-17.88,1840090,1368233,1503730,0.074
1086,TASK,Technology,Information Technology Services,NASDAQ,107.55,81,61,15,23,7.96,738997427.7334051,91687021.0,0.1294,-54.27,421800,469800,602870,0.05
1087,ABEV,Consumer Defensive,Beverages - Brewers,NYSE,107.55,81,66,72,81,3.22,46095294853.78307,15416486524.0,4.53,-6.67,20961710,24380083,29622234,0.003
1088,FPS,Industrials,Electrical Equipment & Parts,NYSE,107.54,81,23,87,63,41.35,11077167824.004898,274527094.0,0.165,-37.35,8144080,9341816,8377806,0.943
1089,NWFL,Financial Services,Banks - Regional,NASDAQ,107.47,81,77,69,77,34.07,367399902.1176224,10902074.0,0.0165,-3.97,34430,32543,34258,0.347
1090,SMHI,Industrials,Marine Shipping,NYSE,107.43,81,86,73,84,8.38,224388483.44042206,27132826.0,0.0376,-16.2,96200,94020,109264,-0.102
1091,SIBN,Healthcare,Medical Devices,NASDAQ,107.42,81,73,65,30,19.55,801835033.2564182,44349283.0,0.1538,-10.69,586760,567160,561024,0.152
1092,TDAY,Communication Services,Publishing,NYSE,107.39,81,58,94,94,7.35,1035066512.0532999,146817941.0,0.1933,-20.2,2628700,2394830,2585886,-0.083
1093,OXY,Energy,Oil & Gas E&P,NYSE,107.38,81,78,66,83,58.33,58058940338.070694,999637371.0,0.0002,-13.52,9269310,8541443,8438432,0.534
1094,IAE,Financial Services,Asset Management,NYSE,107.37,81,77,75,71,9.04,95247964.40916538,10750335.0,0.46,-2.48,80990,47780,42402,
1095,KGS,Energy,Oil & Gas Equipment & Services,NYSE,107.36,81,87,93,94,55.89,5492982189.35701,101104031.0,0.0975,-28.05,1779770,1866276,1805878,0.211
1096,BELFA,Technology,Electronic Components,NASDAQ,107.33,81,77,91,96,209.58,3022321244.2474365,14439450.0,0.1004,-28.6,68420,86363,122734,0.252
1097,DGX,Healthcare,Diagnostics & Research,NYSE,107.32,81,78,69,59,228.39,25753416290.89966,110373360.0,0.0327,-8.22,1135030,1098436,998722,0.102
1098,KMX,Consumer Cyclical,Auto & Truck Dealerships,NYSE,107.31,81,84,63,20,55.29,7795498700.534958,141942807.0,0.078600004,-15.3,4709300,2785306,2488398,0.177
1099,TSBK,Financial Services,Banks - Regional,NASDAQ,107.31,81,78,78,79,45.65,353715150.37120056,7775668.0,0.0207,-7.55,27860,32133,35122,0.061
1100,PDSB,Healthcare,Biotechnology,NASDAQ,107.27,81,3,14,82,1.04,54283182.725076675,72474208.0,0.0908,-32.9,13404710,47276900,29482144,
1101,SHOO,Consumer Cyclical,Footwear & Accessories,NASDAQ,107.25,81,67,78,77,45.58,3363951146.4775085,73177095.0,0.08189999,-8.29,1078720,1093703,1091774,0.191
1102,CLW,Basic Materials,Paper & Paper Products,NYSE,107.23,81,76,22,14,19.82,319441253.3181858,16125253.0,0.0433,-15.98,114220,132030,171104,-0.043
1103,NTIP,Industrials,Specialty Business Services,NYSE ARCA,107.21,81,63,55,63,1.63,37269286.480973125,22864593.0,0.0043,-6.86,13100,16950,17748,
1104,FA,Industrials,Specialty Business Services,NASDAQ,107.18,81,90,90,20,18.49,3107024296.3975334,171753691.0,0.13159999,-26.48,2273200,1651690,2031066,0.149
1105,FCAP,Financial Services,Banks - Regional,NASDAQ,107.17,81,76,82,75,64.59,210433905.00487518,3345531.0,0.0448,-9.03,22150,21706,19050,0.144
1106,LSBK,Financial Services,Banks - Regional,NASDAQ,107.16,81,77,78,76,17.99,144352616.8488388,7853788.0,0.0025,-5.76,17380,29123,20820,0.087
1107,FNRN,Financial Services,Banks - Regional,NASDAQ,107.15,81,77,88,84,17.65,293526315.3156872,16508791.0,0.0368,-8.31,104010,99896,106798,-0.017
1108,RGA,Financial Services,Insurance - Reinsurance,NYSE,107.15,81,81,75,59,251.14,16286888506.79184,65301665.0,0.0168,-2.59,372000,330476,347806,0.185
1109,CRVL,Financial Services,Insurance Brokers,NASDAQ,107.12,81,56,34,16,75.83,3812485675.035736,50516571.0,0.1158,-4.53,204620,206563,197876,0.107
1110,HURC,Industrials,Specialty Industrial Machinery,NASDAQ,107.11,81,81,84,42,22.07,144357223.30924988,6476322.0,0.0064,-9.88,15250,22733,21004,0.032
1111,BTG,Basic Materials,Gold,NYSE ARCA,107.11,81,80,24,72,5.21,6869567710.425749,1321070762.0,2.92,-17.17,20094670,25330456,26056940,0.14
1112,TD,Financial Services,Banks - Diversified,NYSE,107.1,81,83,86,83,118.18,192500007175.6656,1633016726.0,4.38,-5.81,2138020,1938066,1989444,0.115
1113,HG,Financial Services,Insurance - Reinsurance,NYSE,107.1,81,83,88,87,34.24,3365709099.511528,98614386.0,0.020599999,-8.23,360600,384433,389324,0.13
1114,TILE,Consumer Cyclical,"Furnishings, Fixtures & Appliances",NASDAQ,107.09,81,78,78,62,35.05,2016658014.121399,57800460.0,0.1025,-13.46,434180,516473,494894,0.054
1115,TTE,Energy,Oil & Gas Integrated,NYSE,107.06,81,79,70,87,83.98,186310873871.93918,2207474769.0,0.0022,-10.82,2244340,1795626,1586292,0.278
1116,TELA,Healthcare,Medical Devices,NASDAQ,107.04,81,19,32,8,1.09,51463486.75421834,45143410.0,0.0176,-31.88,207910,245530,257238,-0.045
1117,RHP,Real Estate,REIT - Hotel & Motel,NYSE,107.04,81,75,83,64,120.91,8392628730.708008,68984288.0,0.0602,-12.04,524240,578783,739618,0.136
1118,HNI,Consumer Cyclical,"Furnishings, Fixtures & Appliances",NYSE,107.02,81,84,38,22,46.74,3379551853.971863,72181800.0,0.059699997,-11.46,539820,567550,568142,1.207
1119,DNOW,Industrials,Industrial Distribution,NYSE,107.01,81,76,38,24,15.88,2849185683.5386066,180785891.0,0.0723,-8.0,1896310,2120710,2371606,1.081
1120,PRE,Consumer Defensive,Packaged Foods,NASDAQ,107.0,81,95,87,96,20.4,338439631.97016335,16779357.0,0.036199998,-25.11,172180,246906,208120,2.107
1121,WDAY,Technology,Software - Application,NASDAQ,107.0,81,67,27,10,186.55,44859739852.90527,241000000.0,0.083100006,-24.6,1843580,3037780,3850404,0.128
1122,KARO,Technology,Software - Application,NASDAQ,107.0,81,88,69,65,61.6,1853598000.0,30893300.0,0.0068,-10.47,91100,69096,83168,0.225
1123,EGO,Basic Materials,Gold,NYSE,106.99,81,90,36,80,38.54,9942089577.264511,260810332.0,5.01,-24.67,3247680,3210016,3095804,0.079
1124,BDX,Healthcare,Medical Instruments & Supplies,NYSE,106.96,81,73,51,47,180.3,48157987071.258545,272386800.0,0.047399998,-6.61,1596360,1763530,1844158,0.054
1125,ZLAB,Healthcare,Biotechnology,NASDAQ,106.96,81,84,22,30,25.58,2731437318.6747665,112266228.0,0.074099995,-24.9,743810,845273,1004556,-0.033
1126,IFF,Basic Materials,Specialty Chemicals,NYSE,106.95,81,78,62,52,83.92,21042111777.18538,255303473.0,0.0877,-6.05,1754810,1674953,1645388,0.018
1127,KODK,Industrials,Specialty Business Services,NYSE,106.95,81,75,37,94,9.87,960399041.0804749,97900000.0,0.104499996,-33.62,744140,843233,886392,0.183
1128,RUM,Communication Services,Internet Content & Information,NASDAQ,106.94,81,79,31,20,7.65,2088760262.606018,275743936.0,0.1673,-27.8,4172210,5496766,4812198,0.609
1129,BZUN,Consumer Cyclical,Internet Retail,NASDAQ,106.92,81,37,38,32,3.47,183443333.97649574,58143688.0,0.0146,-13.47,305420,224513,203046,0.075
1130,ULCC,Industrials,Airlines,NASDAQ,106.91,81,65,92,34,6.25,1425035635.663052,230215771.0,0.4133,-25.64,2216650,2387500,2824314,0.377
1131,KSPI,Technology,Software - Infrastructure,NASDAQ,106.9,81,89,70,46,93.16,17872064947.217194,190027266.0,0.0083,-15.26,507960,615886,608628,0.136
1132,TRV,Financial Services,Insurance - Property & Casualty,NYSE,106.84,81,82,77,66,360.64,75166267446.79272,208575022.0,0.033299997,-9.55,1085250,1350400,1557758,0.003
1133,FNLC,Financial Services,Banks - Regional,NASDAQ,106.81,80,82,81,70,33.75,385968841.0707092,11282340.0,0.0150999995,-7.02,43614,36574,32684,0.129
1134,PCB,Financial Services,Banks - Regional,NASDAQ,106.8,80,78,84,73,28.1,393389305.2345543,14044602.0,0.026400002,-8.88,45950,34286,37482,0.083
1135,HST,Real Estate,REIT - Hotel & Motel,NASDAQ,106.73,80,72,85,81,22.48,15456406075.544096,685124399.0,0.0842,-12.56,8534070,8325490,9132212,0.036
1136,IOT,Technology,Software - Infrastructure,NYSE,106.72,80,63,69,22,41.74,24080085568.586155,585605209.0,0.0913,-12.07,5143390,6994226,6206300,0.299
1137,TRNS,Industrials,Specialty Business Services,NASDAQ,106.71,80,67,75,59,89.8,846033491.3572235,9359813.0,0.0655,-10.2,142250,111550,125832,0.216
1138,PEBK,Financial Services,Banks - Regional,NASDAQ,106.71,80,73,77,83,44.03,235575148.7259102,5321327.0,0.0207,-3.82,14806,21385,30205,0.014
1139,HYMC,Basic Materials,Gold,NASDAQ,106.67,80,95,96,99,19.09,1743429166.199623,93181681.0,0.2321,-67.5,1829330,2034083,1960166,
1140,GOTU,Consumer Defensive,Education & Training Services,NYSE,106.66,80,65,18,14,2.58,599392324.6916652,235055818.0,0.0172,-21.82,586450,511856,414300,0.202
1141,SHBI,Financial Services,Banks - Regional,NASDAQ,106.66,80,80,82,77,22.65,767562348.0,33372276.0,0.0335,-9.0,209510,188400,197990,0.106
1142,TXMD,Healthcare,Drug Manufacturers - Specialty & Generic,NASDAQ,106.59,80,83,81,90,2.02,23727441.54809141,11574362.0,0.0032,-31.53,13640,27873,24070,-0.087
1143,MXC,Energy,Oil & Gas E&P,NYSE ARCA,106.58,80,78,32,51,10.61,20582760.858535767,2046000.0,0.0085,-35.62,32550,71533,49018,0.129
1144,FVCB,Financial Services,Banks - Regional,NASDAQ,106.57,80,82,80,76,17.6,320828523.4608078,18034205.0,0.0231,-7.9,57463,67957,75816,0.264
1145,AMPH,Healthcare,Drug Manufacturers - Specialty & Generic,NASDAQ,106.55,80,50,23,27,25.91,1081739928.9015503,42537944.0,0.2559,-12.23,517520,494960,480656,0.054
1146,GRDX,Healthcare,Biotechnology,NASDAQ,106.54,80,38,94,50,4.17,27169578.22195387,7131123.0,0.007900001,-39.82,94490,104023,113082,
1147,MET,Financial Services,Insurance - Life,NYSE,106.53,80,78,76,45,97.16,60008086410.54217,635476927.0,0.0194,-3.74,3426810,3091533,3365600,0.105
1148,CGON,Healthcare,Biotechnology,NASDAQ,106.52,80,92,92,95,63.64,5972588224.041939,88640375.0,0.1292,-21.4,1166730,921506,873866,
1149,INVX,Energy,Oil & Gas Equipment & Services,NYSE,106.51,80,81,74,85,27.62,1906794786.3018894,69820389.0,0.075100005,-18.07,558100,796373,800216,0.092
1150,MLKN,Consumer Cyclical,"Furnishings, Fixtures & Appliances",NASDAQ,106.48,80,86,74,31,20.72,1392507835.0529766,68799795.0,0.0788,-16.15,681630,689726,643146,-0.034
1151,AVAL,Financial Services,Banks - Regional,NYSE,106.48,80,82,83,87,4.97,5674690955.718973,1187173788.0,0.0013,-19.84,159380,129280,145430,0.186
1152,CFFN,Financial Services,Banks - Regional,NASDAQ,106.43,80,81,81,79,8.52,1058509837.2676582,123369446.0,0.0802,-7.99,1027790,948593,924620,0.183
1153,SDRL,Energy,Oil & Gas Drilling,NYSE,106.42,80,81,67,91,45.09,2742442180.1193314,62541443.0,0.0774,-18.71,586130,595740,631608,0.191
1154,BGC,Financial Services,Capital Markets,NASDAQ,106.42,80,78,62,80,11.85,5600995502.196741,475466522.0,0.0379,-8.07,4354770,3660423,3359336,0.083
1155,JOF,Financial Services,Asset Management,NYSE,106.42,80,76,70,70,12.64,358990426.4717045,28333893.0,0.12,-1.63,46983,60317,67540,0.423
1156,GNRC,Industrials,Specialty Industrial Machinery,NYSE,106.42,80,29,83,84,223.62,12805061288.248825,59063935.0,0.0424,-24.56,1027170,1360200,1288428,0.106
1157,RPD,Technology,Software - Infrastructure,NASDAQ,106.41,80,70,83,3,12.27,821613773.3175659,67400640.0,0.1296,-39.17,1332720,1848723,2036756,-0.015
1158,ABNB,Consumer Cyclical,Travel Services,NASDAQ,106.41,80,87,65,59,160.39,95766398009.0055,589585682.0,0.035,-17.09,5650720,4859420,5134218,0.165
1159,BWA,Consumer Cyclical,Auto Parts,NYSE,106.4,80,79,88,85,63.36,12325887837.311058,203666354.0,0.0359,-19.61,2708780,2253870,2271704,0.003
1160,SEIC,Financial Services,Asset Management,NASDAQ,106.35,80,82,70,35,102.86,12293564848.886948,120019182.0,0.0202,-8.28,698060,823616,734904,0.147
1161,BBY,Consumer Cyclical,Specialty Retail,NYSE,106.34,80,81,79,36,84.85,18449745849.075256,209727698.0,0.086,-12.1,3041260,3992626,3687098,0.036
1162,EPSN,Energy,Oil & Gas E&P,NASDAQ,106.33,80,73,44,72,5.97,173828884.52859306,30283779.0,0.16600001,-10.23,103080,154600,151434,0.571
1163,RBB,Financial Services,Banks - Regional,NASDAQ,106.32,80,78,86,75,26.1,443029106.1940994,16915964.0,0.0372,-7.58,87840,91766,108084,0.173
1164,USCB,Financial Services,Banks - Regional,NASDAQ,106.32,80,83,63,64,22.3,416599284.40509796,18474470.0,0.0214,-6.64,60270,78836,71768,0.141
1165,TXO,Energy,Oil & Gas E&P,NYSE,106.32,80,80,63,36,13.96,765661128.0539904,55242507.0,0.0197,-10.39,148880,164293,177512,0.679
1166,WS,Basic Materials,Steel,NYSE,106.3,80,35,38,55,38.19,1883496566.620697,50946619.0,0.065799996,-22.33,381100,326823,283372,0.116
1167,ETN,Industrials,Specialty Industrial Machinery,NYSE,106.27,80,71,61,73,445.09,169341507312.01172,388300000.0,0.02,-6.88,1747240,1978676,2118974,0.214
1168,AUC,Financial Services,Capital Markets,NASDAQ,106.26,80,56,29,18,8.71,89416944.69684792,10313373.0,0.0007,-19.94,4920,5476,4646,3.0
1169,RHI,Industrials,Staffing & Employment Services,NYSE,106.26,80,89,78,24,33.67,3697309118.025772,102361828.0,0.2328,-27.9,1829500,1913060,1966006,-0.024
1170,GFR,Energy,Oil & Gas E&P,NYSE,106.23,80,69,73,79,6.21,1394399459.4552727,240413692.0,0.0307,-13.27,735250,1305850,970916,0.219
1171,CCNE,Financial Services,Banks - Regional,NASDAQ,106.22,80,79,81,79,33.83,1010110120.7004166,29621999.0,0.0299,-6.47,128960,143160,152710,0.51
1172,BNED,Consumer Cyclical,Specialty Retail,NYSE,106.2,80,85,82,57,11.64,405926917.12236404,34664980.0,0.0692,-21.08,165170,268916,232628,0.008
1173,IRWD,Healthcare,Drug Manufacturers - Specialty & Generic,NASDAQ,106.16,80,95,98,99,3.63,601473424.4143603,165239947.0,0.1238,-37.2,1900310,1958513,2087204,0.326
1174,GCO,Consumer Cyclical,Apparel Retail,NYSE,106.14,80,66,74,79,36.14,376541281.34487915,10820152.0,0.1303,-17.11,123020,213253,206630,-0.03
1175,SCZM,Basic Materials,Other Industrial Metals & Mining,NASDAQ,106.09,80,89,32,96,8.96,818314516.9364891,92990284.0,5.03,-49.22,380400,438023,484690,0.548
1176,PAGS,Technology,Software - Infrastructure,NYSE,105.98,80,57,36,77,10.72,2521264565.733799,279519339.0,0.1279,-12.99,5133450,3751386,3347382,-0.002
1177,SBS,Utilities,Utilities - Regulated Water,NYSE,105.97,80,45,69,91,6.41,18919271995.98216,3516593233.0,0.0058999998,-10.45,9458580,9507270,9541698,0.139
1178,AUDC,Technology,Communication Equipment,NASDAQ,105.93,80,68,68,48,10.89,267854489.1454239,24152794.0,0.0116,-3.46,131660,108623,116642,0.031
1179,RIO,Basic Materials,Other Industrial Metals & Mining,NYSE,105.9,80,84,72,87,95.89,153222164611.19583,1626389620.0,0.0092,-14.83,2145910,1849933,2141352,0.155
1180,BHB,Financial Services,Banks - Regional,NYSE ARCA,105.89,80,79,73,69,38.99,661421868.7915039,16766080.0,0.037100002,-5.18,124680,95163,95956,0.423
1181,SWBI,Industrials,Aerospace & Defense,NASDAQ,105.88,80,65,88,90,14.52,656452930.5944824,44839680.0,0.0634,-17.31,429120,609490,542520,0.323
1182,AME,Industrials,Specialty Industrial Machinery,NYSE,105.88,80,66,66,76,253.72,57757783521.7605,229261244.0,0.0146,-2.85,1487770,1412770,1404518,0.15
1183,ESEA,Industrials,Marine Shipping,NASDAQ,105.87,80,72,79,90,72.22,510950679.10121155,7055381.0,0.0196,-9.35,40300,38736,41068,-0.013
1184,PAG,Consumer Cyclical,Auto & Truck Dealerships,NYSE,105.85,80,83,74,35,199.01,13397195898.035126,65662873.0,0.118,-12.33,460220,371303,381600,0.06
1185,KRNY,Financial Services,Banks - Regional,NASDAQ,105.85,80,87,84,73,9.22,588774903.7210464,63173275.0,0.0523,-9.96,486720,556146,596080,0.149
1186,QNBC,Financial Services,Banks - Regional,NASDAQ,105.84,80,76,71,80,45.56,283206313.6198578,6209303.0,0.0036000002,-0.96,21343,14964,12074,0.403
1187,AFRI,Consumer Defensive,Farm Products,NASDAQ,105.82,80,72,68,56,11.64,303073274.4284725,26963815.0,0.0228,-2.29,22960,25183,21974,-0.222
1188,WTS,Industrials,Specialty Industrial Machinery,NYSE,105.82,80,77,76,73,362.45,12120384208.00476,33383050.0,0.0363,-8.13,174010,196980,195822,0.186
1189,VEEE,Consumer Cyclical,Recreational Vehicles,NASDAQ,105.82,80,23,85,1,10.48,6351569.203129768,584321.0,0.040599998,-91.79,71120,1062593,697630,-0.342
1190,PM,Consumer Defensive,Tobacco,NYSE,105.81,80,67,64,35,190.4,292177685739.2636,1558613439.0,0.0089,-8.36,4262600,4262090,4546136,0.104
1191,FMBH,Financial Services,Banks - Regional,NASDAQ,105.8,79,78,76,71,49.51,1329563549.582611,26601912.0,0.0218,-7.22,138080,127976,124270,0.26
1192,BLTE,Healthcare,Biotechnology,NASDAQ,105.8,79,94,86,95,155.61,6425823198.319336,40272144.0,0.05,-22.19,165990,195260,187440,
1193,CHMI,Real Estate,REIT - Mortgage,NYSE,105.8,79,82,33,64,2.62,97541124.03593588,36947394.0,0.0001,-12.08,221230,217990,384268,0.276
1194,BATRA,Communication Services,Entertainment,NASDAQ,105.79,79,71,77,65,57.75,3697354156.6012917,64167897.0,0.0654,-4.51,48860,62470,68742,-0.023
1195,GPRE,Basic Materials,Chemicals,NASDAQ,105.76,79,82,92,96,15.16,1067551813.3529053,70095328.0,0.1924,-22.85,1149900,1603303,1498802,-0.193
1196,LCNB,Financial Services,Banks - Regional,NASDAQ,105.76,79,74,67,65,18.83,269989480.3329849,14254988.0,0.0134000005,-11.68,28940,30663,36692,0.092
1197,GSBC,Financial Services,Banks - Regional,NASDAQ,105.74,79,77,78,69,79.2,863845343.3077927,10897507.0,0.075,-4.47,93690,92526,90852,-0.041
1198,NE,Energy,Oil & Gas Drilling,NYSE,105.74,79,79,76,94,41.45,6497438394.3973465,159642218.0,0.0,-24.61,1186960,1185990,1294290,-0.163
1199,KO,Consumer Defensive,Beverages - Non-Alcoholic,NYSE,105.7,79,76,74,59,86.17,368513349228.11914,4302549243.0,0.0095,-6.83,15869150,15909416,15896694,0.067
1200,SAIC,Technology,Information Technology Services,NASDAQ,105.68,79,80,64,29,124.59,5295594438.253029,42276819.0,0.060900003,-12.67,385960,496023,453496,0.063
1201,IAUX,Basic Materials,Gold,NYSE ARCA,105.67,79,88,75,93,1.61,1402760730.588941,865901683.0,0.10569999,-28.13,5901110,7777283,9467090,-0.125
1202,GRMN,Technology,Scientific & Technical Instruments,NYSE,105.66,79,77,50,77,279.21,54222419728.00708,192852536.0,0.0188,-11.16,730600,812200,919338,0.114
1203,BLMN,Consumer Cyclical,Restaurants,NASDAQ,105.61,79,89,76,24,8.34,726065336.9658546,85620917.0,0.1254,-33.97,2857450,2345680,2305452,0.013
1204,LTC,Real Estate,REIT - Healthcare Facilities,NYSE,105.6,79,75,65,70,42.44,2317939209.0,53905563.0,0.062,-2.66,607070,585976,568446,0.655
1205,CLF,Basic Materials,Steel,NYSE,105.59,79,59,29,28,12.25,6458513157.924995,570540047.0,0.1421,-26.65,16877260,14046090,16077942,0.059
1206,PRAA,Financial Services,Credit Services,NASDAQ,105.57,79,70,59,80,20.04,710417904.815464,37648006.0,0.0348,-11.13,478900,438986,433482,0.294
1207,PDLB,Financial Services,Banks - Regional,NASDAQ,105.57,79,77,80,76,20.34,492223794.576952,24187901.0,0.0185,-3.6,89480,81560,78890,0.184
1208,SOLV,Healthcare,Medical Instruments & Supplies,NYSE,105.56,79,71,57,32,87.04,14954154332.909203,170223729.0,0.0337,-7.56,788550,882326,1063054,0.022
1209,JELD,Industrials,Building Products & Equipment,NYSE,105.55,79,50,10,3,1.82,163982790.73883986,86763382.0,0.113800004,-63.38,2065080,1809210,1812846,-0.007
1210,PETZ,Real Estate,Real Estate Services,NASDAQ,105.52,79,65,58,51,1.3,13420247.907748222,10323268.0,0.012200001,-28.77,9200,745410,478268,0.446
1211,NEM,Basic Materials,Gold,NYSE,105.52,79,87,49,87,116.39,121764676264.2691,1053692271.0,0.0183,-13.97,5019160,7093813,7277328,0.151
1212,JBL,Technology,Electronic Components,NYSE,105.47,79,74,83,89,309.19,31898238146.23178,104787089.0,0.0324,-27.92,1750280,1299770,1208950,0.286
1213,HCC,Basic Materials,Coking Coal,NYSE,105.47,79,86,63,83,92.42,4717866392.880409,52802087.0,0.0992,-17.05,586620,614483,649058,0.713
1214,WSFS,Financial Services,Banks - Regional,NASDAQ,105.46,79,80,82,80,75.92,4009805577.270508,51388000.0,0.074099995,-8.46,321370,353643,350678,0.088
1215,ATEN,Technology,Software - Infrastructure,NYSE,105.45,79,66,95,88,28.58,2006187189.2940845,72609021.0,0.18969999,-25.75,1219860,1153283,1322586,0.155
1216,CRM,Technology,Software - Application,NYSE,105.4,79,78,21,17,224.99,193149872009.27734,823000000.0,0.0454,-16.39,9836030,14632720,13744864,0.108
1217,ABBV,Healthcare,Drug Manufacturers - General,NYSE,105.39,79,69,75,50,266.69,464433777786.45355,1767117285.0,0.0123000005,-1.0,4406890,4260683,4695338,0.102
1218,MTUS,Basic Materials,Steel,NYSE,105.37,79,62,64,53,20.92,824426233.4613647,41449284.0,0.070700005,-7.35,345630,337116,360450,0.12
1219,WPM,Basic Materials,Gold,NYSE,105.28,79,86,31,85,137.65,61892919884.64551,454159968.0,2.74,-16.96,2056090,1945046,2102884,0.847
1220,NRC,Healthcare,Health Information Services,NASDAQ,105.21,79,80,88,77,20.08,450535068.69547844,22139315.0,0.2848,-15.2,121780,121046,128924,0.04
1221,LARK,Financial Services,Banks - Regional,NASDAQ,105.2,79,77,75,59,31.27,191314255.24349976,6100582.0,0.020499999,-9.62,6170,8540,9156,0.145
1222,WES,Energy,Oil & Gas Midstream,NYSE,105.2,79,82,74,57,46.18,18493694089.180164,413174593.0,0.0248,-7.77,934670,838423,855540,0.3
1223,IHD,Financial Services,Asset Management,NYSE,105.19,79,78,75,78,7.68,135501975.67200708,17735861.0,0.0019,-5.65,110952,64780,75606,
1224,UTMD,Healthcare,Medical Instruments & Supplies,NASDAQ,105.16,79,64,67,74,73.83,235275119.6228485,3173818.0,0.0664,-3.98,31510,33490,33396,-0.143
1225,MFC,Financial Services,Insurance - Life,NYSE,105.15,79,81,76,73,42.93,71127113188.68013,1656816042.0,2.94,-5.29,1306910,1609053,2231302,0.107
1226,EBF,Industrials,Specialty Business Services,NYSE,105.15,79,66,66,72,22.56,570729002.8092651,25298272.0,0.0954,-1.66,175640,161806,159892,0.034
1227,GNE,Utilities,Utilities - Regulated Electric,NYSE,105.15,79,63,31,27,16.42,432431413.9221115,26319623.0,0.0345,-2.44,80010,75756,77208,-0.046
1228,EMR,Industrials,Specialty Industrial Machinery,NYSE,105.11,79,64,37,59,161.4,90146058340.4541,557800000.0,0.0150999995,-2.98,2722290,2404950,2611054,0.07
1229,SJ,Communication Services,Internet Content & Information,NASDAQ,105.1,79,31,65,93,1.0,35074245.31511307,42462768.0,0.00059999997,-38.65,18800,42116,34674,-0.08
1230,CLH,Industrials,Waste Management,NYSE,105.09,79,76,70,78,318.06,16813266875.980469,52787248.0,0.0225,-5.32,385170,381000,440106,0.119
1231,PCTY,Technology,Software - Application,NASDAQ,105.09,79,66,37,12,146.16,7998726087.585449,55366000.0,0.065,-9.74,657950,632880,722444,0.11
1232,AEIS,Industrials,Electrical Equipment & Parts,NASDAQ,105.09,79,76,85,97,302.77,12186548442.8703,40050442.0,0.0623,-23.82,447290,514096,593388,0.3
1233,BAX,Healthcare,Medical Instruments & Supplies,NYSE,105.08,79,81,60,19,24.36,12144235898.179007,516995999.0,0.0709,-18.8,7381670,6408273,7002932,0.053
1234,FOCL,Healthcare,Medical Distribution,NASDAQ,105.03,79,78,97,92,4.27,198310130.99412918,47216700.0,0.0064,-33.28,79520,76650,132060,0.388
1235,IMPP,Energy,Oil & Gas Midstream,NASDAQ,104.97,79,72,76,78,5.2,243249485.21429253,45213658.0,0.1089,-20.85,491630,525506,440792,1.396
1236,MCBS,Financial Services,Banks - Regional,NASDAQ,104.95,79,75,80,69,34.86,1009693266.5404739,28660042.0,0.036,-6.94,92200,80200,78238,0.339
1237,TEO,Communication Services,Telecom Services,NYSE,104.95,79,73,86,76,12.69,5048244810.459349,430737602.0,0.0031,-22.34,274720,308353,276508,0.004
1238,TRIN,Financial Services,Asset Management,NYSE,104.94,79,79,79,64,17.38,1665659981.1090927,94693574.0,0.066,-8.02,751890,869843,962310,0.193
1239,AVPT,Technology,Software - Infrastructure,NASDAQ,104.93,79,63,51,14,14.59,2976725479.255356,211565426.0,0.0621,-6.35,2858830,2106646,2056556,0.22
1240,ORIC,Healthcare,Biotechnology,NASDAQ,104.92,79,84,36,62,11.98,1265080658.57193,103652656.0,0.1709,-19.76,1714970,1425460,1456930,
1241,RMT,Financial Services,Asset Management,NYSE,104.89,79,79,82,83,13.63,737004502.272419,54191506.0,0.00029999999,-7.78,81741,94760,98118,0.089
1242,MTCH,Communication Services,Internet Content & Information,NASDAQ,104.89,79,77,74,63,40.62,9405306257.132706,233266526.0,0.057800002,-9.6,3179820,3423446,3357118,-0.012
1243,GFF,Industrials,Building Products & Equipment,NYSE,104.87,79,75,68,58,94.51,4256344517.8114014,45294716.0,0.0624,-12.95,360230,342273,353300,0.07
1244,MUR,Energy,Oil & Gas E&P,NYSE,104.85,79,73,62,86,37.79,5398545010.286591,143349576.0,0.0994,-12.81,1575470,1588716,1702224,0.356
1245,JWEL,Consumer Cyclical,Internet Retail,NASDAQ,104.85,79,34,25,75,2.4,5821521.063302755,2376131.0,0.023599999,-53.58,20010,59073,1780724,0.878
1246,ST,Technology,Scientific & Technical Instruments,NYSE,104.84,79,67,81,83,43.92,6332265111.342888,145535862.0,0.0509,-18.5,1143870,1297280,1457440,0.05
1247,CTKB,Healthcare,Medical Devices,NASDAQ,104.83,79,60,54,62,5.38,763001680.2345972,129983253.0,0.051,-12.94,1414250,1257196,1098088,0.056
1248,EMBJ,Industrials,Aerospace & Defense,NYSE,104.83,79,80,46,72,75.2,13384242451.924324,177958285.0,0.0095999995,-6.87,1378970,1242346,1289882,0.104
1249,HOG,Consumer Cyclical,Recreational Vehicles,NYSE,104.81,79,69,62,47,26.94,2554979967.4489784,104072507.0,0.24159999,-6.65,2191450,1832890,1921084,-0.059
1250,JHX,Basic Materials,Building Materials,NYSE,104.8,79,88,58,24,25.53,14507256842.248947,580522488.0,0.026300002,-18.77,9224170,11606476,9690198,0.639
1251,IVZ,Financial Services,Asset Management,NYSE,104.8,79,84,79,78,30.38,13536383187.43248,441499780.0,0.0427,-9.74,4895370,4141796,4392154,0.205
1252,FRST,Financial Services,Banks - Regional,NASDAQ,104.79,78,81,82,82,15.48,387361501.80197144,24799072.0,0.0334,-8.29,113370,141170,155812,0.442
1253,NOVT,Technology,Scientific & Technical Instruments,NASDAQ,104.78,78,68,75,53,149.1,5645058689.474945,37817770.0,0.1511,-15.47,320750,347600,387568,0.103
1254,KWR,Basic Materials,Specialty Chemicals,NYSE,104.77,78,73,66,44,161.08,2765793868.9407654,17207702.0,0.158,-11.98,135700,146876,153986,0.102
1255,NOVTU,Technology,Scientific & Technical Instruments,NASDAQ,104.76,78,69,77,62,64.41,,,4.88,-16.3,27262,35830,33246,0.103
1256,BATRK,Communication Services,Entertainment,NASDAQ,104.75,78,69,77,62,52.41,3338655602.5800476,64167897.0,0.0733,-4.47,575370,476796,538962,-0.023
1257,AVR,Healthcare,Medical Devices,NASDAQ,104.71,78,88,96,93,7.05,750508388.8433104,97342203.0,0.0941,-36.23,1207570,848013,884460,0.633
1258,ALM,Basic Materials,Other Industrial Metals & Mining,NASDAQ,104.65,78,97,91,99,13.04,3865641939.953327,288480750.0,2.99,-46.58,5885930,6127763,6819322,4.977
1259,SIG,Consumer Cyclical,Luxury Goods,NYSE,104.63,78,32,35,69,102.1,3853948371.1009674,38317243.0,0.2142,-7.35,758920,1023373,869974,-0.005
1260,EGBN,Financial Services,Banks - Regional,NASDAQ,104.63,78,73,71,81,28.24,865135128.1568317,30483973.0,0.1177,-3.58,332820,291440,270194,
1261,DCOM,Financial Services,Banks - Regional,NYSE,104.59,78,79,81,80,39.47,1760965055.7643318,44156595.0,0.1146,-5.96,308140,295203,305416,0.12
1262,IAG,Basic Materials,Gold,NYSE,104.53,78,87,65,94,18.55,10574920261.383057,571000000.0,1.73,-25.41,4570230,5067230,5607830,0.475
1263,YJ,Consumer Cyclical,Internet Retail,NASDAQ,104.53,78,69,22,62,1.7,7979374.823486805,4925540.0,0.126,-87.83,86370,387360,4184998,-0.392
1264,PRGO,Healthcare,Drug Manufacturers - Specialty & Generic,NYSE,104.52,78,77,14,11,14.0,1978849465.4617596,138769245.0,0.2502,-37.72,3021970,2776280,2827366,-0.032
1265,GOLD,Financial Services,Capital Markets,NYSE,104.5,78,86,69,90,41.57,1230488939.4285965,29096451.0,0.16469999,-37.68,394030,654753,561776,0.992
1266,STKE,Financial Services,Capital Markets,NASDAQ,104.5,78,14,16,2,1.84,67918978.51514816,39718700.0,0.0066000004,-59.91,505480,416593,322110,-0.412
1267,WOR,Industrials,Metal Fabrication,NYSE,104.48,78,64,35,40,61.64,2967898709.974365,48926784.0,0.0429,-8.74,529870,440720,345270,0.132
1268,PNRG,Energy,Oil & Gas E&P,NASDAQ,104.45,78,75,40,64,210.25,323894921.7956543,1582600.0,0.126,-24.61,81090,94976,91480,-0.039
1269,ENS,Industrials,Electrical Equipment & Parts,NYSE,104.44,78,69,90,93,192.49,7079603581.262329,36065224.0,0.097399995,-21.21,542880,564333,552808,0.048
1270,SONO,Technology,Consumer Electronics,NASDAQ,104.43,78,30,60,64,17.43,2093803518.5511436,118293979.0,0.1308,-12.06,2238180,1986860,1927804,0.088
1271,SJM,Consumer Defensive,Packaged Foods,NYSE,104.42,78,73,70,28,116.8,12518609076.568787,106823183.0,0.0454,-14.05,1104640,1393306,1293934,0.05
1272,QSI,Healthcare,Medical Devices,NASDAQ,104.4,78,14,20,16,1.22,339270053.16280174,218883912.0,0.0732,-60.65,12374290,5250263,4455282,-0.418
1273,MD,Healthcare,Medical Care Facilities,NYSE,104.4,78,83,88,83,26.0,2110147392.0778065,81253271.0,0.083000004,-6.94,727570,732100,779332,0.04
1274,FBP,Financial Services,Banks - Regional,NYSE,104.4,78,83,77,64,26.83,4128150106.491974,152668268.0,0.0713,-10.21,1356840,1380346,1343500,0.094
1275,DDS,Consumer Cyclical,Department Stores,NYSE,104.39,78,58,34,78,655.25,10216838864.809448,15619451.0,0.283,-11.69,218420,191383,177932,-0.004
1276,KRP,Energy,Oil & Gas E&P,NYSE,104.37,78,70,71,71,14.94,1471063439.0222473,100895984.0,0.0382,-5.44,927260,944126,970038,0.378
1277,SAN,Financial Services,Banks - Diversified,NYSE,104.37,78,85,82,83,14.01,193671972636.65414,14496405510.0,0.0034,-6.91,9272660,8750653,13277202,0.102
1278,SWK,Industrials,Tools & Accessories,NYSE,104.35,78,80,75,35,89.99,13793859435.900543,151016641.0,0.0543,-14.03,1568750,1652603,1859268,0.004
1279,THFF,Financial Services,Banks - Regional,NASDAQ,104.33,78,79,81,77,74.39,891773255.6361694,11891896.0,0.0354,-11.62,104490,116306,107012,0.155
1280,MF,Communication Services,Advertising Agencies,NASDAQ,104.33,78,97,1,6,11.4,25761513.578704834,1818032.0,0.0063,-86.35,45250,107020,220030,-0.326
1281,GABC,Financial Services,Banks - Regional,NASDAQ,104.32,78,76,71,67,49.06,1856393172.5407104,37578808.0,0.0359,-6.07,135890,131206,140268,0.11
1282,IMO,Energy,Oil & Gas Integrated,NYSE ARCA,104.31,78,82,79,88,122.19,62492868095.664986,497237969.0,0.20899999,-12.37,583050,626766,573548,0.426
1283,THG,Financial Services,Insurance - Property & Casualty,NYSE,104.27,78,80,79,56,220.04,7640600838.999084,34820221.0,0.0241,-6.79,269850,298343,307710,0.043
1284,TKR,Industrials,Tools & Accessories,NYSE,104.23,78,79,92,83,119.54,8508907974.064331,69494510.0,0.0636,-18.33,942790,924523,978920,0.075
1285,SEZL,Financial Services,Credit Services,NASDAQ,104.21,78,86,97,46,112.84,3617033377.0615845,33675014.0,0.2644,-42.34,526880,472790,623222,0.517
1286,EQIX,Real Estate,REIT - Specialty,NASDAQ,104.2,78,74,75,83,1047.36,101209518873.14795,98671686.0,0.0197,-7.2,480390,508106,553940,0.167
1287,BY,Financial Services,Banks - Regional,NYSE,104.18,78,78,79,74,37.34,1705335566.6439056,45186420.0,0.057800002,-6.72,235100,271890,253830,0.117
1288,TAL,Consumer Defensive,Education & Training Services,NYSE,104.17,78,73,33,60,12.6,6689697356.001909,554701254.0,0.0945,-5.76,2441120,4676853,4990366,0.319
1289,MBWM,Financial Services,Banks - Regional,NASDAQ,104.17,78,78,72,70,58.83,1028512775.5,17285929.0,0.0353,-6.54,102527,109329,111331,0.189
1290,BCAL,Financial Services,Banks - Regional,NASDAQ,104.15,78,74,77,68,21.66,700238805.0560246,32150541.0,0.0306,-3.35,210490,214193,195440,-0.016
1291,Q,Technology,Semiconductor Equipment & Materials,NYSE,104.13,78,66,84,85,133.63,27506738339.804672,209208543.0,0.024500001,-24.62,1234010,1564426,1753358,0.221
1292,MGA,Consumer Cyclical,Auto Parts,NYSE,104.1,78,77,81,79,65.66,17273756374.579422,267519846.0,0.028800001,-10.33,1023620,1127143,1198888,0.033
1293,DVA,Healthcare,Medical Care Facilities,NYSE,104.04,78,74,94,71,180.4,11400422155.761719,63800000.0,0.1325,-27.11,541810,654773,810700,0.052
1294,SPSC,Technology,Software - Application,NASDAQ,104.03,78,72,23,7,81.02,2964614273.968094,36000174.0,0.107200004,-29.47,445000,502913,558370,0.056
1295,DBI,Consumer Cyclical,Footwear & Accessories,NYSE,103.92,78,33,69,95,5.94,309807825.31469536,51123404.0,0.36099997,-35.22,632940,741376,603090,-0.012
1296,KEX,Industrials,Marine Shipping,NYSE,103.83,78,72,77,83,138.5,7279535742.1875,52800000.0,0.044299997,-12.17,536130,441490,483100,0.078
1297,HSBC,Financial Services,Banks - Diversified,NYSE,103.82,78,88,84,85,97.58,328925471110.53345,3421317591.0,4.57,-9.58,1736520,1440050,1359438,0.254
1298,MCK,Healthcare,Medical Distribution,NYSE,103.8,78,67,47,65,921.67,105197156143.37329,116590363.0,0.0249,-7.74,680170,882470,945404,0.077
1299,AIP,Technology,Semiconductors,NASDAQ,103.78,78,87,98,94,24.13,1212090827.8199844,49152102.0,0.066199996,-51.99,629000,712953,704184,0.462
1300,WEAV,Healthcare,Health Information Services,NYSE,103.76,78,79,74,16,7.38,592919777.8131771,80450446.0,0.0752,-4.16,1180190,2237410,3194988,0.155
1301,GDYN,Technology,Information Technology Services,NASDAQ,103.75,78,69,21,10,7.82,650637622.7569389,81126881.0,0.0868,-23.41,750360,908713,1378636,0.07
1302,GO,Consumer Defensive,Grocery Stores,NASDAQ,103.73,78,80,54,11,11.41,1151361785.7006798,99084492.0,0.32840002,-32.84,2485460,2430100,2598320,0.011
1303,IPAR,Consumer Defensive,Household & Personal Products,NASDAQ,103.7,78,76,76,34,112.85,3649337647.2150726,32025781.0,0.1158,-12.72,225340,219300,238014,0.021
1304,REBN,Consumer Cyclical,Restaurants,NASDAQ,103.68,78,5,11,77,2.1,18791866.535455227,8620122.0,0.0211,-28.81,245100,216640,164564,2.446
1305,SLB,Energy,Oil & Gas Equipment & Services,NYSE,103.67,78,83,66,85,50.0,72337143570.02513,1484143231.0,0.0467,-17.3,12686860,14232170,12558396,0.05
1306,ONC,Healthcare,Biotechnology,NASDAQ,103.6,78,74,41,55,362.78,40505653017.80145,113122161.0,0.0212,-5.83,410260,374413,383570,0.296
1307,MKTX,Financial Services,Capital Markets,NASDAQ,103.58,78,66,12,31,164.03,5777267894.097336,35197197.0,0.0865,-16.3,779570,865186,1212176,-0.005
1308,CF,Basic Materials,Agricultural Inputs,NYSE,103.56,78,90,77,87,116.02,17405398654.593124,151338130.0,0.0773,-18.27,2270920,2597053,2526508,0.176
1309,LH,Healthcare,Diagnostics & Research,NYSE,103.56,78,77,57,54,311.71,25018538208.007812,81100000.0,0.030299999,-8.8,739070,781206,743860,0.058
1310,AGRO,Consumer Defensive,Farm Products,NYSE,103.54,78,83,52,88,10.82,1457510511.6491203,144307966.0,0.0419,-31.91,575780,714176,805118,0.39
1311,DSGN,Healthcare,Biotechnology,NASDAQ,103.52,77,95,95,97,11.97,772257582.8892021,62581651.0,0.115600005,-30.61,554660,718556,626822,
1312,STBA,Financial Services,Banks - Regional,NASDAQ,103.52,77,76,77,71,48.81,1750579001.3556519,35265492.0,0.0734,-8.77,281270,282593,262736,0.061
1313,CCO,Communication Services,Advertising Agencies,NYSE,103.5,77,75,87,93,2.4,1216734342.9560697,509093845.0,0.1041,-1.64,5863470,4863013,7673392,0.087
1314,CAH,Healthcare,Medical Distribution,NYSE,103.49,77,80,80,78,233.44,52864999170.16304,231559345.0,0.033299997,-9.62,1874480,1739003,1851260,0.058
1315,URI,Industrials,Rental & Leasing Services,NYSE,103.47,77,64,81,33,1080.62,67286622739.90723,62242489.0,0.028399998,-8.36,542050,467806,459958,0.118
1316,PFG,Financial Services,Asset Management,NASDAQ,103.45,77,82,84,70,109.7,23971155410.341347,214104641.0,0.0512,-9.47,1271260,1409936,1335878,0.064
1317,SVM,Basic Materials,Silver,NYSE ARCA,103.45,77,92,68,96,10.51,2340362732.343298,221206309.0,0.1257,-33.35,1834390,1931570,2266948,0.705
1318,FXNC,Financial Services,Banks - Regional,NASDAQ,103.43,77,74,75,82,30.05,271821422.9107151,9042629.0,0.0231,-9.6,28397,25962,29617,0.1
1319,DAL,Industrials,Airlines,NYSE,103.43,77,71,85,79,83.66,55299518184.41254,657623030.0,0.0401,-12.56,7125050,6873643,6018220,0.187
1320,BUSE,Financial Services,Banks - Regional,NASDAQ,103.41,77,76,75,72,29.4,2455012864.0792694,82576956.0,0.0559,-7.26,848150,757186,760774,-0.009
1321,NML,Financial Services,Asset Management,NYSE ARCA,103.41,77,74,74,74,10.33,568289032.710434,56658928.0,0.0036000002,-5.92,131084,143314,145260,
1322,NX,Industrials,Building Products & Equipment,NYSE,103.4,77,88,35,66,18.85,870697952.0,45826208.0,0.1187,-19.2,394290,479210,412494,0.013
1323,LNG,Energy,Oil & Gas Midstream,NYSE,103.4,77,76,66,73,275.26,55753898473.26892,206534158.0,0.0189,-8.52,1877290,2132456,1891362,0.227
1324,SHO,Real Estate,REIT - Hotel & Motel,NYSE,103.38,77,64,78,62,11.22,2117901551.828786,185943941.0,0.0001,-7.04,1782790,2031933,2175310,0.062
1325,RNW,Utilities,Utilities - Renewable,NASDAQ,103.38,77,58,55,21,6.87,2493598362.667618,364561156.0,0.0378,-15.91,1032360,1808246,2363868,0.143
1326,CDZIP,Industrials,Pollution & Treatment Controls,NASDAQ,103.37,77,70,80,61,21.98,,,4.73,-11.3,9570,6780,5866,-0.763
1327,RIG,Energy,Oil & Gas Drilling,NYSE,103.33,77,77,81,95,5.4,5774270124.661188,1116880085.0,0.2732,-29.5,39570940,41867813,42821538,-0.022
1328,OFG,Financial Services,Banks - Regional,NYSE,103.31,77,79,72,54,50.84,2167797225.9552155,42265494.0,0.0713,-6.66,248315,261798,249757,0.104
1329,ROST,Consumer Cyclical,Apparel Retail,NASDAQ,103.3,77,75,80,86,224.21,73007811614.63425,319453110.0,0.0346,-12.76,1951940,2082583,2361790,0.133
1330,CRESY,Industrials,Conglomerates,NASDAQ,103.26,77,69,37,56,12.13,804291733.462326,70925196.0,0.0809,-14.64,306310,284623,268144,0.083
1331,CACI,Technology,Information Technology Services,NYSE,103.24,77,72,29,49,599.64,13592135653.293152,22099597.0,0.0561,-12.27,262400,267063,279520,0.176
1332,INBK,Financial Services,Banks - Regional,NASDAQ,103.21,77,82,65,46,26.73,241221321.209507,8733574.0,0.0256,-14.02,41330,52830,50288,0.39
1333,IMMR,Technology,Software - Application,NASDAQ,103.2,77,75,59,29,7.17,245392638.55651522,33206041.0,0.0773,-10.93,301770,351843,450498,0.008
1334,CSX,Industrials,Railroads,NASDAQ,103.18,77,79,84,78,47.5,87862885878.64047,1852474917.0,0.022,-11.38,9809940,10209516,10496206,0.101
1335,SLF,Financial Services,Insurance - Diversified,NYSE,103.15,77,80,79,66,77.73,43686933265.134445,556025626.0,3.67,-7.88,453500,822080,807350,0.075
1336,CM,Financial Services,Banks - Diversified,NYSE,103.11,77,79,84,85,111.59,100798989167.86102,907935437.0,13.01,-10.63,1762030,1447090,1255078,0.166
1337,PBHC,Financial Services,Banks - Regional,NASDAQ,103.1,77,68,70,33,16.89,109436749.40608978,6278643.0,0.0022,-7.7,890,4190,4174,0.471
1338,PSMT,Consumer Defensive,Discount Stores,NASDAQ,103.09,77,78,89,81,172.0,5267274010.2907715,30860524.0,0.104899995,-13.93,224010,226113,237280,0.125
1339,KMDA,Healthcare,Drug Manufacturers - Specialty & Generic,NASDAQ,103.06,77,71,32,73,8.11,479572658.7662077,57710305.0,0.0050999997,-13.26,104900,139316,141126,0.227
1340,CHE,Healthcare,Medical Care Facilities,NYSE,103.04,77,76,72,22,509.84,6633005207.5,13069961.0,0.0589,-8.47,163680,157833,161434,0.088
1341,IX,Financial Services,Financial Conglomerates,NYSE,103.03,77,79,88,80,37.16,38604288786.134834,1039986258.0,0.0007,-12.34,452170,359063,321910,0.174
1342,IBKR,Financial Services,Capital Markets,NASDAQ,103.02,77,82,85,81,90.58,40006803881.98485,453078171.0,0.0317,-8.27,3848630,3869153,4172330,0.263
1343,MTD,Healthcare,Diagnostics & Research,NYSE,103.02,77,57,37,48,1533.07,29778132446.19287,20036559.0,0.04,-1.4,177220,195940,190898,0.045
1344,CMCO,Industrials,Farm & Heavy Construction Machinery,NASDAQ,102.96,77,83,21,31,17.02,483187437.95349884,28864244.0,0.3341,-30.25,389520,408416,540960,1.253
1345,META,Communication Services,Internet Content & Information,NASDAQ,102.95,77,33,38,57,738.88,1854788375834.4834,2547506225.0,0.014099999,-5.25,21542670,21299993,19759916,0.28
1346,SABR,Technology,Software - Infrastructure,NASDAQ,102.94,77,87,39,53,1.92,795058943.1266084,403583214.0,0.1042,-23.2,5152370,5437370,4851086,0.036
1347,ICUI,Healthcare,Medical Instruments & Supplies,NASDAQ,102.91,77,73,75,33,159.73,3985621838.5446777,25007038.0,0.0726,-17.17,275980,247276,281762,0.005
1348,UVSP,Financial Services,Banks - Regional,NASDAQ,102.91,77,76,84,75,41.37,1153151947.956421,27580768.0,0.033,-9.0,212276,226892,226853,0.084
1349,INN,Real Estate,REIT - Hotel & Motel,NYSE,102.91,77,67,85,54,5.99,649277845.2028584,107853463.0,0.0001,-16.46,1500830,1045316,1011072,0.032
1350,STAK,Energy,Oil & Gas Equipment & Services,NASDAQ,102.9,77,79,99,84,1.13,21131384.35801041,19210349.0,0.4461,-90.58,5172950,1974940,2316254,0.134
1351,NOG,Energy,Oil & Gas E&P,NYSE,102.89,77,70,23,67,23.91,2539065712.1109467,106549128.0,0.2441,-23.29,2090270,2073663,2219032,0.16
1352,FCFS,Financial Services,Credit Services,NASDAQ,102.89,77,79,82,84,213.0,9123691874.472046,43371800.0,0.065,-10.85,299530,392033,394264,0.294
1353,PLGO,Financial Services,Insurance - Diversified,NYSE,102.86,77,82,87,69,23.77,2006162075.25,82728333.0,0.0502,-9.76,502990,446003,479076,0.103
1354,ADX,Financial Services,Asset Management,NYSE,102.83,77,72,73,68,26.29,3221870745.4942017,124927128.0,0.0095999995,-1.02,236690,250053,265938,0.094
1355,MNSB,Financial Services,Banks - Regional,NASDAQ,102.83,77,72,70,78,24.86,177599639.24306488,7121076.0,0.037100002,-3.9,26340,28243,30764,-0.088
1356,EPRX,Healthcare,Biotechnology,NASDAQ,102.83,77,86,36,83,7.74,478371205.3970051,66073373.0,14.41,-16.95,1349240,797296,634700,
1357,PLUS,Technology,Software - Application,NASDAQ,102.82,77,68,69,63,94.16,2436845081.0108185,26090418.0,0.0655,-4.06,194730,221816,231256,0.01
1358,ECBK,Financial Services,Banks - Regional,NASDAQ,102.81,77,72,72,65,20.62,178511254.52653503,8737702.0,0.0162,-5.33,7560,9856,9570,0.491
1359,MBBC,Financial Services,Banks - Regional,NASDAQ,102.79,77,77,81,80,14.9,45238841.28626919,3009903.0,0.0023999999,-5.64,3160,3713,2990,0.26
1360,NTB,Financial Services,Banks - Diversified,NYSE,102.79,77,77,79,80,58.81,2310836062.1114616,39326687.0,0.0229,-8.35,163840,159766,177962,0.082
1361,NREF,Real Estate,REIT - Mortgage,NYSE,102.78,77,80,81,58,15.46,297987346.3989477,18848029.0,0.063,-16.12,74950,68226,60526,-0.137
1362,NWBI,Financial Services,Banks - Regional,NASDAQ,102.78,77,78,75,65,14.93,2224714001.7233067,146459122.0,0.0775,-7.61,1036480,1066270,1011370,0.232
1363,KDP,Consumer Defensive,Beverages - Non-Alcoholic,NASDAQ,102.78,77,67,69,28,31.13,41328287916.11066,1360826038.0,0.0647,-7.95,10832680,10125516,11200608,0.756
1364,OUT,Real Estate,REIT - Specialty,NYSE,102.75,77,72,91,90,29.07,5055081838.080532,176135251.0,0.087299995,-16.85,1523760,1619876,1761786,0.135
1365,AZZ,Industrials,Specialty Business Services,NYSE,102.73,77,66,78,80,141.59,4188878706.0480194,30051501.0,0.040599998,-12.71,225960,235830,234132,0.063
1366,NECB,Financial Services,Banks - Regional,NASDAQ,102.73,77,73,70,67,26.78,366865467.09866524,13766059.0,0.0126,-7.46,34420,34693,39508,-0.058
1367,GILD,Healthcare,Drug Manufacturers - General,NASDAQ,102.7,77,74,59,75,144.23,179471115945.9771,1239955155.0,0.0148,-8.3,5165020,5599790,6077640,0.102
1368,DFDV,Financial Services,Asset Management,NASDAQ,102.69,77,90,5,4,4.98,171259147.5,32620790.0,0.191,-72.76,2167340,2463763,1853016,0.669
1369,EXTR,Technology,Communication Equipment,NASDAQ,102.68,77,56,96,61,24.54,3055786579.3220615,132170695.0,0.0851,-27.25,1632670,1454533,1594092,0.103
1370,JNJ,Healthcare,Drug Manufacturers - General,NYSE,102.67,77,81,83,81,254.78,617006334848.1393,2409898597.0,0.0098,-9.35,7110330,6669856,6714364,0.066
1371,WSBF,Financial Services,Banks - Regional,NASDAQ,102.66,77,81,78,80,19.87,358461947.92076874,17977028.0,0.028399998,-8.26,74800,89220,77088,0.052
1372,EAF,Industrials,Electrical Equipment & Parts,NYSE,102.64,76,16,8,11,9.4,245892014.0298729,26047884.0,0.0684,-53.74,648420,635413,480044,-0.034
1373,TAYD,Industrials,Specialty Industrial Machinery,NASDAQ,102.64,76,65,60,66,60.29,177545682.9927063,3229865.0,0.0452,-33.29,59640,47850,43612,-0.264
1374,ZSTK,Financial Services,Asset Management,NASDAQ,102.61,76,9,2,9,4.75,105934511.55024338,21797224.0,0.0057,-76.77,43590,116336,615668,0.407
1375,CECO,Industrials,Pollution & Treatment Controls,NASDAQ,102.6,76,81,93,92,75.45,4314253892.289124,58569830.0,0.0377,-25.47,546270,663250,820276,0.537
1376,STRC,Technology,Software - Application,NASDAQ,102.58,76,61,33,59,99.47,,,1.17,-0.94,1583920,1550413,1485228,0.069
1377,MPB,Financial Services,Banks - Regional,NASDAQ,102.57,76,75,68,72,36.36,922201864.6584702,25335215.0,0.0297,-7.13,92570,95383,113834,0.447
1378,WBI,Energy,Oil & Gas Equipment & Services,NYSE,102.53,76,84,89,67,30.1,1599822475.4536858,55453118.0,0.1099,-18.41,626370,654726,630292,1.28
1379,FDSB,Financial Services,Banks - Regional,NASDAQ,102.53,76,81,77,63,17.47,91100447.20275497,5235658.0,0.0013,-6.54,7350,6143,6002,-0.424
1380,BSRR,Financial Services,Banks - Regional,NASDAQ,102.52,76,76,81,74,39.48,515424642.96136856,12963397.0,0.0376,-8.46,38990,45610,51552,-0.032
1381,RXRX,Healthcare,Biotechnology,NASDAQ,102.51,76,29,18,16,4.63,2209436817.0686445,536271087.0,0.3495,-35.52,29551730,22523226,19902746,-0.601
1382,GASS,Industrials,Marine Shipping,NASDAQ,102.48,76,62,65,85,9.08,347314312.9140854,37185686.0,0.002,-13.93,91480,125206,121110,-0.092
1383,OSUR,Healthcare,Medical Instruments & Supplies,NASDAQ,102.45,76,47,89,63,3.77,273805451.16320825,68968627.0,0.0484,-17.69,563450,536306,511324,-0.019
1384,HAS,Consumer Cyclical,Leisure,NASDAQ,102.44,76,62,37,82,91.03,12629121704.310066,141044467.0,0.0585,-14.91,1915480,1638263,1701772,0.162
1385,HGTY,Financial Services,Insurance - Property & Casualty,NYSE,102.44,76,77,63,41,13.83,1515072279.8111315,111320523.0,0.0202,-2.4,409880,549126,393194,-0.065
1386,HMC,Consumer Cyclical,Auto Manufacturers,NYSE,102.43,76,60,42,22,31.81,40677466113.8672,1297526814.0,0.0015,-4.9,1104990,896750,1010360,0.135
1387,ITIC,Financial Services,Insurance - Specialty,NASDAQ,102.42,76,78,76,44,293.23,547896462.2468262,1887996.0,0.060399998,-5.27,47670,63396,64942,0.175
1388,XHR,Real Estate,REIT - Hotel & Motel,NYSE,102.41,76,71,88,80,18.06,1678874267.377987,92245835.0,0.0535,-18.13,875290,871550,815038,0.028
1389,BMEZ,Financial Services,Asset Management,NYSE,102.41,76,78,62,54,16.38,1029398080.9636917,62501404.0,0.0013,-5.04,150369,141069,140905,
1390,PYPD,Healthcare,Biotechnology,NASDAQ,102.41,76,83,81,82,5.13,105418066.70224857,20311766.0,0.0086,-10.47,83840,97490,125842,
1391,NBXG,Financial Services,Asset Management,NYSE,102.4,76,63,69,59,16.32,1258608670.0258484,78761496.0,0.0005,-6.37,120541,123433,150644,
1392,ANDE,Consumer Defensive,Food Distribution,NASDAQ,102.39,76,80,88,90,66.61,2306140713.8898926,34054056.0,0.0588,-18.88,363640,393773,371794,-0.012
1393,OVBC,Financial Services,Banks - Regional,NASDAQ,102.38,76,64,62,81,45.65,210157802.09536743,4711002.0,0.0138,-16.94,23990,29003,34166,-0.087
1394,ESI,Basic Materials,Specialty Chemicals,NYSE,102.34,76,68,84,89,37.74,9243012709.467087,243686070.0,0.0388,-23.37,3419540,4877576,4424032,0.564
1395,GTEC,Consumer Cyclical,Auto Parts,NASDAQ,102.31,76,86,10,7,0.78,21500819.883286357,26544222.0,0.0062,-51.55,349720,281283,610852,0.376
1396,HNVR,Financial Services,Banks - Regional,NASDAQ,102.31,76,75,62,51,25.41,180901067.05371094,7055424.0,0.0117999995,-9.06,37280,36140,44612,0.192
1397,MHK,Consumer Cyclical,"Furnishings, Fixtures & Appliances",NYSE,102.3,76,70,36,29,126.05,8562779157.514496,67738145.0,0.12550001,-10.16,1003690,1040996,1056488,0.068
1398,UNM,Financial Services,Insurance - Life,NYSE,102.3,76,77,70,46,91.83,14021233050.5486,158306798.0,0.0355,-5.1,1568660,1832480,1680270,0.003
1399,OKE,Energy,Oil & Gas Midstream,NYSE,102.29,76,80,75,65,89.23,55400359028.16941,630409203.0,0.048800003,-10.64,3408210,3664030,3718906,0.528
1400,PDS,Energy,Oil & Gas Drilling,NYSE,102.26,76,73,76,90,84.72,1068802123.7966919,12587470.0,8.24,-18.38,111960,98740,116330,0.114
1401,IFS,Financial Services,Banks - Regional,NYSE,102.26,76,79,87,72,54.26,5899067925.083359,111072639.0,0.0105,-11.6,212620,200483,242414,0.038
1402,TTC,Industrials,Tools & Accessories,NYSE,102.24,76,66,63,74,98.89,9337595548.14206,94663378.0,0.050300002,-5.99,685940,914266,769324,0.084
1403,LOCO,Consumer Cyclical,Restaurants,NASDAQ,102.22,76,81,89,82,14.39,432756372.2664709,30432937.0,0.0747,-17.3,229830,213830,241582,0.03
1404,CTO,Real Estate,REIT - Diversified,NYSE,102.21,76,73,79,71,20.53,769951259.4789581,37485454.0,0.037,-9.6,392940,395996,391636,0.165
1405,TFSL,Financial Services,Banks - Regional,NASDAQ,102.19,76,78,84,69,16.57,4717047053.515663,280442755.0,0.1549,-14.98,722830,724840,858830,0.152
1406,HOPE,Financial Services,Banks - Regional,NASDAQ,102.19,76,79,73,69,13.48,1747508355.4637146,127741836.0,0.0729,-7.61,935550,875526,937148,0.71
1407,CBK,Financial Services,Banks - Regional,NASDAQ,102.18,76,82,83,67,31.43,436796476.1014366,13701270.0,0.042600002,-12.16,31824,39654,45344,0.067
1408,TEM,Healthcare,Health Information Services,NASDAQ,102.17,76,65,36,29,71.98,13826714856.701141,180434756.0,0.2778,-31.0,7842340,7198693,7206956,0.216
1409,BFST,Financial Services,Banks - Regional,NASDAQ,102.17,76,73,70,69,30.74,1005791372.283205,32549883.0,0.0359,-5.49,209190,204213,216626,0.127
1410,ACT,Financial Services,Insurance - Specialty,NASDAQ,102.14,76,80,73,69,46.32,6222510718.698223,137483671.0,0.1225,-8.39,421330,414043,395582,0.041
1411,QCRH,Financial Services,Banks - Regional,NASDAQ,102.14,76,73,74,74,99.02,1653118183.325592,16375614.0,0.0304,-8.41,110790,115173,118220,0.156
1412,BMO,Financial Services,Banks - Diversified,NYSE,102.12,76,79,86,79,166.09,115176781549.64684,695092237.0,5.24,-11.29,683930,749000,802432,0.12
1413,CPBI,Financial Services,Banks - Regional,NASDAQ,102.12,76,77,74,61,20.0,78052466.1913414,3888043.0,0.0014,-8.4,3280,3990,3078,0.131
1414,HAFC,Financial Services,Banks - Regional,NASDAQ,102.08,76,72,78,64,31.68,938991908.1120586,29649255.0,0.051,-5.43,236080,222246,221542,0.233
1415,GTES,Industrials,Specialty Industrial Machinery,NYSE,102.07,76,52,56,65,28.25,6999629753.930492,253151170.0,0.0561,-6.89,1643220,1789793,1870128,0.066
1416,TONX,Technology,Software - Application,NASDAQ,102.06,76,28,35,12,3.58,196606997.0535481,55071989.0,0.088199995,-49.86,258000,361350,347190,6.074
1417,CIG,Utilities,Utilities - Regulated Electric,NYSE,102.05,76,66,47,87,2.36,6150466321.265884,2860681883.0,0.0,-14.49,5356730,5265693,4921762,0.034
1418,WABC,Financial Services,Banks - Regional,NASDAQ,102.04,76,71,73,66,58.73,1377424683.5351791,23111153.0,0.0623,-7.67,230300,223786,182522,-0.027
1419,ABM,Industrials,Specialty Business Services,NYSE,102.04,76,72,57,28,48.4,2870356641.7910156,58614592.0,0.049200002,-5.63,418480,507740,458890,0.042
1420,NBTB,Financial Services,Banks - Regional,NASDAQ,102.02,76,75,73,60,50.67,2677501879.902191,51960061.0,0.0629,-7.03,362610,335763,332178,0.178
1421,PBM,Healthcare,Biotechnology,NASDAQ,102.01,76,35,5,0,5.02,19681931.897979736,3814328.0,0.018099999,-97.14,91830,76923,93370,
1422,IDCC,Technology,Software - Application,NASDAQ,102.0,76,70,25,83,339.29,8648367251.915894,25806007.0,0.1371,-17.77,166570,204276,220138,-0.134
1423,NDRA,Healthcare,Diagnostics & Research,NASDAQ,101.99,76,87,35,57,6.04,9089466.634174347,1499912.0,0.0219,-38.68,30960,50270,36850,
1424,CHCO,Financial Services,Banks - Regional,NASDAQ,101.98,76,73,62,56,141.57,2005929854.0698242,14045160.0,0.0999,-4.98,124030,122996,112382,0.009
1425,GOOD,Real Estate,REIT - Diversified,NASDAQ,101.93,76,67,61,56,12.71,626393042.6274042,48407501.0,0.0833,-4.29,604620,431470,433168,0.113
1426,NOV,Energy,Oil & Gas Equipment & Services,NYSE,101.92,76,80,74,84,19.0,6701788478.028774,356478125.0,0.14140001,-13.36,3356950,3286476,3326224,-0.025
1427,SXI,Industrials,Specialty Industrial Machinery,NYSE,101.92,76,59,86,84,297.12,3544307939.373932,12281465.0,0.0756,-18.35,153170,136630,136056,0.028
1428,SY,Healthcare,Health Information Services,NASDAQ,101.92,76,53,9,83,2.57,276046023.0,100380372.0,0.0211,-45.89,324600,869630,595358,0.456
1429,RZLT,Healthcare,Biotechnology,NASDAQ,101.91,76,29,72,49,4.32,387856577.46798515,96722333.0,0.2624,-62.29,2142310,1569510,1487786,
1430,HWBK,Financial Services,Banks - Regional,NASDAQ,101.88,75,74,78,69,38.54,282531290.5819588,7313779.0,0.026099999,-5.07,16720,17366,16518,0.149
1431,CIVB,Financial Services,Banks - Regional,NASDAQ,101.88,75,74,80,66,26.71,561028531.7211533,20794238.0,0.031400003,-10.88,116460,142396,144012,0.135
1432,ZIP,Communication Services,Internet Content & Information,NYSE,101.84,75,60,83,16,3.68,291902874.729151,82226163.0,0.045300003,-34.4,596140,828606,906548,0.052
1433,DGXX,Utilities,Utilities - Independent Power Producers,NASDAQ,101.83,75,66,93,78,3.63,389363273.21705246,101396688.0,0.0592,-60.54,2667480,2333693,2773060,-0.183
1434,INMB,Healthcare,Biotechnology,NASDAQ,101.83,75,96,75,12,1.87,53564811.31425583,27753789.0,0.0908,-28.08,273650,328733,343044,
1435,SNEX,Financial Services,Capital Markets,NASDAQ,101.83,75,83,90,91,66.0,7960570522.840332,120962936.0,0.0559,-30.28,952110,863233,924638,0.152
1436,BLX,Financial Services,Banks - Regional,NYSE,101.82,75,71,79,84,55.58,2039470748.7929688,37230208.0,0.0239,-12.06,166930,172823,171976,0.062
1437,TECH,Healthcare,Biotechnology,NASDAQ,101.81,75,85,76,39,72.43,11353640670.485641,156818238.0,0.0482,-0.36,2860190,2772930,3075642,0.013
1438,EME,Industrials,Engineering & Construction,NYSE,101.8,75,61,64,86,824.52,34697288579.46887,44109901.0,0.0215,-13.39,353610,371690,389618,0.198
1439,EML,Industrials,Tools & Accessories,NASDAQ,101.8,75,81,76,61,25.04,148420797.22097778,6030914.0,0.0301,-16.28,5745,11308,11627,-0.119
1440,SATA,Financial Services,Asset Management,NASDAQ,101.79,75,69,62,66,100.01,,,0.4,-1.32,572270,540540,396196,0.946
1441,GM,Consumer Cyclical,Auto Manufacturers,NYSE,101.79,75,72,69,80,82.01,70791419077.88623,904451541.0,0.023699999,-10.71,7375710,7302060,6560472,0.019
1442,IA,Industrials,Aerospace & Defense,NASDAQ,101.74,75,79,58,95,19.77,339905291.1732044,17899173.0,0.048600003,-36.1,200390,259476,278992,0.107
1443,NMR,Financial Services,Capital Markets,NYSE,101.74,75,85,78,75,9.78,28436815873.953693,2922591697.0,0.0004,-10.6,695620,712326,745220,0.312
1444,ASTL,Basic Materials,Steel,NASDAQ,101.73,75,35,18,47,4.35,457386622.54102707,105388619.0,0.051999997,-26.27,807020,807693,1106808,-0.546
1445,QQQX,Financial Services,Asset Management,NASDAQ,101.68,75,66,68,69,30.96,1498005717.3407516,48826783.0,0.0011,-2.86,117761,93210,89884,
1446,NAVN,Technology,Software - Application,NASDAQ,101.67,75,96,92,22,21.34,5580596944.460976,260410493.0,0.2902,-30.89,3035690,4227990,3395072,0.354
1447,JAN,Real Estate,REIT - Residential,NYSE,101.65,75,83,78,62,28.56,6808535354.987595,234372996.0,0.085,-13.01,1664480,1751966,1851906,0.454
1448,ORRF,Financial Services,Banks - Regional,NASDAQ,101.65,75,73,70,73,41.33,819633279.4038391,19669626.0,0.0322,-5.66,111650,95570,97712,0.0
1449,NOW,Technology,Software - Application,NYSE,101.62,75,52,29,11,137.97,138930380608.1543,1033862000.0,0.0279,-28.5,9660850,13730370,16375340,0.24
1450,NXG,Financial Services,Asset Management,NYSE,101.61,75,71,83,72,57.99,406568665.7439995,7332167.0,1.31,-11.84,49618,65542,78197,
1451,OMDA,Healthcare,Health Information Services,NASDAQ,101.61,75,79,91,15,20.73,1246984291.4851017,61216703.0,0.1244,-22.98,1197360,1354370,1427882,0.431
1452,KMT,Industrials,Tools & Accessories,NYSE,101.6,75,53,71,89,33.41,2490314894.038063,76390031.0,0.16409999,-23.74,1529780,1420170,1563346,0.426
1453,TBN,Energy,Oil & Gas E&P,NYSE,101.54,75,90,67,88,34.68,1176404255.2447357,34960006.0,0.0119,-33.58,142780,147773,131854,
1454,SPNT,Financial Services,Insurance - Reinsurance,NYSE,101.52,75,71,78,74,24.61,2836749699.5826874,116165016.0,0.051999997,-7.13,886290,942520,834218,-0.005
1455,GNT,Financial Services,Asset Management,NYSE,101.52,75,79,64,83,8.55,142731524.42210197,16811723.0,0.0,-8.85,42767,45172,68451,
1456,KOF,Consumer Defensive,Beverages - Non-Alcoholic,NYSE,101.51,75,71,64,64,107.2,22373863569.0,210083226.0,1.81,-8.45,93630,120283,125846,0.047
1457,BVFL,Financial Services,Banks - Regional,NASDAQ,101.49,75,71,77,77,21.51,179830919.0424652,8470604.0,0.018,-2.98,16390,19103,16434,0.055
1458,KYN,Financial Services,Asset Management,NYSE,101.43,75,74,71,69,14.24,2352543162.7734146,169126038.0,0.0015,-6.13,325558,312052,305005,0.179
1459,CDRO,Consumer Cyclical,Gambling,NASDAQ,101.39,75,63,75,72,9.31,431964192.5,45469915.0,0.024600001,-9.26,26320,28466,26752,0.184
1460,INGM,Technology,Information Technology Services,NYSE,101.38,75,76,78,87,28.17,6556051764.0,230036904.0,0.1861,-11.11,1666400,2186560,1672008,0.136
1461,CNMD,Healthcare,Medical Devices,NYSE,101.37,75,71,39,26,44.48,1387341798.2196045,29951248.0,0.0848,-17.11,319380,320503,388296,0.003
1462,FANG,Energy,Oil & Gas E&P,NASDAQ,101.36,75,76,76,82,184.98,51722457660.33569,280019792.0,0.039300002,-14.72,2305340,2922356,2484544,0.525
1463,REX,Basic Materials,Chemicals,NYSE,101.34,75,69,87,89,44.04,1438827471.3645935,33175640.0,0.0403,-17.47,277660,241820,211030,0.063
1464,ITRN,Technology,Scientific & Technical Instruments,NASDAQ,101.34,75,68,83,87,52.17,1041962993.1866455,19835580.0,0.0188,-23.62,96690,98420,119952,0.207
1465,LECO,Industrials,Tools & Accessories,NASDAQ,101.33,75,62,51,66,275.54,14955289871.801392,54505757.0,0.0226,-11.12,350310,423910,458656,0.12
1466,MGYR,Financial Services,Banks - Regional,NASDAQ,101.33,75,68,42,60,19.37,124717997.58997345,6455383.0,0.0014,-3.15,1920,2660,2632,0.135
1467,UNF,Industrials,Specialty Business Services,NYSE,101.32,75,80,85,86,251.72,4553233055.8645935,18084173.0,0.0986,-17.92,350320,359783,271110,0.039
1468,CATY,Financial Services,Banks - Regional,NASDAQ,101.3,75,76,77,69,60.16,4058868818.979721,66713820.0,0.0674,-7.81,433270,469093,436666,0.138
1469,BMY,Healthcare,Drug Manufacturers - General,NYSE,101.3,75,79,71,70,59.59,124912004331.3352,2042714656.0,0.020599999,-13.18,13696420,10940403,11442794,0.057
1470,PROV,Financial Services,Banks - Regional,NASDAQ,101.27,75,74,57,66,18.36,114143767.65070724,6233958.0,0.0041,-3.32,14390,17166,15382,0.103
1471,TDACU,Financial Services,Shell Companies,NASDAQ,101.25,75,53,69,43,12.11,,,,-29.96,20,6,22,
1472,BBNX,Healthcare,Medical Devices,NASDAQ,101.24,75,75,77,27,18.63,1022820111.1707687,53946211.0,0.23709999,-43.04,1048840,1274060,1363426,0.378
1473,MANU,Communication Services,Entertainment,NYSE,101.23,75,68,83,60,20.4,3463627158.279951,172491393.0,0.1148,-16.56,490370,396506,359196,-0.041
1474,RANI,Healthcare,Biotechnology,NASDAQ,101.23,75,49,27,80,0.83,93609641.34914398,115424960.0,0.0633,-78.55,557520,552563,611396,
1475,JOE,Real Estate,Real Estate - Diversified,NYSE,101.22,75,53,54,79,65.98,3722112730.0158463,56930451.0,0.0494,-10.28,222220,262080,239140,0.23
1476,BSM,Energy,Oil & Gas E&P,NYSE,101.22,75,68,63,55,14.68,3097066003.0169077,212710571.0,0.0147,-5.23,328510,354366,386890,0.132
1477,JCE,Financial Services,Asset Management,NYSE,101.2,75,68,63,59,17.05,286155069.4427986,17002678.0,0.002,-2.29,32357,31425,33547,
1478,FRHC,Financial Services,Financial Conglomerates,NASDAQ,101.17,75,70,59,67,173.86,11035266218.0,63787666.0,0.0515,-2.33,112910,103490,106772,0.278
1479,WELL,Real Estate,REIT - Healthcare Facilities,NYSE,101.16,75,77,82,79,225.78,164081457462.63477,720572011.0,0.0277,-11.53,2517570,2646283,2836166,0.391
1480,BRBS,Financial Services,Banks - Regional,NYSE ARCA,101.15,75,72,51,61,3.92,352471991.02728844,89687528.0,0.0508,-18.08,1151100,1295883,1159594,-0.4
1481,MRT,Technology,Software - Application,NYSE ARCA,101.14,75,58,11,27,1.96,166730961.39774323,85943792.0,0.0011999999,-28.73,64030,52693,51428,1.407
1482,RUSHA,Consumer Cyclical,Auto & Truck Dealerships,NASDAQ,101.14,75,76,80,80,47.05,5507341015.323296,116730415.0,0.115600005,-15.59,627860,632456,681898,-0.016
1483,VLGEA,Consumer Defensive,Grocery Stores,NASDAQ,101.13,75,69,74,72,43.72,681236586.0,14809491.0,0.054,-9.31,42420,52876,53656,0.016
1484,IRM,Real Estate,REIT - Specialty,NYSE,101.12,75,68,76,76,116.5,33756521670.976624,297702812.0,0.036199998,-13.5,1555440,1635400,1671956,0.185
1485,CHT,Communication Services,Telecom Services,NYSE,101.09,75,56,43,49,46.08,35808373156.430756,775744655.0,0.0062,-0.86,245820,239580,213198,0.082
1486,CAAP,Industrials,Airports & Air Services,NYSE,101.08,75,55,60,78,25.22,3969925624.3574905,163371430.0,0.0542,-17.31,434760,289533,257564,0.12
1487,EMO,Financial Services,Asset Management,NYSE,101.07,75,74,69,66,51.05,1006935911.8559074,20014627.0,0.0023,-9.37,43395,42605,39547,
1488,BNY,Financial Services,Banks - Diversified,NYSE,101.07,75,86,85,81,143.73,98654498105.53937,678504142.0,0.0001,-13.33,3801780,3675780,3182562,0.131
1489,MLI,Industrials,Metal Fabrication,NYSE,101.06,75,62,54,76,63.13,13837107937.026413,221181388.0,0.0248,-11.23,1445060,1723476,1474844,0.255
1490,FIVE,Consumer Cyclical,Specialty Retail,NASDAQ,101.05,74,88,61,93,209.92,12177402136.059265,55054035.0,0.044899996,-20.45,994340,1209343,1104724,0.229
1491,SAP,Technology,Software - Application,NYSE,101.05,74,50,17,13,210.46,240732385121.88428,1154204232.0,0.0044,-25.2,1752010,2012150,2358028,0.094
1492,EHC,Healthcare,Medical Care Facilities,NYSE,101.03,74,63,39,39,124.69,11818675704.266235,98653384.0,0.0343,-2.58,1025810,907550,927210,0.096
1493,ALIS,Financial Services,Shell Companies,NASDAQ,101.03,74,52,48,43,11.25,87056074.35703278,8427500.0,0.00029999999,8.17,27450,35423,34774,
1494,JMSB,Financial Services,Banks - Regional,NASDAQ,101.02,74,70,65,68,22.91,324720206.57001114,14112134.0,0.0328,-5.56,71620,77270,62482,0.243
1495,NTR,Basic Materials,Agricultural Inputs,NYSE,101.02,74,82,54,76,71.2,33433336619.376343,477210074.0,0.0159,-16.59,2443330,2625056,2693284,0.04
1496,NIC,Financial Services,Banks - Regional,NYSE,101.01,74,78,74,77,163.62,3488797214.6929016,20957513.0,0.053200003,-9.1,159290,152530,153146,0.861
1497,FAST,Industrials,Industrial Distribution,NASDAQ,101.01,74,63,57,53,50.81,58235501829.75,1147497573.0,0.0355,-3.99,7351060,6577270,7027500,0.147
1498,MCRI,Consumer Cyclical,Resorts & Casinos,NASDAQ,101.01,74,66,84,65,119.23,2106792398.2451935,17922521.0,0.048899997,-12.29,168680,186650,159950,0.042
1499,HCM,Healthcare,Drug Manufacturers - Specialty & Generic,NASDAQ,100.95,74,62,16,38,14.6,2468161152.4475784,173814168.0,0.0022,-10.98,63750,84580,73568,0.002
1500,EGHT,Technology,Software - Application,NASDAQ,100.91,74,31,73,39,2.17,329312938.14766717,144435501.0,0.0242,-24.65,2069890,1599903,1551936,0.049
1501,LLY,Healthcare,Drug Manufacturers - General,NYSE,100.91,74,70,83,50,1157.49,1019126644076.0696,891741406.0,0.0084,-10.46,2186440,2337166,2545622,0.477
1502,IFRX,Healthcare,Biotechnology,NASDAQ,100.9,74,95,96,70,1.58,253473344.33623862,147368221.0,0.0896,-46.42,468530,692856,764150,
1503,PFE,Healthcare,Drug Manufacturers - General,NYSE,100.9,74,66,37,68,27.5,158450921425.69415,5699673589.0,0.0272,-5.85,31077510,32822113,35831550,0.026
1504,GDRX,Healthcare,Health Information Services,NASDAQ,100.9,74,81,53,13,3.27,1118956862.8797522,341145388.0,0.0493,-43.72,761870,1018313,1369732,-0.013
1505,ALRM,Technology,Software - Application,NASDAQ,100.88,74,68,58,28,56.11,2684253682.0211487,49090228.0,0.090900004,-3.5,448090,442436,421140,0.092
1506,IHG,Consumer Cyclical,Lodging,NYSE,100.83,74,64,78,71,160.54,23633617165.306824,146121036.0,0.0054,-8.73,156970,167176,208418,0.056
1507,MYRG,Industrials,Engineering & Construction,NASDAQ,100.83,74,58,94,93,324.51,4745040151.451111,15569250.0,0.0555,-35.56,235340,269026,284362,0.201
1508,LUNG,Healthcare,Medical Devices,NASDAQ,100.8,74,79,22,13,1.78,78595334.11313975,42948269.0,0.0234,-38.41,213170,293606,545848,-0.046
1509,NVTS,Technology,Semiconductors,NASDAQ,100.8,74,73,91,96,11.97,3255687802.2430344,262555476.0,0.1735,-64.97,17418010,13823793,14110582,-0.273
1510,RY,Financial Services,Banks - Diversified,NYSE,100.78,74,79,85,76,196.35,270891376235.36334,1384429799.0,2.18,-10.17,1097650,1099893,1182860,0.089
1511,UYSCU,Financial Services,Shell Companies,NASDAQ,100.76,74,49,45,56,11.78,,,10.29,-16.34,60,36,24,
1512,VZ,Communication Services,Telecom Services,NYSE,100.75,74,71,54,66,45.98,190787269668.2194,4154775202.0,0.0202,-11.03,19755370,20835510,20884424,-0.007
1513,OVLY,Financial Services,Banks - Regional,NASDAQ,100.75,74,64,64,79,34.53,286789217.00367737,8412708.0,0.0123000005,-4.0,15234,19861,23368,0.05
1514,URBN,Consumer Cyclical,Apparel Retail,NASDAQ,100.74,74,63,38,57,80.25,6921342886.214127,85660181.0,0.1254,-6.06,1113320,1263363,1129680,0.104
1515,FMNB,Financial Services,Banks - Regional,NASDAQ,100.72,74,72,58,57,15.24,908857763.520462,59247572.0,0.0377,-7.41,334120,370266,385036,0.564
1516,GCMG,Financial Services,Asset Management,NASDAQ,100.72,74,73,81,33,13.18,797697822.1089106,61126269.0,0.026199998,-11.34,496560,479236,468268,0.118
1517,RGR,Industrials,Aerospace & Defense,NYSE,100.66,74,54,36,59,43.65,708955201.6533813,15978256.0,0.0352,-9.46,233270,204843,174204,0.193
1518,FSTR,Industrials,Railroads,NASDAQ,100.66,74,75,90,72,36.1,392071571.82556534,10519763.0,0.05,-21.2,56110,47053,60240,-0.035
1519,NFJ,Financial Services,Asset Management,NYSE,100.65,74,76,75,68,14.73,1421877621.7327232,94101764.0,0.002,-6.48,326989,255436,217515,-0.198
1520,PKX,Basic Materials,Steel,NYSE,100.63,74,62,30,71,58.74,17420002696.59526,302483116.0,0.0031,-36.43,186120,196110,233338,0.097
1521,LITB,Consumer Cyclical,Internet Retail,NYSE,100.62,74,80,93,78,2.8,55431694.291235924,19726582.0,0.0005,-32.85,3340,4950,4950,-0.035
1522,GWW,Industrials,Industrial Distribution,NYSE,100.61,74,70,83,65,1275.56,60446958561.028076,47213119.0,0.026400002,-10.17,282830,257006,267990,0.103
1523,EVT,Financial Services,Asset Management,NYSE,100.61,74,75,66,63,27.78,2070798535.1444664,74542782.0,1.44,-6.31,95360,87890,92146,-0.127
1524,ACRS,Healthcare,Biotechnology,NASDAQ,100.58,74,97,97,96,3.7,646203120.6168275,147198893.0,0.124,-43.94,3459780,2940176,2510530,-0.083
1525,FUNC,Financial Services,Banks - Regional,NASDAQ,100.55,74,70,79,64,43.64,281516319.42655945,6453836.0,0.0156,-5.75,23590,26460,23660,0.107
1526,ENVA,Financial Services,Credit Services,NYSE,100.52,74,93,94,80,182.88,4304679346.99324,24898371.0,0.1024,-31.62,347170,378120,345376,0.311
1527,MVBF,Financial Services,Banks - Regional,NASDAQ,100.52,74,73,68,69,29.84,394990251.34789276,12967507.0,0.031600002,-6.72,54420,58293,55138,0.462
1528,SMBC,Financial Services,Banks - Regional,NASDAQ,100.51,74,74,80,75,71.61,799453882.2781677,11013279.0,0.037,-10.33,70020,89550,91402,0.077
1529,FUSB,Financial Services,Banks - Regional,NASDAQ,100.48,74,69,75,75,16.3,90827698.5,5504709.0,0.0021,-4.06,9376,6778,18839,0.299
1530,MPLX,Energy,Oil & Gas Midstream,NYSE,100.48,74,68,67,62,57.77,57161329274.29744,1013858251.0,0.018099999,-5.22,1428870,1323800,1389302,0.106
1531,UBSI,Financial Services,Banks - Regional,NASDAQ,100.47,74,75,71,73,46.06,6407439464.546333,136212571.0,0.0466,-7.17,1099380,1057283,952308,0.062
1532,AIO,Financial Services,Asset Management,NYSE,100.47,74,69,73,66,25.71,877506697.955059,34439039.0,0.3,-10.1,88172,71310,73178,
1533,ARGX,Healthcare,Biotechnology,NASDAQ,100.47,74,77,73,73,930.52,57506691750.161194,62560993.0,0.021,-13.26,322230,259680,280886,0.593
1534,CSTM,Basic Materials,Aluminum,NYSE,100.45,74,79,89,96,25.5,3306876511.5002747,135527728.0,0.0531,-31.06,1884570,1551690,1559558,0.307
1535,AIZ,Financial Services,Insurance - Property & Casualty,NYSE,100.44,74,79,83,55,270.96,13185229755.69806,49323767.0,0.0355,-10.85,391310,360500,385994,0.094
1536,RNR,Financial Services,Insurance - Reinsurance,NYSE,100.42,74,75,71,74,324.42,13526387677.567474,41551893.0,0.0496,-4.65,321760,296646,288790,-0.132
1537,LIVN,Healthcare,Medical Devices,NASDAQ,100.42,74,77,89,83,74.93,4123860680.8956146,54933538.0,0.111999996,-12.63,668310,640550,670138,0.108
1538,LGN,Industrials,Engineering & Construction,NASDAQ,100.41,74,64,93,95,56.34,4122842035.9986877,76904346.0,0.059,-47.46,1045770,922736,1086228,1.107
1539,NEXN,Communication Services,Advertising Agencies,NASDAQ,100.41,74,73,84,35,8.72,501742131.0077715,56951431.0,0.044099998,-22.83,395800,446326,485678,0.105
1540,SANG,Technology,Software - Infrastructure,NASDAQ,100.41,74,24,30,24,4.85,163553091.59548473,33514977.0,48.47,-10.52,752990,254410,154928,-0.212
1541,PKE,Industrials,Aerospace & Defense,NYSE,100.4,74,84,90,92,30.06,661671840.2794857,21751211.0,0.0692,-24.59,195710,240520,239806,0.189
1542,LYB,Basic Materials,Specialty Chemicals,NYSE,100.38,74,73,43,86,58.93,18923563819.660156,323037952.0,0.0517,-29.8,3163590,3450206,3851190,0.198
1543,DXYZ,Financial Services,Asset Management,NYSE,100.37,74,75,27,37,31.57,999273755.956543,30465664.0,0.0066000004,-56.68,802400,872650,1067260,
1544,IPSC,Healthcare,Biotechnology,NASDAQ,100.36,74,98,97,99,1.32,275942852.6100075,180354809.0,0.1633,-56.58,780440,582123,569154,
1545,NBBK,Financial Services,Banks - Regional,NASDAQ,100.36,74,71,56,76,22.46,988983305.9276581,43818490.0,0.0405,-4.3,264460,267866,306350,0.486
1546,DAN,Consumer Cyclical,Auto Parts,NYSE,100.34,74,70,67,95,28.43,2999237720.238058,107576679.0,0.0624,-28.13,1417130,1413423,1443628,0.039
1547,VRSN,Technology,Software - Infrastructure,NASDAQ,100.34,74,58,47,57,293.1,26064128662.109375,90400000.0,0.0218,-6.2,764460,748703,753924,0.06
1548,MH,Consumer Defensive,Education & Training Services,NYSE,100.3,74,27,17,31,12.98,2458318332.878521,191308814.0,0.0921,-27.89,718760,558013,625306,0.026
1549,RVSB,Financial Services,Banks - Regional,NASDAQ,100.29,74,38,41,54,5.86,119519579.57307816,19953186.0,0.014400001,-5.79,82700,63593,63696,0.132
1550,SNPS,Technology,Software - Infrastructure,NASDAQ,100.28,73,20,30,30,505.17,93882791705.74274,191636646.0,0.0299,-6.36,2917980,2369326,2023550,0.424
1551,SPB,Consumer Defensive,Household & Personal Products,NYSE,100.23,73,84,84,84,76.72,1801015071.702301,22995596.0,0.1985,-22.55,344990,311710,346474,0.077
1552,PEBO,Financial Services,Banks - Regional,NASDAQ,100.23,73,81,78,70,36.73,1347117949.746914,35942315.0,0.0529,-13.15,538270,361786,327306,0.108
1553,MAC,Real Estate,REIT - Retail,NYSE,100.22,73,73,85,81,22.95,6536043377.4113655,283559375.0,0.1604,-13.98,3323400,3365023,3589288,0.012
1554,KMTS,Healthcare,Medical Instruments & Supplies,NASDAQ,100.21,73,80,81,36,27.1,1633780055.0268173,59561795.0,0.1113,-9.67,341530,368536,348464,0.599
1555,CWBC,Financial Services,Banks - Regional,NASDAQ,100.19,73,68,77,75,26.35,719870503.8115807,27134206.0,0.060500003,-6.46,196390,185990,209844,0.31
1556,SFST,Financial Services,Banks - Regional,NASDAQ,100.17,73,73,80,85,60.44,576356277.2972488,9471755.0,0.0462,-7.14,76800,88273,95140,0.248
1557,BLKB,Technology,Software - Application,NASDAQ,100.15,73,67,12,11,43.51,1895490374.5342293,45390097.0,0.1258,-38.47,366500,408146,512234,0.03
1558,SFNC,Financial Services,Banks - Regional,NASDAQ,100.15,73,73,73,62,22.59,3309365712.9723644,144513789.0,0.0572,-7.11,1532650,1349906,1300158,0.143
1559,HESM,Energy,Oil & Gas Midstream,NYSE,100.12,73,68,67,62,38.69,4845245757.75,128350881.0,0.0756,-6.64,1452910,1400876,1342090,-0.037
1560,CV,Healthcare,Medical Devices,NASDAQ,100.11,73,66,66,77,6.5,328307906.74962807,53210357.0,0.0505,-57.71,204570,225736,173778,0.099
1561,GLNG,Energy,Oil & Gas Midstream,NASDAQ,100.1,73,72,71,85,50.03,5024193276.527405,102097000.0,0.105,-13.43,1351640,1352356,1337776,0.724
1562,DMAC,Healthcare,Biotechnology,NASDAQ,100.1,73,37,82,73,8.13,443808461.62477493,53925697.0,0.1516,-21.97,247630,194936,176450,
1563,VISN,Technology,Communication Equipment,NASDAQ,100.05,73,73,95,97,6.15,1432190027.3176994,230626412.0,0.1361,-70.07,5717860,8647056,8763156,-0.014
1564,LITS,Healthcare,Biotechnology,NASDAQ,99.98,73,36,11,11,1.41,41962029.69500685,30407268.0,0.0031,-52.53,1309880,771616,516110,
1565,HBNC,Financial Services,Banks - Regional,NASDAQ,99.97,73,70,75,68,19.31,1000191206.6163445,51344519.0,0.0398,-8.22,700100,561606,550552,0.169
1566,SOBO,Energy,Oil & Gas Midstream,NYSE,99.97,73,78,83,79,34.15,7054450391.483955,208588127.0,18.15,-12.48,926500,705503,627772,0.042
1567,TAK,Healthcare,Drug Manufacturers - Specialty & Generic,NYSE,99.92,73,72,51,71,18.1,57055062584.85217,3194572264.0,0.0013,-5.24,2621950,2283583,2776194,0.102
1568,EDHL,Communication Services,Advertising Agencies,NASDAQ,99.91,73,32,30,4,5.2,8714618.281781673,1666275.0,0.12810001,-75.93,327750,384470,244678,-0.134
1569,EL,Consumer Defensive,Household & Personal Products,NYSE,99.9,73,66,33,28,93.36,33322826059.038544,362322775.0,0.0322,-23.25,2885580,3039686,3202738,0.063
1570,MMSI,Healthcare,Medical Instruments & Supplies,NASDAQ,99.89,73,73,31,24,84.96,5097478719.399567,59710420.0,0.089099996,-10.33,610580,604776,828442,0.095
1571,ALKS,Healthcare,Drug Manufacturers - Specialty & Generic,NASDAQ,99.89,73,87,93,63,41.65,7004116606.0,167763272.0,0.1252,-25.18,2519770,2088126,1908312,0.27
1572,SII,Financial Services,Asset Management,NYSE,99.88,73,81,50,94,119.41,2992967715.356079,25732678.0,2.88,-29.61,120120,127573,168438,0.231
1573,WHF,Financial Services,Asset Management,NASDAQ,99.87,73,47,32,59,7.0,149905767.98963118,21476471.0,0.015700001,-10.71,84020,95416,78088,-0.237
1574,AUR,Consumer Cyclical,Auto Parts,NASDAQ,99.87,73,80,80,43,5.75,11363560522.464912,2004155268.0,0.17979999,-32.87,32942900,31591940,30824392,1.0
1575,MEDP,Healthcare,Diagnostics & Research,NASDAQ,99.87,73,78,67,74,602.9,16732199005.125732,27911655.0,0.0753,-11.06,270700,240266,246560,0.172
1576,AFCG,Financial Services,Asset Management,NASDAQ,99.86,73,64,35,26,3.28,78640642.5,22468755.0,0.0475,-16.75,68140,78413,88346,
1577,STRK,Technology,Software - Application,NASDAQ,99.85,73,61,17,25,75.77,,,0.16,-24.42,107810,102293,100746,0.069
1578,GOOGL,Communication Services,Internet Content & Information,NASDAQ,99.85,73,63,85,87,347.68,4200982614448.5,12229934831.0,0.0149,-14.91,26005980,26047120,26265656,0.242
1579,ILPT,Real Estate,REIT - Industrial,NASDAQ,99.84,73,74,92,81,7.2,472560832.3876934,66745881.0,0.0148,-23.65,360520,321083,326582,0.018
1580,CQP,Energy,Oil & Gas Midstream,NYSE,99.82,73,73,72,68,63.97,29677578496.992096,484057704.0,0.0153,-10.22,118740,117493,124076,0.052
1581,ASTH,Healthcare,Medical Care Facilities,NASDAQ,99.82,73,85,94,54,37.0,1779804705.063179,49604366.0,0.1257,-28.29,335420,382386,433348,0.485
1582,INDP,Healthcare,Biotechnology,NASDAQ,99.81,73,22,24,9,2.59,317116746.3683739,133242324.0,0.0223,-56.54,521260,1169260,1034482,
1583,STRD,Technology,Software - Application,NASDAQ,99.79,73,62,21,38,72.48,863293653.6872864,11764700.0,8.26,-14.41,109300,100563,112206,0.069
1584,NVRI,Industrials,Waste Management,NYSE,99.78,73,87,92,94,19.94,569722279.1811752,28190119.0,10.45,-17.6,320140,320890,347814,-0.667
1585,TLF,Consumer Cyclical,Specialty Retail,NASDAQ,99.76,73,73,55,55,2.53,19951744.43831563,8143569.0,0.0047,-24.7,12400,21056,23450,0.015
1586,AU,Basic Materials,Gold,NYSE,99.76,73,87,56,92,93.55,48007616853.42883,505769256.0,0.009,-27.56,2046990,2428383,2700200,0.27
1587,COFS,Financial Services,Banks - Regional,NASDAQ,99.76,73,66,70,62,33.02,495177276.328125,14955520.0,0.036199998,-6.72,72580,72653,74358,-0.026
1588,SUNB,Industrials,Rental & Leasing Services,NYSE,99.73,73,28,52,31,78.53,31592872933.448387,409764897.0,1.12,-9.4,4298790,7212216,5118758,0.112
1589,PSO,Communication Services,Publishing,NYSE,99.71,73,67,81,51,16.32,9689233348.637209,601069035.0,0.0067000003,-8.06,561780,632576,672904,0.033
1590,USFD,Consumer Defensive,Food Distribution,NYSE,99.7,73,79,78,70,96.53,20966773277.046616,216330723.0,0.0554,-13.36,2218840,2362453,2343656,0.045
1591,SCKT,Technology,Computer Hardware,NASDAQ,99.69,73,9,9,22,0.83,5887093.332079828,8291681.0,0.0058,-70.25,32215740,10859910,11962106,-0.25
1592,COTY,Consumer Defensive,Household & Personal Products,NYSE,99.69,73,60,16,10,2.79,2342626069.8299255,880686464.0,0.1291,-37.58,5087940,5529173,6732544,0.013
1593,PBA,Energy,Oil & Gas Midstream,NYSE,99.67,73,72,80,68,46.71,26687558595.046997,581555000.0,15.99,-9.44,1099520,1089300,1005778,0.201
1594,COSO,Financial Services,Banks - Regional,NYSE,99.67,73,69,68,68,27.0,322530947.6076889,11954446.0,0.0217,-5.46,135250,128440,113022,0.161
1595,EPD,Energy,Oil & Gas Midstream,NYSE,99.66,73,71,72,75,37.26,78129884633.44012,2159477169.0,0.024,-7.24,3650490,2833440,3064436,0.608
1596,PAY,Technology,Software - Infrastructure,NYSE,99.66,73,87,50,32,31.71,3882719307.4015675,125939647.0,0.077,-30.02,1394420,1179760,1256572,0.288
1597,WEX,Technology,Software - Infrastructure,NYSE,99.65,73,76,41,67,171.48,5763200628.117645,34081611.0,0.096,-15.94,585580,563856,591876,0.142
1598,POWW,Industrials,Aerospace & Defense,NASDAQ,99.64,73,70,88,85,2.16,265779527.56262684,116060931.0,0.0319,-19.1,458540,513523,566382,0.221
1599,MLSS,Healthcare,Medical Instruments & Supplies,NYSE ARCA,99.64,73,69,57,12,0.37,34432206.16793275,90611070.0,0.0011999999,-38.33,106730,96496,132426,0.223
1600,GME,Consumer Cyclical,Specialty Retail,NYSE,99.63,73,20,35,58,24.76,12461174837.90371,504500990.0,0.084,-7.89,11307680,9547546,8623170,-0.187
1601,CABR,Healthcare,Drug Manufacturers - Specialty & Generic,NASDAQ,99.61,73,58,90,81,1.25,12027141.81392312,10368226.0,0.002,-32.07,11870,31726,53392,
1602,DRK,Technology,Software - Infrastructure,NASDAQ,99.57,73,17,17,3,2.78,27903470.548784256,10569496.0,0.033299997,-77.94,188390,406376,470304,-0.188
1603,INSP,Healthcare,Medical Devices,NYSE,99.56,73,53,14,9,68.2,2022858974.040985,28910375.0,0.17790002,-53.61,851490,813390,786440,-0.076
1604,SNDA,Healthcare,Medical Care Facilities,NYSE,99.55,73,77,85,81,37.12,1811409259.6577072,48047990.0,0.1191,-16.38,422510,468473,457792,1.371
1605,CAMT,Technology,Semiconductor Equipment & Materials,NASDAQ,99.55,73,71,57,94,154.55,7709116272.565979,46668177.0,0.0866,-28.45,411460,374790,446752,0.025
1606,SLP,Healthcare,Health Information Services,NASDAQ,99.54,73,77,74,22,18.5,374004103.0,20216438.0,0.2017,-11.95,322850,223673,213916,0.075
1607,KINS,Financial Services,Insurance - Property & Casualty,NASDAQ,99.48,73,85,85,66,18.49,267808460.5,14476133.0,0.0241,-11.53,76910,89906,96164,0.259
1608,BFC,Financial Services,Banks - Regional,NASDAQ,99.44,73,70,67,73,150.33,1691663695.8611755,11085607.0,0.062,-5.51,62300,67390,70128,0.57
1609,HELE,Consumer Defensive,Household & Personal Products,NASDAQ,99.44,73,82,89,21,25.32,622829705.8088703,23292061.0,0.1277,-17.47,442730,412913,377664,0.082
1610,SPXX,Financial Services,Asset Management,NYSE,99.43,72,65,62,51,18.72,336880449.1854954,17976545.0,0.0112,-3.46,306218,240626,230671,3.76
1611,XPRO,Energy,Oil & Gas Equipment & Services,NYSE,99.43,72,76,69,87,16.23,1848355919.6856613,113396074.0,0.089700006,-15.6,790330,823420,834500,-0.07
1612,MPTI,Technology,Electronic Components,NYSE ARCA,99.42,72,75,89,77,76.37,335156767.0128784,4346476.0,0.0921,-27.16,80580,80580,132252,0.138
1613,HSIC,Healthcare,Medical Distribution,NASDAQ,99.41,72,74,71,62,84.84,9669254021.278282,113916757.0,0.08229999,-7.96,1203380,1099556,1170594,0.067
1614,VOXR,Basic Materials,Other Precious Metals & Mining,NASDAQ,99.39,72,76,40,86,5.13,349561293.10069084,69495284.0,0.030199999,-23.43,448070,421753,446864,1.226
1615,ROK,Industrials,Specialty Industrial Machinery,NYSE,99.36,72,59,77,72,450.74,50454966618.38733,111048676.0,0.038900003,-9.37,606740,692023,768726,0.079
1616,GAP,Consumer Cyclical,Apparel Retail,NYSE,99.34,72,37,23,71,23.79,7907090864.269354,351270137.0,0.1392,-18.97,6572780,8305183,7062630,-0.02
1617,M,Consumer Cyclical,Department Stores,NYSE,99.34,72,69,84,78,22.46,5936545044.0228195,261176646.0,0.1523,-15.53,6101910,6636830,5952626,0.012
1618,CZWI,Financial Services,Banks - Regional,NASDAQ,99.33,72,77,83,80,21.46,205549912.93745804,9650231.0,0.0229,-12.16,28970,48026,48228,-0.203
1619,AEM,Basic Materials,Gold,NYSE,99.33,72,75,23,85,186.03,93014163104.40234,506364864.0,0.0136,-27.12,1752620,2147780,2680664,0.35
1620,WK,Technology,Software - Application,NYSE,99.33,72,75,21,17,70.16,3876086622.9125366,54416488.0,0.0759,-27.74,2134270,1327726,1118138,0.186
1621,BSBR,Financial Services,Banks - Regional,NYSE,99.31,72,62,33,73,5.98,40432648863.06626,7487527435.0,1.89,-18.31,4448810,4108333,4443182,0.288
1622,GROW,Financial Services,Asset Management,NASDAQ,99.29,72,61,73,54,2.92,35172839.2698679,12298196.0,0.0013,-20.0,11360,20690,19404,0.391
1623,GOOG,Communication Services,Internet Content & Information,NASDAQ,99.27,72,61,84,86,344.59,4162458394376.448,12229934831.0,3.28,-14.8,16989630,17207520,17437014,0.242
1624,CSWC,Financial Services,Asset Management,NASDAQ,99.26,72,69,66,72,23.67,1499020581.015049,63733867.0,0.0646,-8.08,534610,599203,613600,0.091
1625,BCX,Financial Services,Asset Management,NYSE,99.26,72,79,59,79,12.0,907233241.9174767,76238090.0,0.0002,-13.42,155436,155712,157145,
1626,CODA,Industrials,Aerospace & Defense,NASDAQ,99.24,72,35,34,87,10.86,125693749.01374531,11283101.0,0.030199999,-37.15,73960,105076,92730,0.092
1627,CET,Financial Services,Asset Management,NYSE ARCA,99.23,72,64,57,62,56.41,1660373159.7702599,29549265.0,0.0004,-1.71,23836,24332,26347,0.659
1628,WSBK,Financial Services,Banks - Regional,NASDAQ,99.23,72,71,73,80,12.91,115683190.76269913,8960743.0,0.0036000002,-3.55,7080,7966,8388,0.322
1629,IT,Technology,Information Technology Services,NYSE,99.23,72,32,13,8,184.92,11669930957.51538,63148976.0,0.1865,-29.18,836650,1038640,1269744,-0.006
1630,FCF,Financial Services,Banks - Regional,NYSE,99.2,72,76,72,69,20.06,2077709764.0303135,101055925.0,0.0535,-10.21,1123700,977753,919262,0.096
1631,SKWD,Financial Services,Insurance - Property & Casualty,NASDAQ,99.17,72,76,79,33,56.49,2442251005.4119606,44396493.0,0.0517,-14.01,318080,365716,426946,0.53
1632,FNV,Basic Materials,Gold,NYSE,99.13,72,79,33,81,243.98,46150328917.54837,192855530.0,4.97,-14.59,937770,828403,825318,0.582
1633,MTDR,Energy,Oil & Gas E&P,NYSE,99.13,72,76,56,82,52.91,6620850556.0,123754216.0,0.115100004,-20.84,1529570,1706813,1960312,0.268
1634,VALU,Financial Services,Financial Data & Stock Exchanges,NASDAQ,99.11,72,59,62,32,41.0,379974969.0,9382098.0,0.0219,-0.44,1630,3853,3666,-0.064
1635,BPOP,Financial Services,Banks - Regional,NASDAQ,99.1,72,81,83,82,158.29,10085932109.212692,63778501.0,0.032899998,-11.69,492330,542133,486544,0.076
1636,GPN,Industrials,Specialty Business Services,NYSE,99.09,72,80,48,26,81.79,20740788681.403885,264618390.0,0.0739,-14.7,2237620,2437243,2739766,0.686
1637,VHI,Basic Materials,Chemicals,NYSE,99.08,72,85,36,32,15.12,421702573.49331,28321193.0,0.030199999,-21.21,9500,15540,16002,0.122
1638,ENR,Industrials,Electrical Equipment & Parts,NYSE,99.07,72,59,42,26,21.59,1514173255.8690948,68483637.0,0.1122,-14.83,853920,931883,1001704,0.012
1639,PHVS,Healthcare,Biotechnology,NASDAQ,99.07,72,89,86,86,31.12,2189678579.633251,70204506.0,0.0309,-28.05,709340,960820,819200,
1640,NTRS,Financial Services,Asset Management,NASDAQ,99.06,72,83,84,80,169.46,31358597807.527313,182955653.0,0.0248,-13.44,1013760,991290,1016012,0.364
1641,FSBC,Financial Services,Banks - Regional,NASDAQ,99.05,72,80,86,80,43.32,1071023238.5399017,24536614.0,0.0462,-13.81,157880,187100,178136,0.276
1642,NGVT,Basic Materials,Specialty Chemicals,NYSE,99.03,72,64,71,88,72.8,2489305457.9157104,34377922.0,0.059299998,-8.19,254710,260693,257392,-0.052
1643,FDX,Industrials,Integrated Freight & Logistics,NYSE,99.03,72,80,85,87,289.03,68719624039.74792,236670435.0,0.020499999,-16.31,1713660,1582603,1562082,0.125
1644,IDYA,Healthcare,Biotechnology,NASDAQ,99.02,72,85,77,77,36.63,3604847181.1325073,96489484.0,0.1196,-14.18,963640,821190,782874,
1645,IHS,Real Estate,Real Estate Services,NYSE,99.02,72,60,67,80,8.44,2814994803.626602,338340734.0,0.024,-5.7,999410,1130166,1230260,0.104
1646,RCUS,Healthcare,Biotechnology,NYSE,99.01,72,91,94,94,24.28,3073896146.450115,125773162.0,0.17709999,-23.49,1380100,1517670,1401982,-0.744
1647,RGS,Consumer Cyclical,Personal Services,NASDAQ,99.01,72,60,60,71,29.75,72629558.94253159,2500157.0,0.0211,-5.56,6800,8386,7518,-0.073
1648,ZM,Technology,Software - Application,NASDAQ,99.0,72,63,67,66,94.2,27100870276.272102,291783711.0,0.0269,-17.9,2440850,3197293,3107358,0.049
1649,ADAMN,Real Estate,REIT - Mortgage,NASDAQ,98.98,72,72,66,63,23.96,,,1.52,-4.77,9350,7363,7874,1.298
1650,CSQ,Financial Services,Asset Management,NASDAQ,98.95,72,70,66,61,20.6,3282766318.3329105,160369635.0,0.0011,-2.69,188553,174687,178294,-0.028
1651,HKD,Technology,Software - Application,NYSE,98.92,72,57,31,57,1.72,537417700.4888058,314279350.0,0.0033000002,-68.56,146760,114073,111828,3.409
1652,RES,Energy,Oil & Gas Equipment & Services,NYSE,98.91,72,64,51,85,6.04,1298910119.914404,221657012.0,0.3305,-25.98,2153980,1931090,1722018,0.095
1653,CVGI,Consumer Cyclical,Auto Parts,NASDAQ,98.9,72,87,97,98,2.95,120272740.27001381,40632682.0,0.0342,-49.83,211060,236376,361376,0.135
1654,AROW,Financial Services,Banks - Regional,NASDAQ,98.89,72,76,84,81,37.2,700011509.1289749,18523723.0,0.0339,-12.88,75460,82470,87320,0.046
1655,WHG,Financial Services,Asset Management,NYSE,98.84,72,69,72,40,19.01,187141216.54467773,9543152.0,0.0136,-9.35,17786,19418,19947,0.096
1656,VFF,Consumer Defensive,Farm Products,NASDAQ,98.84,72,73,23,96,2.79,347293072.98408294,122286297.0,0.047,-44.09,869960,770180,943002,0.068
1657,ISTR,Financial Services,Banks - Regional,NASDAQ,98.83,72,71,73,81,29.3,405182332.55779266,13777026.0,0.0222,-7.77,98830,91426,106102,0.662
1658,ETD,Consumer Cyclical,"Furnishings, Fixtures & Appliances",NYSE,98.82,72,64,31,28,21.07,530804987.49938965,25204416.0,0.1527,-27.37,477970,606653,579764,-0.085
1659,HRB,Consumer Cyclical,Personal Services,NYSE,98.82,72,77,52,12,42.63,5105510944.9019165,122493064.0,0.234,-27.34,2073110,1897823,2236262,0.03
1660,AMBP,Consumer Cyclical,Packaging & Containers,NYSE,98.82,72,83,65,63,4.44,2653816068.3610296,597706314.0,0.065,-18.83,1407780,1649196,1946090,0.177
1661,ALTG,Industrials,Industrial Distribution,NYSE,98.8,72,34,57,58,6.74,211681331.18307114,32666872.0,0.0366,-22.44,261350,217253,196738,-0.012
1662,TT,Industrials,Building Products & Equipment,NYSE,98.78,72,50,63,71,476.39,102070952847.81894,220023177.0,0.0152,-5.83,1305750,1146850,1164444,0.106
1663,PVL,Energy,Oil & Gas E&P,NYSE,98.76,72,58,40,65,1.82,60390001.41620636,33000000.0,0.0037,-9.45,56920,61926,54512,2.732
1664,VRTX,Healthcare,Biotechnology,NASDAQ,98.74,72,75,59,36,502.31,127929334955.12488,253460924.0,0.021,-10.34,939300,990000,1114468,0.125
1665,GSM,Basic Materials,Other Industrial Metals & Mining,NASDAQ,98.71,72,59,16,39,4.34,796025845.1889782,186860517.0,0.0402,-24.39,1134910,1188116,1487474,-0.021
1666,FLR,Industrials,Engineering & Construction,NYSE,98.7,72,80,53,62,52.0,6673679447.372673,133741067.0,0.108,-10.88,2487100,2326733,2556524,0.088
1667,EDSA,Healthcare,Biotechnology,NASDAQ,98.7,72,90,98,98,3.72,37214378.6486156,9641031.0,0.024500001,-81.69,35120,50216,63224,
1668,PH,Industrials,Specialty Industrial Machinery,NYSE,98.68,71,63,65,80,984.91,122650627668.79181,126112415.0,0.0116,-10.46,502080,581173,618128,0.098
1669,EOD,Financial Services,Asset Management,NYSE,98.68,71,69,71,74,6.41,272176583.8727541,43065914.0,0.41,-4.9,149251,117143,106016,
1670,CNI,Industrials,Railroads,NYSE,98.68,71,72,76,64,118.41,72353054972.07642,604100000.0,4.05,-9.99,1189030,1320606,1329480,0.113
1671,ADP,Technology,Software - Application,NASDAQ,98.67,71,65,56,16,262.36,102106095986.40698,396251548.0,0.0296,-10.61,1923660,2104290,2267750,0.068
1672,VRT,Industrials,Electrical Equipment & Parts,NYSE,98.65,71,89,93,97,253.14,97086314647.4024,384988173.0,0.0368,-33.37,3894440,4896173,5530874,0.241
1673,EDU,Consumer Defensive,Education & Training Services,NYSE,98.64,71,74,28,57,57.11,8594839702.29927,155029580.0,0.0241,-12.1,769540,741890,815490,0.23
1674,CZR,Consumer Cyclical,Resorts & Casinos,NASDAQ,98.62,71,65,68,60,29.65,6042080598.864052,203780124.0,0.1076,-3.98,5183820,4110040,4047870,0.03
1675,GRVY,Communication Services,Electronic Gaming & Multimedia,NASDAQ,98.62,71,78,53,39,67.58,475999650.0,6948900.0,0.0081,-11.08,20540,25556,35116,-0.046
1676,HIW,Real Estate,REIT - Office,NYSE,98.61,71,71,78,25,29.64,3271790928.403139,110272697.0,0.1757,-16.37,1188430,1152353,1178298,0.075
1677,AOD,Financial Services,Asset Management,NYSE,98.6,71,73,69,70,10.2,1075756719.2838907,105466347.0,3.04,-5.99,425308,414889,416771,0.161
1678,FUND,Financial Services,Asset Management,NASDAQ,98.59,71,74,67,77,9.77,286274842.88339996,29665788.0,0.0023,-11.1,18125,20908,23229,-0.012
1679,EIG,Financial Services,Insurance - Specialty,NYSE,98.57,71,74,75,33,48.9,882399678.9638901,17960506.0,0.112799995,-7.02,184410,164020,168808,-0.106
1680,PFBC,Financial Services,Banks - Regional,NASDAQ,98.57,71,63,69,58,104.54,1262119831.4701233,11853116.0,0.12,-6.88,181420,151730,123134,0.047
1681,CENT,Consumer Defensive,Packaged Foods,NASDAQ,98.56,71,60,76,62,40.02,2491811412.3378525,62592598.0,0.069699995,-14.8,73440,86953,100732,-0.082
1682,TCBX,Financial Services,Banks - Regional,NYSE,98.56,71,71,54,69,43.02,722159509.365387,16654970.0,0.034,-7.19,97930,105226,104446,0.321
1683,CVLG,Industrials,Trucking,NYSE,98.56,71,77,95,77,33.09,856753742.6842422,25377778.0,0.0738,-33.66,151040,208236,217956,0.099
1684,UNP,Industrials,Railroads,NYSE,98.53,71,74,77,62,276.61,165319328858.25018,594075498.0,0.0514,-12.46,2328770,2454410,2540304,0.115
1685,CLST,Financial Services,Banks - Regional,NASDAQ,98.52,71,76,72,73,17.15,65750790.2224617,4033791.0,0.0023,-16.34,2630,3160,2808,0.087
1686,SGP,Healthcare,Biotechnology,NASDAQ,98.52,71,83,20,33,24.78,833523639.2318783,33447979.0,0.1107,-23.61,105210,128680,107710,
1687,CULP,Consumer Cyclical,Textile Manufacturing,NASDAQ,98.51,71,42,39,18,3.65,49540411.695988655,12735324.0,0.0066000004,-17.79,81570,161833,102688,0.065
1688,MYFW,Financial Services,Banks - Regional,NASDAQ,98.5,71,75,83,67,30.19,293832733.10004044,9765129.0,0.0207,-12.14,29740,41243,45972,0.277
1689,FFBC,Financial Services,Banks - Regional,NASDAQ,98.46,71,74,82,73,31.37,3351670019.8795967,105166926.0,0.0678,-13.46,942110,867296,803662,0.165
1690,AMZN,Consumer Cyclical,Internet Retail,NASDAQ,98.43,71,64,54,67,256.29,2712973635713.5435,10786313572.0,0.0083,-10.76,35971790,34605683,39815300,0.196
1691,ITT,Industrials,Specialty Industrial Machinery,NYSE,98.43,71,62,53,83,207.31,18522276349.57837,89839824.0,0.0848,-9.99,897690,807453,854952,0.515
1692,LAND,Real Estate,REIT - Specialty,NASDAQ,98.42,71,53,28,62,9.66,412385655.9808264,43136573.0,0.1022,-25.69,579790,713830,712350,0.042
1693,CFR,Financial Services,Banks - Regional,NYSE,98.41,71,79,71,64,152.96,9635547209.141312,62148785.0,0.0002,-10.44,437270,496736,527028,0.061
1694,UG,Consumer Defensive,Household & Personal Products,NASDAQ,98.41,71,61,58,35,7.18,32757494.995778084,4594319.0,0.0061000003,-15.03,9200,8266,8722,0.095
1695,ACGCU,Financial Services,Shell Companies,NASDAQ,98.39,71,45,44,42,10.9,,,0.02,-14.24,650,216,260,
1696,HBCP,Financial Services,Banks - Regional,NASDAQ,98.39,71,72,72,74,67.21,531511737.8921509,7870750.0,0.043,-9.79,65700,67033,75280,0.038
1697,SRBK,Financial Services,Banks - Regional,NASDAQ,98.38,71,73,75,74,18.49,135121650.5,7303873.0,0.038900003,-11.74,21110,20523,22048,0.09
1698,ZYME,Healthcare,Biotechnology,NASDAQ,98.37,71,83,80,92,25.65,1804512472.629547,71750000.0,0.1041,-18.16,1061200,873520,743546,-0.906
1699,MAR,Consumer Cyclical,Lodging,NASDAQ,98.36,71,44,70,82,361.28,93604664512.25244,260766288.0,0.030299999,-12.09,1324200,1542116,1636484,0.111
1700,PGNY,Healthcare,Healthcare Plans,NASDAQ,98.36,71,75,92,18,25.91,1935817078.4172592,76726798.0,0.0867,-21.64,1184870,1141383,1156374,0.053
1701,BUD,Consumer Defensive,Beverages - Brewers,NYSE,98.36,71,71,73,68,75.62,144593132497.01044,1969128856.0,0.008,-12.68,2232650,2405743,2225422,0.11
1702,SEER,Healthcare,Biotechnology,NASDAQ,98.35,71,61,58,35,2.19,124587033.75,55372015.0,0.0018000001,-9.13,445270,258286,471322,-0.234
1703,ALSN,Consumer Cyclical,Auto Parts,NYSE,98.31,71,81,66,83,114.75,9741731243.663269,82578038.0,0.040599998,-16.62,726070,788180,819952,0.924
1704,BVN,Basic Materials,Other Precious Metals & Mining,NYSE,98.3,71,81,66,91,31.94,7972647600.108719,253986867.0,0.0229,-28.5,987610,1142176,1095494,0.432
1705,CBAN,Financial Services,Banks - Regional,NYSE,98.3,71,69,63,78,20.43,433979752.5407219,21221503.0,0.0525,-9.04,134850,141500,153624,0.253
1706,V,Financial Services,Credit Services,NYSE,98.3,71,68,60,33,370.64,677086954586.0203,1877355259.0,0.0109,-3.87,5072150,5895550,6524400,0.144
1707,OPBK,Financial Services,Banks - Regional,NASDAQ,98.21,71,66,62,61,15.23,231156873.36439133,14932615.0,0.0134000005,-9.51,38750,45366,51562,0.151
1708,GHM,Industrials,Specialty Industrial Machinery,NYSE,98.16,71,80,90,93,88.28,1073821124.0969925,11737033.0,0.0881,-29.84,168890,175063,183716,0.286
1709,ADAML,Real Estate,REIT - Mortgage,NASDAQ,98.14,71,66,64,64,24.33,,,0.3,-3.45,16485,14881,14801,1.298
1710,GL,Financial Services,Insurance - Life,NYSE,98.14,71,74,83,65,166.28,12864183433.792786,77644761.0,0.0005,-13.19,528980,434810,499938,0.08
1711,QCOM,Technology,Semiconductors,NASDAQ,98.14,71,50,78,26,181.03,197452337016.5509,1068060487.0,0.0401,-30.35,11232180,13464410,12534480,-0.04
1712,SCWO,Industrials,Pollution & Treatment Controls,NASDAQ,98.14,71,81,13,78,2.77,53886150.985198975,17495504.0,0.0194,-74.59,35460,55100,55676,2.802
1713,CCBG,Financial Services,Banks - Regional,NASDAQ,98.13,71,73,69,70,49.26,849846326.4087181,17113297.0,0.044099998,-8.1,73410,72196,72556,0.021
1714,NWG,Financial Services,Banks - Regional,NYSE,98.13,71,80,70,75,17.67,70077665872.67508,3965912030.0,0.00029999999,-9.01,4238580,3305426,3385872,0.145
1715,GTIM,Consumer Cyclical,Restaurants,NASDAQ,98.12,71,71,55,27,1.49,15836844.0,10557896.0,0.0023,-28.71,37770,35013,58964,-0.05
1716,CGEN,Healthcare,Biotechnology,NASDAQ,98.11,71,90,63,92,2.22,218821503.6396246,94727926.0,0.025,-31.48,155760,217840,254120,1.07
1717,ELV,Healthcare,Healthcare Plans,NYSE,98.1,71,74,80,24,400.09,83804798146.30188,216869290.0,0.0275,-8.29,1119070,1138070,1072298,0.014
1718,CLAR,Consumer Cyclical,Leisure,NASDAQ,98.1,71,74,61,20,3.43,132094136.5757215,38288155.0,0.026800001,-13.82,107360,118596,124012,0.016
1719,CPF,Financial Services,Banks - Regional,NYSE,98.08,71,74,78,73,36.28,937721426.295044,25747432.0,0.0327,-11.49,165138,169266,164131,0.077
1720,FDS,Financial Services,Financial Data & Stock Exchanges,NYSE,98.06,71,64,35,15,272.01,9460434438.0,35565543.0,0.1243,-15.12,817840,910650,867228,0.063
1721,TLX,Healthcare,Biotechnology,NASDAQ,98.06,71,85,51,50,10.78,3584724366.508711,339784294.0,0.0011,-17.77,429040,385270,280724,0.223
1722,CVBF,Financial Services,Banks - Regional,NASDAQ,98.05,71,69,68,60,21.89,3921222972.647848,175997435.0,0.0738,-6.49,1479620,1336866,1276184,0.42
1723,NMAI,Financial Services,Asset Management,NYSE,98.04,71,73,66,68,13.8,476649719.6105232,33425646.0,0.0056,-8.37,169744,111924,102630,
1724,CMT,Basic Materials,Specialty Chemicals,NYSE ARCA,98.03,71,70,69,88,23.52,197127146.8999672,8563299.0,0.029000001,-18.02,41560,35440,30904,-0.208
1725,MSI,Technology,Communication Equipment,NYSE,98.03,71,63,39,56,456.28,74043576295.13635,165493788.0,0.0223,-7.79,788250,882120,945066,0.133
1726,RMBI,Financial Services,Banks - Regional,NASDAQ,98.02,71,71,64,55,15.28,247621201.19033718,16037643.0,0.0173,-7.9,65230,121970,90176,0.156
1727,INDV,Healthcare,Drug Manufacturers - Specialty & Generic,NASDAQ,98.01,71,53,92,93,35.9,4214920255.078537,118031934.0,0.1125,-16.14,1817280,2008173,2234396,0.136
1728,SYBT,Financial Services,Banks - Regional,NASDAQ,98.0,70,65,59,52,77.07,2443080786.558426,31066643.0,0.043899998,-13.62,135260,153446,161138,0.198
1729,FLS,Industrials,Specialty Industrial Machinery,NYSE,98.0,70,63,52,85,73.34,9453377797.725677,127112780.0,0.062800005,-20.64,1537870,1623723,1673994,-0.016
1730,SBH,Consumer Cyclical,Specialty Retail,NYSE,97.99,70,69,62,66,16.26,1520426000.651558,93622292.0,0.3073,-9.26,1325590,1259696,1337788,0.002
1731,CTRN,Consumer Cyclical,Apparel Retail,NASDAQ,97.99,70,94,90,86,49.19,399542904.4975014,8339447.0,0.18530001,-36.86,159220,200666,171732,0.109
1732,RMBS,Technology,Semiconductors,NASDAQ,97.94,70,22,64,90,114.09,12144445820.309418,108461603.0,0.077800006,-34.47,1813690,2375560,2372152,0.204
1733,KMI,Energy,Oil & Gas Midstream,NYSE,97.92,70,63,66,71,32.16,69186740225.66394,2226802089.0,0.0239,-7.61,11002870,12378316,11598420,0.108
1734,INM,Healthcare,Drug Manufacturers - Specialty & Generic,NASDAQ,97.92,70,37,86,5,1.33,7306667.785765529,5493735.0,0.0029,-46.8,50310,64220,83368,
1735,RMR,Real Estate,Real Estate Services,NASDAQ,97.92,70,72,84,62,17.63,302832399.161293,17080226.0,0.09770001,-17.81,109250,95110,117456,0.084
1736,BME,Financial Services,Asset Management,NYSE,97.92,70,74,69,60,42.57,560130625.9920616,12924103.0,0.0026,-8.31,37394,39321,42718,-0.038
1737,TCPC,Financial Services,Asset Management,NASDAQ,97.91,70,39,14,20,3.99,333933046.10031843,83902775.0,0.0582,-36.16,761490,743510,790860,-0.222
1738,INCY,Healthcare,Biotechnology,NASDAQ,97.89,70,82,82,73,112.73,23371050732.38443,202697746.0,0.083900005,-14.98,1785740,1553320,1648178,0.377
1739,MO,Consumer Defensive,Tobacco,NYSE,97.88,70,58,74,61,68.55,112457250868.27296,1669743926.0,0.0234,-11.04,7115940,7733923,8937802,0.012
1740,FSBW,Financial Services,Banks - Regional,NASDAQ,97.83,70,59,58,45,44.11,348529035.23602295,7862148.0,0.0248,-3.79,30480,27900,24674,0.025
1741,NAUT,Healthcare,Biotechnology,NASDAQ,97.79,70,9,80,98,1.77,249074560.6476736,127078855.0,0.0652,-58.93,10406680,4161443,2862702,
1742,KE,Industrials,Electrical Equipment & Parts,NASDAQ,97.78,70,33,37,71,28.81,690729558.0153275,23991995.0,0.078600004,-9.97,180390,192756,200884,-0.023
1743,AVBH,Financial Services,Banks - Regional,NASDAQ,97.75,70,65,78,75,31.42,343343587.31391907,10983480.0,0.041100003,-8.07,53032,66340,70230,0.289
1744,THM,Basic Materials,Gold,NYSE ARCA,97.75,70,80,65,95,2.33,653928321.9604006,265824517.0,0.0214,-36.16,560860,744260,1012026,
1745,FCCO,Financial Services,Banks - Regional,NASDAQ,97.73,70,72,70,73,32.59,307089194.5585785,9399731.0,0.0221,-8.81,90000,63343,58496,0.265
1746,KNX,Industrials,Trucking,NYSE,97.71,70,78,87,80,64.63,10865590907.684326,162756000.0,0.0921,-22.0,3290980,3502200,3444652,0.126
1747,AXTA,Basic Materials,Specialty Chemicals,NYSE,97.7,70,69,61,30,33.4,6891444066.684299,214019997.0,0.0432,-13.49,2062200,1990676,1862932,0.031
1748,FRPT,Consumer Defensive,Packaged Foods,NASDAQ,97.67,70,71,28,57,62.77,2895979458.5761185,48058074.0,0.1865,-27.01,1006790,1075020,1241700,0.155
1749,HIPO,Financial Services,Insurance - Property & Casualty,NYSE,97.63,70,73,50,36,32.48,850793687.7336998,26389381.0,0.0382,-16.13,158910,174463,188372,0.234
1750,NBN,Financial Services,Banks - Regional,NASDAQ,97.63,70,74,76,77,125.32,1091150140.149765,8601215.0,0.059499998,-11.94,108837,109662,111151,0.113
1751,IGD,Financial Services,Asset Management,NYSE,97.61,70,68,67,62,6.1,478731893.5186777,78868514.0,0.0073,-9.5,339373,283977,276958,-0.066
1752,RDWR,Technology,Software - Infrastructure,NASDAQ,97.6,70,60,75,48,30.64,1291932475.106392,42082490.0,0.026300002,-6.56,369980,325796,292558,0.109
1753,AEG,Financial Services,Insurance - Diversified,NYSE,97.56,70,80,72,64,8.48,12505920575.014189,1479990634.0,0.0028,-11.76,6077140,5009743,4789624,-0.082
1754,SLE,Communication Services,Internet Content & Information,NASDAQ,97.55,70,27,4,2,5.03,246738964.87957,46554520.0,0.047199998,-91.81,138150,238563,1662776,0.003
1755,CHOW,Technology,Software - Infrastructure,NYSE ARCA,97.52,70,17,5,3,0.57,19874400.084614754,35490000.0,0.0401,-95.27,177300,5424216,8255030,-0.126
1756,OVID,Healthcare,Biotechnology,NASDAQ,97.5,70,92,97,99,2.37,464808922.01006603,195297857.0,0.124,-23.67,1577730,1660950,1590144,-0.883
1757,ZGN,Consumer Cyclical,Apparel Manufacturing,NYSE,97.46,70,56,81,78,12.5,3366495260.8477936,268889388.0,0.091800004,-21.63,904990,1146133,1064082,0.064
1758,GSBD,Financial Services,Asset Management,NYSE,97.46,70,62,39,53,9.03,1021001403.336647,112569067.0,0.0573,-12.96,816390,816850,897706,-0.08
1759,NATL,Technology,Software - Application,NYSE,97.45,70,62,71,84,45.67,3356398606.9706726,73896934.0,0.0797,-5.84,952900,785963,743584,0.001
1760,USPH,Healthcare,Medical Care Facilities,NYSE,97.45,70,66,30,36,83.63,1249328294.776184,14922698.0,0.1038,-10.56,177680,174510,202410,0.085
1761,ASAN,Technology,Software - Application,NYSE,97.45,70,34,25,6,9.29,1973722382.3364496,228970117.0,0.2451,-39.99,6356610,7640876,6525966,0.099
1762,HITI,Healthcare,Pharmaceutical Retailers,NASDAQ,97.45,70,57,24,36,2.72,234445085.02156258,89142614.0,1.8,-28.42,679050,782226,646482,0.328
1763,NVA,Basic Materials,Other Industrial Metals & Mining,NYSE ARCA,97.43,70,77,58,91,5.66,2847218340.3382874,494308720.0,0.0348,-65.23,610800,535113,419038,
1764,GTN,Communication Services,Broadcasting,NYSE,97.37,70,56,21,84,4.65,467549094.89145756,102984383.0,0.0,-27.8,1026310,977113,1115854,0.087
1765,FGCPP,Financial Services,Asset Management,NASDAQ,97.35,70,63,77,84,23.72,,,61.48,-8.77,1098,942,637,0.169
1766,LNC,Financial Services,Insurance - Life,NYSE,97.35,70,75,67,43,42.08,7715327494.737274,191447336.0,0.0001,-11.73,1893280,1966226,2086270,0.126
1767,CSW,Industrials,Specialty Industrial Machinery,NYSE,97.35,70,63,38,38,296.89,4931875619.809021,16293487.0,0.079,-16.48,114080,128483,139650,0.33
1768,SNDR,Industrials,Trucking,NYSE,97.35,70,76,86,59,31.6,5765646461.114822,175300899.0,0.111499995,-19.53,752970,692390,688786,0.104
1769,RYZ,Industrials,Metal Fabrication,NYSE,97.33,70,55,61,38,26.55,1327048541.371788,51898653.0,0.0328,-17.03,452330,442930,496304,0.716
1770,ZYBT,Healthcare,Drug Manufacturers - Specialty & Generic,NASDAQ,97.33,70,84,5,9,1.11,58765307.93195939,47391377.0,0.003,-86.14,18940,28786,1883528,-0.409
1771,ARQQ,Technology,Software - Infrastructure,NASDAQ,97.3,70,86,25,10,23.43,428447373.4246845,17402411.0,0.1919,-62.21,208300,316976,310638,8.299
1772,DTSQU,Financial Services,Shell Companies,NASDAQ,97.29,70,54,54,49,11.89,,,,-31.27,60,26,16,
1773,CDP,Real Estate,REIT - Office,NYSE,97.28,70,69,79,70,33.68,3807189040.449875,113410458.0,0.0892,-13.42,995780,925266,868124,0.039
1774,EXLS,Technology,Information Technology Services,NASDAQ,97.28,70,55,20,17,35.41,5420146839.25,151612499.0,0.075100005,-19.3,2307800,2032330,2296016,0.156
1775,REGN,Healthcare,Biotechnology,NASDAQ,97.27,70,81,39,74,738.72,75692508434.37476,102954988.0,0.025999999,-14.04,770880,719360,758500,0.167
1776,MSA,Industrials,Security & Protection Services,NYSE,97.26,70,69,39,40,182.45,6991543150.645767,38578289.0,0.0229,-12.67,223790,239403,268330,0.062
1777,FPI,Real Estate,REIT - Specialty,NYSE,97.25,70,53,29,65,10.74,490409305.29372025,43630722.0,0.106300004,-18.79,1001810,736736,626020,-0.055
1778,EE,Energy,Oil & Gas Midstream,NYSE,97.25,70,86,82,71,34.6,1021128527.3699036,31380716.0,0.1236,-19.86,327350,416486,397076,0.61
1779,GLBE,Consumer Cyclical,Internet Retail,NASDAQ,97.24,70,57,69,33,38.7,6602798370.878109,167967391.0,0.0353,-12.03,1409000,1442566,1477400,0.391
1780,CVM,Healthcare,Biotechnology,NYSE ARCA,97.23,70,13,2,20,2.74,40630558.96355009,17588987.0,0.0363,-74.39,339990,195256,202122,
1781,EWBC,Financial Services,Banks - Regional,NASDAQ,97.23,70,67,73,72,127.12,17292266220.3219,137011856.0,0.0341,-7.53,804080,829126,739470,0.163
1782,CPA,Industrials,Airlines,NYSE,97.22,70,58,77,62,138.31,5407756984.64061,40819423.0,0.0499,-13.81,338100,311453,304124,0.257
1783,BRBI,Financial Services,Capital Markets,NASDAQ,97.21,70,18,18,35,13.69,294959193.67806816,26248926.0,1.45,-17.58,1180,783,772,-0.066
1784,HLIO,Industrials,Specialty Industrial Machinery,NYSE,97.21,70,61,90,91,71.38,2369754301.9251556,33046358.0,0.0311,-24.9,439460,359180,341908,0.091
1785,SKY,Consumer Cyclical,Residential Construction,NYSE,97.2,70,59,56,35,85.89,4782079722.5750885,54280134.0,0.0639,-13.39,456550,509303,608776,0.013
1786,CTAS,Industrials,Specialty Business Services,NASDAQ,97.18,70,59,38,28,195.96,77114773046.92078,399517000.0,0.0376,-10.59,2083050,1939956,1993574,0.109
1787,MCY,Financial Services,Insurance - Property & Casualty,NYSE,97.16,70,69,84,80,103.0,5664594697.354057,55388627.0,0.0352,-8.9,329910,309223,300950,0.138
1788,NTWOU,Financial Services,Shell Companies,NASDAQ,97.15,70,62,41,42,11.5,,,0.0,-8.0,540,219,614,
1789,VLN,Technology,Semiconductors,NYSE,97.14,69,31,62,14,1.88,206814903.3457632,108280056.0,0.0195,-49.33,414680,586540,745568,0.061
1790,WTGUU,Financial Services,Shell Companies,NASDAQ,97.14,69,47,42,60,11.35,,,73.19,-7.35,490,1840,1176,
1791,STRF,Technology,Software - Application,NASDAQ,97.13,69,61,34,44,103.42,,,6.05,-11.64,53130,59963,69422,0.069
1792,WFCF,Industrials,Specialty Business Services,NASDAQ,97.12,69,66,51,58,13.52,63391107.71049118,4979663.0,0.0047999998,-38.96,220120,76316,47864,0.007
1793,HYNE,Financial Services,Banks - Regional,NASDAQ,97.11,69,65,65,61,16.6,123907316.44740295,7464296.0,0.033800002,-1.54,5550,7483,8618,0.361
1794,BNGO,Healthcare,Medical Instruments & Supplies,NASDAQ,97.11,69,21,16,10,1.45,17429960.22462845,11777000.0,0.097200006,-34.98,493490,1823963,1151880,0.214
1795,JXG,Consumer Cyclical,Apparel Manufacturing,NASDAQ,97.11,69,89,96,6,7.64,92861050.59976101,12059877.0,0.0002,-51.49,35830,24926,32438,1.667
1796,BZFD,Communication Services,Internet Content & Information,NASDAQ,97.1,69,30,90,8,1.17,97274554.88362491,87634733.0,0.042600002,-47.06,430770,368726,440700,-0.218
1797,CLPS,Technology,Information Technology Services,NASDAQ,97.08,69,60,24,43,1.0,30737081.986218452,29841828.0,0.0014,-46.81,6680,7586,12572,0.028
1798,RSVR,Communication Services,Entertainment,NASDAQ,97.07,69,49,74,83,9.57,627660703.540699,65930743.0,0.0298,-28.53,35790,80523,65764,0.116
1799,CCEP,Consumer Defensive,Beverages - Non-Alcoholic,NASDAQ,97.07,69,68,70,58,101.71,44439240365.21735,439731263.0,0.0804,-10.52,1689050,1711150,1845088,0.044
1800,SGU,Energy,Oil & Gas Refining & Marketing,NYSE,97.07,69,60,63,56,12.94,422608465.8349457,32811216.0,0.0017,-4.36,18960,19300,20770,0.172
1801,GGT,Financial Services,Asset Management,NYSE,97.06,69,59,67,63,4.0,196758839.06293392,49436894.0,0.005,-8.47,257959,365686,343973,0.415
1802,BHRB,Financial Services,Banks - Regional,NASDAQ,97.05,69,67,66,64,69.2,1410266137.7011871,20187033.0,0.0418,-7.84,121290,116740,119386,0.223
1803,PDM,Real Estate,REIT - Office,NYSE,97.01,69,68,76,39,9.03,1126195425.0,125132825.0,0.0512,-10.86,1629960,1872673,1499402,0.027
1804,INCR,Healthcare,Drug Manufacturers - Specialty & Generic,NASDAQ,97.0,69,44,32,12,5.32,81320418.28469658,15003767.0,0.0005,-37.04,3350,11570,26913,0.239
1805,GLP,Energy,Oil & Gas Midstream,NYSE,96.99,69,70,62,45,47.6,1587517166.749443,33848979.0,0.010299999,-12.32,54420,58000,70766,0.468
1806,MDB,Technology,Software - Infrastructure,NASDAQ,96.99,69,60,81,34,360.71,28835947136.01236,80556341.0,0.0367,-23.76,4710940,2921713,2362256,0.305
1807,BALY,Consumer Cyclical,Resorts & Casinos,NYSE,96.98,69,12,59,25,14.0,711115572.6810379,50469522.0,0.1095,-32.5,132990,127286,120504,0.205
1808,IBCP,Financial Services,Banks - Regional,NASDAQ,96.97,69,64,62,60,35.79,807388335.4385948,22199295.0,0.0361,-8.79,208710,182453,186958,0.112
1809,JCSE,Industrials,Specialty Industrial Machinery,NASDAQ,96.95,69,91,76,88,1.4,7457298.754624963,5251619.0,0.001,-44.0,9930,10433,17548,0.617
1810,PKG,Consumer Cyclical,Packaging & Containers,NYSE,96.95,69,61,60,44,229.74,20362524655.265854,89098299.0,0.0437,-11.63,540480,588046,570604,0.147
1811,MNST,Consumer Defensive,Beverages - Non-Alcoholic,NASDAQ,96.94,69,66,86,63,43.25,84121680055.81181,1959051764.0,0.030199999,-13.79,10088240,9588536,10360514,0.202
1812,ETO,Financial Services,Asset Management,NYSE,96.91,69,67,64,62,30.54,492791304.6587372,16388138.0,0.19,-5.6,19887,20119,23527,0.314
1813,SKYA,Technology,Software - Infrastructure,NASDAQ,96.9,69,16,6,7,1.88,79575412.48354125,43247506.0,0.0185,-72.55,369010,407430,367740,16.075
1814,HTO,Utilities,Utilities - Regulated Water,NASDAQ,96.89,69,79,74,66,58.18,2516849669.22789,41856804.0,0.16379999,-13.28,485340,459950,427086,0.062
1815,FMX,Consumer Defensive,Beverages - Brewers,NYSE,96.88,69,71,79,72,116.98,39410032322.20773,340681468.0,4.79,-17.31,448410,390773,447808,0.093
1816,HASI,Financial Services,Asset Management,NYSE,96.87,69,76,72,86,36.57,4660542362.120705,128495790.0,0.1492,-17.13,1235710,1147306,1077288,8.044
1817,MCHP,Technology,Semiconductors,NASDAQ,96.86,69,43,73,76,81.26,44157466586.4069,543008691.0,0.080299996,-23.27,7530160,7971813,9138000,0.38
1818,PERF,Technology,Software - Application,NYSE,96.85,69,68,55,32,1.91,194530958.21043384,101848671.0,0.0038,-11.16,209470,176786,220200,-0.0
1819,PRK,Financial Services,Banks - Regional,NYSE ARCA,96.84,69,71,67,62,180.28,3308450976.895111,18064161.0,0.0481,-16.15,89930,106723,106924,0.257
1820,PLOW,Consumer Cyclical,Auto Parts,NYSE,96.82,69,61,75,88,40.68,934851094.7259445,23077046.0,0.0315,-26.04,198170,183663,245772,0.105
1821,JCAP,Financial Services,Credit Services,NASDAQ,96.8,69,78,41,59,19.86,1105441568.0,57425536.0,0.0535,-18.74,259480,251496,324610,0.115
1822,RGLD,Basic Materials,Gold,NASDAQ,96.79,69,80,29,83,234.35,19880544314.76622,84727857.0,0.0297,-23.48,564060,649036,703790,1.155
1823,CII,Financial Services,Asset Management,NYSE,96.77,69,67,76,73,24.28,1054580113.4920521,43704109.0,0.0089,-7.22,60530,65730,78142,0.418
1824,TARS,Healthcare,Biotechnology,NASDAQ,96.75,69,85,34,75,74.11,3415793224.0,46791688.0,0.135,-19.03,910430,823773,778024,0.694
1825,PRU,Financial Services,Insurance - Life,NYSE,96.73,69,74,68,34,113.54,38846999473.57178,345000000.0,0.05,-11.1,1518190,1581083,1710790,0.141
1826,PIII,Healthcare,Medical Care Facilities,NASDAQ,96.73,69,85,99,8,5.62,24880078.842303276,3911962.0,0.0088,-66.73,9030,17503,36962,0.086
1827,FOXF,Consumer Cyclical,Auto Parts,NASDAQ,96.72,69,60,26,21,19.39,783878152.6164455,42031001.0,0.0955,-24.46,664240,502133,553410,-0.045
1828,AUTL,Healthcare,Biotechnology,NASDAQ,96.72,69,89,25,34,1.79,473769313.58502865,266162540.0,0.0482,-30.62,1644380,1600453,2344962,1.184
1829,PPHC,Industrials,Consulting Services,NASDAQ,96.7,69,50,15,72,10.85,318482256.66733074,30216533.0,0.0087,-28.38,165700,246536,188408,0.073
1830,AWR,Utilities,Utilities - Regulated Water,NYSE,96.69,69,75,70,42,81.56,3282622533.224167,39635626.0,0.037,-11.08,265460,232643,238556,0.112
1831,RVI,Financial Services,Asset Management,NYSE,96.69,69,69,85,75,27.03,747663594.1515827,27247215.0,1.47,-65.07,136540,144513,181570,
1832,GNW,Financial Services,Insurance - Life,NYSE,96.67,69,77,68,62,9.63,3608477475.419366,377851037.0,0.0388,-9.92,4122590,4314396,3609734,0.053
1833,BMHL,Financial Services,Capital Markets,NASDAQ,96.66,69,90,93,34,4.61,114789624.90536213,25520147.0,0.0019,-27.4,4710,2566,1850,-0.315
1834,OPK,Healthcare,Diagnostics & Research,NASDAQ,96.64,69,73,33,25,1.46,1164271988.2947564,746328225.0,0.0868,-16.57,1972580,2707673,3472226,0.043
1835,DLR,Real Estate,REIT - Specialty,NYSE,96.62,69,64,49,76,184.65,66241823838.04826,370998727.0,0.0,-11.29,1655000,1981650,2018978,0.299
1836,WMB,Energy,Oil & Gas Midstream,NYSE,96.6,69,72,72,73,72.39,86282234594.72327,1223167472.0,0.0222,-9.6,6559580,7779593,7204048,0.078
1837,INOD,Technology,Information Technology Services,NASDAQ,96.59,69,28,84,23,66.24,2409192345.0772476,34382651.0,0.146,-47.07,1833580,1392490,1492420,0.578
1838,MUSA,Consumer Cyclical,Specialty Retail,NYSE,96.58,69,70,87,67,513.03,9466246670.931152,18380347.0,0.047,-19.34,206210,263050,273796,0.408
1839,HEQ,Financial Services,Asset Management,NYSE,96.57,69,64,62,63,11.25,131214314.0,11928574.0,0.17,-6.25,24456,24042,22887,
1840,CNOB,Financial Services,Banks - Regional,NASDAQ,96.56,69,72,78,69,30.4,1548844463.5118866,50319832.0,0.0382,-10.95,346280,366473,375116,1.342
1841,WNEB,Financial Services,Banks - Regional,NASDAQ,96.55,69,58,74,81,13.82,279239003.07751465,20045872.0,0.016900001,-7.93,47050,51686,54088,-0.024
1842,BJ,Consumer Defensive,Discount Stores,NYSE,96.53,69,35,35,29,95.62,11994843036.675446,126314692.0,0.078099996,-9.6,2297320,1803073,1822444,0.157
1843,GALT,Healthcare,Biotechnology,NASDAQ,96.52,69,83,93,44,3.76,393313621.21777153,100849644.0,0.121300004,-47.27,209910,306066,329178,
1844,HWC,Financial Services,Banks - Regional,NASDAQ,96.52,69,71,74,66,72.72,5863503015.434387,80223058.0,0.104899995,-9.25,877850,820250,777194,0.076
1845,ETV,Financial Services,Asset Management,NYSE,96.51,69,65,63,61,14.93,1744313211.8678331,116754569.0,1.28,-3.62,248671,173603,165718,-0.061
1846,ACTG,Industrials,Business Equipment & Supplies,NASDAQ,96.47,69,67,57,85,4.37,423526748.5905647,97586805.0,0.058000002,-17.08,153360,174273,215212,1.236
1847,SIRI,Communication Services,Entertainment,NASDAQ,96.47,69,77,85,68,26.36,8669360205.074533,337066891.0,0.1835,-19.29,4735100,4253246,4283934,0.01
1848,GITS,Communication Services,Internet Content & Information,NASDAQ,96.46,68,74,72,97,1.74,7607617.99949646,4203104.0,0.0044,-75.46,30260,82760,97906,3.345
1849,NWSA,Communication Services,Entertainment,NASDAQ,96.45,68,66,55,33,28.55,15471404460.276558,539261212.0,0.032899998,-9.82,4430120,4335663,4138628,0.108
1850,GRWG,Consumer Cyclical,Specialty Retail,NASDAQ,96.43,68,69,72,27,1.55,94342724.0018934,60090905.0,0.0255,-35.42,293630,256133,371088,0.055
1851,EMBC,Healthcare,Medical Instruments & Supplies,NASDAQ,96.43,68,35,3,23,5.95,320126739.75348043,56659599.0,0.1177,-60.09,993920,1207143,1416112,-0.081
1852,LEE,Communication Services,Publishing,NASDAQ,96.41,68,79,80,88,7.07,149579616.090374,22292044.0,0.080699995,-40.49,30990,36146,39594,-0.108
1853,LAMR,Real Estate,REIT - Specialty,NASDAQ,96.37,68,65,80,64,144.74,14635339962.231934,101549684.0,0.0764,-12.98,588230,514650,604026,0.065
1854,GGN,Financial Services,Asset Management,NYSE ARCA,96.36,68,72,39,71,5.29,820179995.25,156224761.0,0.0004,-10.03,459421,473080,499792,0.143
1855,ETSY,Consumer Cyclical,Internet Retail,NYSE,96.35,68,78,85,44,71.39,6678957493.854767,91781748.0,0.1314,-18.85,3116990,3161150,3180280,0.062
1856,FRBA,Financial Services,Banks - Regional,NASDAQ,96.35,68,68,60,61,17.65,440374251.94299316,24754032.0,0.0177,-8.69,95020,87203,100592,0.017
1857,ADAMM,Real Estate,REIT - Mortgage,NASDAQ,96.34,68,61,57,61,25.06,,,0.15,-2.87,21946,13748,13989,1.298
1858,LAUR,Consumer Defensive,Education & Training Services,NASDAQ,96.32,68,66,84,75,38.25,5319880136.06781,137749360.0,0.0414,-6.54,1211810,1056213,1013886,0.175
1859,TCBK,Financial Services,Banks - Regional,NASDAQ,96.27,68,67,83,71,52.11,1681125076.5777206,31966630.0,0.048499998,-15.56,281210,265696,253898,0.104
1860,GAIN,Financial Services,Asset Management,NASDAQ,96.27,68,72,74,68,15.4,623611997.14365,39821967.0,0.0105,-10.15,139350,157263,178364,0.204
1861,ADAG,Healthcare,Biotechnology,NASDAQ,96.26,68,84,94,96,2.93,191358523.99671173,67143344.0,0.0368,-39.59,311240,239443,260180,
1862,AGNCL,Real Estate,REIT - Mortgage,NASDAQ,96.25,68,56,55,51,25.15,,,0.52,-1.89,15457,14679,13693,
1863,UBS,Financial Services,Banks - Diversified,NYSE,96.24,68,85,82,65,48.47,156384081373.51974,3277805164.0,0.0019,-13.42,2777540,2127170,1936458,0.146
1864,ETG,Financial Services,Asset Management,NYSE,96.23,68,67,63,58,23.16,1759219921.1710052,76321908.0,0.15,-6.27,84426,81442,91605,-0.035
1865,APPF,Technology,Software - Application,NASDAQ,96.23,68,51,34,15,203.31,7188586909.473633,35416992.0,0.097399995,-23.29,288110,307656,351796,0.193
1866,RRC,Energy,Oil & Gas E&P,NYSE,96.22,68,64,34,72,40.02,8933567751.480007,233679515.0,0.1195,-17.16,2705920,2590970,2548858,0.086
1867,HTGC,Financial Services,Asset Management,NYSE,96.21,68,69,41,31,16.57,3133125317.16156,187164000.0,0.0512,-13.38,1203960,1348476,1512004,0.085
1868,CAPL,Energy,Oil & Gas Refining & Marketing,NYSE,96.2,68,69,69,55,21.67,831413520.1114941,38173255.0,0.0025,-12.02,33020,28313,41386,0.259
1869,PED,Energy,Oil & Gas E&P,NYSE ARCA,96.2,68,73,40,81,13.24,170270692.10755062,13292013.0,0.017,-29.91,13440,27396,27440,5.614
1870,FULT,Financial Services,Banks - Regional,NASDAQ,96.19,68,73,78,74,22.4,4354761080.070623,190914563.0,0.0617,-11.22,1811970,1675260,1636988,0.137
1871,CGO,Financial Services,Asset Management,NASDAQ,96.18,68,68,69,67,12.8,124708356.73630333,9827294.0,0.0039,-9.86,26322,23027,26760,-0.273
1872,ETW,Financial Services,Asset Management,NYSE,96.17,68,66,62,64,9.53,1030592964.2839394,108597786.0,0.32,-4.22,271866,274908,282551,-0.014
1873,ZKIN,Basic Materials,Steel,NASDAQ,96.16,68,12,22,27,1.76,109342866.65010023,60712308.0,0.00029999999,-43.41,111960,52673,38064,
1874,ADEA,Technology,Software - Application,NASDAQ,96.15,68,88,88,93,24.61,2838611035.758877,110280150.0,0.118599996,-28.33,1229499,996636,1037983,0.121
1875,CCD,Financial Services,Asset Management,NASDAQ,96.15,68,69,77,69,23.64,653098327.6460037,28619559.0,0.0026,-12.41,77404,62888,62890,
1876,BIP,Utilities,Utilities - Diversified,NYSE,96.14,68,57,63,67,37.43,16803404685.18399,460115128.0,2.37,-15.01,930430,837360,868186,0.194
1877,VTMX,Real Estate,Real Estate - Diversified,NYSE,96.13,68,60,66,82,33.37,3012845922.797333,92788599.0,3.51,-10.8,53730,58843,58590,0.168
1878,MICC,Consumer Defensive,Packaged Foods,NYSE,96.13,68,78,79,30,17.18,10555743568.447731,603875506.0,11.77,-16.94,804820,790333,783692,0.042
1879,CBOE,Financial Services,Financial Data & Stock Exchanges,BATS,96.11,68,63,55,77,278.2,28327959233.77417,104431019.0,0.0298,-25.05,1319360,1122803,1092184,0.229
1880,NOEMU,Financial Services,Shell Companies,NASDAQ,96.1,68,63,50,51,11.81,,,0.0,-30.53,3015,1294,800,
1881,CURB,Real Estate,REIT - Retail,NYSE,96.06,68,71,79,71,27.89,3252125019.4102287,115038025.0,0.2292,-13.25,1366000,1469503,1427684,0.529
1882,CBFV,Financial Services,Banks - Regional,NASDAQ,96.06,68,67,63,69,37.28,187256362.64611816,5081584.0,0.0184,-4.07,3729,4906,4833,0.15
1883,JBHT,Industrials,Integrated Freight & Logistics,NASDAQ,96.03,68,85,91,84,225.93,21991379713.43994,93900000.0,0.0321,-24.63,972980,1068713,988426,0.194
1884,CNNE,Consumer Cyclical,Restaurants,NYSE,96.01,68,62,38,18,15.5,674035485.9254045,43374227.0,0.1321,-18.46,495330,524030,510634,-0.073
1885,TWAV,Financial Services,Asset Management,NASDAQ,96.01,68,21,9,11,1.86,6087234.03336823,3877219.0,0.0056,-42.06,94320,60033,56262,-0.118
1886,R,Industrials,Rental & Leasing Services,NYSE,96.0,68,69,86,76,236.17,9097411174.965637,38346868.0,0.0306,-16.91,269850,257573,275306,0.05
1887,BHC,Healthcare,Drug Manufacturers - Specialty & Generic,NYSE,95.99,68,63,19,33,6.02,2169145325.1330385,373990561.0,0.028800001,-24.75,1859570,2298403,3660426,0.127
1888,MGTX,Healthcare,Biotechnology,NASDAQ,95.99,68,94,88,90,10.6,1036303923.1762505,96042996.0,0.0583,-30.94,1158180,925393,788690,86.086
1889,OPRX,Healthcare,Health Information Services,NASDAQ,95.97,68,48,16,7,8.81,161424094.32172394,18835951.0,0.0561,-60.4,213420,167426,200720,-0.298
1890,BCH,Financial Services,Banks - Regional,NYSE,95.96,68,77,73,80,38.67,19440738124.709084,505085406.0,0.0042,-17.32,429150,327953,314620,0.136
1891,SOAR,Industrials,Airports & Air Services,NYSE ARCA,95.95,68,9,3,2,0.28,15070942.061429024,53633248.0,0.1216,-92.77,135586100,89057683,62729580,-0.961
1892,CNS,Financial Services,Asset Management,NYSE,95.92,68,70,69,35,72.56,3753771909.0,51421533.0,0.0544,-16.17,319518,286829,265001,0.122
1893,RILYL,Financial Services,Financial Conglomerates,NASDAQ,95.92,68,93,96,97,9.6,,,0.63,-46.9,9910,6950,7268,0.104
1894,TACT,Technology,Computer Hardware,NASDAQ,95.9,68,75,87,23,4.72,49660704.91922903,10324471.0,0.0062,-21.59,17900,16390,17936,0.011
1895,MORN,Financial Services,Financial Data & Stock Exchanges,NASDAQ,95.89,68,40,23,18,195.69,6885616071.532333,37513571.0,0.0639,-14.53,261140,294000,332246,0.096
1896,BOF,Consumer Defensive,Packaged Foods,NASDAQ,95.87,68,77,86,93,3.57,63250258.04571104,16259706.0,0.0052,-32.0,35120,27533,25898,0.361
1897,VMI,Industrials,Conglomerates,NYSE,95.82,68,61,85,66,486.89,9242007530.395996,19304858.0,0.026800001,-16.87,185010,182126,179604,0.065
1898,ADUS,Healthcare,Medical Care Facilities,NASDAQ,95.82,68,73,53,25,113.16,2077889298.311615,18674300.0,0.056799997,-9.06,207410,209556,211944,0.08
1899,ACN,Technology,Information Technology Services,NYSE,95.79,68,25,11,16,193.4,121715281745.10178,611942109.0,0.045300003,-33.56,8815870,6153170,6267362,0.062
1900,HOFT,Consumer Cyclical,"Furnishings, Fixtures & Appliances",NASDAQ,95.78,68,67,81,87,12.91,140816235.3057499,10692197.0,0.0114,-28.63,32560,50530,45838,-0.087
1901,PYPL,Financial Services,Credit Services,NASDAQ,95.77,68,61,23,21,54.61,45168333494.53515,855460874.0,0.038399998,-31.06,10313520,12774413,12050958,0.048
1902,TRMK,Financial Services,Banks - Regional,NASDAQ,95.76,68,64,68,72,45.19,2667181619.3317337,58070577.0,0.0806,-7.78,346150,375090,366754,0.09
1903,AMKR,Technology,Semiconductor Equipment & Materials,NASDAQ,95.75,68,72,94,96,53.39,13918307595.172516,248452472.0,0.1608,-44.78,3371480,4037746,4702686,0.256
1904,DSP,Technology,Software - Application,NASDAQ,95.74,68,77,78,49,11.93,259293391.39134407,21184101.0,0.084,-19.39,456700,457586,401074,0.339
1905,C,Financial Services,Banks - Diversified,NYSE,95.7,68,77,83,87,128.52,215550626615.5,1677436783.0,0.0002,-13.14,8933300,9389770,9296416,0.155
1906,DG,Consumer Defensive,Discount Stores,NYSE,95.7,68,61,57,54,123.27,26240161541.21521,220616790.0,0.0309,-22.09,2196190,2641940,2356636,0.052
1907,UGI,Utilities,Utilities - Regulated Gas,NYSE,95.7,68,64,52,60,37.15,7979212936.046673,214494967.0,0.078099996,-10.14,1809330,1942260,2162552,-0.045
1908,EBAY,Consumer Cyclical,Internet Retail,NASDAQ,95.69,67,64,82,74,107.06,47348000679.01611,445000000.0,0.040999997,-10.27,3307130,4618706,4639148,0.148
1909,CENTA,Consumer Defensive,Packaged Foods,NASDAQ,95.69,67,55,73,61,34.61,2145674183.03302,62592598.0,0.0421,-15.17,279310,305040,308610,-0.082
1910,IGA,Financial Services,Asset Management,NYSE,95.68,67,70,58,55,9.81,153567337.43136597,15341392.0,0.0047,-8.91,117502,96970,89478,-0.066
1911,ETB,Financial Services,Asset Management,NYSE,95.68,67,61,59,63,15.48,451783120.06166935,29374715.0,0.51,-2.15,51652,52374,51724,-0.095
1912,ELE,Basic Materials,Gold,NASDAQ,95.68,67,84,26,80,18.16,1393649926.0217915,76700601.0,9.63,-32.64,394500,415420,358570,1.616
1913,OTTR,Industrials,Conglomerates,NASDAQ,95.67,67,58,58,57,89.2,3731258609.9168396,41985580.0,0.16219999,-6.19,233910,249040,242464,0.004
1914,HNNA,Financial Services,Asset Management,NASDAQ,95.66,67,55,39,37,10.34,81494470.41682243,7904410.0,0.0011999999,-6.17,9110,8570,7528,0.042
1915,MCHB,Financial Services,Banks - Regional,NASDAQ,95.64,67,70,77,71,14.89,3299254899.63249,221426509.0,0.0988,-14.33,515340,500290,515094,0.357
1916,BWB,Financial Services,Banks - Regional,NASDAQ,95.64,67,74,76,69,20.37,577473948.8015976,27883823.0,0.033,-9.95,89790,99420,134700,0.184
1917,BKHA,Financial Services,Shell Companies,NASDAQ,95.63,67,53,57,54,12.28,51421296.11533928,4153578.0,0.11,-6.26,18640,6603,4362,
1918,BBDC,Financial Services,Asset Management,NYSE,95.61,67,62,50,53,8.51,903620420.9027519,104706884.0,0.0276,-10.8,525480,615343,693854,-0.124
1919,CLFD,Technology,Communication Equipment,NASDAQ,95.6,67,24,49,24,33.74,454790807.1817589,13583955.0,0.1234,-36.01,110670,145833,181470,0.132
1920,VIRC,Consumer Cyclical,"Furnishings, Fixtures & Appliances",NASDAQ,95.59,67,29,34,24,6.6,102622439.25805092,15763815.0,0.0174,-13.27,18890,24746,25052,-0.05
1921,VATE,Industrials,Engineering & Construction,NYSE,95.57,67,42,92,94,7.19,102313995.0,13641866.0,0.1012,-66.24,63060,95533,462656,0.742
1922,LFMDP,Healthcare,Health Information Services,NASDAQ,95.57,67,56,54,60,23.35,,,1.8,-3.51,2080,1516,1790,-0.035
1923,SIMA,Financial Services,Shell Companies,NASDAQ,95.57,67,55,51,47,11.38,90167204.14482594,8219435.0,0.0011,-11.78,3130,3180,2850,
1924,MSBIP,Financial Services,Banks - Regional,NASDAQ,95.57,67,59,59,61,25.33,,,0.53,-6.41,3251,6537,5534,0.18
1925,CPSS,Financial Services,Credit Services,NASDAQ,95.55,67,58,52,37,9.01,199118134.99246597,21905185.0,0.017,-14.11,28750,28826,24280,0.189
1926,T,Communication Services,Telecom Services,NYSE,95.54,67,54,26,49,24.43,166512966067.04465,6852385650.0,0.0191,-17.02,32811540,35680026,38553974,0.023
1927,MCHPP,Technology,Semiconductors,NASDAQ,95.52,67,40,67,67,69.07,,,0.03,-21.51,149720,251443,202810,0.38
1928,CHD,Consumer Defensive,Household & Personal Products,NYSE,95.51,67,51,57,47,96.54,22370699890.0589,237203907.0,0.052399997,-8.96,1768160,1831213,1889052,0.016
1929,DD,Basic Materials,Specialty Chemicals,NYSE,95.5,67,57,68,84,133.28,17552885313.534164,135042975.0,0.041199997,-15.63,795920,1095226,1357118,0.04
1930,MGRC,Industrials,Rental & Leasing Services,NASDAQ,95.5,67,43,51,51,117.98,2871480882.6470337,24425663.0,0.024300002,-6.24,159870,146440,155248,-0.062
1931,USAC,Energy,Oil & Gas Equipment & Services,NYSE,95.49,67,65,63,68,25.84,3684459840.9582996,144943345.0,0.018099999,-15.42,298650,425710,369592,0.368
1932,IKT,Healthcare,Biotechnology,NASDAQ,95.44,67,90,67,46,1.98,279071800.0,139535900.0,0.2067,-24.14,500380,512610,519490,
1933,MMM,Industrials,Conglomerates,NYSE,95.43,67,59,48,37,163.64,83490301773.35802,515722417.0,0.0194,-11.5,2935910,2881903,2905226,0.025
1934,ARCO,Consumer Cyclical,Restaurants,NYSE,95.42,67,61,59,72,8.12,1497814363.3965526,210663057.0,0.0256,-16.72,2717940,1598046,1408854,0.143
1935,KEEL,Technology,Information Technology Services,NASDAQ,95.42,67,91,97,93,3.47,2235614956.7643547,617573212.0,0.18100001,-52.92,22540980,31096723,34541792,-0.5
1936,CERS,Healthcare,Medical Devices,NASDAQ,95.39,67,85,94,66,2.34,459476761.6743264,201524898.0,0.0919,-32.56,1831500,1608180,2206506,0.095
1937,DUOT,Technology,Software - Application,NASDAQ,95.39,67,47,64,53,9.23,286714455.084775,31472499.0,0.2401,-39.59,545970,685683,955738,0.295
1938,AUBN,Financial Services,Banks - Regional,NASDAQ,95.37,67,60,64,51,26.94,94006196.5650177,3484292.0,0.0018000001,-6.72,3700,2290,1878,0.124
1939,HFWA,Financial Services,Banks - Regional,NASDAQ,95.37,67,68,75,70,27.69,1151363777.1471252,40915558.0,0.0856,-11.39,387440,401583,383354,0.531
1940,CR,Industrials,Specialty Industrial Machinery,NYSE,95.36,67,57,67,55,208.92,12034033942.807312,57800356.0,0.0217,-9.36,345650,393063,416098,0.256
1941,SRV,Financial Services,Asset Management,NYSE,95.35,67,71,80,75,44.07,264150462.0909691,6234375.0,2.22,-14.49,48735,47958,52353,
1942,AM,Energy,Oil & Gas Midstream,NYSE,95.35,67,72,75,77,21.14,9664362929.718018,474674000.0,0.0366,-11.31,2450070,2412986,2500816,0.083
1943,HFRO,Financial Services,Asset Management,NYSE,95.33,67,76,86,62,6.66,377142241.507164,55218484.0,0.0005,-13.95,88440,90926,105628,
1944,NWE,Utilities,Utilities - Regulated Electric,NASDAQ,95.32,67,72,75,78,68.92,4261341262.9886627,61517850.0,0.0429,-8.33,561280,464756,428612,0.146
1945,NEWTP,Financial Services,Banks - Regional,NASDAQ,95.31,67,60,61,54,24.3,,,1.94,-13.15,5227,3552,3065,0.147
1946,EXPO,Industrials,Engineering & Construction,NASDAQ,95.3,67,56,32,34,69.18,3199851598.2991333,47546084.0,0.0865,-15.58,609510,523006,502924,0.12
1947,ZNTL,Healthcare,Biotechnology,NASDAQ,95.29,67,96,95,98,2.67,238573221.47427654,94671914.0,0.0596,-61.58,1792930,1177760,1174034,
1948,INACU,Financial Services,Shell Companies,NASDAQ,95.27,67,45,46,45,10.8,,,0.7,-30.59,280,116,70,
1949,AHR,Real Estate,REIT - Healthcare Facilities,NYSE,95.27,67,72,80,79,50.49,11063437831.25,217998775.0,0.1296,-13.99,3003600,3141476,3064036,0.247
1950,SHC,Healthcare,Diagnostics & Research,NASDAQ,95.27,67,73,74,64,18.25,5199528568.948679,285374795.0,0.0496,-8.06,1727590,1936243,2416602,0.092
1951,AUPH,Healthcare,Biotechnology,NASDAQ,95.26,67,62,79,88,15.69,2106199979.2890015,133051168.0,0.0712,-18.49,786030,807576,994872,0.189
1952,CKX,Energy,Oil & Gas E&P,NYSE ARCA,95.26,67,50,53,45,10.72,21824761.504961967,2053129.0,0.003,-13.83,3180,3193,4056,0.238
1953,GPC,Consumer Cyclical,Auto Parts,NYSE,95.23,67,77,54,28,127.38,17541275313.419785,137859758.0,0.0657,-15.96,734780,966306,1039362,0.06
1954,FFA,Financial Services,Asset Management,NYSE,95.22,67,65,61,60,22.25,443935371.7603607,19988086.0,0.00090000004,-6.59,40095,24451,27309,0.055
1955,CNOBP,Financial Services,Banks - Regional,NASDAQ,95.18,67,59,58,59,25.21,,,0.45,-1.18,2592,2730,5396,1.342
1956,EQBK,Financial Services,Banks - Regional,NYSE,95.18,67,66,64,61,47.5,982879538.2735062,20592490.0,0.028299998,-9.13,108410,104476,100540,0.381
1957,PYXS,Healthcare,Biotechnology,NASDAQ,95.17,67,97,87,63,2.02,178493235.74985266,83408050.0,0.07,-63.6,1828910,1211923,1339748,
1958,VNOM,Energy,Oil & Gas Midstream,NASDAQ,95.17,67,64,62,79,41.59,7900621072.704575,194405049.0,0.0481,-18.66,2167270,1804140,1775710,1.152
1959,DEA,Real Estate,REIT - Office,NYSE,95.17,67,63,68,61,23.27,1107325819.7482357,47321617.0,0.0629,-10.36,651980,447573,420328,0.092
1960,HCSG,Healthcare,Medical Care Facilities,NASDAQ,95.16,67,68,88,82,21.13,1432354113.3384361,68632202.0,0.0539,-17.94,678880,655906,695376,0.027
1961,GWRS,Utilities,Utilities - Regulated Water,NASDAQ,95.15,67,69,23,22,8.09,233848347.71173668,28763634.0,0.0306,-27.57,64680,78353,93386,0.248
1962,CME,Financial Services,Financial Data & Stock Exchanges,NASDAQ,95.14,67,56,29,64,270.18,94619692533.09436,359579263.0,0.018,-17.92,1623900,1840733,1883428,0.008
1963,VALE,Basic Materials,Other Industrial Metals & Mining,NYSE,95.14,67,77,63,91,14.08,58559297033.2668,4255762795.0,0.0108,-21.52,40031490,32707086,29601966,0.064
1964,B,Basic Materials,Gold,NYSE,95.13,67,74,55,87,40.72,66213929422.94391,1645884419.0,1.61,-25.54,8421050,8854106,10009250,0.438
1965,DTSQ,Financial Services,Shell Companies,NASDAQ,95.13,67,52,55,56,11.58,42306475.94126701,3653409.0,0.0004,-10.23,3180,1520,1470,
1966,HLT,Consumer Cyclical,Lodging,NYSE,95.12,66,42,61,76,322.61,71876726360.75073,225064910.0,0.026500002,-9.89,1483530,1614403,1839916,0.025
1967,ATRA,Healthcare,Biotechnology,NASDAQ,95.12,66,57,66,24,9.75,95157486.20510101,10037710.0,0.055,-49.07,46520,48000,49614,-0.964
1968,XYZ,Technology,Software - Infrastructure,NYSE,95.11,66,75,69,51,76.54,44657093450.0885,600795000.0,0.028800001,-11.94,4223310,4032923,4396126,0.093
1969,NRP,Energy,Thermal Coal,NYSE,95.1,66,62,31,63,110.24,1450920114.0,13250412.0,0.0353,-14.28,27965,28385,39509,0.131
1970,CHW,Financial Services,Asset Management,NASDAQ,95.07,66,70,75,70,8.17,510915096.0,63864387.0,0.001,-11.0,241477,170632,178417,-0.236
1971,ENIC,Utilities,Utilities - Renewable,NYSE,95.06,66,75,66,75,4.36,5768490976.019791,1383331144.0,2.42,-8.02,503410,762670,664390,-0.113
1972,POET,Technology,Semiconductors,NASDAQ,95.05,66,68,56,56,7.71,1348122498.9183578,173058088.0,0.132,-62.95,7357040,7909413,9661656,1.123
1973,TBCH,Technology,Consumer Electronics,NASDAQ,95.04,66,26,52,24,13.51,250556852.79079247,17909711.0,0.2952,-22.3,401100,403723,380212,-0.007
1974,APOG,Industrials,Building Products & Equipment,NASDAQ,95.02,66,47,51,30,40.0,743328609.9902573,20868294.0,0.0547,-21.38,371570,291636,241614,-0.011
1975,BDJ,Financial Services,Asset Management,NYSE,95.02,66,68,63,58,9.45,1665049496.4903831,176944689.0,0.0008,-5.03,526813,453474,449328,-0.198
1976,LXRX,Healthcare,Biotechnology,NASDAQ,95.01,66,91,91,94,1.75,809819823.2188675,444955934.0,0.12189999,-34.7,3618870,3034106,2990484,-0.976
1977,BKR,Energy,Oil & Gas Equipment & Services,NASDAQ,95.01,66,73,67,84,57.13,55589747976.0,992674071.0,0.028299998,-18.86,6529840,7733596,7575834,-0.024
1978,MRBK,Financial Services,Banks - Regional,NASDAQ,94.99,66,68,75,84,18.81,226294032.36897278,11929048.0,0.024400001,-13.2,63320,70013,88370,0.037
1979,LBTYB,Communication Services,Telecom Services,NASDAQ,94.99,66,55,61,86,12.56,4219253152.385626,341087566.0,0.0007,-56.7,49410,20133,13236,-0.077
1980,CL,Consumer Defensive,Household & Personal Products,NYSE,94.98,66,55,67,38,87.25,67169784274.484886,797172829.0,0.025799999,-12.16,4982930,5075726,4893874,0.049
1981,LW,Consumer Defensive,Packaged Foods,NYSE,94.98,66,51,46,27,47.91,5994265479.017349,137483158.0,0.0553,-28.57,3186680,2016436,1738630,0.056
1982,GAM,Financial Services,Asset Management,NYSE,94.97,66,65,62,70,64.46,1519535484.8785896,23832113.0,0.0001,-5.99,25651,19027,18636,0.009
1983,CDNS,Technology,Software - Application,NASDAQ,94.97,66,20,75,42,359.55,96759332230.86548,275393000.0,0.0159,-13.71,2528810,2597533,2449650,0.242
1984,SUIG,Financial Services,Credit Services,NASDAQ,94.97,66,10,13,18,1.6,125956708.9813261,76802872.0,0.0148,-66.03,1065670,1010703,765084,-0.617
1985,NU,Financial Services,Banks - Regional,NYSE,94.97,66,64,30,59,15.66,64876150164.579185,4830688659.0,0.035,-17.49,98331190,79192193,73343684,0.521
1986,ADAM,Real Estate,REIT - Mortgage,NASDAQ,94.97,66,83,85,73,7.72,701961123.5170374,89879786.0,0.0427,-25.48,1247400,1118910,1052486,1.298
1987,HCI,Financial Services,Insurance - Property & Casualty,NYSE,94.97,66,69,69,33,184.43,2291861244.75,12438867.0,0.0544,-12.38,167220,160103,162906,0.111
1988,MRDN,Consumer Cyclical,Gambling,NASDAQ,94.96,66,77,91,9,11.17,151196380.73674297,12652417.0,0.056500003,-30.58,43340,61043,69580,0.161
1989,POWI,Technology,Semiconductors,NASDAQ,94.95,66,42,90,74,53.4,3042859757.926468,55873298.0,0.14899999,-41.43,784950,825966,755166,0.027
1990,BANR,Financial Services,Banks - Regional,NASDAQ,94.93,66,64,59,47,67.12,2487087258.7266846,36639472.0,0.0496,-10.32,246350,275423,297744,0.069
1991,ULBI,Industrials,Electrical Equipment & Parts,NASDAQ,94.92,66,33,22,71,6.54,108477885.0039196,16663269.0,0.0107,-20.73,45590,40913,43968,-0.013
1992,MBINM,Financial Services,Banks - Regional,NASDAQ,94.91,66,58,56,55,25.34,,,1.32,-2.39,10134,8054,6556,0.371
1993,UYSC,Financial Services,Shell Companies,NASDAQ,94.91,66,56,53,50,11.0,84241828.0,7658348.0,0.006,-6.38,0,1803,1238,
1994,WLKP,Basic Materials,Chemicals,NYSE,94.9,66,55,57,60,21.59,749679883.7342834,35245880.0,0.0064,-9.59,23470,23336,29734,-0.0
1995,CAAS,Consumer Cyclical,Auto Parts,NASDAQ,94.89,66,80,48,39,4.65,139388639.78723717,30170702.0,0.0043,-17.55,19930,32713,34272,0.17
1996,AMBR,Financial Services,Asset Management,NASDAQ,94.89,66,7,7,9,1.99,170638198.91552687,94275251.0,0.0067000003,-40.95,161480,954166,584990,-0.336
1997,ECCC,Financial Services,Asset Management,NYSE,94.89,66,62,59,58,24.85,,,0.74,-2.55,1707,1722,2737,-0.218
1998,FBNC,Financial Services,Banks - Regional,NASDAQ,94.86,66,72,76,76,59.74,2580388713.393509,41398823.0,0.0633,-10.54,215600,224996,209178,0.16
1999,CAPNU,Financial Services,Shell Companies,NASDAQ,94.86,66,46,55,40,11.37,,,,-3.3,40,33,20,
2000,SSNC,Technology,Software - Application,NASDAQ,94.85,66,57,28,26,77.99,18427456549.435913,234654996.0,0.033800002,-13.28,1271390,1525790,1613722,0.103
2001,EG,Financial Services,Insurance - Reinsurance,NYSE,94.84,66,69,66,49,366.84,14120478228.934143,38342734.0,0.0582,-8.53,336650,392250,362484,-0.113
2002,PFS,Financial Services,Banks - Regional,NYSE,94.84,66,67,73,77,22.28,2944942704.489544,130422618.0,0.066599995,-12.59,879450,839523,880890,0.038
2003,CART,Consumer Cyclical,Internet Retail,NASDAQ,94.82,66,69,71,38,45.47,10502002950.0,237333400.0,0.1058,-13.69,3675950,3742476,4044334,0.141
2004,SPFI,Financial Services,Banks - Regional,NASDAQ,94.82,66,67,58,72,42.76,810458305.7238579,18839105.0,0.0369,-8.9,113750,118793,117564,0.23
2005,YHNAU,Financial Services,Shell Companies,NASDAQ,94.82,66,49,52,44,11.21,,,0.0,-30.89,1407,493,315,
2006,BAFN,Financial Services,Banks - Regional,NASDAQ,94.78,66,70,12,26,7.26,209231450.5712986,26962815.0,0.0148,-30.99,107180,154240,102336,
2007,RILYP,Financial Services,Financial Conglomerates,NASDAQ,94.77,66,94,96,97,9.25,,,0.51,-47.2,13490,9273,9534,0.104
2008,OPLN,Consumer Cyclical,Auto & Truck Dealerships,NYSE,94.77,66,68,86,74,34.96,4337142154.438934,122069865.0,0.027999999,-18.51,1187730,1129233,1298582,0.151
2009,MDLZ,Consumer Defensive,Confectioners,NASDAQ,94.76,66,56,49,32,59.62,74695578120.7153,1283649766.0,0.024400001,-10.55,7845680,8018403,8151580,0.041
2010,UMH,Real Estate,REIT - Residential,NYSE,94.76,66,60,48,38,15.42,1312411051.95467,85166195.0,0.0,-8.05,586410,699683,688176,0.077
2011,LGL,Technology,Scientific & Technical Instruments,NYSE ARCA,94.75,66,61,50,60,6.92,91193067.51057673,12613149.0,0.0022,-12.18,12930,20593,16348,0.248
2012,HSDT,Financial Services,Asset Management,NASDAQ,94.75,66,43,8,3,2.66,171225037.0706272,65104574.0,0.026600001,-87.02,523400,551986,398928,57.744
2013,FTAIM,Industrials,Aerospace & Defense,NASDAQ,94.75,66,58,57,55,27.04,,,4.01,-2.77,1565,1538,1933,0.409
2014,MA,Financial Services,Credit Services,NYSE,94.75,66,62,41,35,566.58,483785258019.1846,876009940.0,0.0083,-5.76,2860860,2743746,2892016,0.141
2015,QGEN,Healthcare,Diagnostics & Research,NYSE,94.72,66,45,31,29,45.65,9240651250.0,206495000.0,0.042,-21.05,2856740,2127053,2633346,0.003
2016,ARTNA,Utilities,Utilities - Regulated Water,NASDAQ,94.72,66,71,59,37,33.69,347197796.98944473,10327121.0,0.0066000004,-8.9,33290,31913,30660,0.074
2017,AES,Utilities,Utilities - Diversified,NYSE,94.71,66,62,60,67,14.93,10633181392.010769,713157713.0,0.025999999,-15.41,8989980,8133250,7771720,0.199
2018,DHR,Healthcare,Diagnostics & Research,NYSE,94.7,66,53,37,33,215.61,150481193002.96545,702986054.0,0.013300001,-11.2,4376280,3915193,4015112,0.055
2019,LYG,Financial Services,Banks - Regional,NYSE,94.7,66,78,76,79,5.56,79074032730.0,14377096860.0,0.00059999997,-12.3,17459020,14430240,14172366,0.123
2020,LANDP,Real Estate,REIT - Specialty,NASDAQ,94.7,66,59,60,59,20.01,,,0.19,-6.93,18501,22177,23338,0.042
2021,AGNCO,Real Estate,REIT - Mortgage,NASDAQ,94.7,66,57,56,54,25.13,,,0.46,-2.37,45770,27416,25920,
2022,BLCO,Healthcare,Medical Instruments & Supplies,NYSE,94.69,66,63,52,65,17.18,6111097577.056366,357165246.0,0.0694,-9.17,317630,382263,387350,0.091
2023,IMPPP,Energy,Oil & Gas Midstream,NASDAQ,94.69,66,53,57,61,25.9,,,2.74,-6.77,840,1083,1002,1.396
2024,AESI,Energy,Oil & Gas Equipment & Services,NYSE,94.69,66,64,80,67,12.71,1503863226.59523,124905584.0,0.26770002,-36.86,4763480,3498736,3607856,0.016
2025,UUU,Industrials,Building Products & Equipment,NYSE ARCA,94.69,66,39,29,94,4.96,14778899.786580086,3028463.0,0.0168,-36.57,16830,25216,31156,-0.971
2026,PAM,Industrials,Conglomerates,NYSE,94.68,65,66,60,63,81.48,4094791728.412857,53603767.0,0.0126,-13.78,194020,191433,182900,0.535
2027,NSRX,Healthcare,Drug Manufacturers - General,NYSE ARCA,94.68,65,29,19,3,3.84,45918128.25369263,11713808.0,0.0123000005,-59.58,33010,17446,17142,
2028,AGNCM,Real Estate,REIT - Mortgage,NASDAQ,94.67,65,58,57,53,24.7,,,1.17,-3.29,25600,18753,16190,
2029,WSBC,Financial Services,Banks - Regional,NASDAQ,94.63,65,78,70,68,37.12,3654973488.326309,95905889.0,0.066300005,-13.71,932120,1019466,915018,0.035
2030,HAL,Energy,Oil & Gas Equipment & Services,NYSE,94.63,65,75,75,89,32.72,26535202506.764015,833130367.0,0.056700002,-24.94,9151620,10656853,10577668,0.037
2031,EBC,Financial Services,Banks - Regional,NASDAQ,94.62,65,70,75,75,21.2,4905000498.548096,228511552.0,0.0744,-10.83,2145240,2287566,2323070,0.276
2032,AAT,Real Estate,REIT - Diversified,NYSE,94.62,65,59,83,61,21.5,1322974623.9624329,61390936.0,0.0715,-17.21,492840,493036,460070,0.014
2033,VPV,Financial Services,Asset Management,NYSE,94.6,65,61,64,59,10.94,191670420.9343958,17879703.0,0.0058,-4.87,40821,31453,30756,-0.105
2034,ALLE,Industrials,Security & Protection Services,NYSE,94.58,65,59,28,32,155.2,13113523339.985687,85036786.0,0.0354,-15.24,889720,1251643,1206882,0.127
2035,VVX,Industrials,Aerospace & Defense,NYSE,94.54,65,63,78,75,70.96,2218937921.5175323,31345358.0,0.0871,-24.49,447120,636633,650016,0.165
2036,HQL,Financial Services,Asset Management,NYSE,94.54,65,87,84,81,17.56,537614280.2397995,30408047.0,0.46,-22.54,141210,132820,144678,-0.608
2037,KFY,Industrials,Staffing & Employment Services,NYSE,94.52,65,77,67,35,71.06,4024560461.4562836,55958851.0,0.054,-18.8,691670,585773,481918,0.068
2038,AGNCN,Real Estate,REIT - Mortgage,NASDAQ,94.52,65,57,55,55,25.32,,,2.13,-2.58,29900,19900,19666,
2039,CVCO,Consumer Cyclical,Residential Construction,NASDAQ,94.5,65,37,55,32,572.8,4499299829.805908,7689402.0,0.0577,-19.66,110380,105753,112346,0.095
2040,IMKTA,Consumer Defensive,Grocery Stores,NASDAQ,94.39,65,43,73,82,85.42,1645862709.3831177,18994376.0,0.1113,-10.67,94850,106246,114874,0.016
2041,WWW,Consumer Cyclical,Footwear & Accessories,NYSE,94.38,65,61,34,50,19.31,1575673771.4116478,82066339.0,0.120799996,-30.36,786620,731560,800868,0.068
2042,PINE,Real Estate,REIT - Retail,NYSE,94.37,65,65,82,81,17.75,317098001.23345184,17935407.0,0.020399999,-19.28,183070,151983,144726,0.346
2043,UHAL,Industrials,Rental & Leasing Services,NYSE,94.37,65,70,77,27,60.67,12099136723.249802,195494213.0,0.14,-20.64,137050,144810,150132,0.032
2044,WIX,Technology,Software - Infrastructure,NASDAQ,94.36,65,42,9,11,73.91,4234773878.404602,58314152.0,0.189,-51.85,1080570,1266060,1526542,0.149
2045,NICE,Technology,Software - Application,NASDAQ,94.36,65,34,26,20,115.33,6656656308.476921,58442987.0,0.0211,-17.9,581440,514526,558704,0.076
2046,CP,Industrials,Railroads,NYSE,94.31,65,65,72,59,85.43,75548070656.74951,879079224.0,0.0231,-11.84,2636940,2160866,2408152,0.126
2047,POWWP,Industrials,Aerospace & Defense,NASDAQ,94.31,65,53,55,64,24.13,,,0.32,-5.35,3373,4717,4292,0.221
2048,CMRE,Industrials,Marine Shipping,NYSE,94.27,65,38,70,88,15.1,1866581801.3514433,120892607.0,0.0557,-16.39,332550,356410,354418,-0.04
2049,DOC,Real Estate,REIT - Healthcare Facilities,NYSE,94.27,65,70,83,40,19.0,13438886139.579735,689527260.0,0.0478,-17.21,6021270,5172893,5300948,0.111
2050,AGNCP,Real Estate,REIT - Mortgage,NASDAQ,94.25,65,58,57,51,24.68,,,0.25,-3.37,86392,53310,50280,
2051,XPO,Industrials,Trucking,NYSE,94.24,65,61,82,91,183.49,21788619843.06656,117086465.0,0.0548,-20.93,1158990,1074610,1033638,0.132
2052,ASB,Financial Services,Banks - Regional,NYSE,94.24,65,72,72,68,28.9,5476640111.0,188849659.0,0.0,-10.97,1838820,2076423,1821110,0.235
2053,XPEL,Consumer Cyclical,Auto Parts,NASDAQ,94.24,65,71,57,76,45.15,1239856571.2156982,27570748.0,0.1481,-19.25,199800,190176,205154,0.147
2054,FCNCA,Financial Services,Banks - Regional,NASDAQ,94.23,65,60,55,47,2088.13,23415832154.0625,11293120.0,0.0529,-9.07,62800,64663,59926,0.085
2055,RGT,Financial Services,Asset Management,NYSE,94.21,65,68,59,72,14.42,93455025.21788216,6562853.0,0.0005,-8.68,9640,17193,18692,
2056,PDX,Financial Services,Asset Management,NYSE,94.21,65,66,59,62,20.84,928116229.9526081,44706947.0,0.88,-16.54,116468,110159,119733,
2057,BG,Consumer Defensive,Farm Products,NYSE,94.2,65,73,77,85,107.33,20502953041.080414,192119123.0,0.0505,-20.42,1708910,1919180,1730998,0.883
2058,AKAM,Technology,Software - Infrastructure,NASDAQ,94.2,65,51,89,64,108.62,15653612789.12703,143716609.0,0.1537,-34.35,8055200,4894396,4362632,0.054
2059,ESQ,Financial Services,Banks - Regional,NASDAQ,94.2,65,69,65,72,116.44,1037236032.1624756,8649400.0,0.0928,-13.63,140650,191736,171306,0.214
2060,KZIA,Healthcare,Biotechnology,NASDAQ,94.19,65,72,93,90,9.26,105927358.96081924,11426899.0,0.0495,-46.78,261320,346490,283972,3.124
2061,NSC,Industrials,Railroads,NYSE,94.16,65,65,69,65,316.31,71299682473.48029,224608373.0,0.034,-11.79,754590,1025703,1114074,0.114
2062,GWRE,Technology,Software - Application,NYSE,94.15,65,30,25,15,164.52,12475184087.906464,81992669.0,0.0435,-35.71,1249220,1544816,1377862,0.153
2063,USB,Financial Services,Banks - Regional,NYSE,94.14,65,77,77,76,57.29,89603536044.32239,1558051446.0,0.01,-13.3,7561880,7639350,7148170,0.104
2064,BMRC,Financial Services,Banks - Regional,NASDAQ,94.14,65,64,66,65,27.4,448742597.25372314,16194248.0,0.056199998,-11.38,115300,153100,152112,2.754
2065,CAL,Consumer Cyclical,Apparel Retail,NYSE,94.13,65,31,28,33,12.46,421650828.1538229,34504977.0,0.1252,-17.15,436650,562926,538582,0.056
2066,ONB,Financial Services,Banks - Regional,NASDAQ,94.12,65,67,70,60,24.9,9548946849.746704,382570000.0,0.070300005,-8.99,5188220,4242866,3983022,0.288
2067,RCG,Financial Services,Asset Management,NYSE ARCA,94.09,65,56,61,67,2.95,20977200.20690775,7015786.0,0.002,-10.88,7953,6627,5790,-0.471
2068,HTB,Financial Services,Banks - Regional,NYSE,94.09,65,62,71,68,46.47,770305365.0628433,16533706.0,0.0714,-11.49,172150,211733,211432,-0.01
2069,KVUE,Consumer Defensive,Household & Personal Products,NYSE,94.09,65,57,63,34,17.59,33037305097.83386,1920773467.0,0.0348,-12.62,16787720,23806800,22902240,0.03
2070,SPG,Real Estate,REIT - Retail,NYSE,94.08,65,64,77,74,201.74,65019283551.82472,323559515.0,0.0,-15.41,1122570,1243276,1281064,0.195
2071,YIBO,Technology,Computer Hardware,NASDAQ,94.08,65,66,34,20,1.1,62195929.22549224,59234221.0,0.0018000001,-39.56,4180,2406,45808,-0.07
2072,ARLP,Energy,Thermal Coal,NASDAQ,94.08,65,68,42,56,24.67,3156000476.8729877,128658801.0,0.0154,-16.23,332690,251080,311914,0.007
2073,ADACU,Financial Services,Shell Companies,NASDAQ,94.07,65,48,49,41,10.52,,,,-3.04,50,20,12,
2074,DLTR,Consumer Defensive,Discount Stores,NASDAQ,94.07,65,64,75,36,116.19,21044615022.962677,187630299.0,0.048,-18.41,2192020,2840280,2468686,0.07
2075,SLG,Real Estate,REIT - Office,NYSE,94.07,65,68,52,22,48.4,3458184057.9675407,70849907.0,0.23799999,-19.45,828300,810010,827092,0.273
2076,SD,Energy,Oil & Gas E&P,NYSE,94.07,65,55,58,80,13.76,504965527.2770691,37075296.0,0.0623,-25.42,300920,330960,335376,0.48
2077,LYV,Communication Services,Entertainment,NYSE,94.06,65,59,73,58,171.8,39316576654.160385,232959505.0,0.147,-9.22,2003640,1968350,2035402,0.094
2078,OCCIN,Financial Services,Asset Management,NASDAQ,94.05,65,54,54,52,24.93,,,0.0,-4.12,2414,3498,3086,-0.102
2079,SMA,Real Estate,REIT - Industrial,NYSE,94.04,65,41,48,35,33.13,1800042943.5951347,55368903.0,0.1066,-14.37,827400,812306,740976,0.114
2080,ASA,Financial Services,Asset Management,NYSE,94.03,65,72,40,90,57.06,1040647873.8307495,18356816.0,0.00029999999,-31.42,36889,55419,52119,2.43
2081,J,Industrials,Engineering & Construction,NYSE,94.03,65,62,33,33,139.23,16302245866.456604,118080879.0,0.0313,-17.34,838390,813656,863924,0.345
2082,ULTA,Consumer Cyclical,Specialty Retail,NASDAQ,94.02,65,50,26,52,547.29,23246809512.378357,42757471.0,0.0572,-23.45,353720,594810,588614,0.089
2083,ICFI,Industrials,Consulting Services,NASDAQ,94.01,65,66,39,24,83.09,1468067755.1859741,17933884.0,0.0347,-15.24,171130,175303,196202,-0.003
2084,SIEB,Financial Services,Capital Markets,NASDAQ,93.98,65,79,14,10,2.22,90070061.15221596,40940936.0,0.015700001,-46.38,33040,99313,88190,1.094
2085,TOWN,Financial Services,Banks - Regional,NASDAQ,93.97,65,64,56,56,35.41,3330514905.4115295,92437275.0,5.28,-9.27,534010,517186,546078,1.178
2086,RSF,Financial Services,Asset Management,NYSE,93.95,64,57,56,55,14.3,49575951.82373142,3464427.0,1.35,-5.11,10442,8790,8368,
2087,QSEAU,Financial Services,Shell Companies,NASDAQ,93.95,64,54,43,57,10.98,,,0.0,-4.85,0,6,4,
2088,VLYPP,Financial Services,Banks - Regional,NASDAQ,93.94,64,54,52,57,25.01,,,2.15,-2.87,5337,4969,5335,0.15
2089,BHV,Financial Services,Asset Management,NYSE,93.93,64,69,76,56,11.6,18393173.938817978,1588357.0,0.0049,-23.43,7197,6299,5077,-0.02
2090,BKHAU,Financial Services,Shell Companies,NASDAQ,93.93,64,33,63,50,12.25,,,0.1,-23.91,115,197,457,
2091,DMAAU,Financial Services,Shell Companies,NASDAQ,93.93,64,40,47,46,10.99,,,0.02,-12.08,0,3,30,
2092,CB,Financial Services,Insurance - Property & Casualty,NYSE,93.91,64,63,71,65,334.21,127657320995.87512,385799859.0,0.0093,-8.66,1719540,1636683,1655050,0.061
2093,BPYPO,Real Estate,Real Estate Services,NASDAQ,93.91,64,61,60,62,14.86,,,1.07,-8.6,20190,48966,34020,0.053
2094,DRI,Consumer Cyclical,Restaurants,NYSE,93.9,64,63,48,44,203.14,22745820187.381165,113541756.0,0.0723,-11.59,1445320,1213410,1176480,0.051
2095,LAWR,Industrials,Consulting Services,NASDAQ,93.9,64,65,56,53,3.75,172350000.0,45960000.0,0.0231,-1.32,0,0,0,0.112
2096,TTEK,Industrials,Engineering & Construction,NASDAQ,93.9,64,68,32,31,33.38,8480191181.875046,256044428.0,0.048699997,-22.62,2138350,2095940,2593488,-0.039
2097,ELLO,Utilities,Utilities - Renewable,NYSE ARCA,93.9,64,34,26,80,21.8,286829008.938961,13783230.0,0.00029999999,-28.15,1990,2280,2694,0.101
2098,BSAC,Financial Services,Banks - Regional,NYSE,93.89,64,79,71,82,32.11,15070978883.000261,471115317.0,0.0047,-14.87,420110,341630,312548,0.202
2099,TY,Financial Services,Asset Management,NYSE,93.89,64,59,63,56,34.54,1832392566.741848,53422525.0,0.1,-5.5,32138,33522,31453,0.027
2100,DLNG,Energy,Oil & Gas Midstream,NYSE,93.87,64,53,39,62,3.76,137160180.7760682,36382011.0,0.0027,-15.51,81880,64740,60714,0.067
2101,NODK,Financial Services,Insurance - Property & Casualty,NASDAQ,93.87,64,61,76,37,14.77,305866793.09972954,20404723.0,0.0117,-11.56,30400,31403,27826,-0.077
2102,CUZ,Real Estate,REIT - Office,NYSE,93.87,64,62,77,30,27.66,4610503682.254421,164602058.0,0.1,-16.05,1565140,1424196,1540452,0.116
2103,BWMX,Consumer Cyclical,Specialty Retail,NYSE,93.87,64,39,85,88,16.3,651503374.5,39485053.0,0.0076,-17.64,38900,66426,73690,0.168
2104,CVR,Industrials,Tools & Accessories,NYSE ARCA,93.84,64,37,29,34,11.06,10820678.215724945,966132.0,0.0107,-26.27,2070,3456,2836,-0.008
2105,HOOD,Financial Services,Capital Markets,NASDAQ,93.83,64,80,71,38,112.0,101362533537.37305,899082273.0,0.0462,-27.21,19591370,22046450,21199306,0.323
2106,PTRN,Consumer Cyclical,Internet Retail,NASDAQ,93.83,64,83,97,35,17.82,3074326198.8355236,177399089.0,0.1274,-40.2,1689090,1581563,1659868,0.466
2107,CNR,Energy,Thermal Coal,NYSE,93.83,64,74,33,51,90.21,4415641377.276649,49636257.0,0.066599995,-21.42,475230,491996,530210,0.035
2108,REXR,Real Estate,REIT - Industrial,NYSE,93.83,64,49,35,35,36.8,8181433963.332413,222988124.0,0.0655,-17.08,2692700,2702913,2598612,-0.016
2109,BEAGU,Financial Services,Shell Companies,NASDAQ,93.81,64,53,50,45,11.22,,,0.0,-11.93,0,50,90,
2110,HTH,Financial Services,Financial Conglomerates,NYSE,93.81,64,61,65,69,37.1,2202662777.3560677,57286417.0,0.0771,-8.19,329490,331246,290388,0.052
2111,FOXA,Communication Services,Entertainment,NASDAQ,93.8,64,45,30,55,62.08,26261832663.42169,421673622.0,0.26450002,-18.73,4227740,4887986,5023806,0.281
2112,HQH,Financial Services,Asset Management,NYSE,93.79,64,84,77,75,19.33,1132406229.1657867,57192236.0,0.45,-22.21,223763,165781,190286,-0.421
2113,LANDO,Real Estate,REIT - Specialty,NASDAQ,93.78,64,61,58,62,19.91,,,0.43,-9.84,17916,17058,15641,0.042
2114,NVCR,Healthcare,Medical Devices,NASDAQ,93.78,64,76,77,24,14.97,1739700800.737381,116445840.0,0.137,-30.21,1290050,1132073,1233680,0.156
2115,VLYPO,Financial Services,Banks - Regional,NASDAQ,93.77,64,54,52,53,24.8,,,1.07,-3.28,4270,4596,5832,0.15
2116,OFS,Financial Services,Asset Management,NASDAQ,93.76,64,37,19,16,4.16,46625315.17554808,13398079.0,0.051799998,-46.32,108480,94673,77988,-0.347
2117,EXG,Financial Services,Asset Management,NYSE,93.76,64,67,63,61,9.42,2881917388.2610664,305936026.0,0.99,-7.28,565387,430222,434287,
2118,NIE,Financial Services,Asset Management,NYSE,93.76,64,60,65,63,25.28,689676121.9377899,27708965.0,0.0018000001,-7.2,100766,79725,67197,
2119,MTN,Consumer Cyclical,Resorts & Casinos,NYSE,93.75,64,40,63,29,145.2,5030278796.180359,35635298.0,0.2916,-11.11,1175730,916790,772630,0.025
2120,DUOL,Technology,Software - Application,NASDAQ,93.74,64,57,26,5,148.13,6721989188.657272,46593117.0,0.1872,-58.04,954240,1080866,1222010,0.183
2121,AOSL,Technology,Semiconductors,NASDAQ,93.73,64,29,83,82,29.94,916425340.1037197,30305071.0,0.1359,-44.9,447210,547003,575382,-0.035
2122,SOLS,Basic Materials,Specialty Chemicals,NASDAQ,93.73,64,53,51,89,61.27,9165493312.490925,158847369.0,0.0419,-32.52,2145140,2840826,2737480,0.111
2123,RDNT,Healthcare,Diagnostics & Research,NASDAQ,93.7,64,68,45,29,70.28,5503334171.026649,78697757.0,0.1454,-18.13,603990,716386,743058,0.25
2124,LKSPU,Financial Services,Shell Companies,NASDAQ,93.7,64,51,49,46,10.6,,,0.97,-0.0,840,280,220,
2125,GRX,Financial Services,Asset Management,NYSE,93.69,64,64,57,45,9.42,136429597.2045126,14544733.0,0.0005,-7.65,18009,20303,21889,
2126,VUZI,Technology,Consumer Electronics,NASDAQ,93.69,64,28,23,38,2.93,251554407.01007366,84414230.0,0.23719999,-47.86,1119150,805990,945896,-0.141
2127,STHO,Real Estate,Real Estate Services,NASDAQ,93.68,64,67,65,58,8.8,102512772.5461998,12088771.0,0.0095,-11.47,79710,37473,29010,-0.599
2128,AG,Basic Materials,Silver,NYSE,93.68,64,88,60,94,17.54,8709655825.215773,492906383.0,2.46,-45.26,9356460,9320456,10111638,0.573
2129,SBR,Energy,Oil & Gas Midstream,NYSE,93.68,64,54,59,67,72.35,1026531734.841156,14579345.0,0.0013,-9.4,33800,29403,32836,0.165
2130,PEN,Healthcare,Medical Devices,NYSE,93.66,64,50,61,74,317.05,12508110475.272095,39389422.0,0.052699998,-12.52,314350,365046,324444,0.149
2131,BCPC,Basic Materials,Specialty Chemicals,NASDAQ,93.65,64,57,41,64,165.29,5309603099.9328,31878021.0,0.026700001,-10.12,199380,207226,201480,0.112
2132,STVN,Healthcare,Medical Instruments & Supplies,NYSE,93.65,64,58,60,13,19.86,5514674827.085289,273003694.0,0.0242,-29.05,267030,314506,396862,0.078
2133,FDUS,Financial Services,Asset Management,NASDAQ,93.65,64,62,64,41,18.88,765981861.4027691,39770605.0,0.043,-10.73,321370,317686,340804,0.088
2134,COLD,Real Estate,REIT - Industrial,NYSE,93.64,64,66,76,24,13.86,3988163373.7015314,285480551.0,0.09729999,-17.89,3348440,3582853,3561208,0.018
2135,EDTK,Consumer Defensive,Education & Training Services,NASDAQ,93.64,64,35,37,51,1.02,16199451.0,16199451.0,0.0001,-25.0,7100,5763,9286,-0.984
2136,CHI,Financial Services,Asset Management,NASDAQ,93.64,64,71,79,71,11.77,935681078.3000336,80871314.0,0.0104,-12.81,218797,172859,164945,-0.454
2137,SLMBP,Financial Services,Credit Services,NASDAQ,93.64,64,55,53,55,74.17,,,1.8,-2.75,680,1813,2324,0.081
2138,DMAA,Financial Services,Shell Companies,NASDAQ,93.62,64,52,50,49,10.89,264375590.90481663,24276913.0,0.0047,-0.0,440,28803,20708,
2139,BOE,Financial Services,Asset Management,NYSE,93.62,64,66,62,57,11.78,649965437.9192591,55600125.0,0.0016,-6.36,167884,127891,114214,0.013
2140,CMCL,Basic Materials,Gold,NYSE ARCA,93.62,64,70,13,58,24.84,464235251.2154484,19335079.0,0.137,-35.9,182950,183130,190136,0.165
2141,SPMA,Financial Services,Asset Management,NYSE,93.61,64,55,52,55,24.99,,,0.01,-1.77,5236,4495,5395,-0.353
2142,CAPN,Financial Services,Shell Companies,NASDAQ,93.61,64,53,52,52,11.26,59491035.0,5288092.0,0.00090000004,-4.13,3470,1640,1728,
2143,BKH,Utilities,Utilities - Regulated Gas,NYSE,93.6,64,69,72,75,70.74,5410922815.548164,76253141.0,0.189,-10.1,1127430,987950,911524,0.031
2144,BPYPP,Real Estate,Real Estate Services,NASDAQ,93.6,64,64,62,70,15.4,,,2.18,-7.95,23610,14740,13328,0.053
2145,KNOP,Energy,Oil & Gas Midstream,NYSE,93.58,64,72,75,75,10.25,365916540.0223732,34553025.0,0.0047,-12.99,44020,44990,44344,0.072
2146,PDPA,Financial Services,Asset Management,NYSE,93.57,63,54,53,53,25.04,,,0.44,-5.97,3108,4322,4689,
2147,DEC,Energy,Oil & Gas Integrated,NYSE,93.56,63,66,38,79,14.03,926479484.2471218,69037219.0,0.107200004,-25.77,654910,825560,850632,0.247
2148,EDD,Financial Services,Asset Management,NYSE,93.56,63,73,68,67,5.33,344195300.81521225,64456047.0,2.64,-13.75,407086,336248,329581,
2149,AFRM,Financial Services,Credit Services,NASDAQ,93.56,63,65,82,35,74.88,23879301154.41925,337421256.0,0.0553,-17.2,3846560,5347780,4356894,0.33
2150,TAVIU,Financial Services,Shell Companies,NASDAQ,93.53,63,39,46,47,11.0,,,0.07,-31.55,79,1492,897,
2151,STRW,Real Estate,REIT - Healthcare Facilities,NYSE ARCA,93.52,63,65,67,65,13.1,191124036.0,14157336.0,0.013300001,-11.19,54770,45213,46586,0.058
2152,BXSL,Financial Services,Asset Management,NYSE,93.52,63,48,36,35,23.52,5500423329.623642,232970063.0,0.0473,-17.73,1750070,1431500,1491460,-0.071
2153,NWS,Communication Services,Entertainment,NASDAQ,93.51,63,63,53,33,31.52,17067617154.088173,539261212.0,0.0868,-11.86,947910,1191280,1166934,0.108
2154,EURKU,Financial Services,Shell Companies,NASDAQ,93.5,63,57,63,45,11.72,,,0.54,-15.07,440,146,106,
2155,MACIU,Financial Services,Shell Companies,NASDAQ,93.5,63,37,52,37,11.25,,,5.55,-43.75,0,0,72,
2156,SSB,Financial Services,Banks - Regional,NYSE,93.49,63,68,53,54,100.95,9882675115.07135,96974534.0,0.035099998,-10.03,658470,652243,726992,-0.001
2157,CCEL,Healthcare,Medical Care Facilities,NYSE ARCA,93.49,63,73,28,28,3.88,32169973.576891422,8062650.0,0.0017,-20.82,7220,12090,27484,-0.019
2158,HL,Basic Materials,Other Precious Metals & Mining,NYSE,93.48,63,89,72,95,17.1,11554417525.71864,671768431.0,0.0,-49.96,36182860,34667660,35947544,0.524
2159,CCK,Consumer Cyclical,Packaging & Containers,NYSE,93.47,63,73,58,59,107.69,11534052523.46074,108760511.0,0.0269,-12.38,1007130,947710,902878,0.165
2160,CHECU,Financial Services,Shell Companies,NASDAQ,93.46,63,44,48,45,10.49,0.0,0.0,,0.82,80,26,16,
2161,HXL,Industrials,Aerospace & Defense,NYSE,93.45,63,68,86,79,86.01,6534622764.261353,75623452.0,0.0664,-23.03,905710,854170,878088,0.08
2162,VINP,Financial Services,Asset Management,NASDAQ,93.44,63,35,33,44,10.75,619132103.2036953,65516626.0,0.0105,-21.01,61680,53856,47340,0.161
2163,AVGO,Technology,Semiconductors,NASDAQ,93.44,63,40,67,86,375.81,1695306980182.3188,4773629865.0,0.0111,-24.08,22253600,25617533,23348230,0.855
2164,OXLCN,Financial Services,Asset Management,NASDAQ,93.44,63,54,56,54,24.33,,,0.59,-3.07,2271,2473,2516,-0.102
2165,RVT,Financial Services,Asset Management,NYSE,93.43,63,68,65,74,17.17,2145775520.3565521,124248724.0,0.0067000003,-10.2,218502,192994,192066,0.15
2166,USA,Financial Services,Asset Management,NYSE,93.43,63,57,44,37,5.89,1793836687.3693585,308219353.0,0.0004,-8.96,1117713,1155651,1208504,-0.058
2167,FOX,Communication Services,Entertainment,NASDAQ,93.43,63,42,29,52,55.58,23567338476.210846,421673622.0,0.0776,-18.47,1009500,1212500,1125138,0.281
2168,RANGU,Financial Services,Shell Companies,NASDAQ,93.42,63,53,42,46,11.32,,,10.67,-4.87,0,0,4,
2169,TREX,Industrials,Building Products & Equipment,NYSE,93.42,63,59,40,23,44.86,4525828777.923191,103898729.0,0.100200005,-17.38,1575060,1527450,1747884,0.078
2170,BCV,Financial Services,Asset Management,NYSE ARCA,93.41,63,64,68,71,23.56,129657881.63214111,5627512.0,0.0011,-13.79,14244,10481,15448,-0.293
2171,CHAR,Financial Services,Shell Companies,NASDAQ,93.41,63,53,51,48,10.98,120286052.92797089,10965000.0,0.46,-4.31,5980,9280,13036,
2172,INDB,Financial Services,Banks - Regional,NASDAQ,93.4,63,64,69,75,79.39,3792369950.2927856,47369099.0,0.062800005,-9.27,368240,346663,334894,0.415
2173,UNFI,Consumer Defensive,Food Distribution,NYSE,93.37,63,76,85,88,44.29,2749855868.7636566,60317084.0,0.0712,-22.33,620790,679106,595836,-0.007
2174,OCCIM,Financial Services,Asset Management,NASDAQ,93.37,63,55,55,54,24.93,,,1.61,-4.34,3671,3357,3576,-0.102
2175,GIWWU,Financial Services,Shell Companies,NASDAQ,93.36,63,52,47,44,10.59,,,0.76,-1.12,0,416,278,
2176,PG,Consumer Defensive,Household & Personal Products,NYSE,93.36,63,37,49,34,148.41,336833603236.9281,2324433060.0,0.0104,-11.26,7883960,8175716,8804290,0.015
2177,PFX,Financial Services,Asset Management,NASDAQ,93.35,63,46,36,28,45.4,86665875.875,1931273.0,0.0002,-19.61,2890,6843,9676,0.048
2178,UNH,Healthcare,Healthcare Plans,NYSE,93.35,63,74,84,28,376.32,333815518120.8158,897594847.0,0.0164,-18.48,4344620,4769873,4605946,0.004
2179,CRAQU,Financial Services,Shell Companies,NASDAQ,93.34,63,39,56,44,10.74,,,11.79,-6.61,60,106,70,
2180,QSEA,Financial Services,Shell Companies,NASDAQ,93.3,63,51,50,48,10.72,108388666.91719055,10134518.0,0.0002,-1.24,12741,6473,7140,
2181,WTG,Financial Services,Shell Companies,NASDAQ,93.29,63,52,49,47,10.64,78059032.51874447,7336375.0,0.0004,-0.28,9730,11756,39962,
2182,OXLCO,Financial Services,Asset Management,NASDAQ,93.29,63,54,58,55,23.6,,,0.09,-5.52,4150,4553,3166,-0.102
2183,CMC,Industrials,Metal Fabrication,NYSE,93.27,63,54,50,66,64.91,7033495421.859207,110624335.0,0.0739,-23.52,1067800,1064763,1097512,0.229
2184,AIRTP,Industrials,Conglomerates,NASDAQ,93.27,63,58,61,55,18.9,,,0.37,-10.0,960,1576,2696,0.629
2185,FN,Technology,Electronic Components,NYSE,93.25,63,22,56,96,489.16,16616268175.64746,35834864.0,0.056900002,-34.68,797000,810363,906728,0.446
2186,ASPCU,Financial Services,Shell Companies,NASDAQ,93.24,63,62,24,56,11.99,,,0.71,-75.53,0,4,221,
2187,MED,Consumer Cyclical,Personal Services,NYSE,93.24,63,50,31,26,11.51,131149641.07188034,11180703.0,0.1725,-18.66,112420,114926,142982,-0.276
2188,EOI,Financial Services,Asset Management,NYSE,93.23,63,55,46,52,19.97,813884713.4409256,41001748.0,1.21,-5.36,73642,65610,70624,-0.051
2189,ESS,Real Estate,REIT - Residential,NYSE,93.23,63,57,72,36,272.49,17263915790.127472,64261739.0,0.054,-10.17,614610,577263,511902,0.031
2190,MKLYU,Financial Services,Shell Companies,NASDAQ,93.23,63,51,49,44,10.52,,,4.97,-7.8,50,86,3320,
2191,AGCO,Industrials,Farm & Heavy Construction Machinery,NYSE,93.22,63,69,41,63,116.19,8026336503.433975,70031729.0,0.060599998,-19.19,870850,1152636,1086022,-0.01
2192,CCC,Technology,Software - Application,NASDAQ,93.22,63,73,29,11,6.65,3863805224.5374527,588994704.0,0.0863,-30.33,10197300,10735533,10687040,0.098
2193,JPM,Financial Services,Banks - Diversified,NYSE,93.21,63,74,61,59,331.28,883527940473.5248,2658186195.0,0.0091,-9.61,7876610,7425900,6871956,0.304
2194,ONBPP,Financial Services,Banks - Regional,NASDAQ,93.21,63,54,53,52,25.03,,,1.46,-1.84,8878,6739,7635,0.288
2195,EBMT,Financial Services,Banks - Regional,NASDAQ,93.21,63,66,78,77,21.05,169265408.75,7965431.0,0.0296,-14.64,28090,33796,36002,0.087
2196,DLO,Technology,Software - Infrastructure,NASDAQ,93.2,63,77,67,64,14.53,4044729199.4085703,294269133.0,0.1391,-13.41,1593190,1733230,2045344,0.558
2197,TRNO,Real Estate,REIT - Industrial,NYSE,93.19,63,58,72,67,64.23,7032943907.165298,108970310.0,0.1035,-18.63,796950,746696,707894,0.111
2198,OPRA,Communication Services,Internet Content & Information,NASDAQ,93.18,63,71,78,60,17.28,1573837764.6385803,88917384.0,0.0615,-16.84,265940,320036,343176,0.246
2199,CCAQ,Financial Services,Shell Companies,NASDAQ,93.17,63,50,49,47,10.66,216288762.4799738,20232813.0,0.0001,-0.37,530,736,7886,
2200,RNGR,Energy,Oil & Gas Equipment & Services,NYSE,93.16,63,68,66,82,15.65,366475676.6091347,23402023.0,0.019199999,-16.82,148410,167366,196262,0.255
2201,DXC,Technology,Information Technology Services,NYSE,93.16,63,41,16,26,11.83,1773543508.8507328,159778689.0,0.1783,-24.55,3197270,2806050,3177228,-0.051
2202,EPR,Real Estate,REIT - Specialty,NYSE,93.15,63,65,65,58,55.27,4324573705.347969,76608922.0,0.1329,-14.93,734150,850026,822308,0.106
2203,TXNM,Utilities,Utilities - Regulated Electric,NYSE,93.15,63,48,41,54,58.55,6432445449.566143,110125757.0,0.0661,-1.65,1735060,1690306,1353108,0.092
2204,LLYVK,Communication Services,Entertainment,NASDAQ,93.15,63,54,73,70,99.4,9004566401.820312,92005376.0,0.033,-9.43,313590,303656,299164,0.061
2205,UTHR,Healthcare,Drug Manufacturers - Specialty & Generic,NASDAQ,93.15,63,41,74,89,541.62,23233888379.968018,42890692.0,0.0762,-11.12,1075270,851880,723430,-0.019
2206,LSTR,Industrials,Integrated Freight & Logistics,NASDAQ,93.14,62,61,88,72,169.05,5887377604.005814,33936925.0,0.0623,-26.0,349220,337360,425750,0.181
2207,UNTY,Financial Services,Banks - Regional,NASDAQ,93.14,62,65,60,62,55.23,555756268.0523758,10042578.0,0.0223,-11.63,47700,54303,55634,-0.057
2208,LPAAU,Financial Services,Shell Companies,NASDAQ,93.13,62,52,48,47,11.11,,,,-3.22,0,0,0,
2209,RNGTU,Financial Services,Shell Companies,NASDAQ,93.13,62,51,45,43,10.46,,,71.94,-4.91,27,25,59,
2210,TEL,Technology,Electronic Components,NYSE,93.11,62,35,31,76,219.51,63891326658.88574,289940672.0,0.033099998,-13.09,1531150,1883930,2004850,0.138
2211,SW,Consumer Cyclical,Packaging & Containers,NYSE,93.11,62,62,45,37,42.39,22313204986.535065,524522908.0,0.051999997,-19.49,4305220,4397316,4562010,0.011
2212,GDV,Financial Services,Asset Management,NYSE,93.1,62,65,63,66,28.47,2459566727.5582123,86696040.0,0.0001,-8.16,86076,93845,88175,0.07
2213,LPLA,Financial Services,Capital Markets,NASDAQ,93.1,62,65,34,35,332.39,24917210439.84192,78742290.0,0.0226,-16.94,973900,789736,742956,0.364
2214,ATOM,Technology,Semiconductor Equipment & Materials,NASDAQ,93.07,62,32,91,89,4.46,183803239.30864906,39024042.0,0.1717,-63.93,432690,445670,494594,
2215,ITW,Industrials,Specialty Industrial Machinery,NYSE,93.06,62,55,55,57,267.14,74879619824.21875,284800000.0,0.0309,-11.88,1563400,1308913,1269898,0.061
2216,BCML,Financial Services,Banks - Regional,NASDAQ,93.05,62,43,76,52,30.97,340598455.06197166,10920117.0,0.0201,-11.46,62040,54896,56952,-0.184
2217,FSHP,Financial Services,Shell Companies,NASDAQ,93.04,62,54,55,50,11.29,39721155.26578903,3518260.0,0.0014,-5.92,2520,1680,3548,
2218,OIS,Energy,Oil & Gas Equipment & Services,NYSE,93.04,62,67,59,95,8.28,496455126.7564964,60322619.0,0.0434,-42.9,803650,606673,625200,-0.053
2219,MNSBP,Financial Services,Banks - Regional,NASDAQ,93.04,62,60,57,56,24.82,,,3.08,-10.53,1110,1113,1044,-0.088
2220,RWAY,Financial Services,Asset Management,NASDAQ,93.03,62,36,15,20,6.38,274509879.1936798,41909904.0,0.1037,-37.76,343320,352406,478416,0.053
2221,CEV,Financial Services,Asset Management,NYSE ARCA,93.02,62,52,59,56,10.24,73008509.30492878,7033575.0,0.91,-5.54,49008,32526,29359,0.037
2222,NDAQ,Financial Services,Financial Data & Stock Exchanges,NASDAQ,93.01,62,59,40,42,92.27,50492427036.27814,558977372.0,0.0197,-9.35,3320110,3159180,3091416,0.149
2223,XFLT,Financial Services,Asset Management,NYSE,93.01,62,56,27,19,19.13,294108361.9058304,15230884.0,0.0017,-27.67,90465,77301,76997,
2224,NRGV,Utilities,Utilities - Renewable,NYSE,93.0,62,84,91,97,3.88,716447916.2049437,181839570.0,0.2001,-41.61,3351050,3895603,4483966,1.041
2225,ARCC,Financial Services,Asset Management,NASDAQ,92.98,62,55,41,35,18.64,13541911294.946365,718022845.0,0.0586,-11.83,5036640,4603210,4478956,0.031
2226,LCCCU,Financial Services,Shell Companies,NASDAQ,92.98,62,41,44,45,10.8,,,,-32.03,50,16,120,
2227,MACI,Financial Services,Shell Companies,NASDAQ,92.97,62,50,48,49,11.07,238702706.05520058,21621622.0,0.00059999997,-2.68,2300,3036,2430,
2228,SVAQU,Financial Services,Shell Companies,NASDAQ,92.96,62,55,54,45,10.48,,,59.26,-2.96,0,0,22,
2229,CTSH,Technology,Information Technology Services,NASDAQ,92.96,62,36,12,21,57.22,27675229206.085205,473000000.0,0.0801,-34.25,6769530,6490993,7638036,0.045
2230,RANG,Financial Services,Shell Companies,NASDAQ,92.95,62,50,49,47,10.88,72739962.76043415,6697971.0,0.0011999999,-6.73,576,2592,1985,
2231,NSYS,Healthcare,Medical Devices,NASDAQ,92.95,62,65,84,92,11.28,33046610.062274933,2853766.0,0.0031,-37.37,5090,13240,14542,0.093
2232,ECL,Basic Materials,Specialty Chemicals,NYSE,92.93,62,54,42,49,280.82,76725942063.08002,280328603.0,0.0214,-9.2,1164260,1234950,1324466,0.097
2233,JVA,Consumer Defensive,Packaged Foods,NASDAQ,92.93,62,31,22,73,3.99,22720228.108882904,5708600.0,0.0054,-20.68,44120,61813,60184,-0.093
2234,BEKE,Real Estate,Real Estate Services,NYSE,92.93,62,51,35,30,16.76,18065016604.225067,1099514076.0,0.0479,-15.69,5910790,5287876,4447024,-0.057
2235,FRMM,Technology,Software - Application,NASDAQ,92.92,62,21,96,2,4.85,63750917.83300018,13198948.0,0.3752,-82.07,87880,111490,147456,
2236,YHNA,Financial Services,Shell Companies,NASDAQ,92.91,62,52,48,50,11.04,48044053.5734911,4285821.0,0.0,-8.0,1300,22956,14786,
2237,AACIU,Financial Services,Shell Companies,NASDAQ,92.91,62,45,43,41,10.32,,,0.0,-4.0,20,6,4,
2238,MAT,Consumer Cyclical,Leisure,NASDAQ,92.9,62,23,21,21,15.93,4362639130.783081,285700000.0,0.1433,-29.14,11308520,6377516,5341586,0.105
2239,HMY,Basic Materials,Gold,NYSE,92.9,62,81,29,31,17.32,10881830501.205683,626112257.0,0.0226,-33.54,3204210,4185213,3714740,0.492
2240,BWAY,Healthcare,Medical Devices,NASDAQ,92.89,62,84,89,97,11.89,503162362.5,40252989.0,0.0064999997,-31.67,113740,94253,111870,0.354
2241,ARDT,Healthcare,Medical Care Facilities,NYSE,92.88,62,63,34,27,10.68,1458414699.9018974,141045907.0,0.14770001,-31.01,359880,407476,415518,-0.014
2242,DYNC,Financial Services,Shell Companies,NASDAQ,92.87,62,52,50,53,10.93,241363990.45476246,22133333.0,0.0005,-0.5,51420,30406,40516,
2243,VELO,Technology,Computer Hardware,NASDAQ,92.86,62,93,86,81,9.57,360070115.4680424,32149118.0,0.29459998,-69.86,1787040,1193513,1443830,0.523
2244,HUBB,Industrials,Electrical Equipment & Parts,NYSE,92.85,62,43,46,77,485.41,25122943581.48404,52832571.0,0.0621,-14.16,464470,468789,522034,0.153
2245,JANX,Healthcare,Biotechnology,NASDAQ,92.84,62,83,30,19,16.79,1035045585.5474625,61136773.0,0.1234,-52.49,773310,915640,824972,
2246,AFG,Financial Services,Insurance - Property & Casualty,NYSE,92.84,62,62,63,50,140.07,11534376426.712463,82921466.0,0.025,-6.63,405747,392095,383881,0.058
2247,BSAA,Financial Services,Shell Companies,NASDAQ,92.83,62,46,72,46,11.25,83614351.41134262,7399500.0,0.0007,-34.59,650,2523,8090,
2248,DCI,Industrials,Specialty Industrial Machinery,NYSE,92.81,62,57,58,63,90.11,10275433112.71482,115910129.0,0.0307,-20.14,602310,693956,670732,0.08
2249,DBCAU,Financial Services,Shell Companies,NASDAQ,92.81,62,52,50,41,10.38,,,4.1,-3.89,170,56,494,
2250,CCNEP,Financial Services,Banks - Regional,NASDAQ,92.79,62,54,53,53,24.74,,,1.69,-2.98,1670,1210,1128,0.51
2251,LLYVA,Communication Services,Entertainment,NASDAQ,92.78,62,52,70,70,96.25,8806754703.03125,92005376.0,0.0656,-9.25,123590,133183,143770,0.061
2252,UTL,Utilities,Utilities - Diversified,NYSE,92.76,62,66,59,56,51.18,933717722.7134781,18236674.0,0.0479,-10.62,172640,146653,132534,0.14
2253,IAF,Financial Services,Asset Management,NYSE ARCA,92.76,62,63,41,58,12.46,118725604.75984669,9582373.0,0.52,-14.31,26225,21995,20583,0.102
2254,ALX,Real Estate,REIT - Retail,NYSE,92.76,62,67,76,64,245.49,1245463742.5172424,5107290.0,0.1117,-15.18,36160,39870,37834,0.061
2255,AR,Energy,Oil & Gas E&P,NYSE,92.76,62,66,38,62,35.72,10477521682.937622,307439000.0,0.0446,-21.92,4236840,3918356,4062634,0.126
2256,BPYPN,Real Estate,Real Estate Services,NASDAQ,92.76,62,59,61,61,13.42,,,0.16,-9.81,14884,45041,32136,0.053
2257,SQM,Basic Materials,Specialty Chemicals,NYSE,92.75,62,77,79,93,66.17,18429350413.292847,285637808.0,2.42,-32.48,790760,955236,973374,1.367
2258,PGACU,Financial Services,Shell Companies,NASDAQ,92.75,62,35,50,45,10.91,,,0.0,-31.81,212,926,666,
2259,ALISU,Financial Services,Shell Companies,NASDAQ,92.74,62,54,54,49,10.81,,,0.0,-30.21,1063,354,212,
2260,AI,Technology,Software - Infrastructure,NYSE,92.73,62,27,17,8,11.24,1770186251.3595886,160779856.0,0.2858,-44.41,4126370,5124926,4876052,-0.255
2261,SPME,Financial Services,Asset Management,NYSE,92.73,62,53,54,52,24.69,,,0.94,-5.04,5835,4605,3611,-0.353
2262,ILLUU,Financial Services,Shell Companies,NASDAQ,92.73,62,51,43,43,10.27,,,0.0,-0.0,0,0,2,
2263,NBRGU,Financial Services,Shell Companies,NASDAQ,92.73,62,50,49,41,10.39,,,0.22,-5.89,190,400,570,
2264,CFG,Financial Services,Banks - Regional,NYSE,92.73,62,77,80,83,64.09,27094303543.237732,421176788.0,0.0002,-14.92,4436540,3810523,3578026,0.147
2265,AER,Industrials,Rental & Leasing Services,NYSE,92.72,61,58,65,75,146.27,22687947366.474762,157184065.0,0.0222,-7.9,1127680,1130633,1108280,0.149
2266,CEG,Utilities,Utilities - Independent Power Producers,NASDAQ,92.72,61,52,21,38,300.4,91230603558.677,354307379.0,0.037,-27.21,3991500,3241693,3040758,0.23
2267,BRC,Industrials,Security & Protection Services,NYSE,92.71,61,67,71,63,85.11,3976115305.669983,46899214.0,0.0238,-14.28,292400,279200,234348,0.1
2268,SWIM,Industrials,Building Products & Equipment,NASDAQ,92.7,61,56,32,34,6.39,754111393.3086319,117646086.0,0.0608,-28.73,744400,818130,872524,0.144
2269,TPVG,Financial Services,Asset Management,NYSE,92.7,61,36,26,32,4.81,199477646.58238173,40709723.0,0.0629,-30.79,189910,233536,227498,-0.052
2270,PATH,Technology,Software - Infrastructure,NYSE,92.7,61,71,32,20,13.1,6837558906.438497,521155409.0,0.2574,-33.97,38755330,53017360,58006576,0.134
2271,BLK,Financial Services,Asset Management,NYSE,92.69,61,60,36,42,1079.42,164104113670.36755,154869259.0,0.0134000005,-11.52,513640,564003,578724,0.306
2272,JACS,Financial Services,Shell Companies,NYSE,92.68,61,48,50,47,10.83,319276098.8712311,29590000.0,0.00029999999,0.0,11620,34736,25024,
2273,NHIVU,Financial Services,Shell Companies,NASDAQ,92.66,61,50,49,41,10.32,,,26.29,-6.18,0,0,54,
2274,ATLCP,Financial Services,Credit Services,NASDAQ,92.65,61,56,64,43,23.5,,,0.31,-5.62,3268,3362,3893,0.833
2275,FHI,Financial Services,Asset Management,NYSE,92.65,61,69,65,76,56.56,4186201932.8854904,74660281.0,0.062,-15.83,577010,648976,617058,0.183
2276,NATH,Consumer Cyclical,Restaurants,NASDAQ,92.63,61,40,42,54,101.84,415871606.1364517,4097661.0,0.056599997,-9.34,40030,28896,27788,0.15
2277,DOW,Basic Materials,Chemicals,NYSE,92.61,61,58,53,88,28.16,20203869190.677994,722340711.0,0.0554,-34.11,8516360,8767183,8830204,0.197
2278,LIEN,Financial Services,Asset Management,NASDAQ,92.61,61,60,57,36,9.49,216795605.0,22820590.0,0.010299999,-15.79,78030,52200,56402,0.068
2279,SPEG,Financial Services,Shell Companies,NASDAQ,92.61,61,50,48,46,10.43,159773331.02984047,15333333.0,0.0001,-5.44,5370,19436,15368,
2280,MCI,Financial Services,Asset Management,NYSE,92.61,61,53,33,32,17.95,366449385.29333115,20587045.0,0.0028,-16.51,27295,43371,40033,-0.052
2281,PGAC,Financial Services,Shell Companies,NASDAQ,92.6,61,50,51,48,10.78,118854887.05587387,11025500.0,0.0066000004,-5.36,230,1050,952,
2282,EICA,Financial Services,Asset Management,NYSE,92.6,61,52,52,52,24.99,,,0.32,-3.59,2974,3108,3066,-0.204
2283,GHC,Industrials,Conglomerates,NYSE,92.6,61,47,66,64,1157.67,4868515516.044922,4234928.0,0.1329,-8.29,28487,35499,32907,0.071
2284,WENNU,Financial Services,Shell Companies,NASDAQ,92.59,61,43,41,38,10.64,,,0.0,-5.3,60,156,234,
2285,CHSCL,Consumer Defensive,Farm Products,NASDAQ,92.58,61,51,50,52,25.15,,,0.19,-3.08,41801,31097,28868,0.186
2286,CALY,Consumer Cyclical,Leisure,NYSE,92.57,61,78,93,86,14.28,2597496751.063966,179757563.0,0.048299998,-29.59,1990360,1972320,1966822,0.02
2287,LUV,Industrials,Airlines,NYSE,92.57,61,41,81,73,42.45,20776672893.64798,489208201.0,0.059699997,-22.97,5551660,5657366,5218482,0.164
2288,COPL,Financial Services,Shell Companies,NYSE,92.57,61,49,47,48,10.58,234790130.4311533,22181401.0,0.00029999999,-1.03,30550,13236,27452,
2289,KFII,Financial Services,Shell Companies,NASDAQ,92.55,61,50,48,49,10.7,419293967.276001,39256060.0,0.02,0.09,99980,53566,35788,
2290,VIK,Consumer Cyclical,Travel Services,NYSE,92.55,61,73,89,86,81.64,35981166179.01489,446638124.0,0.037,-25.84,4901310,4377380,3904198,0.165
2291,GSRFU,Financial Services,Shell Companies,NASDAQ,92.54,61,50,52,44,10.58,278894087.98885345,26360500.0,,-8.4,0,0,160,
2292,MSLE,Healthcare,Biotechnology,NASDAQ,92.52,61,89,85,65,7.54,180339731.5,21216439.0,3.09,-43.71,87260,47530,38550,
2293,NOEM,Financial Services,Shell Companies,NASDAQ,92.52,61,52,48,48,10.63,39060048.00063133,3716465.0,0.0001,-15.77,200,143,3556,
2294,AMR,Basic Materials,Coking Coal,NYSE,92.52,61,82,25,75,176.98,2174963294.174576,12679045.0,0.1472,-30.27,278140,318850,336162,-0.104
2295,APACU,Financial Services,Shell Companies,NASDAQ,92.51,61,49,50,47,10.45,,,0.68,-4.04,10,90,546,
2296,TDY,Technology,Scientific & Technical Instruments,NYSE,92.51,61,51,56,71,622.22,28609329913.19879,46355673.0,0.0226,-10.81,263180,257233,282940,0.098
2297,HRI,Industrials,Rental & Leasing Services,NYSE,92.5,61,60,75,18,134.73,4625908743.040527,33431444.0,0.0975,-28.47,637120,777123,643830,0.202
2298,CHARU,Financial Services,Shell Companies,NASDAQ,92.5,61,48,48,48,10.93,,,0.0,-8.84,0,0,8,
2299,SVCC,Financial Services,Shell Companies,NASDAQ,92.49,61,49,46,48,10.72,231712001.77180767,21614925.0,0.00029999999,-0.0,7500,16210,11948,
2300,YAAS,Technology,Software - Application,NASDAQ,92.48,61,83,8,3,1.16,18228978.3954674,15714637.0,0.01,-76.71,21810,1032670,678950,4.443
2301,BRLT,Consumer Cyclical,Luxury Goods,NASDAQ,92.46,61,25,21,23,1.43,23501975.198130608,16907896.0,0.0064999997,-50.69,46660,74093,116506,0.057
2302,XCBEU,Financial Services,Shell Companies,NASDAQ,92.46,61,50,42,40,10.25,,,2.96,-5.62,0,60,146,
2303,MCB,Financial Services,Banks - Regional,NYSE,92.46,61,62,75,78,88.73,1106501686.5,12397778.0,0.053000003,-13.05,121890,119200,121812,0.14
2304,ESTA,Healthcare,Medical Devices,NASDAQ,92.45,61,77,93,86,65.29,1909109064.701477,29801891.0,0.1839,-33.1,391140,346896,428498,0.317
2305,HBANL,Financial Services,Banks - Regional,NASDAQ,92.45,61,52,49,53,24.75,,,2.38,-4.73,33079,23959,22513,0.476
2306,OACCU,Financial Services,Shell Companies,NASDAQ,92.43,61,50,42,40,11.0,,,,-11.79,0,0,20,
2307,INAC,Financial Services,Shell Companies,NASDAQ,92.42,61,48,48,46,10.37,153304455.06572723,14755000.0,0.06,-0.29,25270,10613,7312,
2308,QETAU,Financial Services,Shell Companies,NASDAQ,92.42,61,52,51,61,11.51,,,0.0,-16.53,0,0,2,
2309,ASO,Consumer Cyclical,Specialty Retail,NASDAQ,92.42,61,24,25,72,52.31,3000739330.2414207,61578891.0,0.20459999,-16.23,1347740,2063033,1768350,0.03
2310,GTERA,Financial Services,Shell Companies,NASDAQ,92.41,61,50,49,47,10.45,247947145.4744339,23727000.0,0.0005,-0.1,36250,21856,16204,
2311,ONBPO,Financial Services,Banks - Regional,NASDAQ,92.41,61,53,51,52,24.73,,,2.48,-2.83,10425,6361,5983,0.288
2312,APG,Industrials,Engineering & Construction,NYSE,92.41,61,40,54,82,41.4,17493848624.732716,432160297.0,0.0298,-17.18,2839450,3447083,3186966,0.133
2313,JOB,Industrials,Staffing & Employment Services,NYSE ARCA,92.4,61,68,39,77,0.22,23072843.339631647,109870686.0,0.0062,-21.43,195500,197033,260624,-0.153
2314,HAVA,Financial Services,Shell Companies,NASDAQ,92.39,61,49,46,45,10.25,211898250.6237049,20693189.0,0.0,0.1,20520,65956,49186,
2315,EVAC,Financial Services,Shell Companies,NYSE,92.38,61,49,45,45,10.32,602597440.5056973,58447858.0,0.0001,-0.1,106830,146076,103040,
2316,FITB,Financial Services,Banks - Regional,NYSE,92.38,61,70,78,71,51.0,46117367541.67557,906573000.0,0.0,-14.29,6939280,5790423,5697812,0.518
2317,HPP,Real Estate,REIT - Office,NYSE,92.37,61,37,93,8,11.58,623005121.8377419,54268741.0,0.0098,-41.13,678020,634640,690940,-0.013
2318,ZWS,Industrials,Pollution & Treatment Controls,NYSE,92.37,61,41,52,73,47.85,7906741200.283768,165864097.0,0.0399,-13.0,798950,882110,890258,0.105
2319,BMRA,Healthcare,Medical Devices,NASDAQ,92.37,61,51,13,15,2.14,9841792.002450943,4598968.0,0.0088,-33.33,22380,143080,88520,0.168
2320,SSP,Communication Services,Broadcasting,NASDAQ,92.36,61,43,39,96,2.92,253913036.22376037,92668991.0,0.1062,-45.83,610570,632563,645458,-0.092
2321,LCCC,Financial Services,Shell Companies,NASDAQ,92.36,61,50,49,47,10.54,93858699.66030121,8905000.0,0.41,-0.19,200,423,2004,
2322,BOSC,Technology,Communication Equipment,NASDAQ,92.36,61,55,28,37,4.65,32686921.107931137,7059810.0,0.0008,-30.8,14970,27366,33778,0.289
2323,CCID,Financial Services,Asset Management,NYSE,92.35,61,53,53,50,24.81,,,0.65,-2.82,3139,4266,3387,
2324,CRCL,Financial Services,Capital Markets,NYSE,92.34,60,52,9,41,84.13,20627415331.25,253875881.0,0.0958,-47.24,10119680,14173890,13882802,0.066
2325,KURA,Healthcare,Biotechnology,NASDAQ,92.34,60,87,82,70,10.53,947430558.414217,88960619.0,0.171,-24.24,1809020,1972800,1945540,0.365
2326,OYSE,Financial Services,Shell Companies,NASDAQ,92.34,60,48,47,47,10.42,352877772.59891796,33914251.0,0.01,0.1,16960,64353,39762,
2327,SDHI,Financial Services,Shell Companies,NASDAQ,92.34,60,49,46,47,10.59,367889294.61860657,34838000.0,0.01,0.28,46070,39596,49140,
2328,VMD,Healthcare,Medical Devices,NASDAQ,92.33,60,57,92,84,9.33,347745525.9988518,38088228.0,0.0403,-26.01,262100,277366,370772,0.239
2329,LOGI,Technology,Computer Hardware,NASDAQ,92.32,60,29,55,56,102.41,14937406750.542389,143188332.0,0.0841,-21.02,665440,704950,870136,0.069
2330,QETA,Financial Services,Shell Companies,NASDAQ,92.31,60,50,52,50,11.79,44185948.77703476,3747748.0,0.0001,-9.79,1371,607,364,
2331,CHY,Financial Services,Asset Management,NASDAQ,92.31,60,69,79,68,11.96,942710597.7987442,80436056.0,0.0018000001,-14.02,231363,168881,169286,-0.449
2332,AMCR,Consumer Cyclical,Packaging & Containers,NYSE,92.31,60,68,52,33,41.77,19337046865.349274,461945690.0,0.050100002,-18.0,2885390,3228106,3582444,0.259
2333,TDAC,Financial Services,Shell Companies,NASDAQ,92.31,60,52,48,48,10.82,237039143.31436157,21907500.0,0.001,-1.19,3560,9656,34496,
2334,XRN,Real Estate,REIT - Healthcare Facilities,NYSE,92.31,60,60,63,54,34.28,450218576.0807419,13237830.0,0.0756,-11.31,108510,98846,97332,0.048
2335,EGP,Real Estate,REIT - Industrial,NYSE,92.3,60,62,73,68,192.86,10527739936.618744,53773317.0,0.073,-14.93,611940,509540,499402,0.091
2336,DRDB,Financial Services,Shell Companies,NASDAQ,92.3,60,49,46,46,10.72,329053322.8719139,30666667.0,0.0001,-0.09,18976,12588,34895,
2337,NMP,Financial Services,Shell Companies,NASDAQ,92.3,60,50,49,47,10.37,165617546.7522831,15970834.0,0.0011,-0.19,2910,15243,18392,
2338,CHPG,Financial Services,Shell Companies,NASDAQ,92.29,60,50,47,47,10.5,104666752.70818329,9987286.0,0.00059999997,0.0,1357,6555,4301,
2339,KCHV,Financial Services,Shell Companies,NASDAQ,92.29,60,49,48,48,10.48,358674819.62770844,34257384.0,0.01,0.0,22900,30066,28900,
2340,SZZL,Financial Services,Shell Companies,NASDAQ,92.29,60,48,47,47,10.49,327674655.8472557,31266667.0,0.01,-0.1,28260,43456,69796,
2341,RPAY,Technology,Software - Infrastructure,NASDAQ,92.28,60,42,49,19,3.83,316672295.02592754,82898508.0,0.067,-27.74,406610,403570,443724,0.332
2342,RFAMU,Financial Services,Shell Companies,NASDAQ,92.28,60,46,43,43,10.19,,,0.0,-6.43,889,553,7987,
2343,BGY,Financial Services,Asset Management,NYSE,92.26,60,62,53,55,5.67,509253226.7299986,90614455.0,0.0022,-8.99,291474,235468,220072,-0.037
2344,FSUN,Financial Services,Banks - Regional,NASDAQ,92.25,60,65,31,46,39.19,1736918484.438881,43950366.0,0.0328,-7.44,319940,358253,342828,0.422
2345,TAVI,Financial Services,Shell Companies,NASDAQ,92.25,60,48,47,48,10.77,171467378.69797897,15920833.0,0.01,-9.57,570,1700,3978,
2346,CRAC,Financial Services,Shell Companies,NASDAQ,92.23,60,48,46,45,10.25,229279687.5,22368750.0,0.0001,-0.1,39940,17060,17298,
2347,SONY,Technology,Consumer Electronics,NYSE,92.23,60,39,26,25,23.85,139235832872.5259,5845333109.0,0.0021,-21.39,3568060,3735483,4403144,0.082
2348,NTWO,Financial Services,Shell Companies,NASDAQ,92.23,60,55,49,47,10.81,260698023.86963367,24116375.0,0.0011,-10.96,258630,239216,414322,
2349,QUMS,Financial Services,Shell Companies,NASDAQ,92.23,60,49,48,46,10.35,118058831.85129166,11406650.0,0.00029999999,-0.1,49070,27553,32092,
2350,ICE,Financial Services,Financial Data & Stock Exchanges,NYSE,92.22,60,52,23,38,153.49,84293378796.56998,561394487.0,0.0128999995,-12.81,2486590,2932776,3422536,0.048
2351,DEO,Consumer Defensive,Beverages - Wineries & Distilleries,NYSE,92.22,60,48,35,23,84.78,47133294513.0,556145068.0,0.0056,-17.48,915660,956336,1118824,-0.017
2352,APAC,Financial Services,Shell Companies,NASDAQ,92.21,60,48,47,45,10.27,82677786.27518845,8050417.0,0.0036000002,-0.0,39590,15663,15806,
2353,MKLY,Financial Services,Shell Companies,NASDAQ,92.2,60,49,46,46,10.27,250016516.45396042,24344353.0,0.0002,-0.29,57610,64870,83448,
2354,NPAC,Financial Services,Shell Companies,NASDAQ,92.2,60,48,44,42,10.54,404639294.03550625,38390825.0,0.0001,0.0,11500,37970,38538,
2355,SOUL,Financial Services,Shell Companies,NYSE,92.2,60,49,47,48,10.48,356170455.3986988,33953333.0,0.0014,-4.73,30020,47503,54806,
2356,VNME,Financial Services,Shell Companies,NASDAQ,92.2,60,48,45,46,10.31,258249998.09265137,25000000.0,0.0023,-0.19,89260,47040,32956,
2357,GSHR,Financial Services,Shell Companies,NASDAQ,92.19,60,49,48,48,10.57,216404471.65947533,20454109.0,0.05,-5.62,7670,18180,37534,
2358,SBUX,Consumer Cyclical,Restaurants,NASDAQ,92.19,60,66,74,65,96.11,107969398956.29883,1140000000.0,0.038900003,-13.03,6945250,6675056,7097602,-0.014
2359,ECF,Financial Services,Asset Management,NYSE ARCA,92.19,60,60,67,68,11.91,161846155.76007652,13657903.0,0.0,-14.01,60701,36723,30194,-0.289
2360,BORR,Energy,Oil & Gas Drilling,NYSE,92.19,60,59,81,96,4.21,1206284843.789861,308512741.0,0.123900004,-36.74,6040180,5818383,5902024,-0.132
2361,CHSCO,Consumer Defensive,Farm Products,NASDAQ,92.18,60,49,48,52,25.65,,,0.67,-5.11,20444,16984,17404,0.186
2362,UCB,Financial Services,Banks - Regional,NYSE,92.18,60,65,62,64,33.72,4085144212.068039,119763827.0,0.0575,-9.31,921980,821396,824188,0.244
2363,PAII,Financial Services,Shell Companies,NYSE,92.17,60,47,46,45,10.34,356308483.058424,34492593.0,0.02,-0.1,29510,56756,36128,
2364,FSS,Industrials,Farm & Heavy Construction Machinery,NYSE,92.17,60,56,44,60,118.14,7101580800.198944,61041611.0,0.0876,-12.17,427090,422816,418074,0.187
2365,NWTG,Consumer Cyclical,Leisure,NASDAQ,92.16,60,36,9,21,1.17,6898463.321775913,5654478.0,0.0081,-39.69,188360,75313,75758,-0.364
2366,HLF,Consumer Defensive,Packaged Foods,NYSE,92.15,60,55,56,92,12.58,1316330496.7772484,104803380.0,0.1004,-38.33,1196740,1573080,1560260,0.054
2367,TACHU,Financial Services,Shell Companies,NASDAQ,92.15,60,51,52,45,10.75,,,0.0,-2.18,0,40,148,
2368,WLIIU,Financial Services,Shell Companies,NASDAQ,92.15,60,50,50,42,10.44,,,1.44,-5.09,0,0,132,
2369,IBAC,Financial Services,Shell Companies,NASDAQ,92.15,60,49,47,48,10.88,54639777.6258049,5008229.0,0.00090000004,-6.53,2810,2383,1754,
2370,CHEC,Financial Services,Shell Companies,NASDAQ,92.14,60,47,45,45,10.29,177756322.77102375,17274667.0,0.24,-2.56,12426,5808,8507,
2371,HVMC,Financial Services,Shell Companies,NASDAQ,92.14,60,46,45,44,10.29,302040713.4628296,29410000.0,0.0002,0.19,5060,22880,79084,
2372,KRSP,Financial Services,Shell Companies,NYSE,92.13,60,48,46,39,10.65,487765564.0131483,46002601.0,0.0007,-10.43,216810,88110,61962,
2373,SSEA,Financial Services,Shell Companies,NASDAQ,92.12,60,48,48,47,10.35,79183991.7661438,7635872.0,0.0011,-0.38,3640,11730,12096,
2374,ALDF,Financial Services,Shell Companies,NASDAQ,92.12,60,49,46,46,10.82,323174066.36494446,29868214.0,0.0001,-0.09,18200,39336,37860,
2375,CRVS,Healthcare,Biotechnology,NASDAQ,92.12,60,91,96,98,10.56,916918257.5104065,84120944.0,0.2321,-60.82,1107370,1091980,967292,
2376,PACH,Financial Services,Shell Companies,NASDAQ,92.12,60,47,45,46,10.36,328899987.9360199,31625000.0,0.0001,-0.38,59830,60590,39892,
2377,HOMB,Financial Services,Banks - Regional,NYSE,92.11,60,62,53,44,28.55,5735422907.362576,200049630.0,0.0695,-9.94,1491460,1523106,1451436,0.086
2378,DSGX,Technology,Software - Application,NASDAQ,92.11,60,30,29,20,78.62,6850728280.884079,85548553.0,2.51,-20.06,492080,705796,612602,0.118
2379,SSAC,Financial Services,Shell Companies,NASDAQ,92.11,60,47,44,42,10.15,243846667.41622353,24047994.0,0.0011,0.1,18845,34198,42505,
2380,UTF,Financial Services,Asset Management,NYSE,92.11,60,60,66,63,25.6,2814260200.3604336,111810099.0,0.0011,-8.93,459346,379962,326589,0.172
2381,LKSP,Financial Services,Shell Companies,NASDAQ,92.11,60,48,46,45,10.26,161013600.17191887,15693333.0,0.23,-0.0,27401,12313,22344,
2382,OLLI,Consumer Defensive,Discount Stores,NASDAQ,92.1,59,18,10,21,87.75,5230678614.293175,59402403.0,0.1674,-34.16,1804820,1922070,1691932,0.091
2383,COGT,Healthcare,Biotechnology,NASDAQ,92.1,59,88,95,98,30.38,5382745021.073433,173524982.0,0.105,-30.53,2082480,1912673,1874824,
2384,TACH,Financial Services,Shell Companies,NASDAQ,92.1,59,49,49,47,10.55,362921858.2464924,34432814.0,0.04,-0.38,97840,43710,34498,
2385,OCSL,Financial Services,Asset Management,NASDAQ,92.08,59,63,43,48,11.7,1049098565.4892159,88085523.0,0.0364,-18.24,452220,452923,506690,-0.078
2386,OBA,Financial Services,Shell Companies,NASDAQ,92.08,59,49,47,46,10.35,327318762.0639801,31625000.0,0.05,-0.0,7870,25313,18238,
2387,LWAC,Financial Services,Shell Companies,NASDAQ,92.08,59,49,45,46,10.35,311276261.472702,30075000.0,0.03,-0.38,9870,32090,24936,
2388,ADAC,Financial Services,Shell Companies,NASDAQ,92.08,59,47,46,43,10.15,291812489.03274536,28750000.0,0.00029999999,-5.41,10,22100,21322,
2389,LFVN,Consumer Defensive,Packaged Foods,NASDAQ,92.07,59,21,51,8,6.04,76417927.24112129,12589444.0,0.114300005,-48.42,32420,45256,48796,-0.231
2390,SCHL,Communication Services,Publishing,NASDAQ,92.06,59,63,91,91,37.01,666421886.8452911,18409444.0,0.1848,-23.01,630450,457280,411968,-0.039
2391,OMSE,Energy,Oil & Gas Equipment & Services,NASDAQ,92.06,59,54,32,24,4.5,186349804.89248657,42448704.0,0.00090000004,-36.62,18850,32023,27162,-0.017
2392,ORIQ,Financial Services,Shell Companies,NASDAQ,92.05,59,48,47,46,10.41,89786248.68392944,8625000.0,0.0005,-0.38,15982,15510,12530,
2393,MTB,Financial Services,Banks - Regional,NYSE,92.05,59,72,73,69,218.74,31760617531.539917,144933000.0,0.0417,-14.54,935270,1044186,1009844,0.062
2394,HVMCU,Financial Services,Shell Companies,NASDAQ,92.05,59,50,46,46,10.43,,,0.0,-5.18,0,26,36,
2395,FERA,Financial Services,Shell Companies,NASDAQ,92.05,59,48,46,46,10.56,329863342.81364346,31266667.0,0.05,0.09,18979,22413,30361,
2396,AIIA,Financial Services,Shell Companies,NYSE,92.05,59,47,46,45,10.29,198879908.09440613,19290000.0,0.0013,-0.48,21380,41803,26486,
2397,AVY,Consumer Cyclical,Packaging & Containers,NYSE,92.04,59,51,31,35,168.45,12874131311.480713,75788142.0,0.0327,-15.58,686190,1041786,966804,0.109
2398,CACC,Financial Services,Credit Services,NASDAQ,92.03,59,70,82,46,536.58,5517687452.5,10460071.0,0.2868,-19.78,126620,122903,120078,0.095
2399,TONT,Financial Services,Shell Companies,NYSE ARCA,92.03,59,47,45,47,10.93,154481593.86941147,14159633.0,0.0016,-8.5,13490,22210,69844,
2400,WSTN,Financial Services,Shell Companies,NASDAQ,92.03,59,48,45,45,10.2,80272418.93310356,7908613.0,1.73,0.0,6050,3566,10928,
2401,AGNCZ,Real Estate,REIT - Mortgage,NASDAQ,92.03,59,56,54,50,24.48,,,0.22,-7.17,100810,55583,48426,
2402,KOYN,Financial Services,Shell Companies,NASDAQ,92.01,59,48,45,45,10.25,323784235.643034,31557917.0,0.0001,-0.29,62281,52370,50012,
2403,CTNM,Healthcare,Biotechnology,NASDAQ,92.01,59,86,95,96,12.65,493589247.5346031,37621132.0,0.074499995,-28.87,741280,609113,577196,
2404,AACPU,Financial Services,Shell Companies,NASDAQ,92.0,59,49,47,42,10.3,,,7.64,-3.92,0,50,76,
2405,SSACU,Financial Services,Shell Companies,NASDAQ,91.99,59,46,45,44,10.31,,,0.75,-3.46,590,1006,616,
2406,BSL,Financial Services,Asset Management,NYSE,91.99,59,48,45,36,12.96,168998789.27994537,13019938.0,0.0014,-7.43,48162,52917,46294,-0.127
2407,WSTNU,Financial Services,Shell Companies,NASDAQ,91.98,59,44,40,44,10.28,,,0.0,-8.21,0,0,10,
2408,TVAI,Financial Services,Shell Companies,NASDAQ,91.98,59,48,48,47,10.41,282836652.825613,27195833.0,0.0001,0.1,52050,48140,37444,
2409,CUBI,Financial Services,Banks - Regional,NYSE,91.97,59,65,58,74,75.0,2549663351.769989,33783799.0,0.1091,-11.12,288140,276113,268262,0.101
2410,VOR,Healthcare,Biotechnology,NASDAQ,91.97,59,96,30,23,18.31,1105743306.4560738,59162294.0,0.15720001,-52.21,1164260,1122176,987796,
2411,EGHA,Financial Services,Shell Companies,NASDAQ,91.96,59,48,46,47,10.43,213815006.25610352,20500000.0,0.03,-3.38,19880,9170,48622,
2412,DFIN,Technology,Software - Application,NYSE,91.95,59,68,25,34,49.57,1144695466.2428856,24585383.0,0.0531,-11.89,207400,229383,236376,0.028
2413,EMIS,Financial Services,Shell Companies,NASDAQ,91.95,59,48,47,44,10.27,162017812.13160324,15775833.0,0.0004,-0.0,42140,27900,17498,
2414,CRAQ,Financial Services,Shell Companies,NASDAQ,91.95,59,49,49,46,10.41,405904632.0503235,38991800.0,0.01,0.0,43820,57163,35390,
2415,KTWO,Financial Services,Shell Companies,NASDAQ,91.95,59,48,42,42,10.09,202415733.7450962,20041161.0,0.0001,-0.1,37705,19571,36671,
2416,DMII,Financial Services,Shell Companies,NASDAQ,91.94,59,48,45,45,10.19,668209222.483635,65575000.0,0.0021,-1.36,30302,65167,50728,
2417,AMP,Financial Services,Asset Management,NYSE,91.94,59,77,58,33,496.61,43363660862.77591,88333219.0,0.041300002,-13.26,670400,595613,526056,0.116
2418,CLPR,Real Estate,REIT - Residential,NYSE,91.94,59,43,26,33,3.15,50734758.93499613,16157566.0,0.0112,-27.08,50250,53680,61844,-0.012
2419,BSBK,Financial Services,Banks - Regional,NASDAQ,91.94,59,57,57,55,9.06,116000337.11722183,12761313.0,0.0046,-5.13,2780,4270,7438,0.118
2420,BRZE,Technology,Software - Application,NASDAQ,91.93,59,81,60,24,26.34,2887316143.005804,113584427.0,0.0804,-29.43,1925170,2566730,2535558,0.262
2421,SOCA,Financial Services,Shell Companies,NASDAQ,91.93,59,49,48,45,10.36,243924936.05961227,23590419.0,0.0001,0.0,2933,15491,9502,
2422,FVAV,Financial Services,Shell Companies,NASDAQ,91.93,59,45,43,42,10.25,370409375.0,36137500.0,0.42,-0.97,170,7096,16154,
2423,LPBB,Financial Services,Shell Companies,NASDAQ,91.93,59,49,47,47,10.81,310787512.0639801,28750000.0,0.0001,-0.37,55230,54616,55068,
2424,GGZ,Financial Services,Asset Management,NYSE,91.93,59,66,62,75,15.29,118543211.86206722,7707621.0,0.0005,-10.48,5641,5903,5996,
2425,MS,Financial Services,Capital Markets,NYSE,91.92,59,79,84,81,191.02,298894467196.12964,1570566292.0,0.0,-17.75,5507130,5031060,4893288,0.28
2426,BANX,Financial Services,Asset Management,NASDAQ,91.92,59,64,50,45,19.96,193714820.0,9685741.0,0.0073,-11.29,48821,43090,41210,-0.002
2427,PAACU,Financial Services,Shell Companies,NASDAQ,91.92,59,44,51,41,10.3,,,105.33,-3.2,50130,16743,10048,
2428,WENN,Financial Services,Shell Companies,NASDAQ,91.92,59,48,43,41,10.42,390945377.86245346,37518750.0,0.01,-0.19,16870,41826,33866,
2429,BSAAU,Financial Services,Shell Companies,NASDAQ,91.91,59,32,66,49,11.0,,,9.61,-39.56,120,50,74,
2430,SBCF,Financial Services,Banks - Regional,NASDAQ,91.91,59,66,56,65,32.42,3164175669.5480347,96823000.0,0.0631,-10.61,849390,819386,876822,0.383
2431,CCAQU,Financial Services,Shell Companies,NASDAQ,91.9,59,40,52,48,10.68,,,0.46,-16.69,0,0,48,
2432,FIGX,Financial Services,Shell Companies,NASDAQ,91.9,59,47,45,46,10.32,200059272.56398773,19385589.0,0.03,-0.58,5370,21660,15888,
2433,SORNU,Financial Services,Shell Companies,NASDAQ,91.9,59,50,42,41,10.2,,,2.33,-2.3,70,73,104,
2434,MMTX,Financial Services,Shell Companies,NASDAQ,91.89,59,48,47,45,10.21,90090759.82646942,8828100.0,0.0002,-0.0,39320,21290,19354,
2435,RNST,Financial Services,Banks - Regional,NYSE,91.89,59,58,66,68,39.4,3648866075.433426,91404465.0,0.061,-11.54,757900,702510,649562,0.453
2436,TMTSU,Financial Services,Shell Companies,NASDAQ,91.88,59,49,44,42,10.3,,,11.66,-2.28,0,116,70,
2437,DB,Financial Services,Banks - Regional,NYSE,91.88,59,81,61,54,35.13,65708632293.70117,1879000000.0,0.0027,-15.59,2387690,2029903,1927462,0.087
2438,SBRA,Real Estate,REIT - Healthcare Facilities,NASDAQ,91.88,59,65,57,68,19.12,4894666365.979477,255462756.0,0.112799995,-16.03,2691910,2414616,2468640,0.253
2439,EGHAU,Financial Services,Shell Companies,NASDAQ,91.87,59,29,51,49,10.66,,,0.0,-43.89,0,23,14,
2440,GENB,Healthcare,Biotechnology,NASDAQ,91.87,59,80,65,38,13.8,1757144794.9811745,128352436.0,0.096,-39.13,1153640,1489476,1189268,-0.377
2441,WTFCN,Financial Services,Banks - Regional,NASDAQ,91.86,58,52,53,53,25.6,,,0.32,-4.16,47741,35133,30408,0.102
2442,ACDC,Energy,Oil & Gas Equipment & Services,NASDAQ,91.86,58,53,39,82,4.88,834122236.065136,182122762.0,0.0517,-40.63,1259490,1272506,1582008,-0.008
2443,CUB,Financial Services,Shell Companies,NASDAQ,91.86,58,46,45,49,10.9,285436482.2178688,26162831.0,0.0002,-2.9,47100,86720,80800,
2444,TDC,Technology,Software - Infrastructure,NYSE,91.86,58,37,86,62,29.62,2803019943.2373047,93000000.0,0.2328,-29.1,1363130,1601223,2257280,0.005
2445,FRMEP,Financial Services,Banks - Regional,NASDAQ,91.86,58,50,54,54,25.31,,,1.12,-6.57,670,1103,1488,0.028
2446,SVCCU,Financial Services,Shell Companies,NASDAQ,91.86,58,42,51,40,10.86,,,0.0,-14.42,110,43,26,
2447,TDWD,Financial Services,Shell Companies,NASDAQ,91.84,58,46,45,44,10.13,238746308.08353424,23545000.0,0.0001,-0.2,74850,56960,36896,
2448,EXPE,Consumer Cyclical,Travel Services,NASDAQ,91.84,58,74,70,75,260.07,31805850405.0,120022077.0,0.0675,-23.96,2220800,2123933,1935604,0.14
2449,AXIN,Financial Services,Shell Companies,NASDAQ,91.83,58,46,49,45,10.35,282210013.851408,27266667.0,0.0,-0.96,115680,83060,59178,
2450,HAVAU,Financial Services,Shell Companies,NASDAQ,91.82,58,44,47,46,10.3,188901632.69807053,18339964.0,0.0,-6.6,2160,720,650,
2451,VCYT,Healthcare,Diagnostics & Research,NASDAQ,91.81,58,57,94,43,44.65,3682699497.5098686,80390731.0,0.123500004,-26.7,1609520,1452853,1454378,0.155
2452,UMBF,Financial Services,Banks - Regional,NASDAQ,91.81,58,73,77,61,130.08,9944897113.624878,75950030.0,0.056799997,-15.16,677840,637573,604536,0.122
2453,YCY,Financial Services,Shell Companies,NYSE,91.81,58,50,49,45,10.26,151183668.37263107,14735250.0,0.0001,-0.39,18130,20073,25142,
2454,LPBBU,Financial Services,Shell Companies,NASDAQ,91.81,58,46,49,46,10.87,,,0.65,-6.86,220,73,212,
2455,ITHA,Financial Services,Shell Companies,NASDAQ,91.8,58,44,42,42,10.1,308813337.40127563,30666668.0,0.0001,-0.1,27870,28986,18372,
2456,SCII,Financial Services,Shell Companies,NASDAQ,91.8,58,47,46,43,10.17,253460191.85822296,24897857.0,0.05,-0.12,29490,21970,17170,
2457,LATAU,Financial Services,Shell Companies,NASDAQ,91.8,58,46,43,44,10.3,,,65.26,-20.71,0,10,56,
2458,MYXXU,Financial Services,Shell Companies,NASDAQ,91.79,58,46,42,41,10.2,,,0.29,-3.23,0,0,88,
2459,SCPQU,Financial Services,Shell Companies,NASDAQ,91.79,58,46,50,42,10.3,,,16.03,-11.44,90,73,2590,
2460,EW,Healthcare,Medical Devices,NYSE,91.79,58,46,71,47,86.48,49029370878.601074,575800000.0,0.0179,-10.19,3478970,3264666,3325166,0.136
2461,GIW,Financial Services,Shell Companies,NASDAQ,91.78,58,47,46,44,10.18,371467915.8492842,36472057.0,0.01,-0.05,14870,67230,73088,
2462,KTWOU,Financial Services,Shell Companies,NASDAQ,91.78,58,48,43,44,10.26,,,0.0,-8.64,0,106,164,
2463,TW,Financial Services,Capital Markets,NASDAQ,91.78,58,32,24,52,107.54,21769707079.63211,212969153.0,0.030299999,-15.78,1391610,1302416,1465844,0.09
2464,WLII,Financial Services,Shell Companies,NASDAQ,91.77,58,45,48,38,10.29,206727841.73171997,20148912.0,0.0001,-2.0,3260,11183,17942,
2465,BACCU,Financial Services,Shell Companies,NASDAQ,91.77,58,47,60,48,10.91,,,0.01,-7.15,60,693,424,
2466,ECAT,Financial Services,Asset Management,NYSE,91.76,58,64,67,55,14.14,1391561592.1635113,99468307.0,0.0044,-15.48,608443,591797,563160,
2467,VTR,Real Estate,REIT - Healthcare Facilities,NYSE,91.76,58,70,80,75,81.86,43092624715.36164,512946359.0,0.0442,-19.43,3337220,3637503,3578066,0.217
2468,LAFA,Financial Services,Shell Companies,NASDAQ,91.75,58,47,46,44,10.17,159961734.73532867,15713333.0,0.02,-0.29,40540,21383,14948,
2469,GSHRU,Financial Services,Shell Companies,NASDAQ,91.75,58,43,45,45,10.61,,,1.4,-13.74,0,0,2,
2470,OHI,Real Estate,REIT - Healthcare Facilities,NYSE,91.74,58,58,73,72,44.77,13675355285.125732,299111000.0,0.0477,-14.54,2111200,2029103,1989744,0.112
2471,HCACU,Financial Services,Shell Companies,NASDAQ,91.74,58,45,49,45,10.38,263907755.72961903,25424639.0,0.14,-12.77,0,480,486,
2472,SSEAU,Financial Services,Shell Companies,NASDAQ,91.73,58,50,43,47,10.44,,,0.0,-0.57,30,343,430,
2473,DAAQ,Financial Services,Shell Companies,NASDAQ,91.73,58,48,44,39,10.47,239874825.71781158,22910680.0,0.0002,-0.19,1760,51013,43424,
2474,OBAWU,Financial Services,Shell Companies,NASDAQ,91.72,58,45,45,44,10.37,,,4.67,-7.78,120,53,82,
2475,RDAG,Financial Services,Shell Companies,NASDAQ,91.72,58,47,43,40,10.45,391499984.2643738,37500000.0,0.0,0.0,40260,45090,36834,
2476,BIXI,Financial Services,Shell Companies,NASDAQ,91.72,58,47,44,43,10.09,304043674.7835102,30103333.0,0.0001,-2.32,10390,24986,23630,
2477,SCIIU,Financial Services,Shell Companies,NASDAQ,91.72,58,51,42,45,10.3,156668856.9831848,15255000.0,27.79,-8.81,10,13,8,
2478,ACIW,Technology,Software - Infrastructure,NASDAQ,91.72,58,72,80,29,50.71,5062905490.195473,100955241.0,0.092,-16.98,700540,761493,888422,0.073
2479,GSRF,Financial Services,Shell Companies,NASDAQ,91.72,58,46,44,42,10.27,301700436.7303848,29405500.0,0.04,-0.0,63320,23760,23480,
2480,ICLR,Healthcare,Diagnostics & Research,NASDAQ,91.72,58,58,73,15,161.69,12502839803.90596,77154209.0,0.0385,-20.71,1055570,923093,865276,0.012
2481,OTGAU,Financial Services,Shell Companies,NASDAQ,91.71,58,47,48,43,10.4,,,0.0,-0.34,1670,650,2988,
2482,CRACU,Financial Services,Shell Companies,NASDAQ,91.7,58,43,45,42,10.34,,,2.7,-3.9,0,20,22,
2483,RAC,Financial Services,Shell Companies,NYSE,91.7,58,48,44,46,10.56,308776593.2324133,29267923.0,0.02,-0.38,46836,26065,20699,
2484,YORW,Utilities,Utilities - Regulated Water,NASDAQ,91.69,58,65,41,35,30.81,499191155.2744274,16228581.0,0.0416,-11.49,173900,143530,134740,0.225
2485,JFR,Financial Services,Asset Management,NYSE,91.69,58,56,52,42,7.38,1183110558.39895,160967425.0,0.0033000002,-9.45,1229250,817150,721720,0.043
2486,SVAQ,Financial Services,Shell Companies,NASDAQ,91.69,58,44,46,42,10.15,297021236.98551655,29320951.0,0.0001,-0.1,127570,77690,60538,
2487,NBRG,Financial Services,Shell Companies,NASDAQ,91.68,58,45,42,40,10.09,75915278.16653252,7546250.0,0.0004,-0.0,10650,5683,26884,
2488,FTV,Technology,Scientific & Technical Instruments,NYSE,91.67,58,45,67,67,57.89,17520363249.0148,304861021.0,0.057600003,-10.33,2200570,2303743,2439048,0.079
2489,FIBK,Financial Services,Banks - Regional,NASDAQ,91.66,58,64,74,64,35.52,3430965852.0,95304607.0,0.1611,-12.51,1319600,1196916,1149056,0.074
2490,QTWO,Technology,Software - Application,NYSE,91.66,58,62,27,15,57.42,3515557770.7019997,62354695.0,0.1145,-24.69,580120,599366,733732,0.126
2491,JOUT,Consumer Cyclical,Leisure,NASDAQ,91.65,58,54,55,89,44.82,470641978.10092926,10479670.0,0.1441,-16.29,37430,41406,45188,0.05
2492,DYOR,Financial Services,Shell Companies,NASDAQ,91.65,58,46,44,41,10.15,233449991.2261963,23000000.0,0.0,-3.06,7110,27690,48322,
2493,WRLD,Financial Services,Credit Services,NASDAQ,91.65,58,78,81,30,176.96,812962455.0979614,4660413.0,1.9944999,-22.28,58290,64183,79240,0.048
2494,CUBWU,Financial Services,Shell Companies,NASDAQ,91.65,58,47,48,41,11.02,,,0.0,-14.57,0,13,18,
2495,NPACU,Financial Services,Shell Companies,NASDAQ,91.64,58,49,42,42,10.59,,,0.07,-1.94,520,516,1184,
2496,CEPO,Financial Services,Shell Companies,NASDAQ,91.64,58,49,39,34,10.75,274125000.0,25500000.0,0.0007,-2.01,190760,186786,206330,
2497,FR,Real Estate,REIT - Industrial,NYSE,91.64,58,58,74,72,59.26,7882637289.668152,132570424.0,0.0461,-15.2,1257360,1041373,962222,0.084
2498,IGAC,Financial Services,Shell Companies,NASDAQ,91.63,58,44,45,43,10.1,240848303.64227295,23870000.0,0.0001,-0.39,24960,18360,32210,
2499,DSACU,Financial Services,Shell Companies,NASDAQ,91.62,58,49,49,40,10.3,,,0.0,-6.36,0,0,444,
2500,EVRG,Utilities,Utilities - Regulated Electric,NASDAQ,91.62,58,60,69,67,80.35,18254002585.0589,230567172.0,0.1035,-9.33,2486920,2284070,2148294,0.044
2501,GPAC,Financial Services,Shell Companies,NASDAQ,91.62,58,45,44,42,10.1,297041011.21902466,29410000.0,0.00029999999,-0.0,14390,22153,66502,
2502,SNFCA,Financial Services,Insurance - Life,NASDAQ,91.62,58,51,65,63,9.04,236220604.88195038,26044169.0,0.013200001,-11.63,27990,28150,29840,-0.063
2503,AACI,Financial Services,Shell Companies,NASDAQ,91.61,57,46,43,42,10.07,342340144.3194866,34029834.0,0.04,-0.3,12370,26026,26064,
2504,LATA,Financial Services,Shell Companies,NASDAQ,91.61,57,46,42,40,10.21,234830000.87738037,23000000.0,0.01,-0.0,62260,27056,16946,
2505,APXT,Financial Services,Shell Companies,NASDAQ,91.61,57,47,44,43,10.15,466493982.46765137,45960000.0,0.0004,-0.39,72940,155206,175402,
2506,RDW,Industrials,Aerospace & Defense,NYSE,91.6,57,70,27,29,10.62,2719919614.5293837,249992609.0,0.1981,-60.14,14283170,12795223,14794458,0.896
2507,BLRK,Financial Services,Shell Companies,NASDAQ,91.6,57,46,44,40,10.13,232759997.3678589,23000000.0,0.0001,-5.15,11550,117060,86978,
2508,RL,Consumer Cyclical,Apparel Manufacturing,NYSE,91.6,57,36,62,79,368.67,21650397894.5011,59582239.0,0.0853,-12.55,603450,670660,648446,0.14
2509,WPAC,Financial Services,Shell Companies,NYSE,91.59,57,44,45,43,10.09,158074573.70051193,15666459.0,0.0002,-15.14,1894,20738,14228,
2510,ALF,Financial Services,Shell Companies,NASDAQ,91.59,57,47,48,49,10.92,392437502.74181366,35937500.0,7.55,-0.64,120,216,502,
2511,RIOT,Financial Services,Capital Markets,NASDAQ,91.57,57,83,78,82,18.93,7403858615.770092,375258935.0,0.1478,-37.57,15753740,15678783,18869464,0.139
2512,GLED,Financial Services,Shell Companies,NYSE,91.57,57,44,43,41,10.06,160464299.390316,15982500.0,0.04,-0.0,30370,17793,15664,
2513,GPACU,Financial Services,Shell Companies,NASDAQ,91.57,57,44,44,42,10.2,,,0.0,-2.86,160,103,424,
2514,OTGA,Financial Services,Shell Companies,NASDAQ,91.56,57,46,44,43,10.26,361921508.07380676,35275000.0,0.01,-0.1,64910,46126,61104,
2515,MAS,Industrials,Building Products & Equipment,NYSE,91.55,57,53,70,34,69.93,13479732835.153656,197187430.0,0.052699998,-16.39,1966070,2213486,2438910,-0.029
2516,OLP,Real Estate,REIT - Diversified,NYSE,91.55,57,61,71,59,22.11,482467016.65784836,21900454.0,0.0291,-14.57,95440,79846,82134,0.103
2517,LAFAU,Financial Services,Shell Companies,NASDAQ,91.55,57,45,43,43,10.22,139843666.9138441,13683333.0,15.88,-9.48,0,0,180,
2518,ASG,Financial Services,Asset Management,NYSE,91.54,57,48,53,50,5.2,323685794.29872704,63717677.0,0.00029999999,-8.61,281582,265004,246044,-0.011
2519,FACTU,Financial Services,Shell Companies,NASDAQ,91.53,57,33,47,50,10.83,,,,-27.8,0,0,0,
2520,ATII,Financial Services,Shell Companies,NASDAQ,91.52,57,42,53,47,10.7,316021209.03015137,29590000.0,0.0011,-6.14,442680,302493,245096,
2521,LGI,Financial Services,Asset Management,NYSE,91.52,57,58,66,62,17.17,219635396.5510559,13027010.0,0.0021,-13.63,29786,32182,32953,0.059
2522,SUMAU,Financial Services,Shell Companies,NASDAQ,91.51,57,47,49,43,10.25,,,30.96,0.0,161,60,104,
2523,XFLH,Financial Services,Shell Companies,NYSE,91.51,57,43,43,41,10.07,145034103.22225952,14388304.0,0.0022,-1.56,14906,10645,7913,
2524,LPCV,Financial Services,Shell Companies,NASDAQ,91.51,57,43,43,42,10.08,289799997.8065491,28750000.0,0.01,-0.49,5120,23453,29286,
2525,GIX,Financial Services,Shell Companies,NASDAQ,91.51,57,45,44,43,10.01,365833586.4749012,36546811.0,0.00029999999,-0.3,15440,26466,46732,
2526,MAIN,Financial Services,Asset Management,NYSE,91.5,57,54,34,44,54.77,5153251342.783035,93508461.0,0.1038,-16.04,511780,464496,513676,0.039
2527,LWACU,Financial Services,Shell Companies,NASDAQ,91.5,57,46,45,45,10.36,,,0.0,-2.95,110,56,40,
2528,PCAP,Financial Services,Shell Companies,NASDAQ,91.49,57,46,41,39,10.4,329788795.1660156,31680000.0,0.001,-0.4,16981,27347,30792,
2529,SRI,Consumer Cyclical,Auto Parts,NYSE,91.48,57,52,72,69,6.5,191673707.29566288,28522874.0,0.040700004,-33.06,174421,152093,148852,0.151
2530,MESHU,Financial Services,Shell Companies,NASDAQ,91.48,57,48,45,41,10.18,,,0.31,-3.05,10,3963,2584,
2531,SZZLU,Financial Services,Shell Companies,NASDAQ,91.48,57,47,43,47,10.54,,,1.62,-6.97,0,0,144,
2532,PNW,Utilities,Utilities - Regulated Electric,NYSE,91.48,57,55,71,66,98.04,11625238463.361237,121197234.0,0.1109,-11.8,1579510,1175780,1187186,0.071
2533,EVOX,Financial Services,Shell Companies,NASDAQ,91.48,57,47,44,44,10.12,324160003.6621094,32000000.0,0.03,-0.3,18761,48013,54718,
2534,NNVC,Healthcare,Biotechnology,NYSE ARCA,91.47,57,23,87,31,1.4,32671999.269723892,25525000.0,0.023599999,-37.22,466750,559726,452688,
2535,VNMEU,Financial Services,Shell Companies,NASDAQ,91.47,57,44,44,43,10.34,,,0.0,-8.66,0,43,26,
2536,HCAC,Financial Services,Shell Companies,NASDAQ,91.47,57,45,44,42,10.13,295768581.431365,29197293.0,0.02,-0.2,69240,68143,51492,
2537,DIS,Communication Services,Entertainment,NYSE,91.47,57,47,28,36,104.03,176450138730.9242,1726686902.0,0.0114,-11.15,8345210,8179993,9218744,0.068
2538,ESE,Technology,Scientific & Technical Instruments,NYSE,91.47,57,64,85,90,268.22,7123285862.90448,25907567.0,0.0359,-25.94,235310,236333,224266,0.144
2539,DBCA,Financial Services,Shell Companies,NASDAQ,91.46,57,45,45,42,10.05,433579738.3880882,43271429.0,0.0,-0.5,197730,100006,88854,
2540,LPAA,Financial Services,Shell Companies,NASDAQ,91.46,57,43,52,48,10.85,311937510.96725464,28750000.0,0.0005,-7.03,1090,473,8626,
2541,WSBCO,Financial Services,Banks - Regional,NASDAQ,91.45,57,53,53,50,24.83,,,0.0013,-4.61,15368,10942,13751,0.035
2542,RNGT,Financial Services,Shell Companies,NASDAQ,91.45,57,45,46,42,10.19,319218733.774807,31326668.0,0.11,-0.06,2730,18893,13802,
2543,ALOV,Financial Services,Shell Companies,NASDAQ,91.44,57,45,44,43,10.02,375937892.17472076,37518750.0,0.01,-0.2,6536,71368,45133,
2544,MBVI,Financial Services,Shell Companies,NASDAQ,91.44,57,45,43,41,10.24,442031250.0,43125000.0,0.0001,-2.48,57380,45156,27698,
2545,IACO,Financial Services,Shell Companies,NASDAQ,91.43,57,45,44,42,10.0,437500000.0,43750000.0,0.02,-0.1,220,47203,32392,
2546,GPAT,Financial Services,Shell Companies,NASDAQ,91.43,57,49,50,49,11.02,396390615.4036522,35937500.0,0.0001,-8.17,11027,7155,4747,
2547,BIXIU,Financial Services,Shell Companies,NASDAQ,91.43,57,45,44,41,10.19,,,0.27,-2.95,790,313,672,
2548,EURK,Financial Services,Shell Companies,NASDAQ,91.42,57,53,72,54,11.55,25070441.964009285,2170601.0,0.0001,-19.12,140,12526,8610,
2549,HLXC,Financial Services,Shell Companies,NASDAQ,91.42,57,53,51,43,10.54,233174193.26782227,22060000.0,0.0001,-6.14,76830,32070,31332,
2550,BCAT,Financial Services,Asset Management,NYSE,91.42,57,75,75,68,13.71,1459169458.810707,106276002.0,2.91,-15.37,1145964,1088444,918592,
2551,ALL,Financial Services,Insurance - Property & Casualty,NYSE,91.41,57,79,79,63,224.27,56574439121.990204,252857950.0,0.0001,-19.1,2709300,2104883,1990554,0.118
2552,OYSEU,Financial Services,Shell Companies,NASDAQ,91.41,57,44,54,43,10.66,,,13.37,-9.58,0,0,14,
2553,ALDFU,Financial Services,Shell Companies,NASDAQ,91.41,57,41,46,45,10.9,,,0.02,-16.79,780,260,238,
2554,IRHO,Financial Services,Shell Companies,NASDAQ,91.41,57,44,46,42,10.07,295252391.0522461,29320000.0,0.0,-0.69,40910,72950,75334,
2555,AEAQ,Financial Services,Shell Companies,NASDAQ,91.4,57,46,43,41,10.08,315621600.9711094,31311667.0,0.0001,-0.2,0,33086,36946,
2556,AGYS,Technology,Software - Application,NASDAQ,91.4,57,68,79,14,98.79,2799706577.1340637,28205788.0,0.0735,-31.99,243010,226696,260928,0.143
2557,SCPQ,Financial Services,Shell Companies,NASDAQ,91.4,57,44,43,41,10.07,138201678.61977768,13683334.0,0.01,-0.3,33731,14050,14100,
2558,ARCI,Financial Services,Shell Companies,NASDAQ,91.39,57,48,47,43,10.07,355440957.3097229,35262000.0,0.09,-1.27,37740,20046,21138,
2559,PACHU,Financial Services,Shell Companies,NASDAQ,91.39,57,48,45,46,10.38,,,43.69,-7.32,60,70,42,
2560,BLZR,Financial Services,Shell Companies,NASDAQ,91.39,57,44,42,40,10.23,352343750.0,34375000.0,0.0,-0.2,27480,57750,39320,
2561,QADRU,Financial Services,Shell Companies,NASDAQ,91.39,57,46,45,42,10.1,,,0.78,-3.81,0,0,4,
2562,RBC,Industrials,Tools & Accessories,NYSE,91.38,56,38,79,86,514.18,16322240274.906921,31659245.0,0.0175,-22.99,260280,297796,280216,0.192
2563,TRS,Consumer Cyclical,Packaging & Containers,NASDAQ,91.38,56,47,68,78,38.97,1403385873.4425697,35873873.0,0.16780001,-14.22,302430,314063,378150,0.016
2564,BLUW,Financial Services,Shell Companies,NASDAQ,91.38,56,43,47,46,10.39,335357043.6973572,32308000.0,0.0001,-0.19,24830,51973,34536,
2565,BHAVU,Financial Services,Shell Companies,NASDAQ,91.38,56,42,44,43,10.15,,,1.11,-17.81,30,483,436,
2566,WRBY,Healthcare,Medical Instruments & Supplies,NYSE,91.38,56,54,73,56,26.23,3341125784.494915,123608054.0,0.2027,-15.39,4085770,3122906,2953334,0.098
2567,CHPGU,Financial Services,Shell Companies,NASDAQ,91.38,56,46,49,45,10.48,,,,-0.1,0,0,0,
2568,MESH,Financial Services,Shell Companies,NASDAQ,91.37,56,47,44,41,10.08,435131256.5803528,43125000.0,0.0,-0.49,145220,211613,173004,
2569,TWLV,Financial Services,Shell Companies,NASDAQ,91.37,56,46,44,43,10.07,236015617.84744263,23437500.0,0.0001,-2.99,48430,24416,33526,
2570,PECO,Real Estate,REIT - Retail,NASDAQ,91.37,56,53,75,66,37.54,4859711783.981323,128700000.0,0.051799998,-15.4,1436610,1082960,985790,0.067
2571,GDL,Financial Services,Asset Management,NYSE,91.37,56,50,52,53,8.31,89488681.0503788,10742939.0,0.00090000004,-4.15,14538,13262,11641,
2572,MEVO,Financial Services,Shell Companies,NASDAQ,91.37,56,46,43,42,10.02,400400009.15527344,40000000.0,0.01,-10.05,25987,158435,98675,
2573,CION,Financial Services,Asset Management,NYSE,91.36,56,36,23,27,6.95,344418928.0,49202704.0,0.037100002,-33.17,313710,351213,454342,-0.047
2574,FIGXU,Financial Services,Shell Companies,NASDAQ,91.36,56,45,45,41,10.36,,,0.0,-8.36,80,60,80,
2575,DMIIU,Financial Services,Shell Companies,NASDAQ,91.36,56,46,45,44,10.2,,,14.28,-5.56,280,296,272,
2576,TACOU,Financial Services,Shell Companies,NASDAQ,91.36,56,49,51,39,10.75,,,5.64,-14.0,150,123,214,
2577,SORN,Financial Services,Shell Companies,NASDAQ,91.35,56,44,42,42,10.04,348722672.03502846,34733334.0,0.0002,-7.72,27280,38016,22824,
2578,SPEGU,Financial Services,Shell Companies,NASDAQ,91.35,56,43,51,41,10.55,,,0.73,-22.77,0,0,2506,
2579,BHAV,Financial Services,Shell Companies,NASDAQ,91.34,56,45,43,41,10.03,140894662.78467083,14033333.0,0.001,-0.2,29349,11676,7649,
2580,KFIIU,Financial Services,Shell Companies,NASDAQ,91.33,56,39,45,51,10.7,276370304.0,,,-16.41,10,3,16,
2581,GPATU,Financial Services,Shell Companies,NASDAQ,91.33,56,48,47,48,10.99,,,0.0,-11.8,0,3,4,
2582,MOD,Consumer Cyclical,Auto Parts,NYSE,91.33,56,37,92,97,189.91,9464684403.512878,53112708.0,0.0644,-41.25,1520550,1334526,1490596,0.28
2583,MLAA,Financial Services,Shell Companies,NASDAQ,91.32,56,45,42,44,10.01,261261005.97381592,26100000.0,,-10.62,73830,58290,60320,
2584,CETY,Industrials,Specialty Industrial Machinery,NASDAQ,91.32,56,39,21,7,0.95,11861953.64006257,12166106.0,0.0021,-68.85,6970,21206,22910,0.574
2585,GLAD,Financial Services,Asset Management,NASDAQ,91.32,56,51,46,27,18.85,432657262.73142815,22593069.0,0.048,-13.25,153940,157296,163234,0.131
2586,XSLL,Financial Services,Shell Companies,NASDAQ,91.32,56,46,44,42,10.0,277077226.75545883,27680042.0,0.00029999999,-0.1,68770,62973,40944,
2587,MBINL,Financial Services,Banks - Regional,NASDAQ,91.31,56,60,62,58,23.25,,,2.6,-8.25,40047,21609,16781,0.371
2588,BLRKU,Financial Services,Shell Companies,NASDAQ,91.3,56,48,45,43,10.2,,,794.75,-7.19,0,453,402,
2589,BALL,Consumer Cyclical,Packaging & Containers,NYSE,91.3,56,70,59,72,57.43,14921327951.356312,264703357.0,0.0348,-15.9,2127800,1965016,1932988,0.197
2590,CVS,Healthcare,Healthcare Plans,NYSE,91.3,56,76,88,51,86.43,110579776932.80765,1278970369.0,0.0127,-21.91,9395150,7663870,7886952,0.071
2591,TLNC,Financial Services,Shell Companies,NASDAQ,91.29,56,43,50,49,10.3,349983706.4809799,33979000.0,0.00059999997,-8.85,9910,71860,52786,
2592,OACC,Financial Services,Shell Companies,NASDAQ,91.28,56,48,43,46,10.76,264510589.30654907,24582768.0,0.01,-1.06,49700,38423,37060,
2593,RKLB,Industrials,Aerospace & Defense,NASDAQ,91.28,56,37,78,91,75.06,47265259136.08351,639410989.0,0.0731,-50.29,21673750,19781410,19313808,0.62
2594,LFAC,Financial Services,Shell Companies,NASDAQ,91.28,56,44,43,42,10.07,197766405.69660187,19639167.0,0.02,-0.2,22910,26596,29256,
2595,POCI,Healthcare,Medical Instruments & Supplies,NASDAQ,91.27,56,29,59,50,4.5,48938652.7385788,10972792.0,0.0007,-26.83,115860,62190,59616,0.42
2596,MEVOU,Financial Services,Shell Companies,NASDAQ,91.26,56,45,43,40,10.19,,,0.0,-7.36,0,460,624,
2597,MUZE,Financial Services,Shell Companies,NASDAQ,91.25,56,45,46,43,10.01,273475288.33309937,27320208.0,0.0,-0.3,44870,43510,30530,
2598,IPXG,Financial Services,Shell Companies,NASDAQ,91.24,56,47,50,43,10.06,315196583.1672907,31331667.0,0.0001,-1.57,48530,70843,82178,
2599,DRDBU,Financial Services,Shell Companies,NASDAQ,91.24,56,37,41,39,10.72,,,0.0,-12.13,0,13,8,
2600,BBT,Financial Services,Banks - Regional,NYSE,91.24,56,72,64,79,27.93,2375347890.02932,83816086.0,0.0552,-14.93,1164100,1035593,949720,1.445
2601,CEE,Financial Services,Asset Management,NYSE,91.24,56,66,75,84,18.65,118145920.75196457,6520194.0,0.0004,-15.15,11414,19991,22378,3.178
2602,GTERU,Financial Services,Shell Companies,NASDAQ,91.24,56,44,45,46,10.45,,,0.15,-4.13,170,656,936,
2603,BCC,Basic Materials,Lumber & Wood Production,NYSE,91.23,56,54,31,33,75.45,2616502336.954033,34891351.0,0.0678,-17.96,344560,333760,335068,0.052
2604,FGII,Financial Services,Shell Companies,NASDAQ,91.22,56,44,42,42,10.03,289978813.24768066,28940000.0,0.0001,-0.1,53570,42986,30612,
2605,ZKP,Financial Services,Shell Companies,NASDAQ,91.22,56,44,42,42,10.04,392497061.8287077,39093333.0,0.0001,-0.1,6300,27576,19794,
2606,IRAB,Financial Services,Shell Companies,NYSE,91.21,56,44,43,40,10.01,232482361.31256294,22904667.0,0.01,-1.38,6270,37353,27092,
2607,HCMAU,Financial Services,Shell Companies,NASDAQ,91.21,56,46,48,43,10.47,,,0.0,-4.73,20,56,70,
2608,WMK,Consumer Defensive,Grocery Stores,NYSE,91.21,56,45,67,35,72.6,1832089984.5343552,24744597.0,0.24069999,-13.3,179120,200990,187500,0.046
2609,NMIH,Financial Services,Insurance - Specialty,NASDAQ,91.2,56,74,59,56,39.91,2920709292.0579987,75217851.0,0.0321,-14.61,977770,689293,590440,0.081
2610,HCMA,Financial Services,Shell Companies,NASDAQ,91.2,56,45,48,41,10.3,347453336.33412266,33733333.0,0.0001,-1.81,24110,25223,18338,
2611,UI,Technology,Communication Equipment,NYSE,91.2,56,35,24,96,626.48,37559072160.31494,60528381.0,0.0953,-43.05,100990,153203,145012,0.235
2612,VHCPU,Financial Services,Shell Companies,NASDAQ,91.2,56,44,45,40,10.17,,,0.0,-1.17,350,363,606,
2613,GTENU,Financial Services,Shell Companies,NASDAQ,91.2,56,48,50,41,10.65,,,0.82,-2.29,0,103,122,
2614,TVAIU,Financial Services,Shell Companies,NASDAQ,91.19,56,47,46,46,10.47,,,0.36,-28.53,110,53,94,
2615,ALUB,Financial Services,Shell Companies,NYSE,91.19,56,44,43,42,10.14,364046879.1127205,35937500.0,0.0002,-0.29,50880,85796,63550,
2616,JENA,Financial Services,Shell Companies,NYSE,91.19,56,49,49,44,10.42,301339988.9469147,28975000.0,0.02,-1.79,239860,84150,53902,
2617,APXTU,Financial Services,Shell Companies,NASDAQ,91.19,56,47,48,43,10.27,,,21.93,-2.19,10,156,254,
2618,EVOXU,Financial Services,Shell Companies,NASDAQ,91.19,56,45,43,41,10.28,,,0.02,-0.29,21,522,498,
2619,UAC,Financial Services,Shell Companies,NYSE ARCA,91.19,56,44,43,39,10.01,138675339.9708557,13853680.0,0.0011999999,-0.0,27580,56190,33916,
2620,PLMK,Financial Services,Shell Companies,NASDAQ,91.18,56,46,60,48,10.69,113928021.59421158,10702491.0,0.0001,-10.92,930,12440,13126,
2621,RICK,Consumer Cyclical,Restaurants,NASDAQ,91.17,55,66,36,23,26.11,203682936.42139435,7651500.0,0.1137,-18.41,35630,46576,53270,0.039
2622,DNMX,Financial Services,Shell Companies,NASDAQ,91.17,55,44,43,42,10.07,270479994.59277916,26833333.0,0.0004,-0.1,39830,67673,42922,
2623,ACAAU,Financial Services,Shell Companies,NASDAQ,91.17,55,41,42,42,10.15,,,0.02,-14.2,40,206,234,
2624,COST,Consumer Defensive,Discount Stores,NASDAQ,91.16,55,33,36,50,935.68,408092853721.9238,443266000.0,0.0166,-14.67,2488040,2211926,2075590,0.111
2625,WTRG,Utilities,Utilities - Regulated Water,NYSE,91.16,55,66,43,41,38.81,11169467173.49271,283632983.0,0.0305,-8.7,2412520,2537110,2321906,0.031
2626,ZKPU,Financial Services,Shell Companies,NASDAQ,91.16,55,43,42,39,10.08,,,4.29,-3.72,30,30,236,
2627,ARCIU,Financial Services,Shell Companies,NASDAQ,91.15,55,51,44,38,10.24,,,1.22,-3.94,620,476,292,
2628,HMH,Energy,Oil & Gas Equipment & Services,NASDAQ,91.15,55,40,53,33,18.9,218754489.00947,11947269.0,0.0713,-22.86,245650,204046,205380,-0.16
2629,ELWT,Communication Services,Telecom Services,NASDAQ,91.15,55,63,62,39,6.25,42035703.96868706,6619796.0,0.0047,-35.7,9260,9996,11328,-0.464
2630,BIII,Financial Services,Shell Companies,NYSE,91.15,55,45,41,39,10.05,231150004.38690186,23000000.0,0.0001,-1.86,8378,254979,155495,
2631,KRAQ,Financial Services,Shell Companies,NASDAQ,91.15,55,43,44,40,10.06,431681259.8705292,43125000.0,0.0004,-3.64,72945,61818,48269,
2632,DLB,Industrials,Specialty Business Services,NYSE,91.14,55,50,18,32,58.46,5516155280.379105,93668795.0,0.1251,-19.87,776510,990586,966620,-0.033
2633,BETA,Industrials,Aerospace & Defense,NYSE,91.14,55,39,17,10,20.9,5186473318.048286,233941060.0,0.0733,-47.09,2035430,3312876,2784456,1.457
2634,CAQUU,Financial Services,Shell Companies,NASDAQ,91.13,55,43,42,41,10.07,,,24.06,-6.33,30,43,38,
2635,VHCP,Financial Services,Shell Companies,NASDAQ,91.13,55,45,42,40,10.07,308813327.33127594,30666667.0,0.05,-0.3,43170,25083,19208,
2636,CING,Healthcare,Biotechnology,NASDAQ,91.13,55,66,37,67,4.89,69219095.08835983,14541826.0,0.11229999,-58.87,100510,103216,124326,
2637,GTEN,Financial Services,Shell Companies,NASDAQ,91.13,55,50,47,43,10.47,471935262.03632355,45075000.0,0.0001,-4.73,3620,6756,34334,
2638,VLYPN,Financial Services,Banks - Regional,NASDAQ,91.12,55,54,52,58,25.0,,,1.59,-5.8,38618,19559,16863,0.15
2639,FMACU,Financial Services,Shell Companies,NASDAQ,91.12,55,50,46,42,10.16,,,1.92,-1.84,280,93,216,
2640,BEBE,Financial Services,Shell Companies,NYSE,91.11,55,42,42,40,10.05,200799999.23706055,20000000.0,0.0001,-0.0,2880,7500,5082,
2641,CRANU,Financial Services,Shell Companies,NASDAQ,91.11,55,48,50,42,10.31,,,0.36,-8.19,0,120,168,
2642,MTAL,Financial Services,Shell Companies,NYSE,91.11,55,45,47,41,10.16,311266658.3515949,30666667.0,0.0,-13.9,106366,69798,57999,
2643,BH,Consumer Cyclical,Restaurants,NYSE,91.11,55,71,69,48,369.87,1158385748.378418,3184478.0,0.9,-23.52,66590,128553,159930,0.079
2644,MX,Technology,Semiconductors,NYSE,91.09,55,22,74,50,3.43,134357210.91731286,36510111.0,0.0369,-65.21,2572850,1251133,1070276,-0.061
2645,API,Technology,Software - Application,NASDAQ,91.09,55,40,56,53,4.12,344963120.42936325,84549786.0,0.0091,-25.02,108910,128450,190718,0.18
2646,KCHVU,Financial Services,Shell Companies,NASDAQ,91.09,55,43,46,47,10.52,,,0.51,-4.36,0,1080,726,
2647,PALO,Financial Services,Shell Companies,NASDAQ,91.09,55,43,41,40,9.98,210704080.17253876,21091500.0,0.82,-0.99,2285,2805,1979,
2648,SOR,Financial Services,Asset Management,NYSE,91.09,55,52,50,58,45.01,369982152.7297325,8230971.0,0.0011,-10.71,7756,10315,9853,-0.047
2649,JQC,Financial Services,Asset Management,NYSE,91.08,55,51,42,44,4.66,690303902.2075176,147816679.0,0.0014,-11.91,1165388,770966,680493,-0.009
2650,GIXXU,Financial Services,Shell Companies,NASDAQ,91.08,55,44,46,43,10.21,,,20.22,-4.67,0,0,26,
2651,IRHOU,Financial Services,Shell Companies,NASDAQ,91.08,55,43,48,40,10.16,,,0.15,-10.01,0,150,162,
2652,LFACU,Financial Services,Shell Companies,NASDAQ,91.08,55,45,44,41,10.18,,,37.38,-2.96,0,3,2526,
2653,VLTO,Industrials,Pollution & Treatment Controls,NYSE,91.08,55,48,35,32,96.45,23082353884.319824,243793344.0,0.031,-10.16,1811750,1716436,1667012,0.075
2654,LPCVU,Financial Services,Shell Companies,NASDAQ,91.08,55,42,43,41,10.13,,,1.48,-11.45,70,313,342,
2655,AXINU,Financial Services,Shell Companies,NASDAQ,91.07,55,49,54,45,10.5,,,0.91,-10.64,65,375,357,
2656,BLZRU,Financial Services,Shell Companies,NASDAQ,91.07,55,46,42,41,10.35,,,0.0,-5.91,10564,4914,3478,
2657,TLNCU,Financial Services,Shell Companies,NASDAQ,91.07,55,46,51,47,10.46,,,0.56,-12.76,0,236,14438,
2658,POLE,Financial Services,Shell Companies,NASDAQ,91.06,55,43,48,48,10.74,147501116.25658035,13733810.0,0.0001,-10.5,1280,99233,74596,
2659,MXF,Financial Services,Asset Management,NYSE,91.06,55,64,63,79,20.24,287391899.8506546,14420065.0,0.0019,-12.0,27755,31321,31921,-0.073
2660,CAQ,Financial Services,Shell Companies,NASDAQ,91.06,55,44,41,38,10.0,311621670.0,31162167.0,0.01,-0.99,3250,36370,28480,
2661,XCBE,Financial Services,Shell Companies,NASDAQ,91.06,55,43,43,40,10.02,281812512.8746033,28125000.0,0.0001,-0.1,17800,33233,27850,
2662,SMP,Consumer Cyclical,Auto Parts,NYSE,91.05,55,55,52,65,37.56,835318238.2713203,22263279.0,0.0626,-18.35,106670,186176,168712,0.016
2663,MBVIU,Financial Services,Shell Companies,NASDAQ,91.04,55,44,45,41,10.3,0.0,0.0,0.07,-1.9,0,66,74,
2664,LIN,Basic Materials,Specialty Chemicals,NASDAQ,91.04,55,40,63,63,489.95,221030773619.71933,460980163.0,0.0127,-10.63,2266210,2064336,2156274,0.093
2665,AACOU,Financial Services,Shell Companies,NASDAQ,91.04,55,41,45,40,10.1,,,1.7,-10.06,60,200,2636,
2666,AEAQU,Financial Services,Shell Companies,NASDAQ,91.03,55,45,46,44,10.19,,,25.75,-8.69,0,13,8,
2667,XSLLU,Financial Services,Shell Companies,NASDAQ,91.02,55,42,44,40,10.06,,,9.73,-11.68,50,550,2086,
2668,SPCE,Industrials,Aerospace & Defense,NYSE,91.02,55,24,18,27,3.07,459335581.7528064,151595903.0,0.2235,-65.51,4614250,5438040,6905266,-0.67
2669,BDCIU,Financial Services,Shell Companies,NASDAQ,91.0,55,43,43,40,10.29,,,0.0,-2.46,30,153,182,
2670,NMPAU,Financial Services,Shell Companies,NASDAQ,91.0,55,44,46,47,10.35,,,0.86,-9.29,0,0,12,
2671,PCAPU,Financial Services,Shell Companies,NASDAQ,90.99,55,44,41,37,10.47,,,0.26,-4.82,1768,1566,1321,
2672,DYORU,Financial Services,Shell Companies,NASDAQ,90.99,55,44,42,39,10.22,204400005.34057617,20000000.0,0.0,-11.21,0,0,300,
2673,APD,Basic Materials,Specialty Chemicals,NYSE,90.99,55,62,60,62,281.0,61810824193.097534,222685530.0,0.0186,-10.76,1047040,1127010,1091442,0.046
2674,ZION,Financial Services,Banks - Regional,NASDAQ,90.99,55,74,76,71,62.85,9219873168.101425,145953355.0,0.0479,-14.3,1416190,1457813,1422294,0.352
2675,IGACU,Financial Services,Shell Companies,NASDAQ,90.97,55,43,45,41,10.18,,,0.0,-8.6,0,0,48,
2676,ORIQU,Financial Services,Shell Companies,NASDAQ,90.97,55,42,48,44,10.35,146763005.40924072,14180000.0,0.0,-3.18,0,0,0,
2677,RFAM,Financial Services,Shell Companies,NASDAQ,90.97,55,44,43,40,9.99,139193993.48091316,13933333.0,0.0001,-0.3,9640,27196,17692,
2678,KOYNU,Financial Services,Shell Companies,NASDAQ,90.97,55,45,48,44,10.32,,,6.32,-2.64,500,263,294,
2679,GYRE,Healthcare,Biotechnology,NASDAQ,90.96,55,42,24,52,7.08,753900069.0870347,106033763.0,0.0582,-24.84,165810,160863,118924,-0.021
2680,SOCAU,Financial Services,Shell Companies,NASDAQ,90.95,54,46,49,48,10.4,,,0.15,-13.33,179,193,155,
2681,PTOR,Financial Services,Shell Companies,NASDAQ,90.95,54,44,43,39,9.96,337873907.9740629,33923083.0,0.0002,-0.8,53400,33536,37500,
2682,IPI,Basic Materials,Agricultural Inputs,NYSE,90.95,54,84,56,72,33.53,440840617.6534195,13456674.0,0.0274,-33.39,183180,199230,203360,-0.015
2683,TIC,Industrials,Specialty Business Services,NYSE,90.94,54,57,18,14,8.85,1802500190.5066757,218220356.0,0.1034,-39.59,1428570,1463310,1846524,0.861
2684,PMTR,Financial Services,Shell Companies,NASDAQ,90.94,54,42,47,40,10.43,321201712.351799,30825500.0,0.0,-2.25,74400,98500,65480,
2685,CHSCN,Consumer Defensive,Farm Products,NASDAQ,90.94,54,55,51,54,24.32,,,0.54,-4.93,34670,23963,21672,0.186
2686,TACO,Financial Services,Shell Companies,NASDAQ,90.94,54,48,48,40,10.46,392446126.43122673,37518750.0,0.0002,-1.78,78860,50633,45440,
2687,AUB,Financial Services,Banks - Regional,NYSE,90.94,54,67,72,73,38.14,5544074219.136353,142814896.0,0.0773,-12.56,1185970,1232253,1067710,0.358
2688,ED,Utilities,Utilities - Regulated Electric,NYSE,90.93,54,59,61,59,105.12,38236582140.144516,369828633.0,0.036199998,-9.56,2622870,2173566,2254436,0.132
2689,TWLVU,Financial Services,Shell Companies,NASDAQ,90.92,54,44,45,44,10.16,,,0.0,-2.4,0,0,8,
2690,BLUWU,Financial Services,Shell Companies,NASDAQ,90.92,54,40,47,48,10.5,,,8.08,-18.29,40,13,50,
2691,COLB,Financial Services,Banks - Regional,NASDAQ,90.91,54,63,75,71,28.89,8181533612.14373,282902268.0,0.0375,-14.22,2615480,2835043,2833114,0.351
2692,BGB,Financial Services,Asset Management,NYSE,90.91,54,44,44,38,11.12,497274381.313076,44678740.0,0.0011999999,-8.25,254247,203172,176201,
2693,THW,Financial Services,Asset Management,NYSE,90.91,54,78,72,69,12.28,498493352.94758034,40363833.0,0.001,-15.31,124224,104014,114484,
2694,QUMSU,Financial Services,Shell Companies,NASDAQ,90.91,54,45,47,48,10.38,,,0.0,-5.55,0,120,76,
2695,JF,Financial Services,Credit Services,NASDAQ,90.91,54,28,53,47,0.97,16872941.986084342,18340154.0,0.0013,-21.77,6450,7003,9324,
2696,VCEL,Healthcare,Biotechnology,NASDAQ,90.91,54,64,84,34,40.05,2055945630.2350922,51206614.0,0.1379,-18.8,519480,510106,507532,0.225
2697,DSAC,Financial Services,Shell Companies,NASDAQ,90.91,54,45,47,39,10.12,344945908.29926777,34018333.0,0.0,-3.34,33898,120222,90889,
2698,LAKE,Consumer Cyclical,Apparel Manufacturing,NASDAQ,90.9,54,56,45,19,10.83,101994927.96620941,9931346.0,0.142,-39.83,87940,70766,67028,-0.045
2699,OIMAU,Financial Services,Shell Companies,NASDAQ,90.9,54,43,41,46,10.2,,,4.2,-6.9,20,6,8,
2700,TRP,Energy,Oil & Gas Midstream,NYSE,90.89,54,58,79,73,60.23,61537170228.79797,1041766896.0,16.86,-15.73,4160140,2980473,2705176,0.057
2701,IEAG,Financial Services,Shell Companies,NASDAQ,90.88,54,47,49,41,10.18,443033613.28125,43520000.0,0.00029999999,-1.17,116930,55080,55956,
2702,HACQ,Financial Services,Shell Companies,NASDAQ,90.88,54,43,45,40,10.04,375244998.5742569,37375000.0,0.0,-0.5,43870,44370,27404,
2703,SCD,Financial Services,Asset Management,NYSE,90.88,54,60,55,56,14.72,335806896.92477036,22906337.0,0.34,-9.02,72223,68894,71080,0.13
2704,BCSS,Financial Services,Shell Companies,NYSE,90.88,54,45,42,41,10.23,600351984.4055176,58400000.0,0.0001,-2.39,71820,33196,33996,
2705,MAYS,Real Estate,Real Estate Services,NASDAQ,90.87,54,50,35,51,40.1,80832774.92416382,2015780.0,0.0161,-35.31,370,1090,1618,-0.056
2706,HCIC,Financial Services,Shell Companies,NASDAQ,90.86,54,44,45,40,9.98,354424863.443203,35513515.0,0.04,-0.4,12600,29770,24508,
2707,IACOU,Financial Services,Shell Companies,NASDAQ,90.86,54,44,52,41,10.05,,,0.11,-2.52,120,813,1354,
2708,COR,Healthcare,Medical Distribution,NYSE,90.86,54,58,37,42,316.37,58975133013.81683,190827165.0,0.0257,-16.2,1288930,1258146,1348566,0.051
2709,AACO,Financial Services,Shell Companies,NASDAQ,90.86,54,43,43,41,9.98,313616670.0,31361667.0,0.03,-0.2,4620,8393,6460,
2710,FGIIU,Financial Services,Shell Companies,NASDAQ,90.86,54,41,42,40,10.09,,,,-8.56,230,156,94,
2711,ALFUU,Financial Services,Shell Companies,NASDAQ,90.86,54,43,44,44,10.91,,,,-14.7,0,0,8,
2712,BOKF,Financial Services,Banks - Regional,NASDAQ,90.85,54,66,69,78,128.15,7799152610.204956,60759992.0,0.103999995,-12.73,255150,264880,243580,0.101
2713,TGE,Financial Services,Asset Management,NYSE,90.85,54,17,11,7,1.2,53791788.39324117,48461070.0,0.006,-62.62,20750220,6926663,4170856,-0.247
2714,WYY,Technology,Information Technology Services,NYSE ARCA,90.84,54,94,99,72,7.11,75586807.22789526,9998255.0,0.0456,-70.74,740140,315603,248388,0.019
2715,FSHPU,Financial Services,Shell Companies,NASDAQ,90.84,54,54,46,39,11.26,,,0.07,-15.97,80,50,34,
2716,ONCH,Financial Services,Shell Companies,NASDAQ,90.84,54,44,42,39,10.34,222740840.06699753,21541667.0,0.0001,-1.52,38930,30973,59164,
2717,SBXE,Financial Services,Shell Companies,NYSE,90.83,54,45,47,40,10.11,350766438.08841705,34695000.0,0.0,-1.27,17330,30706,24122,
2718,NCZ,Financial Services,Asset Management,NYSE,90.83,54,67,68,72,14.04,265834282.9112749,19028939.0,0.0082,-13.17,81194,55268,54796,-0.104
2719,CRAN,Financial Services,Shell Companies,NASDAQ,90.83,54,46,50,43,10.1,473690017.8909302,46900000.0,0.0001,-1.08,13390,38536,44754,
2720,ORIO,Technology,Software - Infrastructure,NASDAQ,90.83,54,30,8,25,1.04,24770015.475117683,23590492.0,0.0112,-49.76,86870,118186,88822,0.063
2721,TDWDU,Financial Services,Shell Companies,NASDAQ,90.83,54,39,41,47,10.18,,,1.24,-15.17,20,6,36,
2722,SAC,Financial Services,Shell Companies,NYSE,90.82,54,44,44,40,10.1,316803348.6654339,31366667.0,0.01,-8.31,19150,123650,76582,
2723,PONOU,Financial Services,Shell Companies,NASDAQ,90.82,54,53,51,42,10.18,,,165.9,-21.69,0,0,4,
2724,PMTRU,Financial Services,Shell Companies,NASDAQ,90.81,54,52,48,45,10.72,,,0.0,-13.55,60,133,96,
2725,PNFP,Financial Services,Banks - Regional,NYSE,90.81,54,61,52,36,96.14,14520413024.208984,151112640.0,0.0373,-12.86,1221960,1081110,1048422,1.37
2726,DCH,Consumer Cyclical,Auto Parts,NYSE,90.81,54,69,27,64,5.85,1330585748.5402594,237604602.0,0.0795,-36.76,5454380,3581020,3416388,0.924
2727,SDHIU,Financial Services,Shell Companies,NASDAQ,90.81,54,46,42,44,10.62,,,6.06,-5.43,121,83,62,
2728,ALGM,Technology,Semiconductors,NASDAQ,90.81,54,49,90,79,38.76,7368472650.83844,186402046.0,0.10609999,-45.99,3026410,2517900,2437830,0.275
2729,MOH,Healthcare,Healthcare Plans,NYSE,90.8,54,70,86,14,195.17,9893987649.536133,52200000.0,0.0715,-20.3,665760,620530,641390,-0.057
2730,BEAG,Financial Services,Shell Companies,NASDAQ,90.8,54,49,43,41,10.69,335102594.02656555,31318000.0,0.0004,-3.78,2011178,684642,413543,
2731,HCICU,Financial Services,Shell Companies,NASDAQ,90.79,54,44,48,40,10.15,,,5.75,-1.12,20,40,170,
2732,GLQ,Financial Services,Asset Management,NYSE ARCA,90.78,54,58,69,70,7.66,142409717.81299353,18738121.0,0.0050999997,-12.46,48021,46090,45998,-0.003
2733,INVA,Healthcare,Biotechnology,NASDAQ,90.78,54,38,60,79,20.83,1481032442.5,72245485.0,0.13430001,-17.18,1190790,922893,819408,0.193
2734,CLBR,Financial Services,Shell Companies,NYSE,90.78,54,43,47,41,10.2,408169995.7674265,40016667.0,0.0002,-1.92,48711,119903,87868,
2735,LEA,Consumer Cyclical,Auto Parts,NYSE,90.77,54,58,75,69,122.0,8045560127.814972,66574764.0,0.060500003,-18.85,571560,634350,694126,0.03
2736,EFSC,Financial Services,Banks - Regional,NASDAQ,90.77,54,63,71,58,59.61,2174446667.8704834,36192520.0,0.039100002,-13.27,231730,275283,242426,0.012
2737,DTF,Financial Services,Asset Management,NYSE,90.77,54,49,51,50,11.32,79082628.75,7029567.0,0.0019,-2.5,16196,8415,7169,-0.016
2738,BTO,Financial Services,Asset Management,NYSE,90.77,54,68,64,66,36.31,714188457.3108673,19833060.0,0.11,-13.55,50861,39633,41090,-0.001
2739,PGP,Financial Services,Asset Management,NYSE,90.76,54,60,54,65,8.36,97604640.88439941,11592000.0,0.22,-11.16,44811,55740,58550,0.061
2740,TMTS,Financial Services,Shell Companies,NASDAQ,90.75,53,44,45,43,10.03,307586661.82111645,30666667.0,0.03,-4.02,23417,38902,51693,
2741,LEGO,Financial Services,Shell Companies,NYSE ARCA,90.75,53,42,42,39,10.0,315168000.9745426,31266667.0,0.0084,-0.79,33500,48470,33456,
2742,CTAAU,Financial Services,Shell Companies,NASDAQ,90.75,53,45,44,42,10.07,,,1.18,-2.99,30,73,406,
2743,CPK,Utilities,Utilities - Regulated Gas,NYSE,90.74,53,60,55,45,128.08,3216942597.5959167,25254692.0,0.050100002,-9.05,190060,182233,179008,0.047
2744,KBONU,Financial Services,Shell Companies,NASDAQ,90.74,53,44,44,46,10.23,,,1.49,-7.8,50627,16902,10243,
2745,PRM,Basic Materials,Specialty Chemicals,NYSE,90.73,53,73,89,88,28.62,4493206161.2332115,163686923.0,0.056700002,-25.02,1555510,1202723,1424938,0.315
2746,COOK,Consumer Cyclical,"Furnishings, Fixtures & Appliances",NYSE,90.73,53,54,91,13,51.06,148585690.13024902,2798224.0,0.073,-41.03,90670,49050,49042,-0.174
2747,MCGA,Financial Services,Shell Companies,NASDAQ,90.72,53,43,39,36,10.35,244065956.84553337,23581251.0,0.0023,-4.43,9960,78943,78716,
2748,BDCI,Financial Services,Shell Companies,NASDAQ,90.71,53,43,41,39,10.13,352504952.6207619,34746667.0,0.0001,-1.27,19410,13776,24414,
2749,EFT,Financial Services,Asset Management,NYSE,90.71,53,40,38,35,10.66,281993186.25514793,26578058.0,0.06,-10.57,194937,143329,127309,-0.231
2750,BWBBP,Financial Services,Banks - Regional,NASDAQ,90.71,53,52,58,61,19.36,,,3.83,-8.59,2040,2056,2076,0.184
2751,PTORU,Financial Services,Shell Companies,NASDAQ,90.7,53,47,48,40,10.08,,,4.26,-8.78,340,263,988,
2752,CTAA,Financial Services,Shell Companies,NASDAQ,90.7,53,42,41,41,9.95,169166583.40718937,17001667.0,0.28,-0.5,0,10366,11270,
2753,VLOSU,Financial Services,Shell Companies,NASDAQ,90.69,53,35,45,36,10.79,,,2.78,-37.95,191,503,306,
2754,NJR,Utilities,Utilities - Regulated Gas,NYSE,90.68,53,62,76,74,51.55,5206543966.46941,100921573.0,0.0546,-15.3,855070,705980,694662,0.168
2755,FCRS,Financial Services,Shell Companies,NYSE,90.65,53,42,43,38,10.23,368359375.0,35937500.0,0.0,-6.32,29490,80106,59182,
2756,PAAC,Financial Services,Shell Companies,NASDAQ,90.64,53,47,41,38,10.01,177587804.773098,17723333.0,0.0037,-1.38,88183,39514,25610,
2757,FERAU,Financial Services,Shell Companies,NASDAQ,90.64,53,47,47,44,10.74,,,0.0,-6.61,0,3333,2016,
2758,CCIIU,Financial Services,Shell Companies,NASDAQ,90.64,53,38,49,44,10.46,,,3.88,-16.92,40,136,84,
2759,OGC,Basic Materials,Gold,NYSE,90.64,53,76,40,93,26.71,6030552484.301193,222447523.0,4.97,-38.36,511760,603460,597756,0.497
2760,MLAAU,Financial Services,Shell Companies,NASDAQ,90.64,53,40,42,46,10.08,,,8.31,-9.35,0,73,44,
2761,KBON,Financial Services,Shell Companies,NASDAQ,90.63,53,41,42,43,10.12,444111356.716156,44015000.0,0.01,-0.3,68647,60592,42813,
2762,HQY,Healthcare,Health Information Services,NASDAQ,90.6,53,56,61,33,91.05,7447685327.568115,82715296.0,0.0771,-15.4,980830,989360,859468,0.076
2763,HYFT,Healthcare,Biotechnology,NASDAQ,90.59,53,20,35,57,1.55,63129636.69252157,47111668.0,0.015700001,-48.16,342460,243956,204512,0.213
2764,PCRX,Healthcare,Drug Manufacturers - Specialty & Generic,NASDAQ,90.59,53,61,60,48,24.76,1004918109.5653534,39861886.0,0.2727,-10.48,540460,535010,599932,0.062
2765,RACE,Consumer Cyclical,Auto Manufacturers,NYSE,90.59,53,59,36,29,386.5,68141621898.78845,175473500.0,0.0293,-22.92,525380,400876,454708,0.084
2766,CPHC,Consumer Cyclical,Resorts & Casinos,NASDAQ,90.58,53,43,38,35,15.75,81638455.5,5183394.0,0.0066000004,-9.48,810,1453,1594,0.032
2767,CVSA,Consumer Defensive,Education & Training Services,NYSE,90.57,53,63,64,34,127.37,4271191247.8660583,34038820.0,0.08229999,-18.49,390600,358963,358320,0.097
2768,MMI,Real Estate,Real Estate Services,NYSE,90.57,53,58,63,35,28.6,1081974544.152687,37871003.0,0.073699996,-14.75,176504,157824,145672,0.178
2769,LBRT,Energy,Oil & Gas Equipment & Services,NYSE,90.56,53,65,89,96,20.12,3151226155.806381,163191416.0,0.14729999,-41.64,4507790,3786300,4152120,0.14
2770,CRS,Industrials,Metal Fabrication,NYSE,90.55,53,80,94,92,395.71,19252016194.516296,49558566.0,0.0368,-36.79,757900,811620,771882,0.126
2771,ECHO,Communication Services,Telecom Services,NASDAQ,90.55,53,33,82,98,100.01,27409393297.0,290815844.0,0.2344,-32.08,3839840,3283013,3707686,-0.04
2772,AROC,Energy,Oil & Gas Equipment & Services,NYSE,90.54,53,67,86,88,30.83,5318007137.672758,175338185.0,0.0608,-27.0,1381860,1806496,1803078,-0.031
2773,FELE,Industrials,Specialty Industrial Machinery,NASDAQ,90.53,53,46,56,57,99.25,4361460991.06134,44211464.0,0.019299999,-14.31,294300,284970,277498,0.06
2774,CDLR,Industrials,Engineering & Construction,NYSE,90.53,53,71,40,77,22.04,2139730868.3806686,96471183.0,0.015800001,-26.56,86610,72716,67992,0.213
2775,HACQU,Financial Services,Shell Companies,NASDAQ,90.53,53,42,43,40,10.15,,,0.0,-0.49,0,643,496,
2776,SVIV,Financial Services,Shell Companies,NASDAQ,90.52,53,45,49,39,10.09,309426674.70936203,30666667.0,0.01,-6.57,29470,24830,21390,
2777,TRGSU,Financial Services,Shell Companies,NASDAQ,90.51,53,42,42,41,10.06,,,0.17,-8.55,0,0,136,
2778,CCCC,Healthcare,Biotechnology,NASDAQ,90.5,53,71,93,89,2.88,362924157.0662956,123025136.0,0.32860002,-44.29,2530930,2137300,2231832,0.028
2779,MUZEU,Financial Services,Shell Companies,NASDAQ,90.5,53,41,47,40,10.1,,,6.83,-9.82,30,86,318,
2780,GFS,Technology,Semiconductors,NASDAQ,90.5,53,32,91,79,48.63,27965690291.846054,557418603.0,0.1504,-47.46,3352960,3854843,4118350,0.058
2781,SNAP,Communication Services,Internet Content & Information,NYSE,90.5,53,27,14,18,5.78,9436883103.931854,1691197712.0,0.089099996,-36.69,31371790,34256726,37453414,0.189
2782,ETY,Financial Services,Asset Management,NYSE,90.5,53,42,41,45,14.27,2258599070.048584,159280608.0,0.14,-10.31,427223,347594,316412,0.021
2783,DNMXU,Financial Services,Shell Companies,NASDAQ,90.49,53,42,42,40,10.15,,,0.0,-7.73,4030,1686,1450,
2784,GVA,Industrials,Engineering & Construction,NYSE,90.49,53,36,55,77,120.92,5327672927.211929,44426893.0,0.1377,-25.39,683320,583903,715940,0.293
2785,EOS,Financial Services,Asset Management,NYSE,90.47,53,40,42,47,21.56,1137763768.2353783,53316015.0,0.12,-11.46,165630,146366,145402,0.169
2786,CUBE,Real Estate,REIT - Industrial,NYSE,90.47,53,48,56,46,37.76,8461574062.115639,225521694.0,0.0548,-12.71,2914380,2679926,2461940,0.015
2787,SYY,Consumer Defensive,Food Distribution,NYSE,90.47,53,52,66,38,77.45,37161745070.22163,479568281.0,0.0293,-15.68,4757290,4174980,3948638,0.047
2788,IEAGU,Financial Services,Shell Companies,NASDAQ,90.46,53,45,46,39,10.32,,,8.61,-11.72,190,143,474,
2789,MXE,Financial Services,Asset Management,NYSE,90.46,53,63,56,78,12.53,54210573.53716278,4400209.0,1.47,-12.38,3678,3299,3213,-0.055
2790,RYOJ,Industrials,Consulting Services,NASDAQ,90.45,53,96,96,18,2.75,32917498.898506165,11550000.0,0.42,-75.94,9880,21586,70264,-0.343
2791,ALOVU,Financial Services,Shell Companies,NASDAQ,90.44,53,42,43,40,10.06,,,23.14,-3.73,0,0,126,
2792,SIMAU,Financial Services,Shell Companies,NASDAQ,90.44,53,34,47,48,10.93,,,0.66,-39.24,0,33,414,
2793,OIM,Financial Services,Shell Companies,NASDAQ,90.44,53,44,42,40,10.12,366072879.1356087,36137500.0,0.0001,-2.03,65440,37033,34170,
2794,MMTXU,Financial Services,Shell Companies,NASDAQ,90.44,53,42,41,46,10.1,77710412.93506622,7694100.0,,-9.58,0,0,0,
2795,BGT,Financial Services,Asset Management,NYSE,90.44,53,59,38,39,10.43,311370064.28504944,29824720.0,0.015,-15.07,169058,137562,130593,-0.079
2796,MSEX,Utilities,Utilities - Regulated Water,NASDAQ,90.43,53,66,55,31,52.9,1009281773.6382217,18843946.0,0.056500003,-14.92,151080,127026,131612,0.143
2797,VLY,Financial Services,Banks - Regional,NASDAQ,90.4,53,70,82,82,12.67,7084398828.678268,552605226.0,0.113299996,-16.64,8089950,7192666,6668884,0.15
2798,ALZN,Healthcare,Biotechnology,NASDAQ,90.4,53,52,20,4,1.37,6611240.53301084,4825723.0,0.026199998,-48.88,81910,107083,98124,
2799,PALOU,Financial Services,Shell Companies,NASDAQ,90.39,53,41,42,41,10.05,,,,-14.47,0,0,0,
2800,ETJ,Financial Services,Asset Management,NYSE,90.39,53,51,46,48,8.18,547163536.0120783,67301787.0,1.72,-9.91,194729,144253,132163,
2801,CCEC,Industrials,Marine Shipping,NASDAQ,90.38,52,57,67,35,20.79,1263851923.2385445,60212098.0,0.0022,-13.38,9030,5990,7620,0.085
2802,CEPS,Financial Services,Shell Companies,NASDAQ,90.35,52,47,48,40,10.27,150858996.08135223,14675000.0,0.0001,-1.72,1800,4620,10768,
2803,PPLI,Communication Services,Internet Content & Information,NASDAQ,90.35,52,38,73,69,41.29,3073870733.101654,74463925.0,0.20040001,-14.55,1864370,1277903,1198210,-0.015
2804,WVVIP,Consumer Defensive,Beverages - Wineries & Distilleries,NASDAQ,90.31,52,28,33,31,2.87,,,0.27,-80.85,10780,483370,297444,-0.016
2805,TEI,Financial Services,Asset Management,NYSE,90.31,52,70,66,71,6.14,287148777.83675766,47228418.0,0.0016,-12.29,210879,165049,154757,0.115
2806,CGBD,Financial Services,Asset Management,NASDAQ,90.27,52,56,32,35,10.5,732768761.4031353,68804581.0,0.0433,-20.93,463790,450956,490922,-0.077
2807,ARTCU,Financial Services,Shell Companies,NASDAQ,90.26,52,45,51,40,10.09,,,10.48,-2.93,0,103,160,
2808,PRI,Financial Services,Insurance - Life,NYSE,90.25,52,64,72,51,279.13,8476698150.270081,30777350.0,0.0517,-14.71,186040,198146,190878,0.087
2809,FRME,Financial Services,Banks - Regional,NASDAQ,90.25,52,59,64,61,39.67,2521477229.2773666,62801423.0,0.043,-12.49,544780,489176,434896,0.028
2810,GFL,Industrials,Waste Management,NYSE,90.22,52,56,32,26,42.52,18303978011.767426,436016632.0,0.0765,-9.55,3756300,3134296,2747262,0.163
2811,VLOS,Financial Services,Shell Companies,NASDAQ,90.22,52,42,42,49,10.73,252430543.25,23481911.0,0.00059999997,-10.28,30362,18934,22282,
2812,CCII,Financial Services,Shell Companies,NASDAQ,90.22,52,43,44,43,10.28,357688277.7879019,34693333.0,0.0005,-2.1,43520,92446,62760,
2813,ONCHU,Financial Services,Shell Companies,NASDAQ,90.21,52,42,46,39,10.41,,,0.9,-8.2,90,2230,1918,
2814,CRC,Energy,Oil & Gas E&P,NYSE,90.2,52,53,42,88,52.47,4656827017.09568,88819893.0,0.0631,-27.1,796310,860360,859012,0.33
2815,KIM,Real Estate,REIT - Retail,NYSE,90.19,52,57,72,68,22.14,14918355501.988497,670789373.0,0.0641,-16.92,4858350,5548930,5042846,0.049
2816,EFTY,Industrials,Consulting Services,NASDAQ,90.19,52,78,88,94,15.02,302052209.20562744,20110000.0,0.1073,-0.0,0,0,0,-0.259
2817,UCFI,Consumer Defensive,Packaged Foods,NASDAQ,90.19,52,29,30,23,5.51,287814768.2856388,52234983.0,0.048600003,-0.0,0,0,0,0.171
2818,OST,Technology,Electronic Components,NASDAQ,90.19,52,39,29,17,1.7,10108844.712820053,5963920.0,0.0296,0.29,0,0,0,-0.16
2819,UAL,Industrials,Airlines,NASDAQ,90.18,52,54,77,48,111.87,36517340790.63574,324569728.0,0.056599997,-19.38,4098760,3857640,3558410,0.16
2820,THQ,Financial Services,Asset Management,NYSE,90.18,52,69,61,49,17.53,736758333.9528561,41437475.0,0.0011999999,-14.03,142913,120927,134092,
2821,CBSH,Financial Services,Banks - Regional,NASDAQ,90.17,52,65,60,31,54.78,7928930624.751892,143432178.0,0.0456,-10.08,904670,990203,976160,0.142
2822,OGE,Utilities,Utilities - Regulated Electric,NYSE,90.17,52,57,61,63,45.84,9357011745.630222,206374321.0,0.0682,-9.39,2374100,1821830,1657924,-0.04
2823,IDE,Financial Services,Asset Management,NYSE,90.17,52,59,68,75,12.25,183846163.33450317,15156320.0,0.0005,-14.34,69831,56067,50364,
2824,CBT,Basic Materials,Specialty Chemicals,NYSE,90.16,52,59,75,45,77.11,3972267880.6139374,51621417.0,0.1232,-18.43,424520,394836,430494,0.064
2825,NGVC,Consumer Defensive,Grocery Stores,NYSE,90.16,52,32,63,21,29.84,705433513.1760712,23045851.0,0.094799995,-27.34,121430,139316,151936,0.018
2826,HYPD,Healthcare,Biotechnology,NASDAQ,90.16,52,58,12,83,3.82,56704795.62996197,15202358.0,0.082399994,-66.52,498540,585766,510932,
2827,SNA,Industrials,Tools & Accessories,NYSE,90.14,52,58,69,60,368.61,19082135727.88269,51727124.0,0.081599995,-12.86,237140,273540,292646,0.042
2828,RDAGU,Financial Services,Shell Companies,NASDAQ,90.14,52,42,42,43,10.53,41698798.94256592,3960000.0,0.18,-1.59,317,129,285,
2829,MNPR,Healthcare,Biotechnology,NASDAQ,90.13,52,97,95,52,79.57,523348059.03356934,6712172.0,0.1841,-36.25,177380,154060,203488,
2830,FNWB,Financial Services,Banks - Regional,NASDAQ,90.12,52,74,79,61,9.71,94640567.43580341,9511615.0,0.0044,-22.44,29520,29856,26936,-0.0
2831,NMAD,Industrials,Electrical Equipment & Parts,NASDAQ,90.09,52,26,92,71,4.35,66336398.317379,16101068.0,0.060900003,-48.09,172430,209123,259960,
2832,UL,Consumer Defensive,Household & Personal Products,NYSE,90.08,52,47,40,27,60.8,128566288360.71997,2153539141.0,1.17,-18.91,3064090,3390520,3888364,0.005
2833,FRT,Real Estate,REIT - Retail,NYSE,90.08,52,63,77,68,106.2,9216863638.841125,86389197.0,0.0002,-17.17,1036160,878876,873394,0.072
2834,BACC,Financial Services,Shell Companies,NASDAQ,90.07,52,49,61,46,10.48,293323083.4699688,27962163.0,0.0004,-5.59,127100,78366,69684,
2835,CHNR,Basic Materials,Other Industrial Metals & Mining,NASDAQ,90.07,52,36,34,30,3.92,4849657.548199654,1256388.0,0.0054,-52.2,5030,4446,7904,
2836,ITHAU,Financial Services,Shell Companies,NASDAQ,90.07,52,43,53,42,10.13,,,372.91,-7.91,0,23,14,
2837,SPHR,Communication Services,Entertainment,NYSE,90.06,52,92,96,97,105.38,4605920097.75,35913607.0,0.3179,-41.98,949990,689823,754720,0.11
2838,TWFG,Financial Services,Insurance Brokers,NASDAQ,90.06,52,80,63,12,25.01,316985002.9915314,12880333.0,0.0915,-20.1,150980,171090,166168,0.451
2839,EFR,Financial Services,Asset Management,NYSE,90.04,52,42,41,35,10.37,305864672.34387016,29523618.0,0.29,-10.22,122433,115741,127682,-0.214
2840,ANGX,Communication Services,Entertainment,NYSE,90.04,52,74,64,4,4.14,761965767.2716236,186756319.0,0.0542,-52.95,1709730,1837643,1752496,0.275
2841,SVIVU,Financial Services,Shell Companies,NASDAQ,90.02,52,47,49,45,10.2,,,5.04,-7.27,660,306,522,
2842,KRAQU,Financial Services,Shell Companies,NASDAQ,90.02,52,42,48,40,10.14,,,0.0,-3.43,150,486,418,
2843,TVA,Financial Services,Shell Companies,NASDAQ,89.98,52,45,40,37,10.58,317399997.71118164,30000000.0,0.0,-13.77,40010,392336,246188,
2844,LTM,Industrials,Airlines,NYSE,89.97,52,56,62,76,52.23,14028289020.849838,292743939.0,0.020299999,-25.83,845050,825536,785860,0.272
2845,SAAQ,Financial Services,Shell Companies,NASDAQ,89.95,52,40,45,48,10.04,314692309.32241726,31312667.0,0.0001,-9.55,101110,82643,53962,
2846,CHSCM,Consumer Defensive,Farm Products,NASDAQ,89.93,52,49,47,54,23.73,,,0.28,-6.57,34959,30176,28061,0.186
2847,BNTX,Healthcare,Biotechnology,NASDAQ,89.92,52,62,28,32,95.73,24341703448.707443,251204366.0,0.0348,-22.8,868560,1012046,1270286,-0.595
2848,MSIF,Financial Services,Asset Management,NYSE,89.92,52,56,29,36,11.73,531446095.9884825,45345229.0,0.010299999,-18.88,187500,193256,235384,0.002
2849,ULH,Industrials,Trucking,NASDAQ,89.91,52,57,15,49,16.95,486749656.1595535,26367805.0,0.118599996,-34.3,89050,55603,52768,-0.037
2850,FVR,Real Estate,REIT - Diversified,NYSE,89.91,52,75,89,78,16.41,407925303.50336456,24455953.0,0.025799999,-26.38,292060,189660,204912,0.015
2851,GDDY,Technology,Software - Infrastructure,NYSE,89.91,52,30,24,12,98.18,12311423189.890564,126647704.0,0.084,-29.59,2841900,2398370,2334162,0.066
2852,VTS,Energy,Oil & Gas E&P,NYSE,89.87,52,33,22,30,16.96,710299863.125349,42104317.0,0.1557,-28.74,414600,516903,506682,0.092
2853,DLX,Industrials,Conglomerates,NYSE,89.86,52,59,72,91,22.54,1036810744.8884583,45856290.0,0.1225,-29.72,430040,431970,448064,-0.042
2854,ISOU,Energy,Uranium,NYSE ARCA,89.85,52,76,44,85,10.38,598401449.7386703,65256428.0,14.52,-23.56,147900,177710,148446,
2855,STEW,Financial Services,Asset Management,NYSE,89.85,52,55,52,49,17.6,1694477125.56839,96441500.0,0.0001,-7.61,62338,56952,66917,0.035
2856,CWT,Utilities,Utilities - Regulated Water,NYSE,89.84,52,65,65,36,45.55,2842125025.344612,61839101.0,0.0546,-15.37,452950,480123,501096,0.165
2857,OR,Basic Materials,Gold,NYSE,89.83,52,55,21,77,34.47,6456357147.552155,187303653.0,3.17,-28.28,703790,844786,964782,0.62
2858,PCYO,Utilities,Utilities - Regulated Water,NASDAQ,89.82,52,52,39,50,10.99,262661323.80758286,24097370.0,0.0251,-11.66,92870,85630,85900,0.6
2859,NWN,Utilities,Utilities - Regulated Gas,NYSE,89.81,51,60,63,78,47.46,1994391875.4007492,42093538.0,0.06,-15.23,249840,253133,247230,0.031
2860,CEPF,Financial Services,Shell Companies,NASDAQ,89.81,51,43,47,40,10.29,586930526.1611938,57150000.0,0.0001,-3.56,188320,94770,73654,
2861,TLPH,Healthcare,Drug Manufacturers - Specialty & Generic,NASDAQ,89.81,51,86,95,70,1.11,58653549.23249388,51905796.0,0.0167,-29.3,182400,145326,209570,
2862,NOMD,Consumer Defensive,Packaged Foods,NYSE,89.81,51,56,44,16,10.97,1488775896.523901,139791169.0,0.0215,-16.77,1412090,1304873,1593306,-0.031
2863,GLV,Financial Services,Asset Management,NYSE ARCA,89.8,51,56,66,65,5.82,71852069.88660812,12409684.0,0.0017,-12.48,31033,32767,41116,-0.22
2864,CEPV,Financial Services,Shell Companies,NASDAQ,89.79,51,45,47,38,10.26,327119098.78730774,31790000.0,0.0002,-2.29,11840,5396,5970,
2865,NCV,Financial Services,Asset Management,NYSE,89.79,51,63,68,71,15.31,342063977.7768259,22593393.0,0.0007,-13.26,113714,79678,69928,-0.105
2866,ESNT,Financial Services,Insurance - Specialty,NYSE,89.78,51,72,61,52,61.89,5412362518.172516,89876493.0,0.0469,-12.05,930770,810896,712156,0.136
2867,PNC,Financial Services,Banks - Regional,NYSE,89.78,51,72,77,73,220.16,88190969512.93945,399000000.0,0.0194,-14.98,2019640,1780236,1652032,0.236
2868,NXPI,Technology,Semiconductors,NASDAQ,89.77,51,30,81,38,244.38,61442323560.292786,252164174.0,0.0322,-28.11,2733310,3214960,3655526,0.195
2869,EEA,Financial Services,Asset Management,NYSE,89.77,51,61,58,54,10.36,70988406.32749653,6852163.0,0.00029999999,-9.36,21593,17067,14836,-0.167
2870,FSK,Financial Services,Asset Management,NYSE,89.76,51,56,28,18,10.81,3031452945.3908157,276340280.0,0.0511,-33.72,1986440,1753863,2033436,-0.271
2871,RCL,Consumer Cyclical,Travel Services,NYSE,89.76,51,30,36,54,288.78,74282139198.32324,267452084.0,0.0556,-18.97,3934410,2846956,2410988,0.065
2872,UMBFO,Financial Services,Banks - Regional,NASDAQ,89.75,51,49,52,48,25.45,,,1.88,-7.79,78743,34301,23984,0.122
2873,ADVB,Healthcare,Diagnostics & Research,NASDAQ,89.72,51,96,11,12,6.38,11118855.121511936,1652133.0,0.0113,-73.67,18880,113113,149226,
2874,DMA,Financial Services,Asset Management,NYSE,89.71,51,50,37,36,7.5,66686498.67288065,8963239.0,0.0033000002,-18.03,9085,16035,18869,
2875,TCBS,Financial Services,Banks - Regional,NASDAQ,89.71,51,59,57,56,17.0,49209811.09911156,2872727.0,0.0013,-15.0,2080,1996,1662,0.135
2876,MBNKO,Financial Services,Banks - Regional,NASDAQ,89.7,51,57,56,57,24.04,,,0.61,-8.23,63539,22579,14723,0.042
2877,ESLT,Industrials,Aerospace & Defense,NASDAQ,89.67,51,61,69,92,691.1,32627141512.875,46862592.0,0.0086,-31.98,88060,75583,80322,0.159
2878,IPFXU,Financial Services,Shell Companies,NASDAQ,89.67,51,37,55,41,10.37,,,0.34,-12.86,0,573,466,
2879,AKA,Consumer Cyclical,Apparel Retail,NYSE,89.67,51,67,56,33,10.7,119252994.34275627,10991059.0,0.012,-34.68,1170,2873,3458,-0.003
2880,RSG,Industrials,Waste Management,NYSE,89.63,51,50,48,33,214.74,64169990922.08972,306212978.0,0.0252,-8.0,1150180,1560726,1506402,0.046
2881,TROW,Financial Services,Asset Management,NASDAQ,89.62,51,63,70,37,103.6,22317104812.88948,213315850.0,0.14930001,-15.08,1512410,1463166,1644024,0.107
2882,CCXI,Financial Services,Shell Companies,NASDAQ,89.6,51,85,87,39,11.93,667842987.2512817,55700000.0,0.1014,-39.41,2518180,2129856,2577276,
2883,TRVI,Healthcare,Biotechnology,NASDAQ,89.57,51,91,93,92,13.18,1981838926.569912,142475841.0,0.094,-34.82,2274030,1796093,1689848,
2884,STRRP,Industrials,Staffing & Employment Services,NASDAQ,89.56,51,57,60,69,9.19,,,8.16,-15.84,6548,5386,5389,0.546
2885,AEO,Consumer Cyclical,Apparel Retail,NYSE,89.56,51,30,50,82,17.89,2967723574.0120316,167573333.0,0.1274,-37.14,5852410,7192613,6005758,0.075
2886,CNA,Financial Services,Insurance - Property & Casualty,NYSE,89.54,51,63,72,60,46.21,12539647044.810425,270600928.0,0.1479,-17.05,593180,548720,493580,0.03
2887,ALCO,Consumer Defensive,Farm Products,NASDAQ,89.54,51,55,63,78,38.27,284205082.09784317,7418561.0,0.0327,-14.97,20220,20590,20758,0.077
2888,BGX,Financial Services,Asset Management,NYSE,89.53,51,39,38,36,10.62,133945218.01521778,12708275.0,0.0004,-11.79,86912,76267,67816,
2889,EDF,Financial Services,Asset Management,NYSE,89.52,51,67,71,65,4.84,158940465.86102152,32174183.0,0.0085,-14.64,160349,140583,122961,
2890,IGIC,Financial Services,Insurance - Diversified,NASDAQ,89.52,51,65,76,68,24.94,1045530214.2594738,42466701.0,0.0186,-15.7,122840,87840,95686,0.08
2891,LND,Consumer Defensive,Farm Products,NYSE,89.52,51,39,32,60,3.7,349650253.119993,99615457.0,0.0016,-16.85,70600,58206,53970,-0.15
2892,IQMX,Technology,Computer Hardware,NASDAQ,89.51,51,40,68,53,10.87,4908093345.897484,474211900.0,2.29,-28.01,237470,352930,355106,0.277
2893,QNST,Communication Services,Advertising Agencies,NASDAQ,89.45,51,88,81,24,15.02,856634193.5202942,57223392.0,0.14770001,-32.62,1038030,1058686,1046568,0.427
2894,PVH,Consumer Cyclical,Apparel Manufacturing,NYSE,89.45,51,31,39,76,78.21,3484790470.169403,46137833.0,0.139,-22.37,810200,1028003,962662,-0.032
2895,SID,Basic Materials,Steel,NYSE,89.43,51,29,14,23,1.23,1538268934.2568393,1326093947.0,0.0054,-44.09,11137410,8572260,6881778,0.057
2896,EPM,Energy,Oil & Gas E&P,NYSE ARCA,89.42,51,24,33,58,3.64,143816566.0151024,40172226.0,0.08270001,-27.63,356140,520243,546130,0.147
2897,FLGT,Healthcare,Diagnostics & Research,NASDAQ,89.42,51,55,58,17,20.58,591028481.0444984,27515293.0,0.1353,-33.7,287620,314693,314930,0.044
2898,BDC,Technology,Communication Equipment,NYSE,89.42,51,50,24,65,113.21,4394733324.082848,39078191.0,0.16700001,-29.24,366600,413440,428140,0.116
2899,ZVRA,Healthcare,Biotechnology,NASDAQ,89.41,51,76,83,62,10.73,593243958.5981312,59383781.0,0.097799994,-28.63,1075370,950953,1010628,0.533
2900,NWAX,Financial Services,Shell Companies,NYSE,89.39,51,41,41,37,10.05,501485984.8022461,49800000.0,0.0014,-3.27,75970,170326,120714,
2901,FWONK,Communication Services,Entertainment,NASDAQ,89.39,51,55,53,39,95.54,22864613066.898422,250708485.0,0.0402,-12.64,2487320,2203673,2154376,0.183
2902,DTIL,Healthcare,Biotechnology,NASDAQ,89.37,51,84,92,92,6.2,174165804.1606264,27601554.0,0.0825,-35.55,253280,255770,265010,
2903,COCO,Consumer Defensive,Beverages - Non-Alcoholic,NASDAQ,89.37,51,33,93,75,54.48,3238656714.0449524,57864153.0,0.12550001,-36.53,924000,1326100,1161292,0.281
2904,CCXIU,Financial Services,Shell Companies,NASDAQ,89.36,51,90,91,42,12.0,,,0.42,-45.14,5730,3716,8114,
2905,GGG,Industrials,Specialty Industrial Machinery,NYSE,89.35,51,33,25,48,78.89,12632398272.0,161953824.0,0.0431,-17.56,1413430,2226523,1902746,0.033
2906,ACAA,Financial Services,Shell Companies,NASDAQ,89.35,51,40,41,38,10.02,358609232.30589867,35682510.0,0.0001,-2.15,54060,43930,33848,
2907,PLD,Real Estate,REIT - Industrial,NYSE,89.32,51,57,70,75,128.68,122507478464.74475,950333372.0,0.0227,-16.09,3761400,3473620,3947720,0.123
2908,HHH,Real Estate,Real Estate - Development,NYSE,89.32,51,26,40,26,73.28,4242470635.1548004,59719462.0,0.1268,-19.53,969360,765743,634848,3.302
2909,GRPN,Communication Services,Internet Content & Information,NASDAQ,89.31,51,72,88,13,18.84,785246844.0423889,40665296.0,0.525,-36.99,925630,1081320,1239322,-0.008
2910,ANGH,Communication Services,Entertainment,NASDAQ,89.3,51,52,26,34,3.57,33775475.24772072,9064808.0,0.0007,-54.75,1550,21986,29234,0.053
2911,IEP,Energy,Oil & Gas Refining & Marketing,NASDAQ,89.28,51,53,56,58,6.63,4741803724.548517,710915093.0,0.107700005,-28.86,951610,811670,1106424,0.257
2912,YSXT,Industrials,Specialty Business Services,NASDAQ,89.27,51,28,5,9,1.23,39279239.78716135,31882500.0,0.0042,-60.83,5440,17576,28028,0.137
2913,PAMT,Industrials,Trucking,NASDAQ,89.26,51,54,77,18,11.55,256333220.88669777,20942257.0,0.0178,-34.93,17319,19336,19909,0.089
2914,MTG,Financial Services,Insurance - Specialty,NYSE,89.25,51,72,56,56,27.36,5528114594.497833,205124840.0,0.059499998,-14.21,2926490,2342720,2057508,-0.029
2915,PC,Industrials,Specialty Business Services,NASDAQ,89.24,51,59,60,69,9.4,30497781.762342453,3244445.0,,-29.06,0,0,0,-0.079
2916,EVF,Financial Services,Asset Management,NYSE,89.24,51,40,39,36,4.87,88307606.96599531,18170289.0,0.54,-12.09,68238,64902,58533,-0.237
2917,ETR,Utilities,Utilities - Regulated Electric,NYSE,89.22,51,63,73,80,103.25,48212527458.293396,477777482.0,0.0398,-12.83,3053070,2894820,2707928,0.059
2918,SPKLU,Financial Services,Shell Companies,NASDAQ,89.21,51,58,67,55,11.93,,,0.07,-32.6,72,34,20,
2919,PHI,Communication Services,Telecom Services,NYSE,89.2,50,36,32,38,18.09,3793939293.6137676,216055775.0,0.006,-26.19,302150,189906,159040,0.021
2920,TBLD,Financial Services,Asset Management,NASDAQ,89.2,50,61,61,70,20.24,648374826.0581589,32081883.0,0.1,-12.08,66149,73719,62503,
2921,AFL,Financial Services,Insurance - Life,NYSE,89.19,50,55,68,54,113.63,55919831917.9135,501343298.0,0.0299,-12.74,1714710,2151060,2097232,-0.01
2922,ATIIU,Financial Services,Shell Companies,NASDAQ,89.19,50,48,64,45,11.33,,,1.41,-77.78,120,123,238,
2923,BAC,Financial Services,Banks - Diversified,NYSE,89.19,50,77,71,71,54.09,375860224618.75,6992748365.0,0.0,-17.08,35668380,36499480,32844326,0.168
2924,WAY,Healthcare,Health Information Services,NASDAQ,89.19,50,34,20,17,26.4,4757278098.555298,191748416.0,0.091000006,-34.57,1896210,2195696,2497850,0.181
2925,D,Utilities,Utilities - Regulated Electric,NYSE,89.18,50,62,75,60,62.0,53923737141.03508,879525949.0,0.0254,-15.06,4419820,4748150,4258196,0.176
2926,HTLD,Industrials,Trucking,NASDAQ,89.17,50,66,90,72,11.33,920258041.39995,77332611.0,0.0776,-31.91,644620,701923,748544,-0.125
2927,IPWR,Technology,Semiconductors,NASDAQ,89.17,50,61,80,17,3.95,66560355.884661674,16434655.0,0.0428,-57.53,112460,176670,195428,3.549
2928,IIPR,Real Estate,REIT - Industrial,NYSE,89.17,50,64,83,59,50.26,1392904564.101162,27571349.0,0.2092,-23.13,549120,410833,368632,0.007
2929,BILL,Technology,Software - Application,NYSE,89.15,50,71,38,24,43.96,3719773139.75457,85276782.0,0.17559999,-23.16,1553920,1751733,2113408,0.138
2930,DYNCU,Financial Services,Shell Companies,NASDAQ,89.15,50,37,38,36,10.95,,,0.0,-23.43,67,31,18,
2931,DAAQU,Financial Services,Shell Companies,NASDAQ,89.15,50,62,54,37,10.51,,,4.13,-12.05,171,247,248,
2932,FSCO,Financial Services,Asset Management,NYSE,89.14,50,54,25,24,5.04,1033597912.9559112,202269645.0,0.0101,-29.51,1126520,958316,927956,
2933,BIRD,Technology,Software - Infrastructure,NASDAQ,89.12,50,11,18,98,3.17,39737934.55762124,11809193.0,0.1415,-86.96,885870,712123,569230,-0.931
2934,DGICA,Financial Services,Insurance - Property & Casualty,NASDAQ,89.11,50,61,58,31,18.19,678169299.1318588,37119282.0,0.049099997,-13.63,111720,109826,120732,-0.024
2935,PCOR,Technology,Software - Application,NYSE,89.09,50,39,15,19,54.39,7742124587.032722,151955338.0,0.129,-33.92,3092000,2687510,3236648,0.158
2936,SAAQU,Financial Services,Shell Companies,NASDAQ,89.09,50,39,47,45,10.19,,,1.08,-6.51,2810,2023,1566,
2937,CRAI,Industrials,Consulting Services,NASDAQ,89.09,50,43,33,25,171.43,1069451437.4487305,6276860.0,0.0493,-24.58,135610,126476,131584,0.128
2938,FWONA,Communication Services,Entertainment,NASDAQ,89.09,50,55,55,39,87.73,20906580411.129684,250708485.0,0.0462,-11.85,207030,188020,169066,0.183
2939,CRWV,Technology,Software - Infrastructure,NASDAQ,89.08,50,65,18,85,91.72,49428711786.08052,551536602.0,0.17639999,-40.13,25142990,26442796,29204154,1.125
2940,GLO,Financial Services,Asset Management,NYSE ARCA,89.07,50,55,62,66,5.43,231792926.5028038,42766222.0,0.0023999999,-12.14,127560,117250,111586,-0.066
2941,FTS,Utilities,Utilities - Regulated Electric,NYSE,89.06,50,56,65,68,52.94,27011282454.299927,510900000.0,20.28,-10.88,939140,775246,782634,0.041
2942,GCV,Financial Services,Asset Management,NYSE,89.05,50,62,72,70,4.13,83209119.4856968,20147486.0,0.001,-13.96,66422,39294,40640,-0.398
2943,GRNT,Energy,Oil & Gas E&P,NYSE,89.05,50,57,31,67,4.61,589594054.0662279,131900242.0,0.1076,-24.98,1265900,1571796,1246988,0.373
2944,ACFN,Technology,Scientific & Technical Instruments,NASDAQ,89.05,50,57,30,43,18.5,48210261.44029999,2534714.0,0.018099999,-37.39,36990,64876,58424,-0.294
2945,AGD,Financial Services,Asset Management,NYSE,89.05,50,62,61,66,11.36,296447788.4135113,26118747.0,0.68,-18.74,105882,89257,89468,0.187
2946,QSR,Consumer Cyclical,Restaurants,NYSE,89.04,50,69,59,72,70.24,24381677601.34018,348758065.0,0.0635,-14.3,2481140,3107870,2847612,0.046
2947,COLM,Consumer Cyclical,Apparel Manufacturing,NASDAQ,89.03,50,37,68,49,57.45,2931834243.8143845,51193194.0,0.17459999,-16.81,647780,662376,706716,0.015
2948,MDT,Healthcare,Medical Devices,NYSE,89.02,50,57,32,34,87.09,110491927424.94286,1279137890.0,0.0135,-18.09,26362690,14961046,11851060,0.137
2949,KEN,Utilities,Utilities - Independent Power Producers,NYSE,89.02,50,63,62,94,61.52,3152037021.992214,52108397.0,0.0031,-35.87,12550,14720,17232,0.934
2950,FORTY,Technology,Information Technology Services,NASDAQ,89.0,50,47,29,37,118.15,1740484704.5,15334667.0,0.89,-38.0,1910,846,652,0.053
2951,GBDC,Financial Services,Asset Management,NASDAQ,88.99,50,43,44,45,12.19,3256030916.155078,259651589.0,0.0535,-15.41,1777390,1438643,1325142,-0.14
2952,FNB,Financial Services,Banks - Regional,NYSE,88.98,50,62,67,72,17.28,6211571181.628941,355963949.0,0.081599995,-11.79,5047310,4206836,3971412,0.068
2953,SSD,Basic Materials,Lumber & Wood Production,NYSE,88.98,50,35,57,50,175.02,7113301307.859741,40984682.0,0.0296,-18.02,272600,289586,277518,0.063
2954,FIZZ,Consumer Defensive,Beverages - Non-Alcoholic,NASDAQ,88.98,50,32,34,29,30.02,2838318904.0718536,93612102.0,0.17709999,-21.43,387280,401770,373738,0.0
2955,CDW,Technology,Information Technology Services,NASDAQ,88.96,50,57,46,28,135.67,16663571872.189606,125017426.0,0.088,-15.99,1251260,1531080,1716294,0.1
2956,ARWR,Healthcare,Biotechnology,NASDAQ,88.95,50,95,96,98,61.54,9067124581.589539,141254467.0,0.0913,-35.55,1893320,2019573,1708238,1.71
2957,LSAK,Technology,Software - Infrastructure,NASDAQ,88.93,50,38,54,63,4.67,371618320.47214127,85824094.0,0.0042,-15.7,250090,159243,140572,0.118
2958,PLAB,Technology,Semiconductor Equipment & Materials,NASDAQ,88.91,50,59,35,95,30.82,1857820775.32662,58997167.0,0.1042,-44.96,794800,1363823,1166326,0.027
2959,SA,Basic Materials,Gold,NYSE,88.91,50,77,42,89,27.44,2909286621.450714,107871216.0,0.044,-31.5,510340,535353,663240,
2960,TPL,Energy,Oil & Gas E&P,NYSE,88.9,50,56,70,77,355.16,23464497578.165222,68974683.0,0.0896,-35.1,322610,362590,387572,0.312
2961,GRND,Technology,Software - Application,NYSE,88.88,50,79,66,27,13.94,2334411073.6558456,173820627.0,0.1588,-24.65,2048810,1523533,1610244,0.325
2962,EVTC,Technology,Software - Infrastructure,NYSE,88.87,50,60,36,35,29.05,1677921938.912445,61620344.0,0.066599995,-15.58,446790,448963,437860,0.197
2963,KPRX,Healthcare,Biotechnology,NASDAQ,88.86,50,56,37,39,2.5,11345766.146402359,4431940.0,0.00090000004,-15.25,9670,13393,14500,
2964,MSN,Technology,Consumer Electronics,NYSE ARCA,88.86,50,84,23,55,0.39,8206633.978982449,21042652.0,0.0219,-54.12,211080,403103,302834,-0.371
2965,PSA,Real Estate,REIT - Industrial,NYSE,88.86,50,48,67,54,285.85,53030549387.76764,186852295.0,0.0429,-14.81,886500,885743,893418,0.033
2966,OSW,Consumer Cyclical,Leisure,NASDAQ,88.85,50,42,69,75,23.28,2397399662.621109,101498712.0,0.0789,-20.4,820720,1003853,976478,0.085
2967,ZOOZ,Industrials,Electrical Equipment & Parts,NASDAQ,88.85,50,27,8,4,7.5,60873020.03614426,8009608.0,0.0017,-84.44,9590,31983,22154,
2968,WRB,Financial Services,Insurance - Property & Casualty,NYSE,88.85,50,53,59,34,69.65,25607276196.606163,371227529.0,0.0004,-11.79,2300120,3201590,2578502,0.012
2969,NRIM,Financial Services,Banks - Regional,NASDAQ,88.84,50,63,69,59,24.65,550780411.2514229,22244766.0,0.0421,-20.02,143440,140183,139584,0.083
2970,HLIT,Technology,Communication Equipment,NASDAQ,88.82,50,63,87,49,11.22,1218272198.9711094,109066445.0,0.0813,-36.54,1297700,1396993,1539188,0.535
2971,HTHT,Consumer Cyclical,Lodging,NASDAQ,88.82,50,51,37,84,42.05,13177661751.842926,315405987.0,0.045500003,-25.76,1455940,1434226,1518978,0.108
2972,BOBS,Consumer Cyclical,Specialty Retail,NYSE,88.82,50,73,64,15,14.68,1854449553.6015205,130687076.0,0.20979999,-37.51,934950,858596,978690,0.088
2973,PLMR,Financial Services,Insurance - Property & Casualty,NASDAQ,88.81,50,72,61,36,126.88,3328923666.4493637,26317683.0,0.0422,-14.05,230940,212400,227664,0.547
2974,MBINN,Financial Services,Banks - Regional,NASDAQ,88.79,50,51,52,59,18.9,,,1.21,-11.31,14100,9786,8836,0.371
2975,AVO,Consumer Defensive,Food Distribution,NASDAQ,88.77,50,60,48,69,12.75,1123160392.0313225,87678404.0,0.088,-17.9,872180,828853,769074,0.258
2976,RMTI,Healthcare,Drug Manufacturers - Specialty & Generic,NASDAQ,88.75,50,29,9,28,7.65,34863520.71249962,4030465.0,0.0228,-40.7,18280,22473,24704,0.106
2977,SSBI,Financial Services,Banks - Regional,NASDAQ,88.75,50,49,58,77,12.58,82485046.20061493,6766616.0,0.0019,-10.14,3770,4856,4540,-0.543
2978,PRGS,Technology,Software - Infrastructure,NASDAQ,88.74,50,71,55,12,37.2,1508257747.1690674,40874192.0,0.1673,-21.37,755910,614423,549270,-0.015
2979,AXIL,Technology,Consumer Electronics,NYSE ARCA,88.73,49,60,36,68,6.17,42065314.41015053,6817717.0,0.002,-37.42,14690,20143,25298,0.489
2980,CGNT,Technology,Software - Infrastructure,NASDAQ,88.73,49,30,48,55,8.83,645407363.2181664,73845238.0,0.0092,-28.27,484420,641206,586280,0.12
2981,HWM,Industrials,Aerospace & Defense,NYSE,88.72,49,55,80,85,231.6,92230801250.5934,398801399.0,0.0249,-25.29,2276680,3464560,2956390,0.241
2982,SWX,Utilities,Utilities - Regulated Gas,NYSE,88.71,49,61,64,71,83.32,5990547761.439758,72445853.0,0.0398,-11.8,704900,707393,600174,-0.096
2983,CSL,Industrials,Building Products & Equipment,NYSE,88.71,49,37,33,38,325.74,13079452416.782501,39714133.0,0.0695,-24.76,459890,619646,559266,0.083
2984,SKYW,Industrials,Airlines,NASDAQ,88.71,49,40,38,40,97.71,3824440908.9333572,39660281.0,0.065799996,-17.0,291060,328213,334252,0.065
2985,CXT,Industrials,Business Equipment & Supplies,NYSE,88.69,49,60,38,26,49.77,2807840338.8547363,57561304.0,0.19229999,-27.87,529440,529410,544162,0.22
2986,PUMP,Energy,Oil & Gas Equipment & Services,NYSE,88.68,49,81,91,96,9.53,1138577766.8143272,122823917.0,0.1681,-48.49,3923830,3800936,3674380,-0.062
2987,EXK,Basic Materials,Silver,NYSE,88.68,49,88,34,85,8.67,2546842632.3701534,296144479.0,2.13,-42.77,7612330,8022770,8385458,1.394
2988,FLOC,Energy,Oil & Gas Equipment & Services,NYSE,88.67,49,60,59,80,18.56,811735798.6818008,43972689.0,0.0939,-34.32,575340,573606,574244,0.221
2989,DORM,Consumer Cyclical,Auto Parts,NASDAQ,88.66,49,41,68,25,126.58,3651881478.6297607,29675618.0,0.0796,-22.82,258620,209890,256050,0.007
2990,FTHY,Financial Services,Asset Management,NYSE,88.65,49,46,49,49,12.73,463707378.66499615,36772989.0,0.0034,-11.72,155504,123014,112306,
2991,AEP,Utilities,Utilities - Regulated Electric,NASDAQ,88.65,49,55,68,74,121.67,65093591212.50311,544397352.0,0.047,-13.45,3939950,3855970,3883802,0.07
2992,GMED,Healthcare,Medical Devices,NYSE,88.65,49,33,56,82,76.43,10150200493.532578,134261914.0,0.061,-24.63,1514090,1453243,1428216,0.059
2993,CEPU,Utilities,Utilities - Regulated Electric,NYSE,88.64,49,56,68,80,12.72,1751302025.5981293,149940238.0,0.0025,-31.25,260350,257523,250696,2.247
2994,TFX,Healthcare,Medical Instruments & Supplies,NYSE,88.64,49,63,68,64,124.74,5259262032.019264,42372397.0,0.14819999,-13.97,837610,746500,708946,0.289
2995,PLMKU,Financial Services,Shell Companies,NASDAQ,88.62,49,36,56,43,10.76,,,0.26,-15.48,0,216,150,
2996,LPTH,Technology,Electronic Components,NASDAQ,88.62,49,71,87,98,10.87,773200219.408329,70036252.0,0.16440001,-42.61,2196930,3216700,3009472,0.733
2997,CINF,Financial Services,Insurance - Property & Casualty,NASDAQ,88.61,49,57,70,59,163.08,24855768919.372177,153478045.0,0.0286,-16.29,673380,628800,615034,0.316
2998,AURA,Healthcare,Biotechnology,NASDAQ,88.6,49,74,66,76,6.17,631562302.634098,103704809.0,0.0684,-35.29,917640,863020,826180,
2999,SKT,Real Estate,REIT - Retail,NYSE,88.6,49,56,73,66,34.94,4033291198.724655,114875851.0,0.0991,-17.85,1107010,898360,935336,0.115
3000,VOYG,Industrials,Aerospace & Defense,NYSE,88.58,49,70,29,19,30.88,1887628844.424591,61029060.0,0.19139999,-41.07,3689020,2106840,1977536,0.155
3001,SPKL,Financial Services,Shell Companies,NASDAQ,88.56,49,49,57,46,11.58,100268799.11938667,8658791.0,0.2384,-16.87,36040,28160,25416,
3002,MMT,Financial Services,Asset Management,NYSE,88.56,49,46,39,52,4.24,236188738.82529688,54673317.0,1.13,-12.76,363562,295990,287798,0.021
3003,BRX,Real Estate,REIT - Retail,NYSE,88.55,49,51,71,72,27.46,8405232547.940002,306872316.0,0.0932,-16.43,3784470,3297453,2925796,0.043
3004,INTR,Financial Services,Banks - Regional,NASDAQ,88.55,49,18,15,67,7.03,2419493834.981201,441513472.0,0.042600002,-32.14,8411420,5388500,5527602,0.238
3005,PB,Financial Services,Banks - Regional,NYSE,88.55,49,57,56,45,67.1,8097510499.90464,120176771.0,0.0424,-13.08,1321400,1077776,1017124,0.259
3006,TOST,Technology,Software - Infrastructure,NYSE,88.54,49,65,30,19,30.25,17218620529.174805,578000000.0,0.0623,-23.85,8897350,8761750,9156288,0.231
3007,PPG,Basic Materials,Specialty Chemicals,NYSE,88.53,49,45,56,48,106.52,23374845339.20288,222300000.0,0.0336,-20.17,1603990,1614026,1673226,0.072
3008,ATHM,Communication Services,Internet Content & Information,NYSE,88.53,49,64,37,17,20.72,2367913868.6520977,115170911.0,0.0478,-28.72,413190,618546,688902,-0.319
3009,TFPM,Basic Materials,Other Precious Metals & Mining,NYSE,88.51,49,64,28,77,30.68,6305752904.644272,206003031.0,2.9,-26.43,419540,481373,530932,0.373
3010,EQX,Basic Materials,Gold,NYSE ARCA,88.49,49,60,25,90,11.38,12970478221.604479,1167459822.0,3.36,-39.98,12246860,12569403,14215282,1.693
3011,RTB,Technology,Software - Application,NASDAQ,88.49,49,92,96,17,8.73,133941412.21066475,14464515.0,2.28,-57.93,69350,138870,110560,3.503
3012,EXR,Real Estate,REIT - Industrial,NYSE,88.49,49,40,54,41,133.89,28151668603.5,211269558.0,0.0315,-15.73,1433920,1411383,1285958,0.038
3013,MPV,Financial Services,Asset Management,NYSE,88.48,49,38,28,39,16.35,172460261.9196968,10792257.0,0.9,-20.55,16076,20842,23935,-0.053
3014,SPOK,Healthcare,Health Information Services,NASDAQ,88.48,49,28,24,20,10.96,227798519.1116724,20918137.0,0.035,-33.37,130660,130703,153558,-0.019
3015,FFIN,Financial Services,Banks - Regional,NASDAQ,88.48,49,50,58,34,31.92,4607979568.75042,143327507.0,0.0837,-12.6,891310,780063,735328,0.098
3016,LKFN,Financial Services,Banks - Regional,NASDAQ,88.45,49,44,43,50,57.98,1468352601.2139893,24857840.0,0.1192,-11.39,179910,181866,170202,0.092
3017,CLDX,Healthcare,Biotechnology,NASDAQ,88.44,49,88,86,86,31.01,2485459657.843361,78529532.0,0.1353,-31.3,2178550,1639756,1357950,-0.97
3018,WTFC,Financial Services,Banks - Regional,NASDAQ,88.44,49,58,70,67,144.94,9783914822.585709,67465967.0,0.039300002,-13.32,491080,462966,505586,0.102
3019,NNDM,Technology,Computer Hardware,NASDAQ,88.43,49,36,27,54,1.57,343667586.92464125,210839011.0,0.048299998,-32.33,1597270,1760176,1804408,0.121
3020,HRZN,Financial Services,Asset Management,NASDAQ,88.43,49,59,29,18,4.58,315366325.0081358,68261111.0,0.0444,-33.14,310480,559543,617856,0.021
3021,RJF,Financial Services,Asset Management,NYSE,88.41,49,70,57,39,159.43,30433547588.80098,192361711.0,0.0446,-12.75,1152050,1277926,1156660,0.151
3022,VVR,Financial Services,Asset Management,NYSE,88.41,49,38,35,38,2.89,444843349.95737815,153925029.0,0.0008,-15.25,726876,748528,683269,-0.188
3023,HOV,Consumer Cyclical,Residential Construction,NYSE,88.4,49,46,60,32,114.58,680885153.5179291,5859597.0,0.095,-22.83,96240,109680,130610,-0.118
3024,SCHW,Financial Services,Capital Markets,NYSE,88.38,49,74,59,61,96.8,167226758266.28622,1729335714.0,0.01,-15.48,7771100,8411360,7820500,0.209
3025,BNL,Real Estate,REIT - Diversified,NYSE,88.38,49,67,78,74,18.63,3797387100.971489,204600604.0,0.1409,-19.35,1800750,1882750,2146436,0.083
3026,HY,Industrials,Farm & Heavy Construction Machinery,NYSE,88.37,49,55,29,54,32.13,559513611.2587509,17915902.0,0.0641,-22.2,172800,123750,122286,-0.15
3027,FINS,Financial Services,Asset Management,NYSE,88.37,49,51,54,50,11.96,399665539.2347517,33416851.0,0.0023,-11.08,65215,48598,44695,0.181
3028,PXLW,Technology,Semiconductors,NASDAQ,88.36,49,52,26,14,6.65,42527234.05921316,6049393.0,0.013200001,-56.87,22140,27226,32008,-0.597
3029,OMF,Financial Services,Credit Services,NYSE,88.35,49,68,53,56,56.18,6444623146.041805,115041469.0,0.0349,-21.9,982100,927200,935882,-0.027
3030,ABCB,Financial Services,Banks - Regional,NYSE,88.35,49,60,72,74,79.95,5465213707.996033,67107239.0,0.0591,-14.24,470520,456336,409288,0.036
3031,UBCP,Financial Services,Banks - Regional,NASDAQ,88.34,49,59,59,79,14.16,84828311.00120735,5735518.0,0.0015,-18.34,8053,6107,4722,0.092
3032,JJSF,Consumer Defensive,Packaged Foods,NASDAQ,88.33,49,38,24,19,79.44,1461835826.0,18681608.0,0.16360001,-19.46,201040,196350,221620,-0.062
3033,UHS,Healthcare,Medical Care Facilities,NYSE,88.32,49,39,21,34,177.08,10356324487.743988,58936515.0,0.065799996,-28.11,668680,719680,773082,0.083
3034,LNN,Industrials,Farm & Heavy Construction Machinery,NYSE,88.3,49,45,32,24,114.73,1162811984.2335129,10168885.0,0.111099996,-22.48,127020,161793,143174,-0.051
3035,EQT,Energy,Oil & Gas E&P,NYSE,88.3,49,41,30,60,52.47,31382136574.645996,625516000.0,0.040900003,-23.11,7426770,7436306,6904502,-0.039
3036,AVK,Financial Services,Asset Management,NYSE,88.27,49,56,61,59,11.69,510800977.74687195,44148746.0,0.0014,-11.97,215357,170912,157521,0.04
3037,CRI,Consumer Cyclical,Apparel Retail,NYSE,88.26,48,34,73,59,33.83,1159706339.7516823,36711185.0,0.191,-23.87,1316190,1503803,1390048,0.052
3038,CHSCP,Consumer Defensive,Farm Products,NASDAQ,88.26,48,38,39,51,26.03,,,0.14,-12.36,20984,17421,16816,0.186
3039,IR,Industrials,Specialty Industrial Machinery,NYSE,88.26,48,33,31,49,79.21,29515116445.62197,387999429.0,0.0397,-21.54,5355080,4421630,4337068,0.085
3040,VIV,Communication Services,Telecom Services,NYSE,88.26,48,31,55,89,12.64,18438648590.088646,1597803176.0,0.0083,-26.77,1324550,1372256,1566958,0.076
3041,TLN,Utilities,Utilities - Independent Power Producers,NASDAQ,88.24,48,29,71,69,373.11,15172420480.34668,47300000.0,0.0633,-17.06,1198380,896873,910420,1.112
3042,QRHC,Industrials,Waste Management,NASDAQ,88.23,48,24,29,9,1.36,28897212.820578575,21092856.0,0.0045,-43.57,18810,17950,23674,0.076
3043,NTRSO,Financial Services,Asset Management,NASDAQ,88.21,48,40,38,46,18.29,,,2.09,-10.76,69170,45490,41416,0.364
3044,NAAS,Consumer Cyclical,Specialty Retail,NASDAQ,88.2,48,65,76,14,3.08,56282693.786736965,17055362.0,0.0037,-27.61,17700,17480,18196,-0.317
3045,SYF,Financial Services,Credit Services,NYSE,88.2,48,62,39,68,72.16,23351864094.551697,325370840.0,0.077,-18.71,2664430,2985706,3060974,0.006
3046,AD,Communication Services,Telecom Services,NYSE,88.16,48,55,37,66,34.32,2974011175.2774353,86478954.0,0.081999995,-43.57,233010,260400,218846,0.895
3047,COCP,Healthcare,Biotechnology,NASDAQ,88.16,48,59,15,73,1.11,22152679.540729523,19263200.0,0.020399999,-45.32,40460,48943,64078,
3048,PAAS,Basic Materials,Gold,NYSE,88.16,48,68,36,89,45.92,18869264484.077454,414618000.0,1.41,-34.39,3002010,3583890,4181694,0.384
3049,SCI,Consumer Cyclical,Personal Services,NYSE,88.16,48,61,39,45,77.3,10513532937.994217,136291587.0,0.04,-15.05,1069060,933753,966352,0.036
3050,WAFDP,Financial Services,Banks - Regional,NASDAQ,88.16,48,52,51,57,15.39,,,0.67,-12.01,29132,20940,16396,0.056
3051,GAME,Communication Services,Electronic Gaming & Multimedia,NASDAQ,88.15,48,26,12,11,2.93,39723766.17601204,12897327.0,0.0881,-57.41,90820,155116,177661,1.372
3052,BUSEP,Financial Services,Banks - Regional,NASDAQ,88.14,48,45,42,43,25.21,,,1.57,-5.4,15294,9401,10376,-0.009
3053,AWK,Utilities,Utilities - Regulated Water,NYSE,88.14,48,62,38,34,128.04,25884450817.25,198728989.0,0.085200004,-12.08,1813290,1912433,2160028,0.062
3054,IBOC,Financial Services,Banks - Regional,NASDAQ,88.14,48,47,61,60,68.94,4343455110.007874,62191514.0,0.044299997,-12.13,374010,364390,342824,-0.0
3055,SELF,Real Estate,REIT - Specialty,NASDAQ,88.14,48,54,41,59,4.9,55393885.91076851,11421420.0,0.0016,-14.78,55280,37836,36296,0.006
3056,MCGAU,Financial Services,Shell Companies,NASDAQ,88.14,48,40,37,36,10.2,,,1.91,-9.33,476,328,711,
3057,SONM,Financial Services,Capital Markets,NASDAQ,88.13,48,8,34,6,3.99,6072937.086439133,1488465.0,0.0168,-76.49,15460,17316,15606,
3058,SIGI,Financial Services,Insurance - Property & Casualty,NASDAQ,88.12,48,65,73,35,84.82,5098520677.061371,59569119.0,0.0334,-15.52,486920,447906,448590,0.045
3059,OSS,Technology,Computer Hardware,NASDAQ,88.12,48,63,96,95,8.34,215981521.99443817,24940130.0,0.19370002,-60.06,845010,751453,852786,0.623
3060,SDHY,Financial Services,Asset Management,NYSE,88.11,48,46,44,50,15.31,377251025.2987976,24673056.0,0.42,-10.05,73672,67817,62944,
3061,BEP,Utilities,Utilities - Renewable,NYSE,88.11,48,59,64,84,29.42,8597873723.4406,303275965.0,0.0046,-22.82,1070180,1032093,977128,0.011
3062,SFBC,Financial Services,Banks - Regional,NASDAQ,88.1,48,66,49,48,43.05,118669264.67888641,2568043.0,0.0029,-12.52,3281,5230,9884,0.102
3063,DNP,Financial Services,Asset Management,NYSE,88.1,48,61,68,63,9.74,3606178941.2632904,376821218.0,0.0023999999,-12.72,1143434,898451,759278,0.043
3064,AIN,Consumer Cyclical,Textile Manufacturing,NYSE,88.09,48,55,77,33,59.31,1727235459.6636543,28371147.0,0.051599998,-22.97,222060,257556,287872,0.058
3065,FSI,Basic Materials,Specialty Chemicals,NYSE ARCA,88.08,48,24,34,32,6.33,77273615.33616066,12772498.0,0.0093,-36.0,12930,12070,17192,-0.331
3066,KRG,Real Estate,REIT - Retail,NYSE,88.07,48,56,78,72,24.13,4952793054.948013,203066551.0,0.1021,-19.35,2277110,2160773,2374516,-0.08
3067,MIY,Financial Services,Asset Management,NYSE,88.06,48,59,61,59,11.2,323536259.70983505,28964750.0,0.0037,-13.18,103674,78928,70666,0.039
3068,CLSK,Financial Services,Capital Markets,NASDAQ,88.04,48,65,39,30,12.29,3271849451.239237,256817073.0,0.42810002,-47.95,15272810,16731290,18829286,-0.305
3069,CTRE,Real Estate,REIT - Healthcare Facilities,NYSE,88.04,48,60,70,76,36.55,8577442943.422596,236293199.0,0.082100004,-16.21,2771820,2335770,2323052,0.435
3070,COMP,Real Estate,Real Estate Services,NYSE,88.04,48,77,90,25,9.29,7077683693.583231,767644630.0,0.060399998,-33.43,18097910,14996013,13293486,1.09
3071,IPM,Technology,Software - Application,NASDAQ,88.03,48,58,36,31,1.78,23203597.2470448,13035729.0,0.0053,-21.24,4750,6636,6276,0.129
3072,STAG,Real Estate,REIT - Industrial,NYSE,88.01,48,43,58,61,36.12,6950557880.602776,192803274.0,0.053200003,-15.23,1920500,1664703,1644984,0.081
3073,RTAC,Financial Services,Shell Companies,NASDAQ,88.0,48,40,38,30,10.43,325323833.6442032,31161288.0,0.0037,-10.85,74390,234863,181102,
3074,SON,Consumer Cyclical,Packaging & Containers,NYSE,88.0,48,59,68,77,48.02,4819167812.17841,98875003.0,0.1416,-20.85,947140,1138150,1059146,-0.013
3075,HCA,Healthcare,Medical Care Facilities,NYSE,87.99,48,32,27,73,432.2,92379025563.56812,216501500.0,0.046,-22.34,1078970,1381060,1361404,0.087
3076,PPT,Financial Services,Asset Management,NYSE,87.99,48,44,40,50,3.28,312505844.1671939,95567537.0,0.0008,-12.3,187278,130596,128065,-0.191
3077,DTI,Energy,Oil & Gas Equipment & Services,NASDAQ,87.97,48,48,23,78,2.41,80796291.61408997,35282224.0,0.0075,-48.61,82800,168910,197866,-0.034
3078,L,Financial Services,Insurance - Property & Casualty,NYSE,87.97,48,54,67,66,106.46,21675470902.054443,204427720.0,0.0287,-12.02,1009360,991903,868250,0.039
3079,LYTS,Technology,Electronic Components,NASDAQ,87.95,48,27,77,50,20.94,791803390.0,37261336.0,0.081199996,-23.46,311480,410056,393906,0.513
3080,AMH,Real Estate,REIT - Residential,NYSE,87.95,48,50,61,31,30.47,10888002557.295122,359815019.0,0.0467,-13.12,3596280,2955043,2639746,0.028
3081,EPAC,Industrials,Specialty Industrial Machinery,NYSE,87.94,48,40,30,28,35.7,1822545672.2280579,51137646.0,0.0494,-20.67,448180,424986,388592,0.056
3082,AXSM,Healthcare,Biotechnology,NASDAQ,87.93,48,75,92,85,174.34,9389261626.5,52380818.0,0.0929,-33.0,932450,704836,699714,0.455
3083,TLSI,Healthcare,Medical Devices,NASDAQ,87.91,48,65,29,25,4.27,266002282.56998062,61574600.0,0.0717,-46.29,553220,361416,296396,0.017
3084,ACGL,Financial Services,Insurance - Diversified,NASDAQ,87.91,48,54,62,56,94.82,31939045672.925674,341229126.0,0.025,-11.46,3822040,3897153,3002566,-0.105
3085,IRS,Real Estate,Real Estate Services,NYSE,87.9,48,50,50,62,14.27,1130249277.595067,84599499.0,0.0178,-25.44,198230,185790,158336,0.041
3086,BOC,Industrials,Conglomerates,NYSE,87.9,48,52,59,31,13.02,397971938.0092373,30126566.0,0.0834,-14.45,160090,161206,140578,0.024
3087,AMT,Real Estate,REIT - Specialty,NYSE,87.89,48,33,33,32,164.78,75578718363.60278,465960048.0,0.015,-15.96,2741400,2515866,2562172,0.047
3088,BCS,Financial Services,Banks - Diversified,NYSE,87.88,48,76,79,74,23.67,79145529450.99979,3338065479.0,1.92,-17.5,4952780,4381130,4091316,0.156
3089,GDOT,Financial Services,Credit Services,NYSE,87.88,48,54,66,65,12.4,712314737.5,56985179.0,0.0298,-9.82,500610,363446,383238,0.183
3090,POLEU,Financial Services,Shell Companies,NASDAQ,87.85,48,33,36,57,10.78,,,0.62,-12.07,21,79,53,
3091,ACV,Financial Services,Asset Management,NYSE,87.85,48,59,71,66,24.64,251895753.68107605,10396028.0,0.65,-15.16,36645,28545,31777,
3092,MTX,Basic Materials,Specialty Chemicals,NYSE,87.83,48,53,62,70,65.98,2067883669.1597443,31128762.0,0.047399998,-21.77,160440,182346,211332,0.037
3093,WIW,Financial Services,Asset Management,NYSE,87.82,48,42,44,51,7.93,488861224.64606285,61184135.0,0.56,-12.08,373934,338558,310048,-0.0
3094,WFRD,Energy,Oil & Gas Equipment & Services,NASDAQ,87.82,48,68,51,91,79.94,5714763603.466644,71685443.0,0.0659,-29.35,878200,1022686,935114,-0.082
3095,BSY,Technology,Software - Application,NASDAQ,87.81,48,22,20,19,35.97,9736453674.18285,302092889.0,0.086899996,-37.17,2507430,2609193,2668378,0.128
3096,TOL,Consumer Cyclical,Residential Construction,NYSE,87.8,48,33,63,66,138.0,12588201726.242065,92147000.0,0.0519,-18.03,1191420,1054343,991984,-0.097
3097,RTX,Industrials,Aerospace & Defense,NYSE,87.78,48,68,65,76,183.29,248903964162.64453,1347758144.0,0.0101,-19.21,3756630,3890616,4280268,0.145
3098,FTEK,Industrials,Pollution & Treatment Controls,NASDAQ,87.77,47,59,31,24,1.67,51734312.299747586,31165249.0,0.0128,-51.59,110060,196356,173986,0.167
3099,SMMT,Healthcare,Biotechnology,NASDAQ,87.77,47,58,16,38,17.31,13366293912.01189,797749602.0,0.2626,-40.78,8352590,7172723,6268954,
3100,FERG,Industrials,Industrial Distribution,NYSE,87.76,47,35,37,72,223.33,43203795641.832504,193452717.0,0.0337,-17.78,1519690,1431720,2646088,0.046
3101,NGS,Energy,Oil & Gas Equipment & Services,NYSE,87.75,47,61,82,88,34.06,427836089.8325348,12898285.0,0.0378,-23.65,108490,110950,121684,0.242
3102,DLY,Financial Services,Asset Management,NYSE,87.72,47,45,43,44,13.31,652364919.1522007,48539058.0,0.77,-12.78,389320,256620,230904,
3103,FAF,Financial Services,Insurance - Specialty,NYSE,87.69,47,63,71,62,62.31,6380229171.37146,102100000.0,0.0687,-21.99,1105140,946580,806992,0.15
3104,RDZN,Technology,Software - Application,NASDAQ,87.68,47,35,34,27,1.22,103901379.296592,85165063.0,0.0385,-52.34,413370,373460,328136,0.49
3105,ANIX,Healthcare,Biotechnology,NASDAQ,87.68,47,39,32,28,3.02,102553217.55766726,34763802.0,0.032,-44.69,336510,372960,300486,
3106,ERC,Financial Services,Asset Management,NYSE ARCA,87.68,47,56,52,54,8.6,237896219.63798904,28053801.0,0.87,-12.07,77356,66518,62097,-0.047
3107,CSR,Real Estate,REIT - Residential,NYSE,87.67,47,27,31,53,55.45,915468382.5,16797585.0,0.080299996,-20.34,278620,334373,253620,-0.04
3108,GATX,Industrials,Rental & Leasing Services,NYSE,87.67,47,52,48,72,170.88,6038224026.643005,35305058.0,0.1145,-16.87,288790,238003,231728,0.348
3109,ORBS,Consumer Cyclical,Packaging & Containers,NASDAQ,87.66,47,24,6,14,1.06,498541769.6546316,429777400.0,0.0621,-91.81,14404980,14308083,14074926,-0.727
3110,HMN,Financial Services,Insurance - Property & Casualty,NYSE,87.65,47,67,76,56,45.51,1833077636.0603256,40501054.0,0.038,-18.09,339530,322193,292380,0.077
3111,PGR,Financial Services,Insurance - Property & Casualty,NYSE,87.65,47,51,62,29,212.05,122063922583.00781,580400000.0,0.0108,-13.67,3196330,2532616,2525564,0.073
3112,NGNE,Healthcare,Biotechnology,NASDAQ,87.64,47,94,95,81,25.45,513291940.6662636,20011382.0,0.19450001,-41.71,228180,289360,250554,
3113,WHLRD,Real Estate,REIT - Retail,NASDAQ,87.63,47,34,56,49,36.5,,,4.87,-13.1,390,396,298,-0.139
3114,PAYX,Technology,Software - Application,NASDAQ,87.63,47,66,54,17,101.02,35220708867.71295,355980473.0,0.0623,-21.84,3895770,3139823,2995424,0.059
3115,PGY,Technology,Software - Infrastructure,NASDAQ,87.63,47,83,36,19,18.05,1499996618.9506798,83425843.0,0.1435,-42.77,2938270,2343823,2696394,0.186
3116,MHO,Consumer Cyclical,Residential Construction,NYSE,87.63,47,48,68,35,133.29,3407141118.6761627,25283031.0,0.074,-18.56,191320,204510,208922,-0.085
3117,FRA,Financial Services,Asset Management,NYSE,87.61,47,46,37,34,10.37,371710603.30962753,35434758.0,0.0018000001,-20.48,189114,154534,154838,-0.206
3118,GRF,Financial Services,Asset Management,NYSE ARCA,87.6,47,52,43,39,9.86,40313213.154556274,3967836.0,0.0011999999,-16.79,1660,3376,2886,-0.191
3119,INR,Energy,Oil & Gas E&P,NYSE,87.6,47,59,27,63,13.5,240668578.63545227,18642028.0,0.17909999,-31.07,293890,300410,285450,1.296
3120,ZBH,Healthcare,Medical Devices,NYSE,87.59,47,44,40,43,89.68,16840230736.43557,190737689.0,0.059299998,-16.09,2133390,1954290,2187122,0.048
3121,KT,Communication Services,Telecom Services,NYSE,87.59,47,44,24,73,19.0,9020433141.392212,476263616.0,0.0104,-22.7,1767710,1371883,1521406,-0.101
3122,RMNI,Technology,Software - Application,NASDAQ,87.57,47,74,74,28,4.11,395829418.6325073,93356000.0,0.048600003,-27.64,371020,439936,444906,0.067
3123,BTT,Financial Services,Asset Management,NYSE,87.55,47,41,48,54,21.85,1395941551.3196354,63625411.0,0.0004,-5.98,140887,115925,95241,0.006
3124,EVG,Financial Services,Asset Management,NYSE,87.55,47,47,51,51,10.09,135107335.72665977,13456906.0,2.36,-11.02,51983,41711,43826,-0.163
3125,AB,Financial Services,Asset Management,NYSE,87.55,47,40,42,51,35.09,3257632665.0,93075219.0,0.0097,-20.45,356450,323190,300824,
3126,REG,Real Estate,REIT - Retail,NASDAQ,87.54,47,51,64,68,71.42,13111430885.78022,183120547.0,0.045100003,-14.63,1241360,1281403,1314546,0.089
3127,NPFD,Financial Services,Asset Management,NYSE,87.54,47,50,50,55,17.55,424563949.9956894,24164141.0,0.0064,-12.69,67237,60952,64691,0.068
3128,UPC,Healthcare,Drug Manufacturers - Specialty & Generic,NASDAQ,87.52,47,82,67,21,4.21,22609755.0,5024390.0,0.0152,-76.56,62010,244470,981646,-0.013
3129,INFQ,Technology,Software - Infrastructure,NYSE,87.5,47,36,15,35,12.54,2963445147.833107,225357052.0,2.52,-41.07,6952620,7893110,8598764,1.565
3130,HIFS,Financial Services,Banks - Regional,NASDAQ,87.49,47,62,42,65,286.4,632324602.31781,2197250.0,0.1472,-15.27,43270,40110,45340,1.08
3131,BLSH,Technology,Software - Infrastructure,NYSE,87.49,47,47,7,22,33.38,5190922814.160896,151648346.0,0.1511,-52.65,918770,1426430,1535564,0.688
3132,CBU,Financial Services,Banks - Regional,NYSE,87.49,47,56,68,59,59.58,3193259202.1930504,52615905.0,0.0541,-16.21,272020,271536,251464,0.12
3133,BCDA,Healthcare,Biotechnology,NASDAQ,87.48,47,34,12,16,1.06,15744332.702501297,15138782.0,0.0651,-41.11,120210,296786,276916,
3134,MUJ,Financial Services,Asset Management,NYSE,87.48,47,51,60,58,11.31,600991617.5442524,53185098.0,0.0057,-10.8,212447,147472,121041,0.02
3135,KYIV,Communication Services,Telecom Services,NASDAQ,87.48,47,66,81,46,12.59,2888354189.0850677,230883624.0,0.0521,-23.93,406690,401573,392212,0.194
3136,RF,Financial Services,Banks - Regional,NYSE,87.47,47,67,73,69,27.05,23087289937.585316,851929506.0,0.0859,-16.69,10646160,8765093,8333688,0.034
3137,NVS,Healthcare,Drug Manufacturers - General,NYSE,87.47,47,37,65,75,140.79,268000792440.0,1900714840.0,0.0027,-17.41,1938730,2324356,1995160,0.008
3138,WLTH,Technology,Software - Application,NASDAQ,87.47,47,29,18,29,10.55,1566449651.4963913,156176440.0,0.088599995,-28.47,2320680,3092390,2248876,0.008
3139,IVT,Real Estate,REIT - Retail,NYSE,87.46,47,57,77,70,29.75,2370544272.6535892,77978431.0,0.083500005,-20.07,734740,669406,654058,0.126
3140,TRI,Industrials,Specialty Business Services,NASDAQ,87.46,47,33,22,11,98.09,42294001100.80046,433251382.0,7.47,-40.3,1321550,1467990,1822546,0.095
3141,KLTR,Technology,Software - Application,NASDAQ,87.45,47,41,35,15,1.28,199842093.400949,152551223.0,0.02,-37.56,195920,231886,583726,0.055
3142,WTM,Financial Services,Insurance - Property & Casualty,NYSE,87.44,47,51,56,73,2037.25,4823372308.2052,2386721.0,0.0585,-12.68,14640,19650,20606,0.225
3143,IMRN,Healthcare,Biotechnology,NASDAQ,87.44,47,92,70,10,1.08,8797610.449405432,8071202.0,0.0225,-54.81,70760,4372483,2630656,0.072
3144,KBDC,Financial Services,Asset Management,NYSE,87.43,47,34,42,52,12.61,836699057.7382851,66037810.0,0.0083,-20.54,410539,361866,383335,
3145,SFBS,Financial Services,Banks - Regional,NYSE,87.42,47,64,60,46,38.72,4390202719.8472595,109345020.0,0.0647,-15.9,658290,656146,567278,0.301
3146,SABA,Financial Services,Asset Management,NYSE,87.42,47,43,41,50,7.86,212159215.40737152,26754000.0,0.00059999997,-14.38,86077,64759,53131,-0.232
3147,SBSW,Basic Materials,Other Precious Metals & Mining,NYSE,87.41,47,79,17,87,10.01,7204768544.274388,723370333.0,0.014400001,-52.98,5419440,5391863,5326302,0.643
3148,HON,Industrials,Conglomerates,NASDAQ,87.41,47,32,39,66,212.87,67821994480.90347,316940010.0,0.0234,-18.22,2172930,2899026,2967480,0.043
3149,SBSI,Financial Services,Banks - Regional,NYSE,87.4,47,54,68,65,30.19,915999211.7549896,29807980.0,0.036199998,-16.6,145320,135203,129098,0.083
3150,EMN,Basic Materials,Specialty Chemicals,NYSE,87.39,47,56,37,55,64.11,7416368348.017448,114326623.0,0.0675,-23.19,1297130,1142760,1110042,0.099
3151,YOU,Technology,Software - Application,NYSE,87.39,47,53,89,92,41.5,4275954007.4351006,102911049.0,0.1742,-39.92,1939260,1979890,1937926,0.266
3152,NRXP,Healthcare,Biotechnology,NASDAQ,87.39,47,83,92,53,2.94,125774201.89629817,43295767.0,0.2354,-41.84,675220,657616,901936,
3153,OIA,Financial Services,Asset Management,NYSE,87.39,47,46,54,56,5.74,268418282.6288638,47931837.0,0.001,-10.31,395642,208907,179020,0.044
3154,TIPT,Financial Services,Asset Management,NASDAQ,87.39,47,38,41,30,17.17,646108670.4058151,37239692.0,0.0345,-11.17,270250,207113,219174,
3155,ABX,Financial Services,Insurance - Life,NYSE,87.38,47,77,92,80,8.39,808741943.995739,97792249.0,0.1675,-32.56,701980,578960,580418,0.299
3156,CTOR,Healthcare,Drug Manufacturers - Specialty & Generic,NASDAQ,87.38,47,35,13,19,0.85,100471031.63925469,105758982.0,0.0172,-62.22,95280,96683,109592,
3157,CHH,Consumer Cyclical,Lodging,NYSE,87.38,47,39,36,49,103.06,4613383755.0,45008622.0,0.2951,-16.77,557430,572203,545726,0.071
3158,RTACU,Financial Services,Shell Companies,NASDAQ,87.37,46,41,37,29,10.74,,,0.0,-14.35,880,2693,2696,
3159,OMC,Communication Services,Advertising Agencies,NYSE,87.37,46,60,63,47,75.1,21133209868.284943,285006196.0,0.095699996,-16.15,2428660,2973550,2909956,0.634
3160,ZTR,Financial Services,Asset Management,NYSE,87.36,46,60,61,68,6.13,299461670.52737236,49993603.0,0.69,-13.78,193588,136066,124653,
3161,DPG,Financial Services,Asset Management,NYSE,87.36,46,61,65,73,13.05,461842777.4236393,35997099.0,0.0008,-13.86,121078,80899,69005,
3162,TVACU,Financial Services,Shell Companies,NASDAQ,87.36,46,42,40,43,10.7,,,0.39,-15.88,960,953,584,
3163,ZH,Communication Services,Internet Content & Information,NYSE,87.36,46,20,24,27,3.42,285657297.76971745,84264687.0,0.0189,-32.82,567140,576536,410530,-0.037
3164,USLM,Basic Materials,Building Materials,NASDAQ,87.35,46,48,23,71,111.81,3184695237.914955,28688363.0,0.0937,-20.95,134250,143850,152352,0.083
3165,TRT,Technology,Semiconductor Equipment & Materials,NASDAQ,87.35,46,98,97,93,6.11,63969738.09542084,10384698.0,0.0,-71.42,730120,339800,303976,0.399
3166,NCNO,Technology,Software - Application,NASDAQ,87.34,46,75,21,16,19.12,1975151762.5881195,105736174.0,0.18370001,-30.47,2073120,2544030,2412088,0.082
3167,OEC,Basic Materials,Specialty Chemicals,NYSE,87.34,46,32,23,30,5.72,327266425.05383015,56522699.0,0.043,-33.8,422620,418066,427190,0.074
3168,LXU,Basic Materials,Chemicals,NYSE,87.33,46,62,58,93,10.17,709895364.7216187,71997504.0,0.0688,-40.94,685550,756503,826886,0.111
3169,DTM,Energy,Oil & Gas Midstream,NYSE,87.32,46,55,79,76,124.6,12343850816.0,102015296.0,0.070700005,-18.5,834560,941666,970794,0.11
3170,LWLG,Basic Materials,Specialty Chemicals,NASDAQ,87.32,46,69,94,99,5.62,878753324.0949297,154167255.0,0.1691,-69.96,3287500,2789256,2922788,0.279
3171,TSLX,Financial Services,Asset Management,NYSE,87.3,46,35,27,31,17.27,1717129955.2123127,95343139.0,0.0548,-25.53,504090,441213,461334,-0.149
3172,AEBI,Industrials,Farm & Heavy Construction Machinery,NASDAQ,87.28,46,43,37,44,11.32,846651412.9286842,77603247.0,0.1911,-29.07,434010,388713,391786,0.787
3173,IGI,Financial Services,Asset Management,NYSE,87.27,46,40,42,48,15.33,94220195.32047749,5993651.0,0.001,-9.45,6945,17358,14563,
3174,STNE,Technology,Software - Infrastructure,NASDAQ,87.27,46,23,27,52,11.62,2202188329.5826263,230595632.0,0.0887,-40.84,7901320,6807586,5943238,0.016
3175,AVNW,Technology,Communication Equipment,NASDAQ,87.27,46,31,33,58,21.1,264735830.42671967,12801539.0,0.08140001,-21.91,109170,171286,159686,0.048
3176,MGY,Energy,Oil & Gas E&P,NYSE,87.27,46,60,57,79,23.94,6478960137.295349,269171592.0,0.1144,-26.92,5268630,4427860,4198240,0.501
3177,BRUN,Technology,Software - Infrastructure,NASDAQ,87.26,46,84,97,68,15.17,1312337669.1032314,79487441.0,2.22,-63.88,2096710,2273663,2352364,2.697
3178,WIA,Financial Services,Asset Management,NYSE,87.24,46,42,44,49,7.57,178182040.36614275,23322257.0,0.49,-11.36,65628,45189,37557,-0.013
3179,LOB,Financial Services,Banks - Regional,NYSE,87.23,46,62,72,67,36.49,1697683195.72464,46283620.0,0.0714,-18.06,213610,203736,208176,0.122
3180,MEGI,Financial Services,Asset Management,NYSE,87.23,46,60,64,68,13.56,694834598.7545586,52047534.0,0.24,-14.66,189777,148725,138599,
3181,VNT,Technology,Scientific & Technical Instruments,NYSE,87.2,46,33,19,42,32.84,4280431979.370117,135200000.0,0.1154,-31.87,1274350,1289716,1454554,-0.022
3182,RGCO,Utilities,Utilities - Regulated Gas,NASDAQ,87.19,46,36,65,56,21.62,227146312.85050964,10419556.0,0.0149,-22.76,12610,13176,14542,-0.009
3183,LAD,Consumer Cyclical,Auto & Truck Dealerships,NYSE,87.19,46,78,52,26,292.51,6765743369.806274,21983116.0,0.1336,-33.44,340840,288520,314084,0.022
3184,INKT,Healthcare,Biotechnology,NASDAQ,87.18,46,27,18,58,11.7,63481342.738695145,5103002.0,0.0224,-30.88,26850,17926,14232,
3185,ARI,Real Estate,REIT - Mortgage,NYSE,87.17,46,45,50,76,6.25,794914952.145484,128212093.0,0.0368,-44.4,3558860,2690160,2971430,5.249
3186,ACNT,Basic Materials,Specialty Chemicals,NASDAQ,87.16,46,65,65,39,13.86,124060171.93420029,9009453.0,0.018099999,-22.66,26690,31536,41792,0.376
3187,STRA,Consumer Defensive,Education & Training Services,NASDAQ,87.15,46,50,60,46,79.82,1770386630.5888367,22207559.0,0.103199996,-11.04,253340,289490,298314,0.049
3188,UNB,Financial Services,Banks - Regional,NASDAQ,87.15,46,52,40,34,22.9,113903343.43605804,4945868.0,0.0026,-13.29,3180,3780,5280,0.131
3189,TCI,Real Estate,Real Estate Services,NYSE,87.15,46,34,48,36,45.12,389564059.3880081,8773965.0,0.0156,-24.36,17630,58663,56698,0.058
3190,LSPD,Technology,Software - Application,NYSE,87.14,46,39,40,25,10.14,1269721953.980896,129299592.0,0.0481,-26.07,1186940,752110,786850,0.058
3191,GUT,Financial Services,Asset Management,NYSE,87.09,46,67,76,61,5.8,535667421.77849483,90028141.0,0.025999999,-17.96,320137,217162,199835,0.07
3192,BUI,Financial Services,Asset Management,NYSE,87.09,46,53,63,64,25.25,660269250.290659,26548823.0,0.0022,-18.02,105854,85184,79924,
3193,IONQ,Technology,Computer Hardware,NYSE,87.08,46,24,36,39,43.29,17732787848.576385,405135656.0,0.1004,-48.85,29176720,22300903,21613988,2.868
3194,ICL,Basic Materials,Agricultural Inputs,NYSE,87.07,46,62,24,28,5.08,6505220490.203002,1290718361.0,0.0052,-27.12,1112310,1172193,1167376,0.165
3195,MSGY,Industrials,Engineering & Construction,NASDAQ,87.07,46,3,6,1,5.01,9315751.834571362,2119625.0,0.15529999,-90.51,10932940,3691433,3133864,0.21
3196,BMA,Financial Services,Banks - Regional,NYSE,87.06,46,67,83,67,68.55,4127264581.6264343,63939030.0,0.0208,-35.42,395920,294543,306044,0.012
3197,BTI,Consumer Defensive,Tobacco,NYSE,87.06,46,36,63,66,53.01,113267936025.87814,2151746530.0,0.0016,-21.23,4615580,5075860,4746568,0.014
3198,AMPY,Energy,Oil & Gas E&P,NYSE,87.05,46,61,26,88,4.48,180750127.53503323,41456450.0,0.1016,-34.02,515470,537666,709706,-0.229
3199,HGBL,Financial Services,Capital Markets,NASDAQ,87.04,46,34,21,28,1.29,44684882.72861004,34639445.0,0.0023999999,-21.82,72950,132450,223972,-0.143
3200,VMRK,Real Estate,REIT - Residential,NYSE,87.04,46,55,69,38,60.37,46264254293.21594,773779120.0,0.027,-15.57,5045670,5945793,5476304,0.033
3201,FGBIP,Financial Services,Banks - Regional,NASDAQ,87.04,46,54,72,38,17.1,,,0.2,-20.32,6968,5309,5255,1.768
3202,TGS,Energy,Oil & Gas Integrated,NYSE,87.03,46,57,59,70,27.04,3765310856.5786667,150552212.0,0.0078,-25.61,246250,236310,228194,0.154
3203,MQ,Technology,Software - Infrastructure,NASDAQ,87.02,46,28,28,29,16.55,1722835623.2788925,104098834.0,0.0592,-25.72,1185710,854416,950126,0.17
3204,VST,Utilities,Utilities - Independent Power Producers,NYSE,87.02,46,32,30,46,160.5,46995641437.88826,335635195.0,0.0335,-26.07,7671270,5470846,5240446,-0.055
3205,DOV,Industrials,Specialty Industrial Machinery,NYSE,86.99,46,35,62,72,191.88,25547492209.059143,134680225.0,0.0357,-19.22,1246030,1315696,1181876,0.069
3206,VTOL,Energy,Oil & Gas Equipment & Services,NYSE,86.99,46,59,54,84,40.31,1193386870.2468872,29642000.0,0.0448,-19.99,194840,289723,262522,0.094
3207,GNL,Real Estate,REIT - Diversified,NYSE,86.96,46,59,61,77,8.14,1908372320.25,231317857.0,0.0,-18.88,3095450,2431190,2579636,-0.1
3208,NEXT,Energy,Oil & Gas Equipment & Services,NASDAQ,86.93,46,51,70,60,6.83,1724881610.9170842,266185433.0,0.14729999,-26.08,2525640,2470956,2581102,
3209,NAVI,Financial Services,Credit Services,NASDAQ,86.92,46,53,22,15,8.93,863762702.7904711,93989417.0,0.2867,-33.75,1272280,1380850,1333206,0.042
3210,FHN,Financial Services,Banks - Regional,NYSE,86.92,46,59,63,66,23.34,11095861076.506329,473777158.0,0.0001,-12.12,5250820,4917293,4919856,0.09
3211,NGG,Utilities,Utilities - Regulated Electric,NYSE,86.89,46,42,59,73,76.85,76529665225.12358,1005381798.0,0.0014,-18.8,951560,910166,857428,0.02
3212,KEY,Financial Services,Banks - Regional,NYSE,86.89,46,63,73,75,20.14,21427941282.904552,1067128554.0,0.0001,-16.33,14587310,13704746,12037256,0.101
3213,RIV,Financial Services,Asset Management,NYSE,86.86,46,43,57,57,10.47,322337331.87690544,30728059.0,0.040700004,-13.83,81845,129345,139795,
3214,LMT,Industrials,Aerospace & Defense,NYSE,86.85,46,56,37,73,510.12,116643955318.91098,230790753.0,0.0125,-26.28,1061070,1129723,1120448,0.105
3215,BPRE,Financial Services,Asset Management,NYSE,86.85,46,21,27,61,13.09,,,0.24,-28.33,1060892,948197,897520,
3216,FULTP,Financial Services,Banks - Regional,NASDAQ,86.84,45,35,39,52,17.21,,,0.37,-15.1,10009,8446,11051,0.137
3217,GLU,Financial Services,Asset Management,NYSE ARCA,86.84,45,58,58,67,17.71,104557874.32142258,5991855.0,0.00059999997,-18.35,8985,7198,7717,0.224
3218,BKU,Financial Services,Banks - Regional,NYSE,86.84,45,54,67,77,42.9,3090055037.7042503,71232249.0,0.066,-17.67,861070,921430,787532,0.042
3219,AX,Financial Services,Banks - Regional,NYSE,86.84,45,63,61,72,89.03,5045358994.883858,56734049.0,0.0804,-15.8,357980,377070,351934,0.181
3220,SHW,Basic Materials,Specialty Chemicals,NYSE,86.83,45,39,37,35,321.16,77563659196.69507,242758151.0,0.026500002,-14.99,1758080,1652250,1754234,0.075
3221,MELI,Consumer Cyclical,Internet Retail,NASDAQ,86.83,45,54,29,26,1857.99,86010169371.63574,50696802.0,0.0163,-23.48,675420,591120,553226,0.498
3222,BRT,Real Estate,REIT - Residential,NYSE,86.82,45,41,58,38,13.64,249950587.68453312,18793277.0,0.0304,-13.73,67710,57163,51284,-0.001
3223,TYG,Financial Services,Asset Management,NYSE,86.82,45,56,51,73,39.19,967994015.5029297,25400000.0,0.0019,-23.43,218044,154521,142546,-0.029
3224,PAHC,Healthcare,Drug Manufacturers - Specialty & Generic,NASDAQ,86.81,45,39,20,94,36.61,1512003763.8684425,40601603.0,0.0643,-39.06,225150,259140,231556,0.048
3225,CNX,Energy,Oil & Gas E&P,NYSE,86.81,45,59,30,70,33.24,4660224565.5,147943637.0,0.1451,-23.8,2031420,1907266,1737426,-0.181
3226,CCS,Real Estate,Real Estate - Development,NYSE,86.8,45,49,55,33,58.89,1702260929.0306854,28432620.0,0.0926,-22.51,198040,268153,249778,-0.073
3227,TAOX,Financial Services,Capital Markets,NASDAQ,86.79,45,23,12,34,4.56,33001096.07814789,7483242.0,0.0627,-54.4,182070,209446,170778,21.369
3228,CHA,Consumer Cyclical,Restaurants,NASDAQ,86.79,45,53,28,13,11.42,2094581232.1554794,190763326.0,0.0715,-35.33,716350,1195676,918064,0.025
3229,KIO,Financial Services,Asset Management,NYSE,86.79,45,47,51,44,10.38,424196473.3845997,40985165.0,1.27,-17.09,267518,210476,203689,
3230,SUZ,Basic Materials,Paper & Paper Products,NYSE,86.79,45,48,27,50,8.4,10468266137.0,1231560722.0,0.0113,-27.18,2846650,2887953,3196654,-0.128
3231,FOF,Financial Services,Asset Management,NYSE,86.79,45,50,60,63,12.44,347819300.0,27825544.0,0.0005,-17.29,86122,69800,61216,
3232,XYF,Financial Services,Credit Services,NYSE,86.78,45,30,15,7,5.08,182450889.43334484,36933378.0,0.005,-65.81,45700,72203,62730,-0.563
3233,ELAN,Healthcare,Drug Manufacturers - Specialty & Generic,NYSE,86.78,45,58,77,87,22.48,11057813462.780167,499449583.0,0.1012,-19.66,5950190,5433890,6722082,0.102
3234,GAB,Financial Services,Asset Management,NYSE,86.78,45,52,50,50,5.27,1799308082.206688,343379420.0,0.0,-16.44,1440345,1012641,881895,0.366
3235,INVH,Real Estate,REIT - Residential,NYSE,86.77,45,47,64,31,26.39,15379829345.771713,590623226.0,0.0361,-14.58,5124760,5188170,4636194,0.101
3236,ENSG,Healthcare,Medical Care Facilities,NASDAQ,86.76,45,39,35,78,172.06,10011756441.37445,58282434.0,0.0306,-21.07,341520,357186,352282,0.173
3237,AMX,Communication Services,Telecom Services,NYSE,86.76,45,47,74,86,22.36,63634748236.465454,2988950000.0,0.0058999998,-21.43,2719120,2852423,2870172,0.031
3238,NVST,Healthcare,Medical Instruments & Supplies,NYSE,86.76,45,72,66,83,23.27,3768091306.0900955,160617709.0,0.0714,-23.5,2515840,2684496,2920012,0.071
3239,AGX,Industrials,Engineering & Construction,NYSE,86.76,45,75,95,97,419.64,5385074066.471008,14029842.0,0.0952,-47.92,337620,416750,368832,0.615
3240,TPG,Financial Services,Asset Management,NASDAQ,86.75,45,60,27,21,44.97,7447159682.805679,166715021.0,0.075100005,-36.1,2666160,2562453,2903934,1.102
3241,HBANP,Financial Services,Banks - Regional,NASDAQ,86.75,45,38,35,48,15.75,,,0.71,-15.32,83808,78492,65731,0.476
3242,WWD,Industrials,Aerospace & Defense,NASDAQ,86.73,45,54,82,90,332.56,19580774540.090332,59045820.0,0.0202,-26.25,658360,728446,706550,0.212
3243,GS,Financial Services,Capital Markets,NYSE,86.73,45,75,81,77,897.18,262799665293.6123,291171408.0,0.0239,-22.25,2007950,2020283,2000416,0.425
3244,NBIX,Healthcare,Drug Manufacturers - Specialty & Generic,NASDAQ,86.72,45,51,83,54,145.51,14554128991.079163,101649181.0,0.0634,-21.82,1575520,1272990,1351308,0.395
3245,REGCP,Real Estate,REIT - Retail,NASDAQ,86.72,45,52,46,51,22.02,,,0.66,-11.03,8198,4106,3817,0.089
3246,SHMD,Industrials,Specialty Industrial Machinery,NASDAQ,86.71,45,21,46,86,4.43,304535461.21916294,66637954.0,0.0626,-58.4,2634590,1400396,1011224,-0.375
3247,WFG,Basic Materials,Lumber & Wood Production,NYSE,86.7,45,51,39,32,63.3,5207204163.0,78303822.0,12.5,-17.78,182070,210626,220810,-0.064
3248,RDN,Financial Services,Insurance - Specialty,NYSE,86.7,45,59,65,55,34.11,4309053886.884842,132301318.0,0.0505,-16.91,2374343,1546517,1335482,0.935
3249,IMNM,Healthcare,Biotechnology,NASDAQ,86.68,45,95,89,95,19.31,2366933191.398403,113250394.0,0.1672,-35.76,1635320,1270920,1223924,
3250,TCBI,Financial Services,Banks - Regional,NASDAQ,86.67,45,52,60,76,92.97,4076156930.3112717,43474369.0,0.1454,-14.64,627120,522556,471986,0.086
3251,BMRN,Healthcare,Biotechnology,NASDAQ,86.66,45,68,55,37,56.22,11068547598.694023,193573759.0,0.052199997,-20.79,2192050,2007333,2140464,0.199
3252,APEI,Consumer Defensive,Education & Training Services,NASDAQ,86.65,45,62,87,93,46.22,800326467.0122185,18301543.0,0.122,-24.96,255230,251746,288740,0.055
3253,HERZ,Financial Services,Asset Management,NASDAQ,86.64,45,41,67,57,14.97,30830837.461209297,2017725.0,0.0038,-47.1,17050,25276,24712,1.943
3254,VNO,Real Estate,REIT - Office,NYSE,86.64,45,47,73,22,33.52,6344537223.775681,188097756.0,0.0,-19.9,1425720,1334940,1389874,0.05
3255,MSCI,Financial Services,Financial Data & Stock Exchanges,NYSE,86.62,45,35,64,38,554.92,38963565887.45117,72700000.0,0.022,-13.94,568380,524316,578924,0.122
3256,ELS,Real Estate,REIT - Residential,NYSE,86.61,45,39,55,53,58.74,11304264056.75,194064619.0,0.0642,-14.87,1857380,1651860,1537984,0.064
3257,IBN,Financial Services,Banks - Regional,NYSE,86.61,45,55,37,30,28.02,98487786183.88225,3589204966.0,0.0114,-15.17,4673780,4985396,5072000,0.114
3258,AIG,Financial Services,Insurance - Diversified,NYSE,86.61,45,39,48,41,75.11,39180385312.74433,522893169.0,0.0233,-13.95,5413290,4659983,4002382,0.005
3259,SEG,Real Estate,Real Estate Services,NYSE,86.59,45,68,71,55,22.55,286677404.9298096,12809536.0,0.0866,-23.84,100920,72580,77250,-0.148
3260,BULL,Technology,Software - Application,NASDAQ,86.58,45,88,35,8,7.28,3961333563.7503433,539691210.0,0.0806,-49.81,9642170,14044193,13956850,0.519
3261,TFIN,Financial Services,Banks - Regional,NYSE,86.56,45,56,82,55,61.97,1485762317.952034,23894537.0,0.126,-25.8,246000,224493,204124,0.119
3262,AWX,Industrials,Waste Management,NYSE ARCA,86.54,45,56,40,28,2.5,9670591.434375763,3899432.0,0.0045,-53.96,5380,7316,55446,0.032
3263,MARPS,Energy,Oil & Gas Midstream,NASDAQ,86.52,45,36,60,72,4.25,8140000.343322754,2000000.0,0.0016,-34.51,7150,6006,4666,0.099
3264,DWSN,Energy,Oil & Gas Equipment & Services,NASDAQ,86.52,45,81,97,92,2.65,85713505.38383055,31055618.0,0.0442,-66.24,87800,86170,130152,0.818
3265,CI,Healthcare,Healthcare Plans,NYSE,86.52,45,38,58,31,274.37,71484978355.02081,264240486.0,0.0277,-12.11,1859950,1584046,1703808,0.067
3266,AHRT,Real Estate,REIT - Diversified,NYSE,86.51,45,51,71,28,6.04,449795757.41023254,74592992.0,0.045300003,-17.6,1847310,1081650,914924,0.039
3267,SHLS,Technology,Solar,NASDAQ,86.51,45,31,83,66,8.49,1396889617.100668,168299950.0,0.1172,-35.58,3712800,4321126,4844862,0.474
3268,BZ,Communication Services,Internet Content & Information,NASDAQ,86.5,45,42,25,20,15.11,6492637438.998184,437804280.0,0.066,-38.7,5348550,9066390,7031658,0.141
3269,AIR,Industrials,Aerospace & Defense,NYSE,86.5,45,86,86,90,104.03,4120308655.474098,40194211.0,0.041100003,-32.45,905710,556296,494670,0.241
3270,MAGN,Consumer Defensive,Household & Personal Products,NYSE,86.5,45,38,67,21,11.71,415452002.71606445,35600000.0,0.056799997,-24.55,366910,370980,422890,0.021
3271,UE,Real Estate,REIT - Retail,NYSE,86.47,45,40,72,70,19.6,2487016076.516884,126244466.0,0.0509,-18.71,950020,858026,827838,0.076
3272,RFI,Financial Services,Asset Management,NYSE,86.44,45,51,53,53,10.48,280729576.49474716,26761638.0,0.0011999999,-13.39,114065,90261,95061,-0.489
3273,PRPO,Healthcare,Diagnostics & Research,NASDAQ,86.44,45,72,60,97,23.45,41407046.93761444,1790188.0,0.045300003,-30.27,45820,130780,127506,0.242
3274,ATR,Healthcare,Medical Instruments & Supplies,NYSE,86.42,45,43,33,35,120.25,7624013411.231049,63581129.0,0.0347,-18.15,449290,428893,454810,0.063
3275,FOR,Real Estate,Real Estate - Development,NYSE,86.42,45,38,73,61,26.31,1313474874.75,51008733.0,0.0395,-17.94,187339,166103,141241,0.042
3276,GLRE,Financial Services,Insurance - Reinsurance,NASDAQ,86.4,44,55,70,84,14.65,489205108.0,33166448.0,0.032,-24.45,121790,134340,137184,-0.103
3277,SR,Utilities,Utilities - Regulated Gas,NYSE,86.4,44,55,41,70,78.17,4583607108.899391,59112807.0,0.0668,-17.98,481000,538950,505766,0.192
3278,RFL,Real Estate,Real Estate Services,NYSE,86.4,44,94,93,24,1.49,80079991.85635757,51999996.0,0.0366,-62.37,407590,219156,169608,-0.506
3279,SPH,Utilities,Utilities - Regulated Gas,NYSE,86.39,44,31,45,52,17.08,1112095496.3797512,66712387.0,0.0057,-17.88,217950,204606,214646,0.005
3280,DRD,Basic Materials,Gold,NYSE,86.38,44,65,25,85,24.41,2111078301.6191368,86875653.0,0.0337,-38.0,230020,270136,288214,0.498
3281,F,Consumer Cyclical,Auto Manufacturers,NYSE,86.38,44,61,70,62,12.28,48249909091.84703,3987595667.0,0.0,-30.93,42081450,45948300,46766574,-0.038
3282,AQST,Healthcare,Drug Manufacturers - Specialty & Generic,NASDAQ,86.37,44,70,31,68,4.61,570874819.3309288,125466988.0,0.22649999,-38.94,1951440,2344293,2888088,0.381
3283,PIM,Financial Services,Asset Management,NYSE,86.37,44,50,41,50,3.0,144071180.04952168,48184341.0,0.0002,-12.79,109365,79731,66823,-0.132
3284,JGH,Financial Services,Asset Management,NYSE,86.37,44,47,51,56,11.64,325978455.12166214,28125837.0,0.0023999999,-15.04,83791,66517,63302,
3285,AWF,Financial Services,Asset Management,NYSE,86.37,44,41,39,49,9.63,830391809.0082035,86229678.0,0.68,-13.48,344829,286193,286647,-0.046
3286,XWEL,Healthcare,Diagnostics & Research,NASDAQ,86.37,44,29,64,92,0.8,7093183.218540311,8444266.0,0.0211,-63.64,33710,34073,33172,-0.071
3287,CWCO,Utilities,Utilities - Regulated Water,NASDAQ,86.36,44,26,27,59,30.38,482787873.64157677,16012865.0,0.0477,-22.34,102270,90176,91556,-0.021
3288,RLI,Financial Services,Insurance - Property & Casualty,NYSE,86.36,44,61,55,30,56.04,5133781493.968964,91773000.0,0.1037,-16.51,767230,665950,700564,0.152
3289,DNLI,Healthcare,Biotechnology,NASDAQ,86.34,44,69,91,84,19.28,3196948060.0,159847403.0,0.11310001,-29.38,2061120,1684083,1546732,
3290,MCN,Financial Services,Asset Management,NYSE,86.34,44,50,40,54,5.27,110425657.00502396,20993470.0,0.23,-17.53,76837,58472,58185,
3291,DOCS,Healthcare,Health Information Services,NYSE,86.34,44,23,12,6,27.79,4978410275.796356,178245980.0,0.099300005,-62.41,2969720,2770826,4886138,0.073
3292,IDA,Utilities,Utilities - Regulated Electric,NYSE,86.34,44,55,69,70,132.68,7680844501.626205,57842043.0,0.1146,-14.35,739480,607380,559764,0.042
3293,TM,Consumer Cyclical,Auto Manufacturers,NYSE,86.32,44,39,27,61,185.57,214917445600.2535,1184183366.0,0.00090000004,-25.44,297570,318913,346958,0.104
3294,MIN,Financial Services,Asset Management,NYSE,86.31,44,40,40,37,2.31,265149885.85788345,113798238.0,1.02,-13.81,213393,266997,219248,-0.023
3295,KRC,Real Estate,REIT - Office,NYSE,86.29,44,41,72,26,33.9,3911471390.671402,116308988.0,0.125,-22.21,1263130,1340966,1296366,-0.06
3296,TFII,Industrials,Trucking,NYSE,86.29,44,70,87,81,113.94,9772751511.316612,82193031.0,7.26,-32.05,384510,257846,289318,0.124
3297,ALV,Consumer Cyclical,Auto Parts,NYSE,86.28,44,45,56,38,113.05,8191582609.698875,73237217.0,0.0722,-14.47,781930,677633,619290,0.033
3298,AWI,Industrials,Building Products & Equipment,NYSE,86.25,44,41,25,47,164.87,6893911970.758545,42262826.0,0.0419,-20.0,314570,348353,403360,0.112
3299,VBF,Financial Services,Asset Management,NYSE,86.22,44,38,41,47,14.19,161779258.49666977,11425089.0,0.0047999998,-10.53,51311,75260,71042,-0.042
3300,WPC,Real Estate,REIT - Diversified,NYSE,86.22,44,49,63,66,64.01,14698744268.313866,227816879.0,0.048299998,-17.11,1788420,1569700,1424294,0.184
3301,TR,Consumer Defensive,Confectioners,NYSE,86.22,44,40,37,72,37.36,2855444623.598694,75163056.0,0.078200005,-17.09,191280,165920,156798,-0.006
3302,CDE,Basic Materials,Gold,NYSE,86.21,44,80,33,91,17.17,18153331907.829567,1027934998.0,0.050100002,-38.17,35606550,34426013,36355496,1.259
3303,MSD,Financial Services,Asset Management,NYSE,86.2,44,51,50,53,6.69,135751909.7017622,20231283.0,0.63,-15.74,119065,78291,64001,-0.061
3304,DSU,Financial Services,Asset Management,NYSE,86.2,44,41,46,49,8.92,578511700.7601852,64782943.0,0.0134000005,-15.37,440328,314419,292523,-0.018
3305,VTEX,Technology,Software - Application,NYSE,86.19,44,30,33,31,3.8,622274350.6088233,170486119.0,0.047,-17.75,740230,723136,802752,0.095
3306,WDFC,Basic Materials,Specialty Chemicals,NASDAQ,86.19,44,34,79,37,204.17,2724750967.2611084,13421096.0,0.057600003,-31.69,122230,117810,114542,0.243
3307,FTF,Financial Services,Asset Management,NYSE ARCA,86.18,44,50,41,46,5.35,216976853.7559719,40405374.0,0.32,-16.67,272849,196136,195235,-0.048
3308,NNN,Real Estate,REIT - Retail,NYSE,86.16,44,54,68,60,40.51,7790662993.29784,190248177.0,0.0448,-18.98,2681000,2025380,1760376,0.077
3309,MHH,Industrials,Staffing & Employment Services,NYSE ARCA,86.15,44,64,61,33,6.86,85889955.295609,12012581.0,0.0099,-18.04,5470,7516,9822,-0.156
3310,DIBS,Communication Services,Internet Content & Information,NASDAQ,86.14,44,69,74,92,4.12,135133477.21883917,33615293.0,0.0506,-37.81,91010,108346,107118,0.053
3311,ECVT,Basic Materials,Specialty Chemicals,NYSE,86.14,44,33,65,92,10.37,1107820175.232336,109468398.0,0.048899997,-31.26,1083850,1242456,1279486,0.42
3312,AEE,Utilities,Utilities - Regulated Electric,NYSE,86.13,44,52,63,63,101.68,27667715180.826843,276843251.0,0.0498,-14.06,2361380,1771996,1703702,-0.062
3313,EAD,Financial Services,Asset Management,NYSE ARCA,86.11,44,41,40,51,6.03,356326798.4780655,59092336.0,0.003,-14.59,322725,262041,269107,-0.096
3314,HOS,Industrials,Marine Shipping,NYSE,86.08,44,67,78,85,7.72,2481930049.89624,327000000.0,3.27,-30.64,2855890,2683563,2206898,-0.113
3315,AEXA,Financial Services,Shell Companies,NYSE,86.08,44,54,57,39,10.92,550003134.0196705,49460714.0,0.006,-8.92,70240,69310,67538,
3316,JLS,Financial Services,Asset Management,NYSE,86.07,44,37,39,56,16.24,89597621.06266785,5476627.0,0.00090000004,-14.44,37714,23558,27596,
3317,TFC,Financial Services,Banks - Regional,NYSE,86.07,44,61,64,67,46.25,56744537364.626816,1221626188.0,0.0216,-17.7,7834810,7545966,7081820,0.082
3318,RMD,Healthcare,Medical Instruments & Supplies,NYSE,86.06,44,34,21,31,220.69,30784523814.43062,140639243.0,0.11350001,-22.53,989850,1270356,1362648,0.086
3319,FGC,Financial Services,Asset Management,NASDAQ,86.04,44,28,6,2,6.96,35364075.011577606,5095688.0,0.0625,-78.11,95128,102456,104233,0.169
3320,SSTI,Technology,Software - Application,NASDAQ,86.04,44,16,40,12,8.34,110293463.9498291,13240512.0,0.04,-31.3,621480,270370,232786,-0.077
3321,IOR,Financial Services,Mortgage Finance,NYSE ARCA,86.03,44,40,53,45,17.37,69125026.0,4066178.0,0.0058,-19.4,350,243,252,
3322,THRM,Consumer Cyclical,Auto Parts,NASDAQ,86.0,44,68,66,29,31.0,962131271.2479897,30739019.0,0.0915,-35.88,2771780,1117626,840158,0.11
3323,IART,Healthcare,Medical Devices,NASDAQ,85.97,44,71,91,23,13.32,986155399.8142853,77772506.0,0.120699994,-34.99,1069970,945796,902054,0.008
3324,FE,Utilities,Utilities - Regulated Electric,NYSE,85.95,44,52,57,70,44.26,25069207212.761593,578431175.0,0.069299996,-15.44,4588830,4240483,4375284,0.088
3325,ASND,Healthcare,Biotechnology,NASDAQ,85.91,44,81,78,78,226.05,14994675581.233154,65803642.0,0.0713,-19.88,854170,806000,700888,1.147
3326,SIM,Basic Materials,Steel,NYSE ARCA,85.91,44,29,53,64,28.7,4295631340.0,153415405.0,0.0001,-17.03,15220,5633,15510,0.156
3327,MDU,Utilities,Utilities - Regulated Gas,NYSE,85.9,44,53,63,73,18.95,3914603504.547119,210349456.0,0.10609999,-17.54,2068770,1935860,1777698,0.069
3328,OTLY,Consumer Defensive,Packaged Foods,NASDAQ,85.9,44,82,20,64,10.51,336674327.98678017,31912258.0,0.029000001,-36.01,64870,60263,89374,0.152
3329,H,Consumer Cyclical,Lodging,NYSE,85.89,44,36,73,66,159.12,14974216775.22461,94236736.0,0.2868,-23.08,771260,763150,822632,-0.066
3330,ACGLO,Financial Services,Insurance - Diversified,NASDAQ,85.89,44,34,34,49,18.44,,,1.14,-16.41,43510,40120,33480,-0.105
3331,RELX,Industrials,Specialty Business Services,NYSE,85.89,44,30,23,20,34.03,58091532696.75188,1738226687.0,0.0039,-27.93,1905100,2032226,2212958,0.027
3332,WTW,Financial Services,Insurance Brokers,NASDAQ,85.89,44,68,36,29,291.98,26803768377.141235,92871937.0,0.030199999,-17.24,558330,520820,553630,0.091
3333,BLW,Financial Services,Asset Management,NYSE,85.87,44,43,41,38,11.81,458241040.5205765,39099064.0,0.0061000003,-16.6,310575,214421,182123,-0.084
3334,USAS,Basic Materials,Other Industrial Metals & Mining,NYSE ARCA,85.87,44,70,32,96,4.47,1494656679.6793785,338157614.0,0.0659,-57.43,3430960,3901103,4347526,0.721
3335,ZDGE,Communication Services,Internet Content & Information,NYSE ARCA,85.86,44,57,36,35,2.98,47055234.0,15685078.0,0.0064,-36.6,67500,93676,83030,0.03
3336,BCO,Industrials,Security & Protection Services,NYSE,85.86,44,35,40,51,103.5,4192228776.074524,41181028.0,0.2051,-24.1,427900,426326,455450,0.071
3337,AZIO,Technology,Software - Infrastructure,NASDAQ,85.82,43,18,93,23,1.18,20502451.88864708,17374960.0,0.0757,-75.97,137860,658316,613574,1.543
3338,WMT,Consumer Defensive,Discount Stores,NASDAQ,85.81,43,30,53,71,107.2,827172400034.9705,7933746241.0,0.0183,-20.69,22878900,23320076,24857410,0.059
3339,UTG,Financial Services,Asset Management,NYSE ARCA,85.8,43,52,59,72,36.56,3249611052.3620605,92109160.0,0.0017,-16.72,445366,369015,335413,-0.038
3340,UHT,Real Estate,REIT - Healthcare Facilities,NYSE,85.79,43,57,64,67,37.42,508969793.2346039,13898684.0,0.0438,-19.18,200620,135223,122458,0.007
3341,BTZ,Financial Services,Asset Management,NYSE,85.78,43,41,42,50,9.43,874450151.4098635,93324457.0,0.0026,-15.65,474160,416950,366982,-0.087
3342,REGCO,Real Estate,REIT - Retail,NASDAQ,85.78,43,52,43,49,20.8,,,0.76,-14.19,4104,3991,3226,0.089
3343,CBIO,Healthcare,Biotechnology,NASDAQ,85.78,43,89,68,88,13.57,531942594.26368713,37146830.0,0.1574,-50.49,405380,463566,361642,
3344,FFC,Financial Services,Asset Management,NYSE,85.76,43,49,51,50,14.85,719777746.0237503,48177896.0,1.01,-12.65,156907,130469,113871,0.012
3345,SPE,Financial Services,Asset Management,NYSE,85.75,43,41,38,49,12.66,139421034.69565964,11021426.0,0.42,-19.26,43268,37389,32889,0.176
3346,PRMB,Consumer Defensive,Beverages - Non-Alcoholic,NYSE,85.75,43,55,68,26,19.22,7061521767.39234,361943705.0,0.32759997,-26.67,3418080,4260036,4381224,0.038
3347,CCU,Consumer Defensive,Beverages - Brewers,NYSE,85.72,43,54,28,30,11.09,1960625511.7700195,185139328.0,0.030299999,-27.8,132402,139980,129844,0.048
3348,MRSH,Financial Services,Insurance Brokers,NYSE,85.71,43,52,36,27,171.74,81154547071.01343,477211268.0,0.0123000005,-17.37,2682900,2631246,2480270,0.062
3349,ODFL,Industrials,Trucking,NASDAQ,85.71,43,38,84,80,178.02,37423722252.63693,207356622.0,0.0494,-29.37,1824990,1859256,1811346,0.104
3350,LSF,Consumer Defensive,Packaged Foods,NYSE ARCA,85.71,43,81,90,15,3.19,38727379.06697464,11192884.0,0.012200001,-45.84,22350,24620,33346,2.444
3351,WFC,Financial Services,Banks - Diversified,NYSE,85.71,43,61,51,47,81.51,243280737352.6864,3023999336.0,0.0,-16.62,13265720,13781680,13238062,0.095
3352,GRBK,Consumer Cyclical,Residential Construction,NYSE,85.69,43,43,57,39,67.0,2867093152.869873,43010696.0,0.00029999999,-19.45,326830,384566,331600,-0.087
3353,DBL,Financial Services,Asset Management,NYSE,85.69,43,41,40,39,13.32,270479639.07390594,19771903.0,2.28,-15.64,142366,92912,74233,
3354,MDXG,Healthcare,Biotechnology,NASDAQ,85.67,43,36,20,12,4.62,669838459.267807,145934300.0,0.0933,-42.03,1080050,1108533,1288238,-0.347
3355,DASH,Consumer Cyclical,Internet Retail,NASDAQ,85.67,43,62,34,23,193.62,81958302138.90927,433297937.0,0.0401,-32.18,4531410,4062733,4245068,0.356
3356,CAF,Financial Services,Asset Management,NYSE,85.67,43,59,79,71,17.72,236231311.87177658,13353946.0,0.5,-17.23,12651,10147,12846,
3357,CCJ,Energy,Uranium,NYSE,85.67,43,57,32,90,93.02,37098699284.13412,435532979.0,3.25,-31.22,3246510,3071246,3015840,-0.072
3358,ONL,Real Estate,REIT - Office,NYSE,85.63,43,54,73,76,2.33,137477765.63618708,57044714.0,0.0346,-23.61,239120,276370,282620,-0.074
3359,OPP,Financial Services,Asset Management,NYSE,85.63,43,48,51,52,6.95,173681398.73351097,24990130.0,0.54,-19.0,115952,118044,105242,
3360,RQI,Financial Services,Asset Management,NYSE,85.62,43,48,54,65,11.08,1487764082.0258074,134517543.0,0.00090000004,-18.35,833237,692749,613713,0.043
3361,NFG,Energy,Oil & Gas Integrated,NYSE,85.62,43,53,35,62,78.35,7264296945.575462,95045099.0,0.0627,-19.28,962320,781170,728696,0.011
3362,NIM,Financial Services,Asset Management,NYSE,85.57,43,41,47,52,8.7,108907723.75,12446597.0,0.001,-12.47,53487,34272,25543,0.012
3363,BHVN,Healthcare,Biotechnology,NYSE,85.55,43,86,80,18,12.08,1943933444.184411,151043781.0,0.1732,-34.93,2032640,3412230,2811966,
3364,ETX,Financial Services,Asset Management,NYSE,85.53,43,36,50,51,17.34,190683813.0246277,10902448.0,0.0018000001,-13.3,35004,27488,22904,
3365,PCAR,Industrials,Farm & Heavy Construction Machinery,NASDAQ,85.53,43,63,66,75,109.32,57731708205.673836,526364953.0,0.0271,-21.49,3504090,3266813,3339256,0.005
3366,LGIH,Consumer Cyclical,Residential Construction,NASDAQ,85.51,43,49,80,19,46.09,1118401896.8801422,23232279.0,0.2143,-30.43,297170,292670,309910,0.057
3367,PZG,Basic Materials,Gold,NYSE ARCA,85.51,43,67,37,97,1.19,103458461.31106973,86215381.0,0.004,-56.09,270950,312693,435442,
3368,MDGL,Healthcare,Biotechnology,NASDAQ,85.5,43,66,74,79,496.45,11538200383.383606,23104126.0,0.114700004,-19.28,256980,232100,293858,0.712
3369,GOODN,Real Estate,REIT - Diversified,NASDAQ,85.5,43,52,53,50,20.38,,,0.09,-14.76,6005,3971,3469,0.113
3370,PFGC,Consumer Defensive,Food Distribution,NYSE,85.47,43,43,77,35,93.78,14741250037.476448,157072459.0,0.0502,-20.17,1256130,1444243,1586930,0.073
3371,CPZ,Financial Services,Asset Management,NASDAQ,85.47,43,36,31,36,12.5,246384038.44454384,19632194.0,0.0014,-22.98,75269,64013,65273,
3372,UPS,Industrials,Integrated Freight & Logistics,NYSE,85.47,43,57,73,59,93.11,79139699901.62273,850781582.0,0.0343,-23.94,4895360,4623803,4918550,0.076
3373,CTRM,Industrials,Marine Shipping,NASDAQ,85.46,43,77,51,25,1.95,19324708.0,9662354.0,0.001,-26.69,36500,51910,49294,0.425
3374,ITRG,Basic Materials,Other Precious Metals & Mining,NYSE ARCA,85.45,43,42,22,80,2.66,535584926.082232,202873070.0,0.0235,-45.38,1541510,1857646,2271076,0.159
3375,BGH,Financial Services,Asset Management,NYSE,85.45,43,49,43,46,12.97,263682058.72824955,20082411.0,0.0016,-16.05,121736,88535,85739,
3376,MGF,Financial Services,Asset Management,NYSE,85.44,43,41,38,39,2.67,88319424.2732172,32590193.0,0.19,-14.7,54167,80722,68063,-0.073
3377,HYI,Financial Services,Asset Management,NYSE,85.42,43,38,40,46,9.78,125320945.91829205,12814003.0,0.93,-16.34,77977,67345,63515,
3378,JLL,Real Estate,Real Estate Services,NYSE,85.42,43,69,55,72,303.62,14115623245.106506,46007703.0,0.0214,-22.91,503050,384136,372610,0.108
3379,NXP,Financial Services,Asset Management,NYSE,85.41,43,41,51,52,13.22,837478783.4961414,63015710.0,0.0005,-9.76,483760,293153,235570,0.16
3380,APO,Financial Services,Asset Management,NYSE,85.4,43,53,35,27,115.95,67333729006.76583,590543159.0,0.0434,-24.36,3202030,2725623,3179342,0.638
3381,JRS,Financial Services,Asset Management,NYSE,85.4,43,56,68,60,7.3,214382137.0243206,28892471.0,0.0007,-17.98,95491,58730,59170,-0.064
3382,ABUS,Healthcare,Biotechnology,NASDAQ,85.38,43,76,68,67,4.48,881570518.5643282,198105743.0,0.13859999,-17.8,11962770,7007883,5420778,-0.906
3383,PCF,Financial Services,Asset Management,NYSE,85.38,43,40,36,37,5.05,95641061.99891567,18716450.0,0.0023,-20.47,188857,131765,110711,-0.358
3384,PFO,Financial Services,Asset Management,NYSE,85.38,43,46,46,52,8.53,112595772.37025642,13077326.0,1.99,-13.66,33549,25896,27037,0.01
3385,ACGLN,Financial Services,Insurance - Diversified,NASDAQ,85.37,43,36,36,53,15.23,,,0.66,-15.9,57712,66057,55920,-0.105
3386,MMD,Financial Services,Asset Management,NYSE,85.35,43,41,53,54,13.91,258029679.92172432,18779453.0,0.28,-12.07,157898,92856,79727,0.07
3387,TSI,Financial Services,Asset Management,NYSE,85.35,43,36,37,37,4.22,273332714.36950684,63713920.0,0.0032,-15.26,165540,156660,165582,0.082
3388,LSE,Energy,Oil & Gas Equipment & Services,NASDAQ,85.34,43,66,24,33,4.59,76612500.0,17025000.0,0.0029,-34.24,7230,4990,5990,-0.256
3389,FMY,Financial Services,Asset Management,NYSE,85.33,43,46,40,50,10.85,46639181.76425934,4213115.0,1.33,-12.22,4269,3616,3633,-0.27
3390,PDO,Financial Services,Asset Management,NYSE,85.33,43,40,50,51,12.08,1753903360.2762222,144831000.0,0.42,-15.23,1416493,1235074,1032608,
3391,G,Technology,Information Technology Services,NYSE,85.32,43,31,19,22,33.45,5593865562.870094,168034407.0,0.074099995,-31.23,1767410,1956350,2263452,0.071
3392,PHUN,Technology,Software - Application,NASDAQ,85.31,43,41,37,26,2.04,40925350.0,20462675.0,0.026400002,-34.87,56870,85200,84516,0.756
3393,NNI,Financial Services,Credit Services,NYSE,85.3,43,36,44,62,124.32,4431999083.3311615,35779438.0,0.0444,-13.89,123770,142736,143460,-0.305
3394,DAIO,Technology,Electronic Components,NASDAQ,85.3,43,26,74,28,2.93,30978968.65828085,10395627.0,0.0007,-34.74,19020,22006,32768,-0.134
3395,PSIX,Industrials,Specialty Industrial Machinery,NASDAQ,85.29,42,23,5,89,47.93,1034485397.3049164,23065450.0,0.1412,-55.0,329800,360716,439336,-0.205
3396,FMS,Healthcare,Medical Care Facilities,NYSE,85.29,42,39,49,34,22.42,11841880982.5,532219370.0,4.46,-18.89,758870,696596,750774,0.014
3397,GEG,Financial Services,Asset Management,NASDAQ,85.29,42,31,41,31,2.16,67731139.97139359,31357008.0,0.0539,-23.67,9170,18400,13330,0.883
3398,DUK,Utilities,Utilities - Regulated Electric,NYSE,85.28,42,43,54,59,115.66,88987409145.57397,779702193.0,0.0271,-14.0,4309420,3920080,4287826,0.011
3399,DIN,Consumer Cyclical,Restaurants,NYSE,85.27,42,58,85,47,29.52,378761768.9658165,12659150.0,0.1723,-25.6,837010,491863,397802,0.044
3400,TRMB,Technology,Scientific & Technical Instruments,NASDAQ,85.27,42,27,15,29,60.95,13408574679.589985,233111519.0,0.044299997,-27.8,2338290,3247000,3090250,0.11
3401,NPCT,Financial Services,Asset Management,NYSE,85.26,42,41,39,58,9.12,263108239.030838,28755000.0,0.008,-17.12,123450,103333,102954,
3402,AFYA,Consumer Defensive,Education & Training Services,NASDAQ,85.26,42,42,34,55,13.91,1081203823.1462326,88478216.0,0.28959998,-13.92,576040,379890,274050,0.057
3403,RMI,Financial Services,Asset Management,NYSE,85.25,42,52,61,63,13.77,87847140.01769829,6374974.0,3.29,-15.83,38858,20092,22235,
3404,OC,Industrials,Building Products & Equipment,NYSE,85.25,42,60,66,30,119.78,9356202168.127487,79048683.0,0.0342,-25.1,1030620,1112210,1004782,0.003
3405,CMI,Industrials,Specialty Industrial Machinery,NYSE,85.24,42,55,87,88,535.31,72730902780.12482,137664487.0,0.0304,-27.44,1055900,1099296,1063092,0.094
3406,EVI,Industrials,Industrial Distribution,NYSE ARCA,85.24,42,15,12,31,19.21,248426894.0706482,12878532.0,0.026600001,-39.65,51090,53766,80730,0.108
3407,ATNM,Healthcare,Biotechnology,NYSE ARCA,85.23,42,47,15,28,1.11,36786478.77067995,31441436.0,0.0226,-36.21,120330,139920,154328,
3408,CMPR,Industrials,Specialty Business Services,NASDAQ,85.22,42,65,90,84,73.65,1827184701.332611,24349476.0,0.1512,-30.9,203320,189986,202692,0.087
3409,GE,Industrials,Aerospace & Defense,NYSE,85.22,42,62,74,71,309.39,321187848991.1684,1037562513.0,0.0152,-20.43,4098540,4137460,3910086,0.211
3410,CCL,Consumer Cyclical,Travel Services,NYSE,85.2,42,22,32,62,26.58,34637157230.79684,1344610129.0,0.038399998,-21.89,32224860,25002160,22097772,0.035
3411,KHC,Consumer Defensive,Packaged Foods,NYSE,85.2,42,58,61,26,22.03,26313429823.31821,1185823758.0,0.109799996,-21.57,13838540,20769630,18266480,-0.014
3412,TII,Basic Materials,Other Industrial Metals & Mining,NYSE ARCA,85.18,42,93,64,97,2.44,241512001.10369968,98980326.0,2.52,-56.81,222660,277896,351660,0.573
3413,HIO,Financial Services,Asset Management,NYSE,85.17,42,39,47,51,3.28,312876413.72225285,95099215.0,0.39,-15.68,719446,540795,467337,-0.017
3414,DHF,Financial Services,Asset Management,NYSE,85.16,42,40,39,48,2.22,162202472.2073393,72736534.0,0.07,-14.94,458938,384272,358041,-0.067
3415,TAC,Utilities,Utilities - Independent Power Producers,NYSE,85.12,42,37,56,69,13.12,3906305120.6588745,316300000.0,0.0433,-26.62,1308890,1961246,1902264,0.125
3416,SHIM,Industrials,Engineering & Construction,NASDAQ,85.12,42,75,83,96,3.18,130207846.39209127,41335823.0,0.0136,-52.98,119580,180946,144340,-0.17
3417,BXP,Real Estate,REIT - Office,NYSE,85.11,42,51,62,25,59.79,9651541182.0121,159661556.0,0.103199996,-21.27,1240380,1337490,1376260,0.037
3418,SRTA,Healthcare,Medical Care Facilities,NASDAQ,85.11,42,66,63,45,4.75,418447994.0673704,88466806.0,0.0625,-26.92,923640,821403,945236,0.607
3419,YETI,Consumer Cyclical,Leisure,NYSE,85.11,42,34,83,51,40.25,2983052014.559555,72988796.0,0.1455,-25.45,1566720,1707320,1772240,0.085
3420,EFC,Real Estate,REIT - Mortgage,NYSE,85.1,42,60,61,50,11.67,1493804823.4066544,128887386.0,0.0752,-17.35,1959420,1468180,1337360,0.338
3421,RMCO,Financial Services,Asset Management,NASDAQ,85.1,42,68,36,86,2.5,38235223.87060356,15172708.0,0.0011999999,-50.0,5220,9253,12206,0.38
3422,PDT,Financial Services,Asset Management,NYSE,85.1,42,41,49,58,11.84,579401937.366128,49185225.0,0.36,-13.26,165692,142854,135312,0.032
3423,HYT,Financial Services,Asset Management,NYSE,85.1,42,36,40,40,7.81,1533955425.6949768,195657576.0,0.0021,-18.22,1378193,1064944,984498,0.147
3424,INTG,Consumer Cyclical,Lodging,NASDAQ,85.07,42,82,96,95,28.79,59887392.2433548,2148812.0,0.08930001,-44.63,45350,80453,95634,0.133
3425,NBHC,Financial Services,Banks - Regional,NYSE,85.04,42,56,66,62,38.26,1685510681.8970413,44285618.0,0.052800003,-19.08,638820,454193,426206,0.221
3426,FGBI,Financial Services,Banks - Regional,NASDAQ,85.03,42,62,64,71,8.5,137439878.08008003,16539094.0,0.074200004,-22.83,20770,22906,21200,1.768
3427,RPC,Financial Services,Asset Management,NYSE,85.02,42,30,26,17,7.97,840016900.1842117,110238440.0,0.048299998,-30.51,567060,557200,571744,0.113
3428,IREN,Financial Services,Capital Markets,NASDAQ,85.02,42,72,67,98,41.28,16455888479.065643,394058648.0,0.2171,-46.3,33840760,38530246,42121406,-0.267
3429,PFD,Financial Services,Asset Management,NYSE,85.0,42,49,51,52,10.6,137393828.93685246,12852557.0,0.67,-12.61,43014,37448,36264,0.012
3430,NXE,Energy,Uranium,NYSE,85.0,42,62,34,90,9.43,6034554909.0,670506101.0,8.89,-32.45,4475770,4239860,4786376,
3431,REYN,Consumer Cyclical,Packaging & Containers,NASDAQ,85.0,42,36,74,33,22.32,4704854653.911697,210790982.0,0.1181,-18.3,1391660,1582130,1447664,0.006
3432,TEX,Industrials,Farm & Heavy Construction Machinery,NYSE,84.99,42,62,67,71,56.77,6481952895.355225,114300000.0,0.0719,-23.99,1598340,1187986,1221296,0.505
3433,MUX,Basic Materials,Other Precious Metals & Mining,NYSE,84.98,42,67,36,93,18.1,1088500946.7961388,61358566.0,0.21059999,-39.06,1616020,1235713,1191660,0.268
3434,CURI,Communication Services,Broadcasting,NASDAQ,84.97,42,20,16,36,2.94,172673666.5730238,59338028.0,0.0598,-45.35,557310,766910,1252938,0.223
3435,PAI,Financial Services,Asset Management,NYSE,84.96,42,38,39,44,11.35,108234760.02844334,9510963.0,0.47,-12.36,20332,21907,19494,0.025
3436,NKTX,Healthcare,Biotechnology,NASDAQ,84.96,42,90,82,75,2.31,184433840.24033618,71624791.0,0.0612,-37.9,637050,586510,590240,
3437,CNP,Utilities,Utilities - Regulated Electric,NYSE,84.93,42,41,66,65,38.56,24893040286.596436,658720288.0,0.0907,-14.8,6935140,6542346,6455912,0.107
3438,RA,Financial Services,Asset Management,NYSE,84.93,42,49,53,56,11.6,641507001.5898056,55254696.0,0.28,-14.64,325835,254368,215973,
3439,GHY,Financial Services,Asset Management,NYSE,84.89,42,39,40,48,10.88,445247347.97237206,40961118.0,0.55,-16.05,229760,193596,179282,
3440,PPL,Utilities,Utilities - Regulated Electric,NYSE,84.89,42,40,40,63,33.7,24683470210.65385,752544841.0,0.054,-15.98,7844330,7192300,7681678,0.042
3441,WMG,Communication Services,Entertainment,NASDAQ,84.88,42,35,37,34,27.61,14027188735.105757,523109769.0,0.083900005,-22.05,2128550,1958736,2157476,0.104
3442,EHI,Financial Services,Asset Management,NYSE,84.87,42,39,42,52,5.39,165133588.12078285,30299742.0,0.00090000004,-17.96,154487,165675,150401,0.025
3443,NTIC,Basic Materials,Specialty Chemicals,NASDAQ,84.87,42,39,38,37,7.81,73122578.488698,9496439.0,0.0013,-22.13,3760,9506,7966,0.126
3444,FLC,Financial Services,Asset Management,NYSE,84.86,42,42,46,52,15.53,164172087.70551968,10456821.0,2.9288,-14.15,50235,37625,28979,0.008
3445,WFF,Industrials,Specialty Industrial Machinery,NASDAQ,84.85,42,17,72,6,2.01,21814013.520497322,9070276.0,0.0614,-81.23,538290,518050,3394628,-0.131
3446,WEA,Financial Services,Asset Management,NYSE,84.83,42,42,44,50,9.83,116876164.52636719,11865600.0,0.46,-13.92,39246,43558,36543,0.024
3447,MDA,Industrials,Aerospace & Defense,NYSE,84.82,42,28,45,64,30.25,4846089423.373215,162130797.0,3.65,-38.73,1206420,1286520,1236328,0.336
3448,OBDC,Financial Services,Asset Management,NYSE,84.81,42,37,35,33,10.03,5079368554.75948,493142569.0,0.038599998,-26.11,4607120,3456466,3873498,-0.174
3449,GEN,Technology,Software - Infrastructure,NASDAQ,84.81,42,75,67,18,22.8,13162928696.674301,598587032.0,0.0654,-27.96,17618280,10383493,8318204,0.063
3450,GTY,Real Estate,REIT - Retail,NYSE,84.81,42,62,76,78,27.89,1746502159.0508995,61932699.0,0.1535,-24.27,761540,669830,600242,0.109
3451,RLTY,Financial Services,Asset Management,NYSE,84.8,42,51,63,59,13.78,231270873.70418167,16722406.0,0.44,-16.03,74539,56329,52825,
3452,TSLA,Consumer Cyclical,Auto Manufacturers,NASDAQ,84.79,42,30,56,60,380.68,1463662754278.7854,3949547394.0,0.0195,-23.69,37318380,38309690,36905898,0.255
3453,TNDM,Healthcare,Medical Devices,NASDAQ,84.79,42,69,29,72,16.16,1148048665.5,69578707.0,0.2401,-45.5,2310840,1945296,2079594,0.058
3454,DFP,Financial Services,Asset Management,NYSE,84.78,42,45,51,53,18.9,392278424.5346775,20538137.0,0.04,-14.52,99077,88029,68989,
3455,JMM,Financial Services,Asset Management,NYSE,84.77,42,39,38,39,5.45,52799912.27807999,9462350.0,0.0043,-14.71,12631,9287,8940,-0.01
3456,HR,Real Estate,REIT - Healthcare Facilities,NYSE,84.76,42,53,79,59,17.04,6053731729.722515,346521578.0,0.0861,-22.69,4539900,4009000,3892212,-0.043
3457,WAL,Financial Services,Banks - Regional,NYSE,84.74,41,38,41,40,76.09,8333123692.665527,109100864.0,0.0,-21.74,1224290,1162786,1055606,0.136
3458,PMA,Industrials,Engineering & Construction,NASDAQ,84.74,41,22,40,10,1.23,200459253.10850143,162975000.0,0.00090000004,-54.44,28550,47820,170730,-0.623
3459,INMD,Healthcare,Medical Devices,NASDAQ,84.73,41,57,53,37,13.99,810797392.2605438,57544172.0,0.0464,-16.43,439070,494706,481614,-0.0
3460,APAM,Financial Services,Asset Management,NYSE,84.73,41,65,33,34,35.0,2476355658.8723717,70996433.0,0.0686,-24.78,1194260,947253,917680,0.089
3461,GIGM,Communication Services,Electronic Gaming & Multimedia,NASDAQ,84.73,41,31,35,29,1.38,15804695.470287204,11052235.0,0.0002,-19.77,2650,3606,4632,1.449
3462,WERN,Industrials,Trucking,NASDAQ,84.72,41,74,89,53,32.81,2120192373.0821228,59977156.0,0.11359999,-30.91,816350,838070,984648,0.24
3463,JHI,Financial Services,Asset Management,NYSE,84.71,41,42,49,52,12.08,106508585.12862396,8744547.0,0.0004,-15.35,27524,26321,21650,0.022
3464,CNDT,Technology,Information Technology Services,NASDAQ,84.71,41,42,21,15,1.62,256609316.29209518,155520800.0,0.0399,-42.14,1191310,1085173,1061234,-0.119
3465,XLO,Healthcare,Biotechnology,NASDAQ,84.71,41,52,36,26,9.0,59287180.0360775,6580153.0,0.0701,-28.49,7400,9706,11652,1.312
3466,ESOA,Industrials,Engineering & Construction,NASDAQ,84.7,41,43,91,92,11.31,205437587.0807476,18659181.0,0.0373,-43.28,103460,116453,150154,0.255
3467,PHK,Financial Services,Asset Management,NYSE,84.69,41,48,52,52,4.2,776834367.8517342,187189000.0,1.07,-16.0,1869887,1384149,1110537,0.199
3468,SIGIP,Financial Services,Insurance - Property & Casualty,NASDAQ,84.69,41,36,38,39,15.01,,,0.06,-19.3,8515,8575,7529,0.045
3469,NNY,Financial Services,Asset Management,NYSE,84.68,41,35,55,54,7.87,147877777.88910866,18886051.0,0.00029999999,-11.97,87344,65321,56918,-0.016
3470,NVMI,Technology,Semiconductor Equipment & Materials,NASDAQ,84.67,41,36,73,93,394.48,12599056340.01648,31806161.0,0.0699,-35.96,250190,505130,529798,0.159
3471,COYA,Healthcare,Biotechnology,NASDAQ,84.67,41,27,34,24,4.85,112832252.34773111,23457849.0,0.0511,-37.42,103700,131153,130912,0.49
3472,PAXS,Financial Services,Asset Management,NYSE,84.65,41,42,49,40,13.29,631365296.1883545,47152000.0,0.27,-19.75,309811,305120,262110,
3473,LYFT,Technology,Software - Application,NASDAQ,84.63,41,53,40,31,15.76,5852232263.980165,378540249.0,0.2021,-38.29,8039420,9648046,10271686,0.161
3474,CMP,Basic Materials,Other Industrial Metals & Mining,NYSE,84.63,41,63,82,83,22.7,931975434.828865,41980874.0,0.0692,-34.2,354490,387056,450586,0.003
3475,ASPC,Financial Services,Shell Companies,NASDAQ,84.63,41,42,32,34,10.79,25308988.70228958,2337581.0,0.042600002,-83.14,3000,8393,26284,
3476,MFM,Financial Services,Asset Management,NYSE,84.6,41,44,57,55,4.94,201407510.09085798,41187631.0,0.11,-12.87,807911,481550,403144,0.002
3477,BANF,Financial Services,Banks - Regional,NASDAQ,84.59,41,37,38,39,106.79,3630016768.4585114,33586387.0,0.0416,-17.18,157420,141590,133580,0.087
3478,UNIT,Real Estate,REIT - Specialty,NASDAQ,84.59,41,77,85,90,8.1,1951510076.140771,242725135.0,0.1879,-37.39,3170040,2330180,2339476,2.025
3479,LDP,Financial Services,Asset Management,NYSE,84.56,41,47,53,52,19.1,565009292.3342743,29079222.0,0.0014,-13.38,106209,87499,80057,
3480,XEL,Utilities,Utilities - Regulated Electric,NASDAQ,84.56,41,45,57,58,72.73,44598890401.51631,624634306.0,0.075,-13.65,5908690,5820440,5496592,-0.051
3481,COF,Financial Services,Credit Services,NYSE,84.55,41,62,35,37,195.82,119460720748.90137,613500000.0,0.018099999,-24.58,3538890,3388596,3394818,11.11
3482,DSL,Financial Services,Asset Management,NYSE,84.55,41,39,44,47,9.9,1141128110.5705404,114571095.0,0.0011999999,-19.77,909512,689334,618412,
3483,ISBA,Financial Services,Banks - Regional,NASDAQ,84.53,41,38,36,85,38.33,290812630.6114845,7628873.0,0.0421,-34.85,32526,54815,59443,0.083
3484,MLP,Real Estate,Real Estate Services,NYSE,84.53,41,34,38,37,15.64,311987325.80756664,19859155.0,0.0398,-21.49,11560,13983,17448,-0.196
3485,PSBD,Financial Services,Asset Management,NYSE,84.52,41,34,33,31,9.6,299462443.2010155,30651221.0,0.0197,-26.77,136930,112483,114346,
3486,VGI,Financial Services,Asset Management,NYSE,84.52,41,49,50,55,6.7,76363384.5,11313094.0,0.0047,-16.67,66950,44863,43082,
3487,AERO,Industrials,Airlines,NYSE,84.52,41,26,25,21,16.73,2245453514.60196,145903409.0,0.0078,-27.42,338950,369170,327826,0.126
3488,BRW,Financial Services,Asset Management,NYSE,84.51,41,41,42,41,5.99,308932658.7367058,50895000.0,0.0015,-22.71,306459,236373,232947,-0.307
3489,SBGI,Communication Services,Broadcasting,NASDAQ,84.51,41,46,47,69,12.96,898913507.8697205,72318060.0,0.2913,-27.52,505640,463070,487084,0.071
3490,JBS,Consumer Defensive,Packaged Foods,NYSE,84.5,41,38,25,79,12.02,38386874559.93854,3289363694.0,0.168,-35.55,6060840,5269893,5705096,0.138
3491,HIX,Financial Services,Asset Management,NYSE,84.49,41,51,49,52,3.54,318846766.4241133,90069709.0,1.39,-19.36,577178,402056,380717,-0.026
3492,INDO,Energy,Oil & Gas E&P,NYSE ARCA,84.49,41,42,32,59,2.77,41082863.97392273,15386840.0,0.0438,-67.41,139810,212076,195530,0.664
3493,TRC,Industrials,Conglomerates,NYSE,84.48,41,30,54,71,16.33,442611230.0427017,27021444.0,0.095699996,-23.37,95251,143383,157992,0.717
3494,HBANZ,Financial Services,Banks - Regional,NASDAQ,84.47,41,33,34,41,18.71,,,0.68,-15.83,13727,11092,10571,0.476
3495,ALG,Industrials,Farm & Heavy Construction Machinery,NYSE,84.47,41,51,26,29,162.11,1959647007.7928925,12170965.0,0.059899997,-26.27,200414,188554,174384,0.076
3496,BBAR,Financial Services,Banks - Regional,NYSE,84.47,41,56,87,61,13.59,2528450282.7130346,204236693.0,0.013200001,-39.52,667940,645030,676780,0.051
3497,EMD,Financial Services,Asset Management,NYSE,84.46,41,57,59,65,9.31,539450495.5174971,58130443.0,0.0025,-17.61,279942,220597,193090,-0.04
3498,ADSK,Technology,Software - Application,NASDAQ,84.46,41,20,22,26,231.28,44308000000.0,209000000.0,0.044499997,-29.1,2070790,2335023,2156500,0.161
3499,SVV,Consumer Cyclical,Specialty Retail,NYSE,84.45,41,59,42,21,9.2,1417419633.75,153234555.0,0.2383,-33.72,1392510,1227516,1619688,0.074
3500,KR,Consumer Defensive,Grocery Stores,NYSE,84.45,41,25,29,44,58.41,34862450240.06653,590588700.0,0.0504,-23.73,8116420,7496690,6978412,0.02
3501,REFI,Real Estate,REIT - Mortgage,NASDAQ,84.45,41,34,34,41,9.8,257748739.5110607,25621146.0,0.056799997,-27.35,201500,213620,200694,-0.075
3502,ES,Utilities,Utilities - Regulated Electric,NYSE,84.45,41,59,65,55,65.26,24295521633.0,376674754.0,0.0317,-14.77,2843190,2423656,2385664,0.023
3503,ASGI,Financial Services,Asset Management,NYSE,84.44,41,61,65,77,19.52,804852056.5416908,42183022.0,1.65,-24.78,263799,304709,243351,
3504,ORLY,Consumer Cyclical,Auto Parts,NASDAQ,84.44,41,27,31,37,85.14,68680772475.17621,808960792.0,0.032,-19.09,4931480,5962920,5849794,0.081
3505,BLBD,Industrials,Farm & Heavy Construction Machinery,NASDAQ,84.42,41,59,87,84,57.19,1772049433.1245422,31347063.0,0.1539,-31.42,519180,531666,569606,0.299
3506,NUW,Financial Services,Asset Management,NYSE,84.41,41,39,51,55,13.14,239470824.9791565,17951336.0,0.00090000004,-10.61,136707,95052,75317,
3507,PPLC,Utilities,Utilities - Regulated Electric,NYSE,84.39,41,35,35,48,45.48,,,,-13.49,124129,110269,157165,0.042
3508,IRMD,Healthcare,Medical Devices,NASDAQ,84.39,41,32,77,81,84.82,1092009050.9113998,12786991.0,0.0844,-21.39,141760,126340,129724,0.003
3509,KMB,Consumer Defensive,Household & Personal Products,NASDAQ,84.38,41,40,57,25,96.77,31382158228.670135,332579038.0,0.18030001,-21.38,3729760,4397193,4019680,0.006
3510,PHM,Consumer Cyclical,Residential Construction,NYSE,84.37,41,32,47,52,116.1,22044986272.140038,190486353.0,0.0617,-19.65,1663970,1590200,1523482,-0.096
3511,GSK,Healthcare,Drug Manufacturers - General,NYSE,84.34,41,47,62,84,46.6,94225319432.59268,2003515243.0,0.0073,-24.47,4510410,3406273,3569746,0.053
3512,BKTI,Technology,Communication Equipment,NYSE ARCA,84.33,41,34,73,90,77.31,286360486.93130493,3769389.0,0.0582,-26.05,45340,41306,39132,0.106
3513,GRO,Basic Materials,Other Industrial Metals & Mining,NYSE ARCA,84.32,41,64,36,84,2.28,133184368.15765142,61946215.0,0.0064999997,-42.86,162330,185416,181850,
3514,MCO,Financial Services,Financial Data & Stock Exchanges,NYSE,84.32,41,51,53,30,452.32,76435156561.40918,173180984.0,0.0191,-17.29,937840,782993,767424,0.151
3515,VIVO,Technology,Software - Infrastructure,NASDAQ,84.31,41,81,88,18,3.29,107498341.44374251,31993555.0,0.0661,-52.04,488060,370493,442870,
3516,HTD,Financial Services,Asset Management,NYSE,84.27,40,56,62,62,22.46,788358106.25,35431825.0,0.003,-14.76,121159,79746,68841,0.055
3517,HIG,Financial Services,Insurance - Diversified,NYSE,84.27,40,55,58,62,126.79,34143416678.73575,270872002.0,0.0001,-13.2,1930340,1679730,1598658,0.081
3518,DXR,Healthcare,Medical Instruments & Supplies,NASDAQ,84.25,40,32,34,26,10.3,62001938.211868286,5838224.0,0.0008,-30.22,18810,34836,21502,0.255
3519,LNT,Utilities,Utilities - Regulated Electric,NASDAQ,84.24,40,45,69,64,65.49,16679785161.434464,259284699.0,0.1125,-16.9,3503450,2589980,2614882,0.01
3520,TXRH,Consumer Cyclical,Restaurants,NASDAQ,84.24,40,65,66,31,163.57,10249174145.575958,65640926.0,0.029000001,-24.38,1484650,1117680,1005376,0.111
3521,VZLA,Basic Materials,Other Industrial Metals & Mining,NYSE ARCA,84.23,40,59,20,29,3.53,1281755270.6730518,355056872.0,0.1016,-50.9,4814840,4835246,5077206,
3522,MI,Consumer Cyclical,Internet Retail,NYSE ARCA,84.21,40,31,99,0,1.23,546582.6562100649,611390.0,0.1037,-93.8,18715460,6319890,3823250,0.182
3523,SBI,Financial Services,Asset Management,NYSE,84.2,40,41,53,53,7.02,98717038.38318634,14082316.0,0.69,-12.36,112240,67323,61166,-0.021
3524,FHB,Financial Services,Banks - Regional,NASDAQ,84.19,40,44,68,60,25.0,3073670979.3706512,121681352.0,0.1504,-18.25,2180260,2070456,1954768,0.059
3525,CMRC,Technology,Software - Application,NASDAQ,84.17,40,18,32,10,3.21,269291720.75,82858991.0,0.097200006,-42.11,482500,1060533,1162972,0.001
3526,GBR,Real Estate,Real Estate Services,NYSE ARCA,84.17,40,30,24,23,0.73,3951589.082116127,5131934.0,0.0049,-44.27,151440,98803,69952,0.025
3527,SIFY,Communication Services,Telecom Services,NASDAQ,84.16,40,57,90,91,13.34,964104756.044774,72434615.0,0.036,-25.27,31800,31586,31982,0.152
3528,SKYH,Real Estate,Real Estate - Development,NYSE,84.15,40,63,34,54,9.36,367727480.5700226,39583152.0,0.122200005,-19.97,220920,168446,184388,0.496
3529,MUC,Financial Services,Asset Management,NYSE,84.15,40,41,56,53,9.76,917351388.4630108,94183923.0,0.0028,-12.54,920977,646782,549521,0.073
3530,ARDC,Financial Services,Asset Management,NYSE,84.14,40,40,50,36,11.42,275369334.5146179,23966000.0,0.35,-18.37,144867,104475,97137,
3531,PFN,Financial Services,Asset Management,NYSE,84.13,40,51,52,48,6.32,626512475.0785828,98819000.0,1.03,-17.39,659394,564094,473730,0.14
3532,LOMA,Basic Materials,Building Materials,NYSE,84.12,40,34,54,61,9.69,1068941112.9935074,116696630.0,0.0174,-26.59,512640,400356,420656,0.021
3533,ARQT,Healthcare,Biotechnology,NASDAQ,84.11,40,58,80,81,23.92,3162409719.580929,125691961.0,0.1566,-24.71,2342260,2955906,2470294,0.593
3534,BIT,Financial Services,Asset Management,NYSE,84.1,40,37,40,41,11.24,645949848.4658432,57062709.0,0.0045,-16.49,624444,445904,420728,
3535,DSWL,Technology,Electronic Components,NASDAQ,84.09,40,34,72,65,3.06,48767682.66954589,15885239.0,0.0004,-24.63,7530,9386,8938,-0.134
3536,SJT,Energy,Oil & Gas E&P,NYSE,84.09,40,13,7,22,3.79,175249076.27550387,46608797.0,0.028499998,-42.14,549730,343486,287270,-0.938
3537,JHS,Financial Services,Asset Management,NYSE,84.08,40,39,40,44,10.23,120425690.67712784,11646585.0,0.81,-15.38,11101,11463,11034,-0.013
3538,RVP,Healthcare,Medical Instruments & Supplies,NYSE ARCA,84.07,40,33,30,33,0.69,20956011.643121243,29937160.0,0.0050999997,-39.47,23800,20936,26406,-0.311
3539,SACH,Real Estate,REIT - Mortgage,NYSE ARCA,84.04,40,28,25,56,0.88,43974397.338201046,47954632.0,0.0075,-39.31,111460,154430,144202,-0.913
3540,FBK,Financial Services,Banks - Regional,NYSE,84.04,40,55,52,53,52.66,2669832040.447296,49978138.0,0.060300004,-15.95,515000,560026,458732,1.302
3541,MRTN,Industrials,Trucking,NASDAQ,84.04,40,57,86,65,12.87,1089366676.9205818,81661669.0,0.09810001,-30.36,748140,702433,678056,-0.028
3542,LKFT,Healthcare,Biotechnology,NASDAQ,84.02,40,27,36,34,29.32,1923284812.8569221,65484670.0,0.085200004,-20.76,341890,305736,292420,-0.815
3543,PSF,Financial Services,Asset Management,NYSE,84.02,40,44,51,50,18.08,219634697.37303352,12028187.0,0.0025,-14.15,75159,55086,46415,
3544,ZIONP,Financial Services,Banks - Regional,NASDAQ,84.01,40,30,31,32,17.56,,,0.28,-21.15,4550,5274,5146,0.352
3545,ORI,Financial Services,Insurance - Property & Casualty,NYSE,84.01,40,58,58,57,38.01,9188937342.877663,241432922.0,0.0589,-18.71,1687900,1450450,1316588,0.134
3546,CRSP,Healthcare,Biotechnology,NASDAQ,84.01,40,51,26,55,54.0,5359673785.298256,96692653.0,0.2258,-31.19,1544530,1567716,1564016,10.414
3547,BFRI,Healthcare,Drug Manufacturers - Specialty & Generic,NASDAQ,84.01,40,96,70,78,0.93,15075144.1725353,14852359.0,0.0324,-43.98,352920,657890,635092,0.329
3548,HLN,Healthcare,Drug Manufacturers - Specialty & Generic,NYSE,83.99,40,38,49,44,8.87,38699225121.1831,4397639123.0,0.005,-21.37,18874180,17970680,14720066,0.022
3549,GDO,Financial Services,Asset Management,NYSE,83.98,40,36,39,52,9.67,73314159.75,7519401.0,0.17,-20.35,82655,54688,54295,
3550,RAPP,Healthcare,Biotechnology,NASDAQ,83.97,40,90,92,96,31.15,1543461372.7691345,47978286.0,0.074200004,-41.15,510130,427393,368498,
3551,OGG,Basic Materials,Gold,NYSE,83.97,40,34,17,75,2.8,859404304.4698186,305837837.0,14.32,-41.61,1980170,1683223,1757496,3.771
3552,BAM,Financial Services,Asset Management,NYSE,83.96,40,42,31,32,45.21,71636733302.83743,1597251633.0,0.0493,-23.8,3437670,2793906,2740188,0.608
3553,UDR,Real Estate,REIT - Residential,NYSE,83.95,40,36,66,33,33.91,10688460813.00309,321264222.0,0.0425,-19.26,3920960,3857473,3675678,-0.001
3554,PGZ,Financial Services,Asset Management,NYSE,83.95,40,51,59,58,8.89,61050282.43391991,6694110.0,0.0014,-15.97,20851,20753,20200,
3555,GECC,Financial Services,Asset Management,NASDAQ,83.94,40,34,27,18,5.01,69726544.73507404,13889750.0,0.0381,-43.07,41010,56916,57428,-0.237
3556,COCH,Healthcare,Medical Devices,NASDAQ,83.94,40,32,27,20,0.65,52337933.34868193,77194595.0,0.0114,-65.61,64100,58956,86766,-0.346
3557,CE,Basic Materials,Chemicals,NYSE,83.94,40,31,27,86,44.85,4849804889.222786,109748926.0,0.101,-36.56,1751970,1798290,1858268,0.087
3558,IIIN,Industrials,Metal Fabrication,NYSE,83.93,40,37,20,63,30.17,572229770.9815807,19358247.0,0.0535,-22.7,131300,141000,168468,0.099
3559,EP,Energy,Oil & Gas E&P,NYSE ARCA,83.9,40,20,20,17,2.78,108582105.64574075,41602341.0,0.0001,-39.3,31100,36973,33514,0.27
3560,NMFC,Financial Services,Asset Management,NASDAQ,83.9,40,28,24,34,6.84,655499592.0046091,94452390.0,0.040599998,-30.49,617380,508346,525956,-0.264
3561,OSTX,Healthcare,Biotechnology,NYSE ARCA,83.89,40,40,54,27,1.49,75824472.82318473,46805230.0,0.048499998,-33.78,953060,815103,624500,
3562,DOX,Technology,Software - Infrastructure,NASDAQ,83.86,40,27,16,20,58.49,6170251566.604614,106164000.0,0.104499996,-31.69,977150,1002490,1086222,0.027
3563,GUG,Financial Services,Asset Management,NYSE,83.86,40,52,58,58,13.95,458423141.11909676,32980083.0,0.3,-15.25,186744,130164,122406,
3564,IGC,Healthcare,Biotechnology,NYSE ARCA,83.84,40,30,22,42,0.28,28178867.019727528,104366170.0,0.0177,-37.78,795070,742176,810684,-0.192
3565,AMBA,Technology,Semiconductor Equipment & Materials,NASDAQ,83.83,40,32,65,31,67.94,3030277726.5037766,44140971.0,0.15630001,-29.73,1390860,1681706,1697864,0.132
3566,DMC,Consumer Defensive,Farm Products,NYSE,83.83,40,39,19,74,29.7,1398828291.656971,47146218.0,0.1066,-31.85,340770,415336,394906,0.031
3567,BHFAP,Financial Services,Insurance - Life,NASDAQ,83.82,40,31,35,52,13.56,,,0.71,-24.46,46481,41837,40036,0.867
3568,OSK,Industrials,Farm & Heavy Construction Machinery,NYSE,83.81,40,68,53,67,132.13,8263865780.479523,61739749.0,0.0373,-26.79,751340,599920,673432,0.067
3569,RFM,Financial Services,Asset Management,NYSE,83.8,40,49,61,55,12.93,79491087.0,6114699.0,0.68,-13.97,35518,24329,18503,
3570,ERIC,Technology,Communication Equipment,NASDAQ,83.8,40,40,78,86,9.43,30311719114.412796,3262833072.0,0.0215,-31.52,7387790,8189070,9085176,-0.061
3571,SUI,Real Estate,REIT - Residential,NYSE,83.79,40,31,37,54,112.07,13489455987.75,121800957.0,0.0633,-18.7,1074570,1196360,1647240,0.002
3572,GEL,Energy,Oil & Gas Midstream,NYSE,83.77,40,42,29,64,14.28,1717111191.2105312,122214318.0,0.039100002,-23.39,266880,299446,274654,0.41
3573,NSSC,Industrials,Security & Protection Services,NASDAQ,83.75,40,35,29,83,36.64,1293744300.7960358,35768437.0,0.0759,-29.23,294680,416203,396542,0.1
3574,UTSI,Technology,Communication Equipment,NASDAQ,83.74,40,24,50,50,2.28,21266806.49054289,9494110.0,0.0013,-37.19,3680,13956,12206,-0.273
3575,CARR,Industrials,Building Products & Equipment,NYSE,83.74,40,32,61,37,56.1,45781592028.6044,830580423.0,0.0234,-26.92,5772690,6705686,6672358,0.039
3576,BTU,Energy,Thermal Coal,NYSE,83.73,39,70,33,82,25.43,3024338934.8983765,121900000.0,0.13939999,-38.19,1823090,2368893,2450110,0.127
3577,FEDU,Consumer Defensive,Education & Training Services,NYSE,83.72,39,27,21,32,10.4,21144446.162670135,2261438.0,0.0078,-29.4,3140,1230,1844,-0.062
3578,OPNW,Technology,Information Technology Services,NASDAQ,83.71,39,18,17,53,6.2,72399745.27862549,13407360.0,,-68.21,480578,598079,360525,
3579,MOLN,Healthcare,Biotechnology,NASDAQ,83.71,39,58,42,57,3.78,149773479.95776486,38305237.0,0.16,-29.48,1070,1390,1212,
3580,KOSS,Technology,Consumer Electronics,NASDAQ,83.71,39,18,28,26,3.84,36540449.68693113,9466438.0,0.0473,-32.63,108760,48633,35192,0.058
3581,ADAMZ,Real Estate,REIT - Mortgage,NASDAQ,83.7,39,41,56,54,16.71,,,0.0,-18.25,10336,14575,11583,1.298
3582,HCAT,Healthcare,Health Information Services,NASDAQ,83.7,39,20,84,5,1.77,131698666.75,75256381.0,0.033099998,-51.04,337890,409413,650816,-0.127
3583,WM,Industrials,Waste Management,NYSE,83.7,39,38,56,47,207.88,81721768148.96606,399715184.0,0.0145000005,-16.22,2229480,2267420,2179198,0.04
3584,BIPC,Utilities,Utilities - Regulated Gas,NYSE,83.7,39,26,34,50,37.72,4508521817.756905,123015597.0,8.55,-27.07,1094810,1209003,1141260,0.085
3585,MSDL,Financial Services,Asset Management,NYSE,83.7,39,41,48,31,13.48,1137942278.2015095,84105122.0,0.0546,-24.73,571304,449501,467892,-0.108
3586,ENB,Energy,Oil & Gas Midstream,NYSE,83.66,39,40,70,70,46.54,102459944805.5864,2228843639.0,0.0078,-20.38,4582630,5477216,5482672,0.971
3587,ITRI,Technology,Scientific & Technical Instruments,NASDAQ,83.65,39,52,19,28,88.39,3787992095.568596,43786753.0,0.1996,-37.75,630700,571710,782838,-0.072
3588,NRK,Financial Services,Asset Management,NYSE,83.65,39,47,62,60,9.24,816522415.4901352,87235304.0,0.0083,-15.23,770018,478839,399697,-0.018
3589,EDIT,Healthcare,Biotechnology,NASDAQ,83.65,39,71,58,89,2.73,402379674.1241598,153580035.0,0.19540001,-39.83,2595180,2940676,2655868,2.323
3590,ACEL,Consumer Cyclical,Gambling,NYSE,83.65,39,42,64,53,10.94,882299048.4195709,81392900.0,0.0431,-21.86,428370,334580,323456,0.096
3591,WEC,Utilities,Utilities - Regulated Electric,NYSE,83.65,39,38,56,57,103.19,33103037625.67392,325849383.0,0.048299998,-13.94,3153130,2607403,2607228,0.026
3592,SMRT,Technology,Software - Application,NYSE,83.63,39,27,16,76,1.2,231405691.99523568,192838069.0,0.0464,-45.45,577770,727980,1055852,0.04
3593,BHFAM,Financial Services,Insurance - Life,NASDAQ,83.63,39,28,33,52,9.87,,,0.05,-23.35,77929,61189,69755,0.867
3594,GFI,Basic Materials,Gold,NYSE,83.62,39,78,28,86,36.17,31859187439.45793,894418540.0,0.0076,-41.32,4400130,3821813,3811112,0.789
3595,AGI,Basic Materials,Gold,NYSE,83.62,39,38,19,86,32.73,13587900550.656166,418604465.0,1.83,-40.93,3556800,3527706,4250268,0.356
3596,OCFC,Financial Services,Banks - Regional,NASDAQ,83.61,39,57,57,63,16.75,1621706841.1810055,96645219.0,0.052800003,-18.73,1090060,1030436,1011380,0.322
3597,RPM,Basic Materials,Specialty Chemicals,NYSE,83.61,39,32,33,36,98.31,12660909481.628418,127643000.0,0.033299997,-19.27,1245920,1462393,1280088,0.072
3598,NUV,Financial Services,Asset Management,NYSE,83.59,39,41,53,54,8.24,1739247353.7095213,210054035.0,0.0011,-11.02,2131149,1128826,872339,0.062
3599,SOMN,Utilities,Utilities - Regulated Electric,NYSE,83.56,39,33,40,48,45.65,,,0.75,-15.45,1004787,574235,362359,0.001
3600,EIM,Financial Services,Asset Management,NYSE ARCA,83.56,39,37,54,53,8.84,464408293.0002909,51372599.0,0.49,-12.13,323470,225763,195738,-0.556
3601,EMA,Utilities,Utilities - Regulated Electric,NYSE,83.56,39,52,62,65,46.64,14752414125.061035,307150000.0,16.18,-15.95,457430,386500,476766,0.012
3602,AXS,Financial Services,Insurance - Specialty,NYSE,83.55,39,43,70,50,96.16,6994860429.193085,73723236.0,0.0274,-19.86,721680,653813,694718,0.074
3603,JKHY,Technology,Information Technology Services,NASDAQ,83.55,39,59,33,27,144.43,9993850673.593262,70112608.0,0.07,-25.32,793240,982916,976234,0.047
3604,RMMZ,Financial Services,Asset Management,NYSE,83.54,39,50,56,57,13.18,112197853.87039185,8455000.0,0.0014,-13.8,44354,28448,21190,
3605,STRR,Industrials,Staffing & Employment Services,NASDAQ,83.53,39,43,67,35,10.01,36008574.12443733,3689403.0,0.0029,-16.3,3410,3653,3790,0.546
3606,PRDO,Consumer Defensive,Education & Training Services,NASDAQ,83.53,39,49,65,71,32.06,1996833815.5014992,62577055.0,0.076799996,-16.73,766010,674330,686218,0.018
3607,HBANM,Financial Services,Banks - Regional,NASDAQ,83.53,39,39,35,47,19.49,,,0.03,-17.45,39538,24806,21245,0.476
3608,BHFAO,Financial Services,Insurance - Life,NASDAQ,83.52,39,30,34,54,13.85,,,0.1,-23.82,45840,41286,43644,0.867
3609,PCN,Financial Services,Asset Management,NYSE,83.51,39,46,40,42,10.79,822761161.3378525,75691000.0,0.73,-20.01,649237,517649,452771,0.271
3610,RMM,Financial Services,Asset Management,NYSE,83.5,39,53,61,58,12.7,252272440.56895065,19739628.0,1.52,-15.33,135866,79182,63815,
3611,MDAI,Healthcare,Medical Devices,NASDAQ,83.49,39,32,24,57,1.66,52827814.0377599,31823985.0,0.0767,-44.11,137110,121863,150832,-0.304
3612,SO,Utilities,Utilities - Regulated Electric,NYSE,83.49,39,38,55,53,85.44,96308388917.77167,1150362966.0,0.0252,-15.27,6658400,6319540,6097500,0.001
3613,SLDB,Healthcare,Biotechnology,NASDAQ,83.48,39,93,90,93,6.92,734492870.0742044,107225238.0,0.18129998,-39.56,1371500,1223396,1095614,
3614,COIN,Financial Services,Financial Data & Stock Exchanges,NASDAQ,83.47,39,26,13,18,185.74,48282156909.0,263836923.0,0.114700004,-53.81,7399580,9354433,9506894,-0.173
3615,BKT,Financial Services,Asset Management,NYSE,83.47,39,37,41,41,9.5,312553374.44459534,32388952.0,0.0013,-16.23,233910,188546,165068,0.45
3616,GD,Industrials,Aerospace & Defense,NYSE,83.47,39,57,66,54,331.33,89308223506.73996,270557195.0,0.0111,-17.17,1417670,1242470,1130342,0.081
3617,NBB,Financial Services,Asset Management,NYSE,83.45,39,46,47,53,14.08,420344944.9066038,29394751.0,0.0050999997,-15.28,99679,80859,70405,
3618,IQI,Financial Services,Asset Management,NYSE,83.45,39,55,61,55,8.89,472781122.98907566,52883797.0,0.0124,-14.68,419685,259545,218127,0.009
3619,NTST,Real Estate,REIT - Retail,NYSE,83.43,39,61,74,70,17.64,1704005879.1623726,97260607.0,0.16219999,-21.5,2073960,1490443,1660702,0.269
3620,BFS,Real Estate,REIT - Retail,NYSE,83.4,39,39,68,60,29.9,745467762.3884697,24717101.0,0.0007,-22.18,147242,134647,121094,0.084
3621,EOT,Financial Services,Asset Management,NYSE,83.39,39,47,57,53,15.4,242655018.95769596,15624921.0,0.09,-14.44,80401,53267,42258,
3622,VANI,Healthcare,Biotechnology,NASDAQ,83.39,39,65,70,28,1.24,110950129.60049248,90203356.0,0.0146,-35.42,101430,203676,190872,
3623,BDN,Real Estate,REIT - Office,NYSE,83.37,39,35,54,25,2.75,478813987.29231,172235249.0,0.0791,-32.93,1627970,1785070,1866538,0.141
3624,ACRV,Healthcare,Biotechnology,NASDAQ,83.37,39,81,76,51,1.86,85278190.7886815,42853362.0,0.0419,-47.75,255280,286213,343344,
3625,OGS,Utilities,Utilities - Regulated Gas,NYSE,83.37,39,56,44,70,73.15,4561479494.717789,62856270.0,0.0797,-19.42,672120,573526,541422,-0.029
3626,ROP,Technology,Software - Application,NASDAQ,83.36,39,51,24,18,362.28,35042558400.051636,98900874.0,0.060500003,-30.5,775100,816770,801582,0.085
3627,RAND,Financial Services,Asset Management,NASDAQ,83.36,39,30,25,22,9.95,30262403.413816452,2969814.0,0.0002,-43.11,1360,3693,3322,-0.13
3628,AUNA,Healthcare,Medical Care Facilities,NYSE,83.35,39,51,30,34,5.12,374724995.20246315,74056324.0,0.0292,-24.37,123160,117430,159238,0.132
3629,OZKAP,Financial Services,Banks - Regional,NASDAQ,83.34,39,38,43,49,14.75,,,0.11,-17.23,46270,46496,36566,-0.021
3630,PSHG,Industrials,Marine Shipping,NASDAQ,83.33,39,22,26,49,1.7,21010347.731373787,12432158.0,0.0344,-34.11,45930,62356,52660,0.91
3631,BLLN,Healthcare,Diagnostics & Research,NASDAQ,83.32,39,51,86,21,99.94,4997107396.201706,47187038.0,0.1004,-33.57,620680,637266,719144,0.644
3632,CPT,Real Estate,REIT - Residential,NYSE,83.29,39,36,64,35,97.65,11105698078.92366,115732578.0,0.0433,-18.5,1320060,1098046,1044690,-0.008
3633,NEOV,Industrials,Electrical Equipment & Parts,NASDAQ,83.29,39,89,10,31,2.85,179990400.5360291,59013247.0,0.0924,-60.03,2165690,1839786,1760418,-0.997
3634,CRF,Financial Services,Asset Management,NYSE ARCA,83.29,39,32,52,53,6.25,1042013653.1548691,170263672.0,0.1035,-24.24,1169044,1505228,1563808,-0.324
3635,CLM,Financial Services,Asset Management,NYSE ARCA,83.28,38,32,54,53,6.52,1900742285.6344652,297921983.0,12.28,-23.56,1712300,2154570,2250670,-0.338
3636,NP,Financial Services,Insurance Brokers,NYSE,83.28,38,86,78,51,27.19,3764303700.5802155,137233090.0,0.0664,-22.65,656830,535540,569414,0.328
3637,VFS,Consumer Cyclical,Auto Manufacturers,NASDAQ,83.27,38,37,23,80,3.08,7112189381.153784,2339536010.0,0.0544,-41.72,358300,370416,354612,0.417
3638,AIRJ,Industrials,Building Products & Equipment,NASDAQ,83.26,38,76,52,16,3.82,287521790.07596207,73347394.0,0.1376,-43.41,768400,889913,1293760,
3639,KTF,Financial Services,Asset Management,NYSE,83.25,38,39,57,55,8.09,317300002.7432518,39172838.0,0.63,-13.66,390512,300197,276740,-0.028
3640,RNP,Financial Services,Asset Management,NYSE,83.24,38,38,45,49,18.35,889441496.8290386,48000079.0,0.001,-17.64,151084,131754,117414,-0.009
3641,LPA,Real Estate,Real Estate - Development,NYSE ARCA,83.23,38,32,29,27,3.05,94778918.95230174,31698635.0,0.0198,-35.49,448380,169393,114604,0.261
3642,OZK,Financial Services,Banks - Regional,NASDAQ,83.23,38,51,54,53,44.58,5093147036.953079,109037618.0,0.16319999,-16.5,1540240,1216176,1121064,-0.021
3643,DERM,Healthcare,Drug Manufacturers - Specialty & Generic,NASDAQ,83.22,38,69,61,18,6.16,186563254.71836329,28224395.0,0.1847,-35.53,185520,158693,189298,0.233
3644,AEMD,Healthcare,Medical Devices,NASDAQ,83.21,38,1,1,6,6.09,4586827.064361572,711136.0,0.105399996,-84.96,117810,5413070,3271914,
3645,MHF,Financial Services,Asset Management,NYSE,83.18,38,39,55,49,6.28,139121149.58662987,22223825.0,0.88,-15.93,160707,95605,82973,-0.001
3646,BOOM,Industrials,Conglomerates,NASDAQ,83.18,38,59,40,15,5.98,119137508.1178751,20540949.0,0.0101,-35.0,128830,100333,150500,0.009
3647,ARES,Financial Services,Asset Management,NYSE,83.18,38,50,30,19,117.74,26736472304.265152,227447653.0,0.1499,-35.02,2164950,2164050,2252326,0.096
3648,LNSR,Healthcare,Medical Devices,NASDAQ,83.17,38,55,14,7,6.7,82929588.75,12285865.0,0.0381,-48.22,36110,68226,123040,0.184
3649,SORA,Consumer Cyclical,Luxury Goods,NASDAQ,83.16,38,22,11,11,2.06,55446720.474243164,24864000.0,0.001,-70.53,705830,276546,225520,-0.319
3650,VTVT,Healthcare,Biotechnology,NASDAQ,83.14,38,75,71,89,30.03,120871577.75335693,3953928.0,0.0668,-31.75,38870,45393,63478,
3651,CIK,Financial Services,Asset Management,NYSE ARCA,83.13,38,34,32,35,2.33,127274173.21772933,54859559.0,0.0016,-23.36,585493,536097,491698,-0.033
3652,MNR,Energy,Oil & Gas E&P,NYSE,83.12,38,53,63,63,10.66,1717895880.8914356,166948094.0,0.0208,-29.03,619360,1027653,741600,0.636
3653,NTGR,Technology,Communication Equipment,NASDAQ,83.12,38,24,26,37,23.04,640337720.2448368,27179021.0,0.0913,-37.49,284790,326530,335880,-0.012
3654,MYN,Financial Services,Asset Management,NYSE,83.1,38,36,56,51,8.92,342903204.2923355,38313208.0,0.0021,-13.06,503859,340609,282801,0.065
3655,ATO,Utilities,Utilities - Regulated Gas,NYSE,83.05,38,40,54,67,159.74,26559930565.582718,168988553.0,0.028900001,-17.02,1008530,982493,1021274,0.048
3656,NEWT,Financial Services,Banks - Regional,NASDAQ,83.04,38,51,81,62,11.19,322931301.39492035,28884731.0,0.1427,-28.68,263230,263323,256438,0.147
3657,FMN,Financial Services,Asset Management,NYSE,83.03,38,41,56,55,10.01,77874262.25825977,7818701.0,0.002,-14.88,83471,42613,34172,-0.223
3658,BBN,Financial Services,Asset Management,NYSE,83.02,38,38,48,52,14.34,891048056.5943947,61792514.0,0.0034999999,-17.82,406877,256542,206257,
3659,RFMZ,Financial Services,Asset Management,NYSE,83.02,38,51,61,54,11.63,287594260.3884039,24351757.0,0.5,-15.11,164716,91385,77871,
3660,ALEC,Healthcare,Biotechnology,NASDAQ,83.01,38,89,15,90,1.81,202099017.00093985,111656919.0,0.0579,-46.76,10757810,4531050,3326904,-0.578
3661,IRT,Real Estate,REIT - Residential,NYSE,83.0,38,35,55,32,14.73,3420220089.770809,235714682.0,0.0935,-17.2,4078160,3763433,3405466,0.03
3662,SPAI,Industrials,Aerospace & Defense,NASDAQ,82.99,38,28,20,58,4.1,90003851.59356308,20362862.0,0.0385,-54.7,106150,110496,274986,13.362
3663,EXC,Utilities,Utilities - Regulated Electric,NASDAQ,82.99,38,39,54,60,41.68,41962243604.297165,1030253967.0,0.037100002,-17.71,10007610,8296440,7801530,0.099
3664,LOPE,Consumer Defensive,Education & Training Services,NASDAQ,82.99,38,31,26,33,155.55,4060671939.2328033,26065037.0,0.0856,-30.26,307790,342093,323372,0.067
3665,RRX,Industrials,Specialty Industrial Machinery,NYSE,82.97,38,30,78,86,166.36,10646041452.1344,66591867.0,0.056399997,-32.87,1018910,1179610,1302592,0.042
3666,HIVE,Financial Services,Capital Markets,NASDAQ,82.95,38,61,70,31,2.9,817346472.471425,274277338.0,2.53,-63.01,10011910,12820093,17718124,0.735
3667,NEE,Utilities,Utilities - Regulated Electric,NYSE,82.95,38,53,58,72,77.88,160237063473.99747,2085605358.0,0.0,-21.13,14851410,12209243,11767838,0.124
3668,APC,Energy,Oil & Gas Refining & Marketing,NASDAQ,82.94,38,53,67,58,16.32,737338456.5,47570223.0,0.067600004,-24.86,225000,167840,168416,0.274
3669,CWEN,Utilities,Utilities - Renewable,NYSE,82.93,38,36,39,81,30.73,6022764189.002457,205274852.0,0.0792,-26.38,1160070,1224356,1211768,0.227
3670,JBSS,Consumer Defensive,Packaged Foods,NASDAQ,82.93,38,44,79,73,67.76,801237278.8657608,11693481.0,0.085200004,-26.41,120950,131360,140724,0.042
3671,BHFAN,Financial Services,Insurance - Life,NASDAQ,82.91,38,31,35,51,11.06,,,0.8,-23.46,84467,64789,69769,0.867
3672,AWP,Financial Services,Asset Management,NYSE,82.9,38,55,61,65,10.12,314110495.8763962,30855647.0,2.49,-20.38,173259,136626,132271,-0.107
3673,RITM,Real Estate,REIT - Mortgage,NYSE,82.88,38,46,28,37,8.66,4863725261.311538,558407031.0,0.0519,-28.72,7770050,5903130,5792612,0.097
3674,PMM,Financial Services,Asset Management,NYSE,82.86,38,45,60,54,5.6,242008697.13491106,42833397.0,0.001,-15.15,319709,169119,144767,
3675,GRFS,Healthcare,Drug Manufacturers - General,NASDAQ,82.86,38,33,22,38,7.52,4975035426.226934,680579407.0,8.45,-24.04,879590,569616,554632,-0.009
3676,GLE,Technology,Information Technology Services,NASDAQ,82.85,38,47,19,13,0.41,9211499.851942062,20700000.0,0.018,-62.39,117040,154493,3266374,-0.634
3677,FAX,Financial Services,Asset Management,NYSE ARCA,82.83,38,53,44,52,12.86,532545885.4519272,41282628.0,1.86,-21.44,296097,191425,167343,-0.157
3678,AAL,Industrials,Airlines,NASDAQ,82.82,38,36,84,36,13.0,8565890888.166354,661969951.0,0.1393,-30.81,63942020,67897376,62782786,0.163
3679,IPHA,Healthcare,Biotechnology,NASDAQ,82.82,38,68,59,31,1.59,174252534.92845488,111700347.0,0.0007,-41.33,58130,48813,198994,0.165
3680,ATAT,Consumer Cyclical,Lodging,NASDAQ,82.81,38,29,26,65,32.21,4457878579.579468,138185952.0,0.026400002,-25.39,915980,921510,947688,0.414
3681,SPCB,Industrials,Security & Protection Services,NASDAQ,82.81,38,61,76,58,9.25,59099052.36167908,6280452.0,0.013099999,-28.13,55370,69856,81104,0.133
3682,SPOT,Communication Services,Internet Content & Information,NYSE,82.81,38,34,24,29,488.13,97235673658.30261,205620061.0,0.0286,-30.28,1355200,1435100,1720774,0.139
3683,DMO,Financial Services,Asset Management,NYSE,82.8,38,36,41,51,9.39,108900526.78862762,11427128.0,0.46,-22.27,93674,63708,57100,-0.087
3684,INGR,Consumer Defensive,Packaged Foods,NYSE,82.8,38,31,25,32,96.75,6011889233.543594,63063979.0,0.080299996,-21.65,679470,649130,649000,0.009
3685,BCBP,Financial Services,Banks - Regional,NASDAQ,82.8,38,33,76,68,8.31,261390487.0,30751822.0,0.0618,-29.04,381750,360010,291088,-0.808
3686,ABT,Healthcare,Medical Devices,NYSE,82.76,38,40,21,22,98.16,168712371360.0,1730383296.0,0.0128999995,-27.42,8873980,8708406,8509248,0.13
3687,MGIH,Consumer Cyclical,Packaging & Containers,NASDAQ,82.73,38,30,34,34,1.46,16762500.10728836,11250000.0,0.0324,-41.13,19480,14696,348368,-0.233
3688,NIPG,Communication Services,Entertainment,NASDAQ,82.73,38,12,1,7,11.35,82638443.02642822,7478592.0,0.32,-78.98,6740,24393,34602,0.423
3689,EVV,Financial Services,Asset Management,NYSE ARCA,82.7,38,37,39,44,8.43,979595203.2624817,116203460.0,0.37,-17.6,985236,678898,574683,-0.034
3690,BR,Technology,Information Technology Services,NYSE,82.69,38,30,20,16,158.66,17717401194.85547,112900032.0,0.0294,-33.54,811870,1006776,1165386,0.075
3691,YUMC,Consumer Cyclical,Restaurants,NYSE,82.67,38,34,33,59,40.62,13528966177.995815,338393355.0,0.0178,-30.43,1333060,1461163,1486734,0.126
3692,TCBIO,Financial Services,Banks - Regional,NASDAQ,82.67,38,38,43,65,18.5,,,0.04,-19.37,35020,28360,21520,0.086
3693,FTW,Energy,Oil & Gas E&P,NYSE,82.65,38,34,72,49,9.74,293482727.7510071,29825480.0,6.58,-43.37,94223,87824,94892,0.263
3694,TSN,Consumer Defensive,Farm Products,NYSE,82.65,38,31,46,64,51.97,18254980242.957397,351801512.0,0.0344,-25.2,2982900,3522313,3418858,-0.001
3695,ALLT,Technology,Software - Infrastructure,NASDAQ,82.63,37,40,36,23,8.34,415625097.4661102,49303094.0,0.0419,-30.03,248580,288440,281674,0.153
3696,BOH,Financial Services,Banks - Regional,NYSE,82.62,37,59,71,74,67.3,2733123386.7227783,39450396.0,0.0001,-22.03,601030,416950,379482,0.129
3697,BKE,Consumer Cyclical,Apparel Retail,NYSE,82.62,37,24,24,72,43.46,2209883497.2017365,51512434.0,0.1254,-25.92,439690,486096,458954,0.046
3698,TECX,Healthcare,Biotechnology,NASDAQ,82.6,37,83,90,90,22.41,440642727.5379791,19549366.0,0.22950001,-43.31,316570,245583,231870,
3699,ARLO,Industrials,Building Products & Equipment,NYSE,82.6,37,40,29,59,12.8,1375297996.3841476,107613304.0,0.1388,-35.81,1254150,1267956,1322808,0.205
3700,DOLE,Consumer Defensive,Farm Products,NYSE,82.6,37,38,39,58,12.72,1204349789.25,94458807.0,0.049200002,-23.23,767610,984066,1060280,0.029
3701,NYT,Communication Services,Publishing,NYSE,82.59,37,38,67,84,64.07,10112480965.24961,161283586.0,0.0859,-26.44,3463760,3000310,2759262,0.113
3702,FT,Financial Services,Asset Management,NYSE,82.58,37,40,52,60,7.11,177933807.60258865,25131894.0,0.19,-14.85,74844,65258,59708,
3703,LFS,Communication Services,Entertainment,NASDAQ,82.57,37,21,29,14,2.33,55983727.40435815,26160619.0,0.0121,-81.35,367330,167836,1074530,0.1
3704,GIB,Technology,Information Technology Services,NYSE,82.55,37,29,21,20,69.6,14534623322.885193,207075407.0,14.52,-26.89,464670,422453,443974,0.025
3705,ENSC,Healthcare,Biotechnology,NASDAQ,82.54,37,53,3,4,0.43,7685433.838748753,19456794.0,0.062,-84.36,306530,534830,17694962,-0.151
3706,TG,Industrials,Metal Fabrication,NYSE,82.54,37,35,28,63,7.03,244824129.96670628,34825622.0,0.035099998,-33.24,157150,162636,173248,0.208
3707,EXE,Energy,Oil & Gas E&P,NASDAQ,82.53,37,44,26,34,88.23,20458850363.40464,239228849.0,0.0414,-30.32,3255870,3066223,3067342,-0.106
3708,OTLK,Healthcare,Biotechnology,NASDAQ,82.48,37,23,99,3,0.57,144364398.24506676,243447554.0,0.1402,-77.54,4885330,5253076,13245128,-0.994
3709,SEB,Industrials,Conglomerates,NYSE ARCA,82.47,37,30,66,91,4112.69,3854435290.6604004,957795.0,0.08,-31.33,8570,12690,14852,0.178
3710,TDS,Communication Services,Telecom Services,NYSE,82.46,37,33,20,63,35.15,4073955169.7387695,115116000.0,0.00059999997,-28.44,1723740,1517323,1381914,0.036
3711,HEI,Industrials,Aerospace & Defense,NYSE,82.46,37,40,62,32,303.26,42269628848.27301,139757405.0,0.0134000005,-19.53,475820,519533,481706,0.231
3712,TKO,Communication Services,Entertainment,NYSE,82.45,37,35,36,57,176.46,12836846720.710419,73111098.0,0.1257,-22.24,1057890,1101893,1127330,0.182
3713,BWG,Financial Services,Asset Management,NYSE,82.41,37,40,41,53,6.98,115695747.79804802,16791836.0,0.0015,-20.41,124062,89967,78192,
3714,NMI,Financial Services,Asset Management,NYSE,82.4,37,52,57,61,9.26,112207034.93925095,12078260.0,0.003,-17.91,66034,41858,34652,0.129
3715,BHK,Financial Services,Asset Management,NYSE,82.39,37,46,40,42,8.14,590071915.590271,72224224.0,0.011,-19.57,486820,397173,352468,0.173
3716,NBH,Financial Services,Asset Management,NYSE ARCA,82.39,37,43,56,51,9.06,271005228.55160713,29618059.0,0.0021,-15.49,167773,118344,103406,0.018
3717,O,Real Estate,REIT - Retail,NYSE,82.37,37,52,62,65,54.25,51218783136.9599,946218033.0,0.049099997,-20.15,9853730,7823770,6899018,0.096
3718,DIT,Consumer Defensive,Food Distribution,NYSE ARCA,82.35,37,21,28,73,68.99,65942813.89703369,976063.0,0.0028,-27.83,696,352,335,0.133
3719,PTA,Financial Services,Asset Management,NYSE,82.32,37,36,46,47,17.18,958441770.1540604,55273458.0,0.0008,-17.0,334930,262153,211984,
3720,NAZ,Financial Services,Asset Management,NYSE,82.31,37,41,58,64,10.83,139193884.54384804,12828929.0,0.004,-19.3,70596,40715,29645,0.023
3721,EPAM,Technology,Information Technology Services,NYSE,82.3,37,27,9,17,109.31,5586354219.719292,51586981.0,0.1752,-50.88,1047170,1091493,1380010,0.045
3722,RCI,Communication Services,Telecom Services,NYSE,82.27,37,41,39,49,30.55,16655145279.524082,540225278.0,14.08,-25.74,1597050,1270293,1233678,0.077
3723,RDY,Healthcare,Drug Manufacturers - Specialty & Generic,NYSE,82.27,37,24,34,34,12.49,10204110656.25,832988625.0,0.0422,-20.29,3517940,3003610,2844968,-0.056
3724,EONR,Energy,Oil & Gas E&P,NYSE ARCA,82.27,37,67,62,90,0.49,27186706.668135166,55824861.0,0.0521,-68.99,498750,717696,623960,-0.237
3725,GF,Financial Services,Asset Management,NYSE,82.27,37,41,39,51,10.41,172046185.36044598,16307695.0,0.0001,-16.65,19288,24446,23943,-0.054
3726,WCN,Industrials,Waste Management,NYSE,82.26,37,38,48,30,154.62,38696382954.628174,251569244.0,0.0156,-13.98,1659050,1244433,1236404,0.064
3727,ENTA,Healthcare,Biotechnology,NASDAQ,82.25,37,72,79,92,12.17,376855805.90925217,29078380.0,0.106800005,-29.04,329790,279966,248620,-0.216
3728,AYI,Industrials,Electrical Equipment & Parts,NYSE,82.25,37,54,56,32,302.98,9242899784.059326,29935547.0,0.0418,-20.3,531730,342586,310740,0.029
3729,DHI,Consumer Cyclical,Residential Construction,NYSE,82.25,37,26,48,45,136.75,37759671045.0,279701267.0,0.0466,-22.32,3299820,2776270,2524190,0.0
3730,FCNCO,Financial Services,Banks - Regional,NASDAQ,82.22,37,35,37,49,18.75,,,0.27,-19.97,20230,19946,18114,0.085
3731,PMO,Financial Services,Asset Management,NYSE,82.22,37,39,56,53,9.3,258416603.3003378,28058263.0,0.0005,-14.44,215595,116271,95565,0.022
3732,TMQ,Basic Materials,Other Industrial Metals & Mining,NYSE ARCA,82.21,37,54,29,85,2.97,560406120.2436426,181361209.0,0.0635,-73.69,1180070,1226233,1250628,
3733,IIF,Financial Services,Asset Management,NYSE,82.21,37,40,36,33,21.28,199654283.7668724,9386661.0,0.0019,-23.97,17475,23435,27537,-0.387
3734,SLM,Financial Services,Credit Services,NASDAQ,82.2,37,60,38,20,22.58,4277000000.0,188000000.0,0.109799996,-27.3,2416810,2071250,2082914,0.081
3735,WH,Consumer Cyclical,Lodging,NYSE,82.19,37,27,32,59,72.65,5327616516.322311,74211122.0,0.1069,-19.59,1011550,1195143,1212040,-0.055
3736,DTE,Utilities,Utilities - Regulated Electric,NYSE,82.19,37,39,62,62,128.22,25896559552.01561,208088069.0,0.028499998,-17.68,2056960,1751833,1589494,-0.015
3737,TCMD,Healthcare,Medical Devices,NASDAQ,82.18,37,34,93,90,22.19,500615529.24116135,22652286.0,0.1263,-41.25,214670,274696,320156,0.086
3738,POR,Utilities,Utilities - Regulated Electric,NYSE,82.18,37,55,68,73,44.27,5239424727.272415,117607740.0,0.0731,-18.95,2157310,1422613,1298304,0.009
3739,LOVE,Consumer Cyclical,"Furnishings, Fixtures & Appliances",NASDAQ,82.17,37,59,58,49,14.76,212024462.34894848,14423433.0,0.22780001,-23.3,204280,281500,247580,0.004
3740,BANC,Financial Services,Banks - Regional,NYSE,82.16,37,51,71,67,17.43,2810510022.738743,158427850.0,0.0837,-20.52,2436830,2531670,2900084,
3741,STE,Healthcare,Medical Devices,NYSE,82.15,37,33,32,31,208.65,20332672284.79721,97500110.0,0.0287,-22.56,598810,660840,693728,0.073
3742,PRG,Industrials,Rental & Leasing Services,NYSE,82.14,37,70,90,49,31.28,1234780623.0,39831633.0,0.09810001,-34.46,613280,602066,602658,0.223
3743,GENI,Communication Services,Internet Content & Information,NYSE,82.12,37,34,41,6,6.22,1611114276.035421,267626957.0,0.15609999,-49.8,9099240,7013140,7004474,0.647
3744,UPXI,Communication Services,Internet Content & Information,NASDAQ,82.12,37,19,4,4,1.14,96059891.05654407,82102474.0,0.1917,-85.29,3348410,4545510,3435330,-0.266
3745,NCA,Financial Services,Asset Management,NYSE,82.11,37,44,55,58,8.25,278887133.06700706,33121987.0,0.0008,-15.82,210678,123966,97807,0.01
3746,SSYS,Technology,Computer Hardware,NASDAQ,82.1,37,25,24,24,8.56,762006883.2941055,87587000.0,0.0467,-33.18,656210,691030,718186,-0.003
3747,HIMS,Healthcare,Drug Manufacturers - Specialty & Generic,NYSE,82.1,37,26,66,13,29.47,6766088977.0,233313413.0,0.2726,-54.87,9922680,9652613,11561136,0.382
3748,GSIT,Technology,Semiconductors,NASDAQ,82.09,37,36,55,82,5.58,215267334.65322447,38372073.0,0.12100001,-69.26,328860,454643,516226,0.005
3749,PFL,Financial Services,Asset Management,NYSE,82.07,37,39,41,51,6.94,348588180.952549,49941000.0,1.23,-20.23,391393,288404,230224,-0.092
3750,TYL,Technology,Software - Application,NYSE,82.07,37,29,19,14,330.91,13219803469.958862,40952274.0,0.095699996,-36.9,586780,884410,877192,0.082
3751,CAG,Consumer Defensive,Packaged Foods,NYSE,82.06,37,41,30,19,13.45,6378217703.213763,477411517.0,0.1092,-33.81,17636550,12872786,12302884,-0.014
3752,CASY,Consumer Cyclical,Specialty Retail,NASDAQ,82.06,37,69,87,83,620.8,22832513126.85913,36960167.0,0.045500003,-33.09,662030,685463,527534,0.243
3753,FCPT,Real Estate,REIT - Retail,NYSE,82.05,37,54,54,48,21.3,2365250465.5625076,109756406.0,0.0494,-20.7,1424820,1136470,962552,0.077
3754,BMM,Basic Materials,Other Industrial Metals & Mining,NASDAQ,82.04,36,63,64,93,5.13,516974576.92907286,104863001.0,3.88,-40.56,247950,388110,329488,
3755,IE,Basic Materials,Copper,NYSE ARCA,82.04,36,35,13,83,10.38,1666122236.9932623,159590259.0,0.0859,-51.83,2137010,2189423,2081352,-0.322
3756,OFRM,Consumer Defensive,Packaged Foods,NYSE,82.04,36,29,40,18,16.73,681088362.8273067,41990653.0,0.2576,-38.04,490510,407086,423744,0.423
3757,MYI,Financial Services,Asset Management,NYSE,82.04,36,39,52,55,9.64,649385072.6962929,66467251.0,0.0055,-15.88,1087789,632143,496979,0.063
3758,EDUC,Communication Services,Publishing,NASDAQ,82.03,36,54,55,38,1.3,11082452.79349804,8524964.0,0.0031,-24.86,10180,54863,81464,-0.331
3759,AKR,Real Estate,REIT - Retail,NYSE,82.03,36,40,60,61,18.39,2558508495.605793,137332722.0,0.21190001,-20.15,1240210,1342340,1408680,0.134
3760,GROY,Basic Materials,Gold,NYSE ARCA,82.02,36,31,17,79,2.97,688091730.1784384,231680715.0,0.042,-45.55,1221660,1695056,2017476,0.761
3761,NI,Utilities,Utilities - Regulated Gas,NYSE,82.02,36,34,62,68,40.67,18909054889.35013,479560100.0,0.0394,-17.35,5948080,5464966,5803446,0.046
3762,JD,Consumer Cyclical,Internet Retail,NASDAQ,82.01,36,34,37,46,26.5,34815890927.31476,1350500000.0,0.0178,-26.67,6299990,6006626,7442270,-0.029
3763,XIFR,Utilities,Utilities - Renewable,NYSE,81.98,36,74,74,57,10.38,979777032.3753357,94300000.0,0.0515,-21.66,1053390,837956,903824,0.061
3764,GAU,Basic Materials,Gold,NYSE ARCA,81.96,36,31,21,80,2.06,520567612.85473347,261591764.0,0.0125,-43.09,2549670,2600806,2830522,1.167
3765,NUVB,Healthcare,Biotechnology,NYSE,81.96,36,87,89,88,4.88,1804773370.7399907,351123233.0,0.2728,-49.95,6123820,5097380,5468100,5.556
3766,AAON,Industrials,Building Products & Equipment,NASDAQ,81.95,36,19,80,57,88.07,6865914242.738609,82453639.0,0.0709,-41.47,1241070,1129690,1213310,1.012
3767,TJX,Consumer Cyclical,Apparel Retail,NYSE,81.94,36,21,52,68,137.03,146572177804.18298,1104704446.0,0.0168,-19.39,8206380,8894786,7871106,0.054
3768,VKQ,Financial Services,Asset Management,NYSE,81.93,36,52,61,56,8.55,475885441.5088234,55335514.0,0.0109,-15.43,473107,291015,240371,0.027
3769,GLOO,Technology,Software - Application,NASDAQ,81.93,36,8,6,26,3.99,377107878.44510365,91531041.0,1.81,-60.02,1022650,1059750,686876,1.88
3770,SOGP,Communication Services,Internet Content & Information,NASDAQ,81.91,36,25,37,98,11.1,45281599.977716446,4188862.0,0.042600002,-57.08,7110,17150,14900,0.245
3771,PEP,Consumer Defensive,Beverages - Non-Alcoholic,NASDAQ,81.91,36,35,37,60,125.71,171826197403.5563,1364891558.0,0.0211,-26.69,8373000,8771363,8002184,0.064
3772,LMNR,Consumer Defensive,Farm Products,NASDAQ,81.89,36,67,43,28,12.18,217402759.77991295,18132007.0,0.0673,-21.06,154430,143993,112438,-0.077
3773,GPOR,Energy,Oil & Gas E&P,NYSE,81.89,36,41,23,59,161.24,2774512460.7220154,17969641.0,0.085200004,-28.59,276760,268356,294244,-0.162
3774,TWI,Industrials,Farm & Heavy Construction Machinery,NYSE,81.88,36,37,25,38,7.03,451151025.707428,64542352.0,0.0535,-39.91,591690,584506,588914,0.052
3775,PTY,Financial Services,Asset Management,NYSE,81.88,36,38,37,35,10.89,2449598137.1358013,221883890.0,0.54,-25.87,2204713,1733074,1572760,0.191
3776,FIEE,Technology,Communication Equipment,NASDAQ,81.87,36,61,54,99,3.6,31299955.31068039,8528598.0,0.0101,-66.01,5590,16626,280838,106.246
3777,SLSR,Basic Materials,Other Precious Metals & Mining,NYSE ARCA,81.85,36,66,43,94,7.13,1184537825.4731064,167071622.0,6.32,-37.89,136910,161630,152900,
3778,WDI,Financial Services,Asset Management,NYSE,81.83,36,36,50,53,11.76,615158594.4029007,51912116.0,0.17,-21.6,400483,338724,291868,
3779,FPF,Financial Services,Asset Management,NYSE,81.82,36,41,49,54,15.77,965046515.3295565,60847827.0,0.0013,-18.54,270564,197778,158678,
3780,MXCT,Healthcare,Medical Devices,NASDAQ,81.82,36,64,70,8,1.09,110430645.83338094,103206206.0,0.0115,-41.55,322660,383076,587910,-0.145
3781,CVV,Industrials,Specialty Industrial Machinery,NASDAQ,81.77,36,94,95,79,4.31,30098708.4596653,6951203.0,0.0399,-52.64,45160,91856,125112,-0.426
3782,BMN,Financial Services,Asset Management,NYSE,81.76,36,37,43,58,22.77,136785279.25,6147653.0,0.8,-18.56,43859,23223,16517,
3783,PEG,Utilities,Utilities - Regulated Electric,NYSE,81.73,36,32,46,46,71.73,33920737682.064377,498321402.0,0.025,-18.14,4601710,3672006,3311660,-0.089
3784,VRDN,Healthcare,Biotechnology,NASDAQ,81.72,36,64,50,17,18.22,2197869975.382429,113292269.0,0.17809999,-46.86,2087470,1643010,1699248,2.787
3785,KEQU,Consumer Cyclical,"Furnishings, Fixtures & Appliances",NASDAQ,81.71,36,26,32,27,33.72,98905053.07820511,2895347.0,0.0188,-27.59,4590,4343,3804,-0.067
3786,ELMD,Healthcare,Medical Devices,NYSE ARCA,81.7,36,33,96,58,28.27,232867091.66127205,8287085.0,0.026600001,-40.36,85860,114693,94380,0.116
3787,MNKD,Healthcare,Biotechnology,NASDAQ,81.7,36,61,65,9,3.71,1221869023.8675642,321544484.0,0.092700005,-43.01,5491460,4353870,4431682,0.429
3788,HSLV,Basic Materials,Silver,NYSE ARCA,81.69,36,59,14,36,5.18,1068497944.5,203523418.0,4.27,-25.68,733560,678833,599294,
3789,PCQ,Financial Services,Asset Management,NYSE,81.69,36,41,52,51,7.76,147292564.34440613,18981000.0,1.2,-15.56,398510,233376,197490,1.937
3790,BGSF,Industrials,Staffing & Employment Services,NYSE,81.66,36,58,64,90,4.73,52544444.61480141,10679765.0,0.0034,-29.93,9470,9730,8712,-0.051
3791,AVA,Utilities,Utilities - Diversified,NYSE,81.66,36,37,62,60,35.19,2957312542.317009,83752830.0,0.069,-19.1,708680,715560,706674,0.005
3792,LEVI,Consumer Cyclical,Apparel Manufacturing,NYSE,81.65,36,35,60,68,20.53,7646980989.919445,384850562.0,0.0809,-20.12,2845310,2485896,2346370,0.08
3793,ADC,Real Estate,REIT - Retail,NYSE,81.64,36,39,62,60,65.79,8194108601.182022,124379310.0,0.0,-19.85,1847680,1557923,1587928,0.168
3794,AIIR,Consumer Defensive,Tobacco,NASDAQ,81.63,36,22,14,37,7.65,1148328916.3332539,155389572.0,0.0007,-50.0,68550,27046,20686,
3795,LADR,Real Estate,REIT - Mortgage,NYSE,81.61,36,34,36,43,8.68,1093578897.3414183,126865303.0,0.0542,-24.39,1744400,1314070,1286470,0.022
3796,SF,Financial Services,Capital Markets,NYSE,81.61,36,63,37,66,70.12,10612401681.191711,151001734.0,0.0001,-21.94,1699520,1333660,1208686,0.127
3797,ISD,Financial Services,Asset Management,NYSE,81.61,36,32,36,42,11.64,390125226.54012966,33344037.0,0.46,-21.3,197556,176605,164667,
3798,CTW,Communication Services,Electronic Gaming & Multimedia,NASDAQ,81.6,36,74,38,30,2.1,120183919.36616278,59203902.0,0.95,-33.12,17970,22020,24372,-0.007
3799,ADBE,Technology,Software - Application,NASDAQ,81.58,36,28,20,18,238.12,94481775970.45898,397500000.0,0.0521,-34.53,3830070,5089526,5022248,0.129
3800,NZF,Financial Services,Asset Management,NYSE,81.56,36,37,54,57,10.89,2152401374.051569,196386986.0,0.0034999999,-16.36,1830597,1192859,931555,-0.018
3801,AOMR,Real Estate,REIT - Mortgage,NYSE,81.56,36,48,59,61,7.38,182375220.3168826,24914647.0,0.048499998,-22.32,163990,157316,150582,0.194
3802,BKD,Healthcare,Medical Care Facilities,NYSE,81.55,36,61,86,91,10.9,2593555274.7286034,238817252.0,0.1912,-36.22,4574770,4475186,4798794,-0.089
3803,VMO,Financial Services,Asset Management,NYSE,81.54,36,51,59,57,8.44,573920236.2759476,67440684.0,0.0049,-16.44,608660,377663,295838,-0.004
3804,BBIO,Healthcare,Biotechnology,NASDAQ,81.52,36,67,83,86,66.96,13146904048.25,195492997.0,0.123100005,-28.32,3150240,2622080,2472704,1.204
3805,WW,Healthcare,Medical Care Facilities,NASDAQ,81.52,36,21,22,5,15.68,147381720.11146545,9998760.0,0.1713,-59.15,394100,285280,258064,-0.142
3806,GBCI,Financial Services,Banks - Regional,NYSE,81.52,36,46,62,58,43.58,5717606836.361233,130211953.0,0.083500005,-20.15,1055960,1018193,1004174,0.415
3807,CRNT,Technology,Communication Equipment,NASDAQ,81.51,36,24,36,62,2.13,198991522.2536316,91280512.0,0.0072000003,-35.26,342850,308036,373400,0.142
3808,CLWT,Industrials,Pollution & Treatment Controls,NASDAQ,81.48,36,88,85,52,1.28,9931362.0073843,7411464.0,0.0023999999,-52.24,7310,11756,15360,-0.092
3809,MTH,Consumer Cyclical,Residential Construction,NYSE,81.46,36,27,58,31,62.82,4161365738.6022263,65174093.0,0.1031,-26.42,800440,813710,793818,-0.138
3810,LAW,Technology,Software - Application,NYSE,81.46,36,27,26,24,4.2,271364606.55578375,64919765.0,0.049200002,-53.9,155630,188676,210930,0.132
3811,NPKI,Industrials,Building Products & Equipment,NYSE,81.45,36,51,75,92,12.01,1001087647.0209446,84909894.0,0.0339,-27.21,836270,821463,840164,0.196
3812,SAIA,Industrials,Trucking,NASDAQ,81.43,36,31,77,75,341.65,9341585039.932251,26605107.0,0.0471,-30.94,362040,365160,435308,0.171
3813,IFN,Financial Services,Asset Management,NYSE,81.42,35,37,30,27,10.57,454313728.86730576,43309222.0,0.006,-31.67,210228,162082,151507,-0.124
3814,HBAN,Financial Services,Banks - Regional,NASDAQ,81.42,35,46,59,55,15.33,30972959128.43458,2020414826.0,0.025999999,-21.22,29790410,27961393,25848152,0.476
3815,MNDO,Technology,Software - Application,NASDAQ,81.41,35,28,27,22,0.98,20387017.467499256,20185166.0,0.001,-24.03,21380,36630,40732,-0.03
3816,REFR,Technology,Electronic Components,NASDAQ,81.39,35,5,5,13,0.72,25453484.44505024,34867786.0,0.012,-73.33,243290,3456700,2113400,-0.335
3817,FFR,Technology,Computer Hardware,NASDAQ,81.38,35,6,5,5,1.38,25963927.72262001,21108884.0,0.0392,-22.91,4161020,1713736,2519216,
3818,NEA,Financial Services,Asset Management,NYSE,81.37,35,39,55,56,10.0,3048466571.5509987,302127505.0,0.0091,-15.97,3292321,2139150,1630244,-0.014
3819,ADMA,Healthcare,Biotechnology,NASDAQ,81.36,35,19,13,11,10.18,2177131149.4103622,223984680.0,0.13319999,-50.24,3084930,2775886,2612612,0.02
3820,OXSQ,Financial Services,Asset Management,NASDAQ,81.36,35,31,28,47,1.28,137865948.91845584,107707775.0,0.0425,-37.56,995900,1274390,1510696,-0.013
3821,PICS,Technology,Software - Infrastructure,NASDAQ,81.36,35,22,17,15,12.46,1177950785.6434898,129587543.0,0.0431,-37.54,694730,560486,531520,0.67
3822,PENN,Consumer Cyclical,Resorts & Casinos,NASDAQ,81.36,35,38,82,54,15.91,1980163610.440815,134066591.0,0.16620001,-28.85,3621470,3129323,2896202,0.052
3823,ASM,Basic Materials,Other Precious Metals & Mining,NYSE ARCA,81.31,35,84,44,93,5.57,942696786.4473219,169855271.0,0.0432,-53.54,2596770,3476226,3835122,0.228
3824,DDL,Consumer Defensive,Grocery Stores,NYSE,81.3,35,29,32,69,2.08,470112826.70276785,218657119.0,0.0165,-39.0,221600,250840,292392,-0.988
3825,WULF,Financial Services,Capital Markets,NASDAQ,81.28,35,72,96,98,14.97,7729024692.525133,498968677.0,0.2855,-49.83,26868010,27696310,30487126,-0.06
3826,YUM,Consumer Cyclical,Restaurants,NYSE,81.28,35,40,56,60,139.84,37147294357.67517,272901085.0,0.041199997,-17.81,2164790,2215173,2383262,0.122
3827,BMR,Technology,Software - Application,NASDAQ,81.27,35,12,15,18,1.55,19567617.15189576,15529855.0,0.0276,-51.56,56510,52083,55018,-0.172
3828,RJET,Industrials,Airlines,NASDAQ,81.23,35,31,39,62,17.59,825895951.423645,46819500.0,0.0585,-34.12,62410,78653,88640,0.408
3829,HWKN,Basic Materials,Specialty Chemicals,NASDAQ,81.21,35,21,25,37,132.25,2743199201.4169617,20875117.0,0.078200005,-28.96,156930,181430,168120,0.076
3830,SBAC,Real Estate,REIT - Specialty,NASDAQ,81.19,35,36,31,55,169.7,16813905136.659393,106088110.0,0.0496,-24.4,936630,915930,997824,0.023
3831,MMU,Financial Services,Asset Management,NYSE,81.18,35,38,51,55,9.03,490662969.07045937,54336986.0,0.0007,-15.69,412121,248917,196384,-0.003
3832,NLY,Real Estate,REIT - Mortgage,NYSE,81.17,35,64,65,71,18.42,13943717177.0,753714442.0,0.0,-24.88,16022020,10966410,9351152,4.794
3833,LINE,Real Estate,REIT - Industrial,NASDAQ,81.17,35,35,74,29,34.44,7818337728.840351,227674365.0,0.0731,-24.72,1253650,979696,974810,0.008
3834,MHD,Financial Services,Asset Management,NYSE,81.17,35,39,55,54,10.23,538622889.3019104,52141616.0,0.0047999998,-15.31,1246796,770968,579369,0.112
3835,ARE,Real Estate,REIT - Office,NYSE,81.15,35,33,29,17,45.92,8152153087.672413,172095277.0,0.0546,-45.53,1927620,1897706,2033330,-0.119
3836,CAMP,Healthcare,Biotechnology,NASDAQ,81.14,35,88,86,92,3.96,251012800.0,62753200.0,0.0216,-48.9,423440,350946,297592,0.188
3837,AJG,Financial Services,Insurance Brokers,NYSE,81.14,35,61,45,20,229.85,57961263666.45813,256341000.0,0.0252,-26.59,1630200,1465870,1423044,0.309
3838,BCE,Communication Services,Telecom Services,NYSE,81.13,35,38,33,52,19.75,18398733942.533558,932525817.0,7.87,-25.53,4568150,4037696,3906148,0.015
3839,MWH,Utilities,Utilities - Renewable,NASDAQ,81.13,35,21,26,59,26.52,5110264730.5,202386722.0,0.1864,-45.21,1316950,1361190,1663638,0.775
3840,LGCY,Consumer Defensive,Education & Training Services,NYSE ARCA,81.13,35,27,45,88,10.12,122750819.06242752,12813238.0,0.0087,-31.16,110830,61470,55058,0.12
3841,CRWS,Consumer Cyclical,"Furnishings, Fixtures & Appliances",NASDAQ,81.12,35,41,67,43,2.47,26685511.965236187,10760287.0,0.004,-21.34,69010,85260,98028,0.083
3842,RYAM,Basic Materials,Chemicals,NYSE,81.1,35,69,41,92,6.79,481626753.21873474,67644208.0,0.0752,-42.7,991850,819783,903880,0.106
3843,PNI,Financial Services,Asset Management,NYSE,81.09,35,38,53,51,6.1,147848151.36671066,23885000.0,0.18,-15.28,92707,96075,77263,0.982
3844,GBAB,Financial Services,Asset Management,NYSE,81.09,35,34,41,49,12.47,348736104.90660095,27699452.0,0.15,-21.08,218135,148011,130459,
3845,OXLC,Financial Services,Asset Management,NASDAQ,81.07,35,42,22,17,8.68,873449476.9017715,98030246.0,0.0589,-49.27,1190485,908708,948397,-0.102
3846,MUA,Financial Services,Asset Management,NYSE,81.05,35,32,55,52,9.41,639841904.4017496,67139761.0,0.00090000004,-16.43,584991,458997,402950,-0.021
3847,LZM,Basic Materials,Other Industrial Metals & Mining,NYSE,81.05,35,41,18,23,3.84,346171035.87507963,89914557.0,0.0004,-40.0,357750,338076,367466,4.124
3848,AMTX,Basic Materials,Specialty Chemicals,NASDAQ,81.0,35,33,14,76,1.79,124131703.74478865,72169594.0,0.1372,-52.89,711720,760816,827748,0.2
3849,PFLT,Financial Services,Asset Management,NYSE,80.99,35,27,24,37,6.73,678650423.7794495,99217896.0,0.0401,-30.97,780290,743123,848566,0.041
3850,GBLI,Financial Services,Insurance - Property & Casualty,NASDAQ,80.97,35,58,36,39,24.03,356498956.484951,14640614.0,0.0016,-21.21,9290,7970,6372,0.051
3851,PAX,Financial Services,Asset Management,NASDAQ,80.96,35,28,22,34,11.2,1647831184.0266867,161393847.0,0.095699996,-37.08,1144230,1140426,1198158,0.349
3852,ORKT,Technology,Software - Application,NASDAQ,80.95,35,20,23,21,0.97,5927366.46646142,5839770.0,0.0163,-61.04,114840,115266,135966,0.609
3853,ICG,Technology,Computer Hardware,NASDAQ,80.95,35,31,10,13,1.03,57069211.23525149,60711927.0,0.0064,-54.82,81610,45246,119838,-0.871
3854,SINT,Healthcare,Medical Devices,NASDAQ,80.93,35,10,6,31,2.18,14728620.394231796,6664534.0,0.0155,-53.02,142170,63240,136692,1.993
3855,BURL,Consumer Cyclical,Apparel Retail,NYSE,80.93,35,22,65,77,276.43,17295535561.263885,62815195.0,0.0921,-26.93,1438460,1823996,1404024,0.11
3856,GGAL,Financial Services,Banks - Regional,NASDAQ,80.93,35,54,69,59,38.18,6081684037.623825,169453445.0,0.17979999,-38.93,1099670,835866,852096,-0.079
3857,DMB,Financial Services,Asset Management,NYSE,80.92,35,39,55,55,9.46,174488606.13441467,18405972.0,0.57,-16.13,134407,85762,75335,-0.0
3858,KNSL,Financial Services,Insurance - Property & Casualty,NYSE,80.92,35,57,25,22,336.45,7510502318.805695,22778425.0,0.1084,-30.63,241340,203770,222216,0.168
3859,TNL,Consumer Cyclical,Travel Services,NYSE,80.91,35,33,62,84,62.82,3855868675.989151,61282085.0,0.1495,-22.44,677740,679580,699980,0.044
3860,FCNCP,Financial Services,Banks - Regional,NASDAQ,80.91,35,36,39,55,18.09,,,0.33,-20.8,25540,17056,15776,0.085
3861,AXR,Real Estate,Real Estate - Development,NYSE,80.88,35,36,46,76,21.14,114697252.33504486,5324849.0,0.010199999,-27.13,10270,8646,10590,-0.661
3862,LUNR,Industrials,Aerospace & Defense,NASDAQ,80.87,35,57,32,94,15.06,2374384618.3374157,161412958.0,0.275,-67.79,8171950,7220656,8828114,3.098
3863,DX,Real Estate,REIT - Mortgage,NYSE,80.86,35,57,59,64,10.85,2726673765.28426,247429551.0,0.067,-27.33,8368780,6492956,5954904,
3864,IMCR,Healthcare,Biotechnology,NASDAQ,80.86,35,61,39,39,29.55,1530023863.921608,51498617.0,0.1676,-27.42,497730,396423,407708,0.183
3865,NERV,Healthcare,Biotechnology,NASDAQ,80.86,35,65,84,97,3.43,156611992.15393138,47747559.0,0.0531,-72.47,88010,149440,187314,
3866,WRN,Basic Materials,Other Industrial Metals & Mining,NYSE ARCA,80.85,35,66,35,88,2.17,493062443.77883863,226175426.0,0.0087,-49.06,1122320,1114536,1054764,
3867,WAFD,Financial Services,Banks - Regional,NASDAQ,80.83,35,56,77,61,29.92,2279554759.5336914,74011520.0,0.088199995,-24.23,1363560,1227590,946444,0.056
3868,GNTX,Consumer Cyclical,Auto Parts,NASDAQ,80.8,35,32,50,33,21.55,4651887932.406137,210683331.0,0.081599995,-22.06,2287590,2345396,2318798,-0.01
3869,GEHC,Healthcare,Medical Devices,NASDAQ,80.79,35,29,25,36,64.77,29038909554.611115,451686252.0,0.0424,-27.85,3590610,3401230,3678890,0.058
3870,NMZ,Financial Services,Asset Management,NYSE,80.78,35,37,52,51,8.94,1927540999.2218685,215367714.0,0.0007,-16.99,1777635,1266151,1018585,-0.013
3871,NTES,Communication Services,Electronic Gaming & Multimedia,NASDAQ,80.78,35,33,54,31,119.07,75053129114.05998,640330430.0,0.0085,-23.89,667140,649206,728266,0.079
3872,JBIO,Healthcare,Biotechnology,NASDAQ,80.78,35,93,93,86,13.41,897995097.1618567,63597387.0,0.21129999,-52.11,848130,904513,870078,
3873,BCRX,Healthcare,Drug Manufacturers - Specialty & Generic,NASDAQ,80.76,35,64,73,82,7.95,2087721827.3457813,255535105.0,0.1375,-29.14,5711370,4951986,4296232,0.336
3874,AFB,Financial Services,Asset Management,NYSE,80.75,34,40,58,56,9.55,275663940.62612915,28744936.0,0.9,-16.96,217839,125023,97917,0.07
3875,IIM,Financial Services,Asset Management,NYSE,80.74,34,49,61,57,10.85,514349857.79356956,47101635.0,0.004,-17.62,387045,201898,159303,0.018
3876,ASUR,Technology,Software - Application,NASDAQ,80.73,34,46,30,29,7.46,221793234.0825348,28879328.0,0.044,-26.86,103940,103113,109888,0.232
3877,XBIT,Healthcare,Biotechnology,NASDAQ,80.72,34,26,30,29,2.16,66768132.63452196,30487731.0,0.013300001,-37.21,27200,44780,37342,
3878,SUPV,Financial Services,Banks - Regional,NYSE,80.71,34,39,54,47,7.44,644738463.9683776,93985197.0,0.044699997,-45.09,748550,576513,609004,0.023
3879,RYTM,Healthcare,Biotechnology,NASDAQ,80.71,34,61,71,35,90.77,6391538898.1319275,68852082.0,0.1506,-25.72,811120,644803,669396,0.469
3880,SHEN,Communication Services,Telecom Services,NASDAQ,80.71,34,24,31,75,11.5,601260405.7920456,55364680.0,0.078099996,-33.72,880610,956993,774376,0.055
3881,PCM,Financial Services,Asset Management,NYSE,80.7,34,33,48,38,5.01,62685652.36759186,12413000.0,0.48,-25.89,68207,85509,72399,-0.015
3882,HPI,Financial Services,Asset Management,NYSE,80.68,34,43,54,52,13.97,379108912.27960587,26792150.0,3.89,-20.67,151657,106212,80361,0.012
3883,BAH,Industrials,Consulting Services,NYSE,80.68,34,25,16,23,68.14,8101192748.009697,120284973.0,0.0683,-37.54,1885750,1678860,1775076,-0.042
3884,UFPI,Basic Materials,Lumber & Wood Production,NASDAQ,80.67,34,31,26,31,79.0,4255709114.8197556,55161491.0,0.0551,-33.05,433760,435473,442952,0.026
3885,MQY,Financial Services,Asset Management,NYSE,80.67,34,37,54,54,9.94,721209511.939765,71833617.0,0.0015,-16.75,1423810,972310,736840,0.071
3886,RECT,Consumer Cyclical,Specialty Retail,NASDAQ,80.67,34,29,7,8,1.25,19817919.55703497,15482750.0,0.0026,-71.91,2710,3656,24226,0.235
3887,LEO,Financial Services,Asset Management,NYSE,80.65,34,37,54,57,5.54,348205883.36483,62290854.0,0.0016,-15.42,297354,185394,219240,0.01
3888,ELTK,Technology,Electronic Components,NASDAQ,80.65,34,25,34,28,8.0,53564989.77991438,6720827.0,0.0016,-30.97,2100,10826,10206,-0.079
3889,RCS,Financial Services,Asset Management,NYSE,80.63,34,26,29,26,5.05,237203470.8366394,47346000.0,1.4,-36.4,167673,165137,151088,-0.089
3890,MAA,Real Estate,REIT - Residential,NYSE,80.6,34,34,52,29,116.99,13373850593.911995,116021957.0,0.039,-18.99,1343510,1144433,1092728,0.01
3891,CNXC,Technology,Information Technology Services,NASDAQ,80.59,34,24,14,12,24.84,1518214670.7000732,60948000.0,0.1657,-49.69,2700460,1956426,1641840,-0.012
3892,OMCL,Healthcare,Health Information Services,NASDAQ,80.58,34,25,85,54,35.46,1528091273.004692,45478909.0,0.0875,-35.53,499990,571396,676118,0.075
3893,ARL,Real Estate,Real Estate Services,NYSE,80.56,34,34,83,41,15.85,259078784.50763702,16152043.0,0.0215,-35.15,4561,4907,6954,0.09
3894,ATMU,Consumer Cyclical,Auto Parts,NYSE,80.55,34,32,45,86,45.96,3728915646.1524467,81595527.0,0.0424,-30.89,692840,717556,713412,0.164
3895,PERI,Communication Services,Advertising Agencies,NASDAQ,80.55,34,52,34,59,8.55,351074556.5,41302889.0,0.0347,-24.13,275840,529766,451852,-0.046
3896,XXI,Consumer Defensive,Education & Training Services,NYSE,80.55,34,15,7,9,6.53,2287798959.542195,346636211.0,3.65,-74.52,1668820,2304213,1991932,
3897,BCSF,Financial Services,Asset Management,NYSE,80.55,34,30,42,42,10.82,716797014.7226858,64868507.0,0.030199999,-26.39,524090,527296,469952,-0.121
3898,TELO,Healthcare,Biotechnology,NASDAQ,80.53,34,32,30,28,1.2,81154444.47261,68774956.0,0.0176,-42.61,177970,110536,89326,
3899,DBD,Technology,Software - Application,NYSE,80.53,34,31,78,87,65.48,2164773932.299515,33946588.0,0.18100001,-28.89,247930,242830,273158,0.017
3900,ERH,Financial Services,Asset Management,NYSE ARCA,80.53,34,46,53,64,10.45,90706297.51304245,8832161.0,0.45,-20.05,34347,29202,27787,-0.06
3901,STAA,Healthcare,Medical Instruments & Supplies,NASDAQ,80.52,34,35,74,74,22.15,1126735286.0488586,50143984.0,0.1927,-38.25,855670,988960,1011910,1.11
3902,VLT,Financial Services,Asset Management,NYSE,80.5,34,35,47,45,9.05,59056972.02292633,6511243.0,0.0004,-20.61,32192,29550,28844,-0.084
3903,ELME,Real Estate,REIT - Residential,NYSE,80.48,34,16,11,23,1.75,156389873.2325852,88857883.0,0.0274,-90.1,1729710,1045213,844850,0.017
3904,SPGI,Financial Services,Financial Data & Stock Exchanges,NYSE,80.46,34,38,37,24,396.13,113872392761.23047,294800000.0,0.0223,-24.18,2151960,1921956,2008582,0.104
3905,JPC,Financial Services,Asset Management,NYSE,80.45,34,35,49,55,6.74,2592815030.1049805,375226496.0,0.0056,-18.8,2758734,2098841,1669708,
3906,NBTX,Healthcare,Biotechnology,NASDAQ,80.45,34,97,98,99,25.23,1311174807.5,50919410.0,0.0047,-55.85,177780,155583,156574,-0.792
3907,TAP,Consumer Defensive,Beverages - Brewers,NYSE,80.44,34,27,27,28,36.91,6872692084.182449,186453933.0,0.2765,-32.67,3410030,4755386,4005534,-0.033
3908,CNEY,Basic Materials,Specialty Chemicals,NASDAQ,80.42,34,8,11,6,0.52,3042452.044269085,5623756.0,0.031600002,-80.19,38190,52570,77408,0.082
3909,GHI,Financial Services,Mortgage Finance,NYSE,80.42,34,50,19,11,5.23,130300685.24361134,23562510.0,0.0086,-49.9,47330,41346,56906,
3910,NRO,Financial Services,Asset Management,NYSE ARCA,80.38,34,42,57,51,2.55,162839906.5801413,63361833.0,0.33,-21.54,267666,211465,206855,0.285
3911,MPA,Financial Services,Asset Management,NYSE,80.38,34,36,53,54,9.75,126129393.23606491,12949630.0,0.0007,-17.86,58729,40833,33105,0.036
3912,INEO,Consumer Cyclical,Auto Parts,NASDAQ,80.37,34,30,60,11,0.58,9475986.072669983,16170624.0,0.0028,-51.67,156710,73693,112558,-0.206
3913,PAYP,Technology,Software - Infrastructure,NASDAQ,80.35,34,58,21,72,15.51,10102975625.861921,677143135.0,0.0156,-37.69,653970,747716,798876,0.27
3914,ARBB,Technology,Information Technology Services,NASDAQ,80.32,34,21,25,12,4.48,8120177.431652069,1765256.0,0.0081,-58.01,2610,2643,6312,0.82
3915,TKC,Communication Services,Telecom Services,NYSE,80.31,34,29,36,65,5.17,4387708157.670122,870577022.0,0.0058,-27.99,2575620,2460133,2396224,0.025
3916,NAD,Financial Services,Asset Management,NYSE,80.31,34,39,55,55,10.16,2402821098.3453627,233737467.0,0.0023999999,-17.47,2713596,1693392,1247015,-0.006
3917,BTCS,Financial Services,Capital Markets,NASDAQ,80.31,34,17,4,12,1.46,75034872.87773716,52471941.0,0.059,-76.26,1406460,1962030,1928350,-0.119
3918,EDN,Utilities,Utilities - Regulated Electric,NYSE,80.29,34,39,39,61,20.94,948629294.2473564,47574186.0,0.080699995,-42.94,176200,96746,99092,0.104
3919,CMS,Utilities,Utilities - Regulated Electric,NYSE,80.28,34,34,53,60,65.07,19690535949.991295,308919602.0,0.0,-19.03,4848260,3624953,3748872,-0.005
3920,ADV,Communication Services,Advertising Agencies,NASDAQ,80.27,34,65,86,59,27.25,354406429.3739319,12822230.0,0.1188,-42.57,68560,60700,82380,0.018
3921,ALH,Consumer Cyclical,"Furnishings, Fixtures & Appliances",NYSE,80.26,34,30,58,54,21.59,4234207593.135956,198789096.0,0.09,-23.52,1274980,1131713,1387034,0.066
3922,CBUS,Healthcare,Biotechnology,NASDAQ,80.25,34,56,86,24,1.57,130693531.3555336,76428964.0,0.060599998,-62.54,159410,123676,138358,0.065
3923,GLPI,Real Estate,REIT - Specialty,NASDAQ,80.24,34,30,39,52,38.08,10961867309.021751,290920043.0,0.0401,-23.76,3175540,4052613,3535600,0.09
3924,AXP,Financial Services,Credit Services,NYSE,80.23,34,43,58,52,304.55,204470310411.38718,675309833.0,0.020599999,-21.4,3343520,2974466,2801908,0.128
3925,AOS,Industrials,Specialty Industrial Machinery,NYSE,80.23,34,28,27,32,56.9,7712811517.75,135908573.0,0.1114,-30.5,1465470,1445733,1494304,-0.007
3926,ACP,Financial Services,Asset Management,NYSE,80.23,34,44,49,54,4.37,559599228.6663265,125470678.0,0.0,-24.78,1094610,964296,768458,-0.069
3927,SGHC,Consumer Cyclical,Gambling,NYSE,80.2,34,71,85,66,11.43,5715863865.0,508076788.0,0.176,-27.93,3198150,2669883,2562876,0.181
3928,EQPT,Industrials,Rental & Leasing Services,NASDAQ,80.18,34,17,11,11,18.9,4687455315.5,253375963.0,0.107200004,-46.76,3703700,3131293,2910196,0.263
3929,SVRA,Healthcare,Biotechnology,NASDAQ,80.17,34,64,87,91,4.65,985699877.9939709,204927212.0,0.2466,-33.62,3111470,1949573,1782356,
3930,WMS,Industrials,Building Products & Equipment,NYSE,80.16,34,31,52,66,130.07,9596837623.209274,75405342.0,0.0385,-27.46,687710,745596,732654,0.206
3931,MRCY,Industrials,Aerospace & Defense,NASDAQ,80.13,34,37,83,78,82.8,5165492710.986832,60863586.0,0.095699996,-35.54,558410,666890,710030,0.061
3932,KVHI,Communication Services,Telecom Services,NASDAQ,80.11,34,60,80,90,6.86,127168147.77213669,18140962.0,0.07,-47.23,88960,111426,140236,0.267
3933,ENPH,Technology,Solar,NASDAQ,80.1,33,29,78,23,33.91,4411286584.286499,131798220.0,0.2174,-54.01,5119940,4602123,4618786,-0.196
3934,OFLX,Industrials,Specialty Industrial Machinery,NASDAQ,80.09,33,24,33,56,26.4,265783497.48986435,10094322.0,0.028900001,-30.38,32020,32296,35298,-0.058
3935,CPSH,Technology,Electronic Components,NASDAQ,80.09,33,29,74,93,3.68,73990838.66617584,19268448.0,0.0777,-74.43,162170,199246,225168,0.029
3936,SCYX,Healthcare,Drug Manufacturers - Specialty & Generic,NASDAQ,80.08,33,33,14,87,4.84,50941996.94135761,9949609.0,0.0471,-46.93,1001900,383043,332254,-0.828
3937,KREF,Real Estate,REIT - Mortgage,NYSE,80.08,33,43,47,24,6.26,360840150.7417145,58577948.0,0.1494,-31.25,1153870,812913,815660,
3938,PML,Financial Services,Asset Management,NYSE,80.04,33,38,49,50,6.54,435535712.682724,66494000.0,0.6,-18.35,1241475,749468,583233,0.971
3939,OMAB,Industrials,Airports & Air Services,NASDAQ,80.04,33,39,40,68,94.64,4546662373.669556,48271178.0,0.0099,-29.89,207210,137470,108948,0.026
3940,DSM,Financial Services,Asset Management,NYSE,80.03,33,36,53,57,5.21,256040610.89500284,49428691.0,0.0016,-17.3,319521,180753,167494,0.031
3941,NCDL,Financial Services,Asset Management,NYSE,80.01,33,32,36,56,10.9,544245478.9076042,49387065.0,0.0139,-27.67,257051,218767,199234,
3942,CVNA,Consumer Cyclical,Auto & Truck Dealerships,NYSE,80.0,33,56,27,63,63.88,45909070114.10158,719916415.0,0.1163,-34.4,8446010,7191163,8844012,0.524
3943,GLSI,Healthcare,Biotechnology,NASDAQ,80.0,33,55,61,94,15.79,249235965.1208496,14678208.0,0.2131,-53.7,114470,124416,123328,
3944,PHG,Healthcare,Medical Devices,NYSE,80.0,33,32,50,60,24.15,23380065204.8118,977427472.0,3.64,-27.78,1015020,813580,905586,0.005
3945,HSY,Consumer Defensive,Confectioners,NYSE,80.0,33,32,34,56,160.8,32186281485.371155,200925657.0,0.0736,-32.85,1448420,1422413,1411732,0.066
3946,MGRX,Healthcare,Health Information Services,NASDAQ,79.99,33,21,8,4,0.45,9424963.552836,21567422.0,0.026300002,-83.64,781060,566146,16247976,-0.591
3947,PROF,Healthcare,Medical Devices,NASDAQ,79.98,33,75,60,53,6.08,213350354.53443146,36532594.0,0.048699997,-32.07,129510,125513,120430,0.123
3948,ZTO,Industrials,Integrated Freight & Logistics,NYSE,79.97,33,37,66,79,19.68,14614499718.0,749461524.0,0.0247,-24.89,2997750,2759636,2504488,0.23
3949,VKI,Financial Services,Asset Management,NYSE ARCA,79.97,33,45,64,56,7.8,340831356.2002697,44436943.0,0.003,-18.75,402462,197110,145402,0.002
3950,NDMO,Financial Services,Asset Management,NYSE,79.95,33,35,49,51,8.84,540728874.5998125,60484217.0,0.0001,-18.3,544924,339051,270262,
3951,BRLS,Consumer Defensive,Packaged Foods,NASDAQ,79.95,33,17,10,6,1.23,25970602.288760185,21463307.0,0.0124,-71.13,4470,86123,1028866,0.076
3952,MAMA,Consumer Defensive,Packaged Foods,NASDAQ,79.93,33,79,92,90,12.73,609616788.5582657,47147469.0,0.083000004,-39.38,638660,785670,668386,0.55
3953,FWRD,Industrials,Integrated Freight & Logistics,NASDAQ,79.85,33,41,9,25,15.26,537453509.2654495,33780862.0,0.096499994,-51.06,514340,541796,559388,0.088
3954,MGEE,Utilities,Utilities - Regulated Electric,NASDAQ,79.85,33,42,47,33,70.59,2671321164.4574356,37746521.0,0.0636,-19.73,240840,190546,183252,0.011
3955,COSM,Healthcare,Medical Distribution,NASDAQ,79.85,33,22,14,23,0.32,38240833.26014078,100633773.0,0.0353,-75.76,5093040,3652566,3442378,0.288
3956,VTN,Financial Services,Asset Management,NYSE,79.85,33,36,57,58,9.57,141220523.39823532,14664644.0,0.0029,-20.91,88365,57271,44141,-0.172
3957,LGPS,Industrials,Conglomerates,NYSE ARCA,79.84,33,53,70,10,0.74,17708152.5,23610870.0,0.0121,-53.75,564600,2990460,1812164,0.174
3958,VGM,Financial Services,Asset Management,NYSE,79.83,33,50,60,57,8.79,482664494.512146,54231968.0,0.0053,-17.54,546391,290707,225274,0.038
3959,ISRG,Healthcare,Medical Instruments & Supplies,NASDAQ,79.82,33,16,24,32,404.76,140427081367.6112,358278038.0,0.0231,-32.97,1851700,2207706,2461456,0.185
3960,NAN,Financial Services,Asset Management,NYSE,79.8,33,36,57,52,9.76,332002287.40517044,33569492.0,0.0054,-17.29,205190,152386,127270,-0.019
3961,OTEX,Technology,Software - Application,NASDAQ,79.79,33,28,27,20,22.71,5391957472.576981,242662360.0,0.0661,-43.08,1084250,1266876,1506584,0.029
3962,PHIN,Consumer Cyclical,Auto Parts,NYSE,79.78,33,51,81,81,60.76,2190224855.9157715,36638088.0,0.161,-30.11,443540,402126,403434,0.056
3963,PDI,Financial Services,Asset Management,NYSE,79.77,33,30,38,45,14.4,6863277302.985237,476616492.0,0.17,-27.86,4718754,4176938,4023204,
3964,NAC,Financial Services,Asset Management,NYSE,79.75,33,40,59,57,10.06,1599222048.9793167,156326698.0,0.0032,-17.88,2043622,1227994,908594,-0.005
3965,KGC,Basic Materials,Gold,NYSE,79.75,33,71,32,90,23.81,28540952749.81907,1186240789.0,2.05,-39.12,9285750,7962350,8283508,0.295
3966,ADT,Industrials,Security & Protection Services,NYSE,79.74,33,42,28,25,6.36,4565995300.0,730559248.0,0.0563,-28.43,7519520,7670753,7765040,0.02
3967,WAFU,Consumer Defensive,Education & Training Services,NASDAQ,79.73,33,20,35,43,1.46,6395310.760311842,4410559.0,0.2025,-52.29,794550,1375386,1931246,-0.027
3968,KMRK,Consumer Cyclical,Leisure,NASDAQ,79.73,33,11,9,90,1.12,24264999.496936798,21100000.0,0.0019,-83.0,365770,133186,107124,-0.15
3969,KTB,Consumer Cyclical,Apparel Manufacturing,NYSE,79.64,33,33,77,69,65.8,3536635700.1631165,54653620.0,0.1525,-26.03,589550,728650,732490,0.186
3970,EVER,Communication Services,Internet Content & Information,NASDAQ,79.61,33,78,82,14,19.39,689778921.0,35373278.0,0.2719,-32.51,1041920,839260,782746,0.246
3971,STRO,Healthcare,Biotechnology,NASDAQ,79.6,33,82,98,99,14.45,254356244.97112083,16570439.0,0.12560001,-67.05,223330,276820,283282,-0.846
3972,MCFT,Consumer Cyclical,Recreational Vehicles,NASDAQ,79.59,33,64,68,64,19.41,489221366.3847332,24339371.0,0.0506,-31.75,221770,258280,228336,0.634
3973,VHC,Technology,Software - Infrastructure,NASDAQ,79.59,33,16,12,32,11.96,43974172.39921951,4196009.0,0.0377,-58.76,40750,105230,70720,
3974,MARA,Financial Services,Capital Markets,NASDAQ,79.57,33,38,35,18,10.97,4338140928.476215,386299297.0,0.3098,-53.22,34490360,43422420,45439986,-0.267
3975,VVV,Consumer Cyclical,Auto & Truck Dealerships,NYSE,79.56,33,23,66,38,30.87,3900053286.0897694,127536079.0,0.1148,-24.85,3266640,2712366,2538160,0.241
3976,KBR,Industrials,Engineering & Construction,NYSE,79.56,33,32,26,22,34.61,4316560142.800541,126067755.0,0.0875,-28.09,1682800,1393170,1482944,0.016
3977,ZJK,Industrials,Tools & Accessories,NASDAQ,79.56,33,25,22,13,1.93,118996162.18356192,64322249.0,0.0033000002,-52.35,5640,14390,70932,0.366
3978,WPRT,Consumer Cyclical,Auto Parts,NASDAQ,79.56,33,34,26,23,1.84,35711979.82942128,18995734.0,0.0253,-27.84,42380,52170,63234,-0.783
3979,PWP,Financial Services,Capital Markets,NASDAQ,79.55,33,35,18,68,15.53,1223060502.6465454,77311032.0,0.10479999,-40.1,3034460,1867013,1613126,0.008
3980,FLNT,Communication Services,Advertising Agencies,NASDAQ,79.55,33,88,82,81,2.67,94189116.88285732,31607086.0,0.0033000002,-40.53,35710,35190,35698,0.084
3981,MITQ,Technology,Communication Equipment,NYSE ARCA,79.53,33,27,31,21,0.59,5752384.984166205,9952223.0,0.0091,-47.32,237920,175106,114920,-0.227
3982,SRRK,Healthcare,Biotechnology,NASDAQ,79.52,33,88,80,82,42.45,5700769217.666634,121785282.0,0.1989,-31.27,1783480,1966030,1609086,
3983,NHS,Financial Services,Asset Management,NYSE ARCA,79.5,33,31,34,36,5.43,227695516.3150077,41855793.0,0.0015,-29.94,294828,243079,212705,0.029
3984,ELA,Consumer Cyclical,Luxury Goods,NYSE ARCA,79.5,33,50,97,96,12.15,315715864.19828796,25963476.0,0.067,-59.06,85070,116133,129690,0.035
3985,NXT,Technology,Solar,NASDAQ,79.49,33,24,67,91,88.09,12790798999.041748,151729520.0,0.0796,-46.0,2019020,2080883,2374206,0.082
3986,CX,Basic Materials,Building Materials,NYSE,79.46,33,42,78,85,9.92,13751336491.780125,1442952453.0,1.69,-27.43,7754140,6476723,6890842,0.122
3987,TDF,Financial Services,Asset Management,NYSE,79.45,33,36,40,58,9.57,238218922.0,25075676.0,0.0005,-21.56,47267,43962,47619,-0.013
3988,ALOY,Basic Materials,Other Industrial Metals & Mining,NASDAQ,79.44,33,35,59,93,8.12,563681711.7756338,69418931.0,4.48,-69.81,1586410,1872270,2509156,0.827
3989,CBRE,Real Estate,Real Estate Services,NYSE,79.42,33,37,31,45,130.66,37523167645.06821,289575298.0,0.0148,-25.02,2287680,1953160,1823722,0.155
3990,VERU,Healthcare,Biotechnology,NASDAQ,79.41,33,27,25,15,2.47,42796303.03739548,17050320.0,0.09729999,-66.3,239630,228270,240072,
3991,HIHO,Industrials,Metal Fabrication,NASDAQ,79.41,33,33,20,11,0.88,4164008.289691448,4626676.0,0.00029999999,-60.18,37370,35813,73242,0.292
3992,FURY,Basic Materials,Gold,NYSE ARCA,79.41,33,40,24,58,0.51,97537818.2108903,190132195.0,0.0026,-50.0,222850,258860,266976,
3993,NKX,Financial Services,Asset Management,NYSE,79.39,32,37,58,49,10.57,593179546.2176418,56332342.0,0.0019,-19.92,446136,271865,223783,0.017
3994,AGNC,Real Estate,REIT - Mortgage,NASDAQ,79.39,32,63,69,69,8.7,10420381873.90747,1185481447.0,0.0919,-28.63,41442000,35388390,28219866,
3995,DAKT,Technology,Electronic Components,NASDAQ,79.35,32,53,56,60,17.85,863743949.9698639,48092650.0,0.044699997,-36.86,412310,667216,569042,0.071
3996,ELUT,Healthcare,Medical Devices,NASDAQ,79.35,32,21,26,53,0.78,34501309.47308123,44289230.0,0.0002,-43.68,800130,302423,200294,-0.116
3997,RYAN,Financial Services,Insurance Brokers,NYSE,79.35,32,49,31,12,38.3,4598666810.8090515,122077702.0,0.113900006,-35.29,1970740,1973240,1996616,0.074
3998,GIII,Consumer Cyclical,Apparel Manufacturing,NASDAQ,79.34,32,28,80,65,26.78,1173530059.9433975,42876508.0,0.2852,-28.66,628900,824706,653856,-0.096
3999,HEPS,Consumer Cyclical,Internet Retail,NASDAQ,79.28,32,34,57,50,2.46,871629508.4405899,357225200.0,0.0714,-26.13,317300,477810,352434,0.362
4000,FC,Consumer Defensive,Education & Training Services,NYSE,79.28,32,58,44,72,17.45,195722818.22834587,11293873.0,0.0856,-34.91,43877,57272,65263,0.01
4001,EIC,Financial Services,Asset Management,NYSE,79.28,32,32,33,25,9.12,215823060.86391926,23433557.0,0.0029,-30.86,171806,119598,107053,-0.204
4002,SNY,Healthcare,Drug Manufacturers - General,NASDAQ,79.27,32,36,36,38,39.56,96933661869.51657,2428198054.0,0.0044,-24.91,3651030,2691386,2851844,0.146
4003,BTGO,Financial Services,Capital Markets,NYSE,79.24,32,26,4,10,7.19,867486703.8120289,117545622.0,0.028099999,-70.65,975240,1900076,1793758,0.796
4004,KAI,Industrials,Specialty Industrial Machinery,NYSE,79.19,32,38,31,52,263.66,3174644764.5403137,11809117.0,0.1333,-25.53,148560,162503,147898,0.226
4005,ACRE,Real Estate,REIT - Mortgage,NYSE,79.19,32,34,35,78,3.75,212492658.557127,55481113.0,0.038900003,-36.33,768840,474453,487814,-0.588
4006,NLOP,Real Estate,REIT - Office,NYSE,79.18,32,44,48,75,9.66,144585375.39067268,14814075.0,0.062,-68.08,185640,150763,134504,-0.769
4007,ATTT,Consumer Defensive,Household & Personal Products,NASDAQ,79.12,32,20,16,28,2.61,15803058.67,5874743.0,0.0075,-69.22,951530,320036,195224,1.96
4008,AQN,Utilities,Utilities - Diversified,NYSE,79.12,32,37,35,60,5.06,3926499591.0764337,769901895.0,4.52,-28.83,4659680,4458913,4153404,0.031
4009,ROCK,Industrials,Building Products & Equipment,NASDAQ,79.11,32,57,21,13,40.8,1190926093.1104965,29661919.0,0.1067,-45.66,340830,322740,330188,0.646
4010,STEP,Financial Services,Asset Management,NASDAQ,79.11,32,55,18,28,45.16,3725218857.558872,82288907.0,0.0744,-41.95,1099080,1093883,1207654,0.04
4011,BBWI,Consumer Cyclical,Specialty Retail,NYSE,79.09,32,33,31,16,17.93,3238423619.0897846,201645313.0,0.0805,-34.56,7162270,7227193,6521666,-0.023
4012,PPTA,Basic Materials,Other Precious Metals & Mining,NASDAQ,79.08,32,56,20,88,20.62,2549452360.155424,125095803.0,0.1273,-44.82,982210,970003,1105306,
4013,SKYX,Industrials,Electrical Equipment & Parts,NASDAQ,79.06,32,46,34,25,1.13,159808565.81636167,135430994.0,0.0313,-65.65,521920,829903,846176,0.096
4014,ALLY,Financial Services,Credit Services,NYSE,79.05,32,53,62,60,37.62,11532210315.21281,304199693.0,0.0493,-20.45,4026460,3684810,3278936,0.11
4015,EXOD,Technology,Software - Infrastructure,NYSE ARCA,79.05,32,18,5,3,6.86,221389878.8356743,30203258.0,0.0529,-78.7,63590,105313,93794,0.016
4016,NVG,Financial Services,Asset Management,NYSE,79.03,32,38,56,57,10.6,2311447555.6629343,215821433.0,0.0034,-22.0,2045407,1192219,915653,-0.023
4017,WLDN,Industrials,Engineering & Construction,NASDAQ,79.01,32,28,23,45,73.91,1120167986.0853958,15232091.0,0.1375,-46.05,203970,189213,227876,0.332
4018,ATEC,Healthcare,Medical Devices,NASDAQ,78.99,32,18,18,28,10.54,1542506688.083825,153789305.0,0.1078,-54.74,1975710,2157113,2208000,0.151
4019,RFIL,Industrials,Electrical Equipment & Parts,NASDAQ,78.99,32,62,95,96,8.66,91150621.86057091,10851265.0,0.0829,-61.17,250540,273056,252826,0.211
4020,RIVN,Consumer Cyclical,Auto Manufacturers,NASDAQ,78.96,32,47,68,69,14.51,20704407285.1575,1447860630.0,0.1359,-36.05,27121160,23012410,22880912,0.272
4021,FPH,Real Estate,Real Estate - Development,NYSE,78.95,32,32,31,30,4.68,325999609.54081535,71806082.0,0.0105,-27.67,187640,150713,164570,0.86
4022,MKL,Financial Services,Insurance - Property & Casualty,NYSE,78.94,32,31,39,42,1738.33,21523587903.91626,12389958.0,0.0227,-21.26,84590,72933,71194,0.127
4023,DTST,Technology,Information Technology Services,NASDAQ,78.92,32,20,24,30,3.43,7761290.003939152,2337738.0,0.0017,-33.4,32650,18486,19146,0.093
4024,TRSG,Industrials,Metal Fabrication,NASDAQ,78.9,32,46,62,29,1.19,18642973.806061506,16353486.0,0.0064,-32.0,129430,44256,27802,0.109
4025,RYAAY,Industrials,Airlines,NASDAQ,78.89,32,27,51,56,55.87,28511711180.65541,517923916.0,0.0049,-24.74,1339100,1410640,1293474,0.011
4026,HLNE,Financial Services,Asset Management,NASDAQ,78.88,32,43,14,18,86.5,4803356154.203941,55185617.0,0.1019,-44.43,668360,618326,659026,0.565
4027,LRN,Consumer Defensive,Education & Training Services,NYSE,78.87,32,27,32,33,79.75,3278656146.6838837,41559845.0,0.2766,-48.57,583410,682530,887450,-0.027
4028,ABOS,Healthcare,Biotechnology,NASDAQ,78.87,32,93,84,93,2.03,147527258.6413145,72317285.0,0.0556,-43.61,708490,487463,452920,
4029,CASH,Financial Services,Banks - Regional,NASDAQ,78.86,32,44,61,79,73.06,1536397834.501419,20773362.0,0.1594,-27.85,209270,238040,209904,-0.135
4030,ARR,Real Estate,REIT - Mortgage,NYSE,78.86,32,55,60,70,13.49,1923705916.7392807,141553046.0,0.0,-30.14,4758050,4234090,3866616,
4031,CENX,Basic Materials,Aluminum,NASDAQ,78.85,32,80,74,97,37.18,3526141062.1637535,98993295.0,0.1412,-47.21,1811070,1676380,1923980,0.197
4032,OLB,Technology,Software - Infrastructure,NASDAQ,78.85,32,5,8,8,0.41,4539839.051052555,24020313.0,0.0099,-77.22,77358900,38881000,23470456,-0.436
4033,EVN,Financial Services,Asset Management,NYSE,78.84,32,41,57,48,9.17,370484278.619442,39922876.0,2.9,-18.56,251856,127635,110659,0.059
4034,BLIV,Technology,Software - Application,NASDAQ,78.79,32,21,24,13,2.3,24989044.08192587,10864802.0,0.0004,-46.82,8360,6563,4388,-0.625
4035,FUTU,Financial Services,Capital Markets,NASDAQ,78.79,32,31,10,73,113.21,14323670582.256226,140194488.0,0.0759,-44.1,1301820,1095386,1201302,0.356
4036,NTLA,Healthcare,Biotechnology,NASDAQ,78.78,32,58,34,79,12.37,1717953288.2524548,140126693.0,0.41970003,-56.21,5130030,4233573,3961572,-0.462
4037,AKTX,Healthcare,Biotechnology,NASDAQ,78.74,32,15,93,2,8.39,19926639.410204887,2285165.0,0.0095999995,-81.02,45830,78996,65038,
4038,TPR,Consumer Cyclical,Luxury Goods,NYSE,78.72,32,29,61,88,116.75,23552145553.0056,199391678.0,0.0938,-29.16,2705900,3239510,3238034,0.089
4039,CHCT,Real Estate,REIT - Healthcare Facilities,NYSE,78.69,32,32,73,69,13.63,390265324.760828,28653842.0,0.038599998,-28.88,417560,396940,392996,0.074
4040,FUL,Basic Materials,Specialty Chemicals,NYSE,78.68,32,25,29,49,50.63,2702221814.8683586,53829119.0,0.0744,-26.23,1390620,882786,799650,0.052
4041,HRL,Consumer Defensive,Packaged Foods,NYSE,78.67,32,27,61,22,19.88,11144603700.0,550350800.0,0.0714,-25.26,5368500,5779306,4925420,-0.024
4042,USAU,Basic Materials,Gold,NASDAQ,78.67,32,55,34,67,14.3,239169758.0236292,16528663.0,0.1095,-39.79,136290,152303,188648,
4043,TSSI,Technology,Information Technology Services,NASDAQ,78.66,32,17,20,74,10.39,288963270.34116745,28219070.0,0.1967,-52.27,1066050,899073,931632,-0.201
4044,MREO,Healthcare,Biotechnology,NASDAQ,78.56,32,7,10,3,0.35,60682568.9785341,159690973.0,0.023699999,-85.23,1986530,1759670,4940610,
4045,AZ,Technology,Software - Application,NASDAQ,78.55,32,38,13,57,5.97,272523833.24921465,44026467.0,0.1079,-31.58,389870,422853,486660,4.09
4046,SABS,Healthcare,Biotechnology,NASDAQ,78.54,32,69,71,91,2.93,271139378.37542725,90986368.0,0.040900003,-43.11,801500,532090,474926,
4047,HAPN,Financial Services,Banks - Regional,NASDAQ,78.53,32,51,79,68,15.35,1774966809.5273361,115407464.0,0.0636,-29.16,1803660,1425640,1406228,0.065
4048,ROAD,Industrials,Engineering & Construction,NASDAQ,78.52,32,28,22,55,93.89,5169296053.322525,56755555.0,0.0805,-37.82,690840,592136,665216,0.282
4049,VFC,Consumer Cyclical,Apparel Manufacturing,NYSE,78.52,32,18,57,84,14.45,5633618358.106213,393134570.0,0.1007,-35.11,10042360,7779543,8077034,-0.052
4050,AGIO,Healthcare,Biotechnology,NASDAQ,78.5,32,69,72,57,31.72,1898519802.0510788,59701882.0,0.1279,-31.04,1105730,961270,1057704,2.593
4051,GLXY,Financial Services,Capital Markets,NASDAQ,78.47,32,46,33,26,22.15,4480382455.756668,194292392.0,0.18100001,-51.76,4389750,5046086,5869908,-0.038
4052,AA,Basic Materials,Aluminum,NYSE,78.46,31,48,41,95,43.17,11071001419.096928,263909445.0,0.045500003,-48.84,3739140,3735653,4379290,0.314
4053,AZO,Consumer Cyclical,Auto Parts,NYSE,78.46,31,21,25,36,2898.57,45155501663.81836,16173000.0,0.0345,-31.38,389700,368823,299580,0.056
4054,SHAK,Consumer Cyclical,Restaurants,NYSE,78.45,31,33,11,45,64.61,2464088907.5226173,40408149.0,0.1104,-39.88,1654800,1359070,1543004,0.172
4055,SRE,Utilities,Utilities - Diversified,NYSE,78.45,31,37,59,70,79.97,51252707480.249054,653900348.0,0.019,-20.85,3584790,3833540,3936798,-0.001
4056,NVR,Consumer Cyclical,Residential Construction,NYSE,78.43,31,24,28,30,6046.6,15972771371.240234,2664860.0,0.0747,-26.26,37090,39923,37058,-0.109
4057,YALA,Technology,Software - Application,NYSE,78.42,31,24,19,47,5.44,807730236.903173,151828987.0,0.0233,-30.52,285560,301490,313694,-0.023
4058,ADUR,Industrials,Pollution & Treatment Controls,NASDAQ,78.41,31,38,81,64,11.79,435245237.2555847,35443424.0,8.32,-35.18,248110,299206,345926,-1.0
4059,YMM,Technology,Software - Application,NYSE,78.4,31,25,25,22,8.44,8544955644.775394,1045894194.0,0.0222,-40.01,7424800,6464100,6738076,0.044
4060,BC,Consumer Cyclical,Recreational Vehicles,NYSE,78.4,31,37,60,75,64.98,4239695733.8146057,64797428.0,0.0001,-28.0,766550,778050,756226,0.077
4061,SOHU,Communication Services,Electronic Gaming & Multimedia,NASDAQ,78.4,31,30,25,66,12.54,374314224.26548004,30065400.0,5.5796003,-27.51,43910,85976,72650,0.073
4062,NOA,Energy,Oil & Gas Equipment & Services,NYSE,78.39,31,34,31,37,12.24,327811237.1334686,26913894.0,2.71,-29.08,90190,111953,110528,0.251
4063,ABEO,Healthcare,Biotechnology,NASDAQ,78.37,31,59,83,44,5.01,287635617.50768423,57184017.0,0.29549998,-34.51,1153320,1318103,1446216,27.45
4064,NMT,Financial Services,Asset Management,NYSE,78.37,31,51,63,65,10.17,105604799.85558414,10252893.0,0.0014,-25.77,67206,42598,30069,0.054
4065,CWST,Industrials,Waste Management,NASDAQ,78.37,31,47,55,21,82.06,5267486393.784592,63640046.0,0.1084,-23.99,636510,533953,534396,0.169
4066,PLRZ,Healthcare,Biotechnology,NASDAQ,78.36,31,64,94,36,9.67,23338883.606204987,2428604.0,0.023699999,-46.87,16290,58483,64078,
4067,RSI,Consumer Cyclical,Gambling,NYSE,78.34,31,77,95,85,20.56,2313683229.9347706,115626347.0,0.082600005,-40.46,4291880,3265926,3068972,0.463
4068,SUPN,Healthcare,Drug Manufacturers - Specialty & Generic,NASDAQ,78.34,31,27,53,73,42.83,2467539242.530094,58224143.0,0.10520001,-28.23,690750,635120,800274,0.324
4069,DGICB,Financial Services,Insurance - Property & Casualty,NASDAQ,78.3,31,90,92,64,16.77,618036031.1401176,37119282.0,0.0069,-44.08,4480,2373,2876,-0.024
4070,STRT,Consumer Cyclical,Auto Parts,NASDAQ,78.26,31,37,63,78,65.93,262213867.56129456,3985013.0,0.088199995,-29.11,62700,84816,85494,-0.001
4071,TOUR,Consumer Cyclical,Travel Services,NASDAQ,78.26,31,26,18,36,5.01,53971144.07148695,10863757.0,13.2,-47.26,3430,5660,6108,0.03
4072,DEI,Real Estate,REIT - Office,NYSE,78.21,31,31,59,23,9.81,1644705270.8275528,167485267.0,0.277,-36.79,2692100,2072496,1911030,0.016
4073,AZN,Healthcare,Drug Manufacturers - General,NYSE,78.19,31,26,35,77,158.61,243337101453.82257,1550905742.0,0.0013,-25.43,2566040,2927280,3507960,0.064
4074,RRR,Consumer Cyclical,Resorts & Casinos,NASDAQ,78.19,31,35,67,57,52.05,2974849750.5532265,59130385.0,0.1607,-24.55,1334030,1161276,991212,-0.03
4075,RDNW,Consumer Cyclical,Auto & Truck Dealerships,NASDAQ,78.17,31,39,85,94,4.88,207599011.29595184,38587176.0,0.123100005,-42.92,76540,71010,73044,-0.01
4076,ZKH,Consumer Cyclical,Internet Retail,NYSE,78.15,31,37,30,40,2.45,432290174.14461327,157770136.0,0.0002,-37.18,165500,236923,302946,0.128
4077,LE,Consumer Cyclical,Apparel Retail,NASDAQ,78.15,31,18,32,31,10.53,304009343.53297997,29544154.0,0.1349,-47.46,154850,189646,180930,0.027
4078,MESO,Healthcare,Biotechnology,NASDAQ,78.13,31,60,55,62,13.61,1826120895.0649738,129696087.0,0.0349,-36.7,259440,216033,206760,3.907
4079,DPZ,Consumer Cyclical,Restaurants,NASDAQ,78.11,31,28,20,25,302.87,9845785809.16809,33081735.0,0.1122,-31.53,693840,817583,795846,0.043
4080,ODD,Consumer Defensive,Household & Personal Products,NASDAQ,78.1,31,18,13,4,19.25,871754053.004879,46124554.0,0.3073,-68.18,782260,1516750,1227778,-0.251
4081,NPB,Financial Services,Banks - Regional,NYSE,78.1,31,35,60,73,15.55,530831287.8919258,34581842.0,0.021,-21.11,246350,255716,226608,0.098
4082,BTCT,Technology,Computer Hardware,NASDAQ,78.05,31,60,8,8,1.12,19522404.195260525,16976004.0,0.2447,-64.1,1469330,5394766,13345898,0.004
4083,MDRR,Real Estate,Real Estate Services,NASDAQ,78.04,31,50,35,31,10.08,16952684.75151062,1628500.0,0.0061000003,-30.58,1240,3573,4606,-0.266
4084,LOAN,Real Estate,REIT - Mortgage,NASDAQ,78.04,31,32,32,36,3.86,43202946.453003645,11429351.0,0.0013,-33.45,45700,33710,29766,-0.11
4085,CNL,Basic Materials,Gold,NASDAQ,78.04,31,78,27,89,12.22,1124969046.5235605,92742707.0,14.61,-44.38,166450,169763,130090,
4086,VCV,Financial Services,Asset Management,NYSE,78.04,31,39,55,50,8.95,440559787.05506706,49114802.0,0.0049,-21.35,436938,234829,176431,-0.033
4087,HPF,Financial Services,Asset Management,NYSE,78.03,31,40,53,52,13.27,295533807.5908642,21650829.0,0.99,-22.53,105593,79974,59594,0.013
4088,BBSI,Industrials,Staffing & Employment Services,NASDAQ,78.02,31,33,63,17,31.28,739415347.3469925,24235180.0,0.051,-31.3,306480,216630,246848,0.038
4089,RMIX,Basic Materials,Building Materials,NASDAQ,78.02,31,76,94,71,11.55,897996911.1028347,73485834.0,5.41,-54.71,521500,457153,383334,1.462
4090,AYTU,Healthcare,Drug Manufacturers - Specialty & Generic,NASDAQ,77.99,31,32,26,82,2.05,22494084.834568977,10866708.0,0.033299997,-33.22,53850,42320,39382,0.064
4091,NHI,Real Estate,REIT - Healthcare Facilities,NYSE,77.97,31,33,40,70,65.54,3227537782.4292603,49110434.0,0.0419,-28.28,414220,377536,373702,0.338
4092,MNDY,Technology,Software - Application,NASDAQ,77.92,31,20,22,4,84.29,3331200706.210373,42274119.0,0.1714,-59.96,1142870,1182003,1333330,0.219
4093,SLRC,Financial Services,Asset Management,NASDAQ,77.92,31,28,29,64,11.43,630106033.1054707,54554634.0,0.0231,-30.13,383820,354566,393008,-0.094
4094,CYTK,Healthcare,Biotechnology,NASDAQ,77.92,31,76,89,80,61.35,9119936008.667099,139023418.0,0.192,-30.53,2425410,2154420,2047314,-0.571
4095,PAC,Industrials,Airports & Air Services,NYSE,77.92,31,25,38,57,209.2,11953915274.829712,59501820.0,0.0088,-30.36,209310,157330,144638,0.037
4096,OWL,Financial Services,Asset Management,NYSE,77.91,31,42,21,11,9.07,6209889999.501915,683908596.0,0.1754,-47.66,20890310,19531976,20282668,0.071
4097,LAR,Basic Materials,Other Industrial Metals & Mining,NYSE,77.85,31,73,87,96,5.58,900908962.4404907,164100000.0,0.0405,-53.69,1166810,1644893,1853772,
4098,OTF,Financial Services,Asset Management,NYSE,77.84,31,32,23,27,9.36,4389415991.663229,458185389.0,0.0125,-37.6,2136880,2234486,2527444,0.058
4099,KRKR,Communication Services,Advertising Agencies,NASDAQ,77.79,31,15,11,16,3.09,5921430.0,1973810.0,0.0015,-57.53,1780,3270,6930,0.337
4100,VSECU,Industrials,Aerospace & Defense,NASDAQ,77.79,31,59,47,69,44.99,,,0.41,-33.94,20820,25633,36880,0.65
4101,RVLV,Consumer Cyclical,Internet Retail,NYSE,77.79,31,26,40,52,21.21,1475022465.0,71085420.0,0.1224,-33.05,663850,811326,870700,0.124
4102,ANIP,Healthcare,Drug Manufacturers - Specialty & Generic,NASDAQ,77.78,31,23,55,38,71.52,1658000014.369995,22970352.0,0.1321,-26.27,347120,411266,395968,0.259
4103,GOLF,Consumer Cyclical,Leisure,NYSE,77.76,31,36,80,75,82.96,4885582019.719025,58405044.0,0.1291,-30.66,305990,347993,378070,0.138
4104,MNTN,Technology,Software - Application,NYSE,77.75,31,70,26,11,10.05,739803307.7516279,74803163.0,0.084,-45.98,906480,825383,974350,0.206
4105,UBER,Technology,Software - Application,NYSE,77.75,31,31,29,30,69.08,139118771087.98975,2042560121.0,0.0232,-31.8,15593590,17538026,18342582,0.122
4106,AQB,Consumer Defensive,Farm Products,NASDAQ,77.73,31,68,41,70,0.88,4761163.761359453,5147204.0,0.026199998,-59.91,120820,74783,631740,
4107,ALGN,Healthcare,Medical Instruments & Supplies,NASDAQ,77.69,31,32,56,67,141.45,10211268716.713562,71039852.0,0.062800005,-29.43,955040,910183,925944,0.043
4108,ALC,Healthcare,Medical Instruments & Supplies,NYSE,77.68,31,30,26,38,63.19,30821583188.62915,483400000.0,12.98,-27.9,1872200,1613966,1799986,0.087
4109,RHLD,Industrials,Specialty Business Services,NYSE,77.67,31,70,90,97,115.64,906369285.0862122,7819595.0,0.081499994,-51.04,112050,138606,152610,2.957
4110,MOS,Basic Materials,Agricultural Inputs,NYSE,77.67,31,63,21,23,20.94,6698061164.205948,317895646.0,0.129,-41.83,7951770,8066430,8197624,-0.06
4111,AAUC,Basic Materials,Gold,NYSE,77.64,31,42,54,94,20.19,2800892702.4570026,139347893.0,0.0308,-37.3,400350,435130,703694,0.454
4112,PODC,Communication Services,Internet Content & Information,NASDAQ,77.62,30,53,96,51,2.22,71093832.71487808,30252696.0,0.0152,-57.31,80550,69176,79136,0.075
4113,MDLN,Healthcare,Medical Instruments & Supplies,NASDAQ,77.62,30,26,33,67,35.55,31242477408.472687,877351218.0,0.09810001,-30.12,9963820,8709720,8261888,0.116
4114,ELDN,Healthcare,Biotechnology,NASDAQ,77.59,30,68,88,80,2.45,202340269.25496674,81261152.0,0.1017,-46.74,824300,931040,931502,
4115,LPX,Industrials,Building Products & Equipment,NYSE,77.57,30,22,25,23,66.89,4552013884.305344,69923410.0,0.1183,-33.34,1140330,1119323,1167532,-0.121
4116,AIFF,Technology,Software - Application,NASDAQ,77.54,30,10,13,32,1.25,21338829.98445177,15690316.0,0.020299999,-60.32,15199360,5559110,3393654,0.719
4117,GBX,Industrials,Railroads,NYSE,77.54,30,27,37,64,40.09,1255532514.532257,30939686.0,0.1317,-32.27,397290,398090,379976,-0.316
4118,NPCE,Healthcare,Medical Devices,NASDAQ,77.54,30,58,85,80,12.67,435918273.2531643,34324274.0,0.0321,-35.36,148980,135013,171404,0.171
4119,DOO,Consumer Cyclical,Recreational Vehicles,NASDAQ,77.53,30,34,29,30,56.09,3985128295.5965805,71150302.0,3.92,-31.51,269500,312606,271314,0.185
4120,FLG,Financial Services,Banks - Regional,NYSE,77.52,30,48,71,74,11.56,4856586102.027325,415092836.0,0.0001,-25.13,6026090,4833660,4581874,0.153
4121,MTRX,Industrials,Engineering & Construction,NASDAQ,77.47,30,23,38,35,10.75,290840940.32524204,28291921.0,0.0477,-32.69,559390,485066,366988,0.13
4122,ALGT,Industrials,Airlines,NASDAQ,77.45,30,34,89,85,77.54,2121683182.2356415,27337755.0,0.1035,-37.28,467830,487726,516912,0.369
4123,CSHR,Financial Services,Capital Markets,NASDAQ,77.44,30,35,9,17,4.96,652312009.4149199,131780209.0,0.0113,-52.44,333920,346993,307732,-0.489
4124,DMRC,Technology,Software - Application,NASDAQ,77.42,30,10,29,20,6.18,143408151.370543,22548451.0,0.26479998,-64.63,210780,171600,149034,-0.078
4125,TROO,Financial Services,Credit Services,NASDAQ,77.4,30,78,89,95,1.67,210115489.01503038,122160166.0,0.040700004,-68.37,139140,279426,284728,0.27
4126,NPV,Financial Services,Asset Management,NYSE,77.39,30,30,51,57,9.42,182715807.78503418,19562720.0,0.0011,-20.24,133255,116901,108675,0.067
4127,TMUS,Communication Services,Telecom Services,NASDAQ,77.38,30,28,31,27,165.93,175531982096.61322,1072671613.0,0.0379,-28.18,4588240,4743530,4702058,0.079
4128,EPRT,Real Estate,REIT - Retail,NYSE,77.38,30,38,52,60,25.58,5601470721.098396,216273004.0,0.0912,-26.35,2185440,2184920,1927160,0.181
4129,MIDD,Industrials,Specialty Industrial Machinery,NASDAQ,77.37,30,29,70,37,105.92,4728901021.129234,45222349.0,0.0557,-28.7,552980,573603,597916,0.099
4130,LOAR,Industrials,Aerospace & Defense,NYSE,77.35,30,38,40,25,61.28,5782452544.485809,93688471.0,0.14829999,-26.55,645960,687506,666552,0.394
4131,MWA,Industrials,Specialty Industrial Machinery,NYSE,77.32,30,28,31,69,21.96,3381682183.317112,156125679.0,0.0552,-29.16,1474460,1384363,1265184,0.041
4132,CNTN,Healthcare,Biotechnology,NASDAQ,77.32,30,17,24,93,2.34,179283062.25,79681361.0,0.0861,-66.04,749350,778613,760470,
4133,ORCL,Technology,Software - Infrastructure,NYSE,77.3,30,21,14,26,144.77,431382622754.1073,3031501149.0,0.0273,-55.12,30600880,31070423,29822234,0.296
4134,EVH,Healthcare,Health Information Services,NYSE,77.28,30,31,89,7,3.84,391185303.41287136,113059335.0,0.1258,-54.61,2093190,2321333,2918058,0.469
4135,FRPH,Real Estate,Real Estate Services,NASDAQ,77.27,30,31,44,26,20.25,388773190.1631832,19170275.0,0.0423,-21.33,83660,101363,103296,0.023
4136,VALN,Healthcare,Biotechnology,NASDAQ,77.27,30,33,16,16,5.86,544286627.2166328,94823458.0,0.002,-51.89,28120,30630,92070,-0.277
4137,BX,Financial Services,Asset Management,NYSE,77.25,30,54,27,26,113.36,83882356489.5,750625114.0,0.026300002,-33.32,5557780,4117973,4262814,0.286
4138,SAMG,Financial Services,Asset Management,NASDAQ,77.24,30,18,17,31,10.46,82441581.9816227,7821782.0,0.038,-35.27,98710,94840,83372,0.004
4139,CXDO,Communication Services,Telecom Services,NASDAQ,77.19,30,25,84,58,5.96,196862439.33706284,33253790.0,0.0551,-46.93,197950,276940,316482,0.489
4140,HTLM,Consumer Cyclical,Specialty Retail,NASDAQ,77.18,30,16,20,12,1.77,170406247.86168337,89687500.0,0.0058999998,-57.76,19100,8723,6550,0.044
4141,CDIO,Healthcare,Biotechnology,NASDAQ,77.18,30,13,16,13,2.0,5800559.352894783,2959469.0,0.0018000001,-74.72,27360,31063,39294,-0.283
4142,MC,Financial Services,Capital Markets,NYSE,77.17,30,56,36,48,56.05,4172235871.1523056,74080893.0,0.081999995,-28.34,869310,831506,878386,0.12
4143,JRI,Financial Services,Asset Management,NYSE,77.16,30,40,53,53,10.63,394561205.4914532,36198277.0,0.0013,-25.14,274256,205342,177139,
4144,CC,Basic Materials,Specialty Chemicals,NYSE,77.16,30,30,63,92,14.08,2061678396.1264544,150377709.0,0.14649999,-50.89,1913920,1827563,2278210,-0.015
4145,PPC,Consumer Defensive,Packaged Foods,NASDAQ,77.16,30,22,18,21,27.89,6547984410.0,238108524.0,0.026800001,-37.8,1652740,1433540,1563158,-0.028
4146,TIMB,Communication Services,Telecom Services,NYSE,77.14,30,23,38,87,18.98,8470195987.896328,475053058.0,0.020299999,-32.74,664820,511090,560798,0.055
4147,CORZ,Technology,Software - Infrastructure,NASDAQ,77.1,30,43,86,86,16.68,5257206393.825531,319587000.0,0.22209999,-45.24,11330750,11348223,12703664,1.088
4148,WGS,Healthcare,Diagnostics & Research,NASDAQ,77.08,30,55,19,14,71.52,2179729412.476593,29822541.0,0.3777,-58.14,891460,702840,753974,0.114
4149,BRCC,Consumer Defensive,Packaged Foods,NYSE,77.08,30,15,68,13,9.44,128916782.11700821,14244948.0,0.0588,-49.11,77080,116070,127843,0.128
4150,GXO,Industrials,Integrated Freight & Logistics,NYSE,77.06,30,27,28,66,46.4,5339714155.735302,114684579.0,0.0655,-30.59,1247890,1288183,1451902,0.043
4151,PRQR,Healthcare,Biotechnology,NASDAQ,77.0,30,72,25,68,1.65,230729615.97418404,141119032.0,0.0224,-46.77,767060,722083,784758,1.204
4152,CAE,Industrials,Aerospace & Defense,NASDAQ,76.99,30,28,26,36,23.73,7727596508.475409,321849081.0,6.88,-30.7,802020,928680,810568,0.068
4153,PJT,Financial Services,Capital Markets,NYSE,76.99,30,67,33,37,139.65,3545584670.8341064,25564818.0,0.093100004,-28.61,406540,422566,427572,0.195
4154,PUK,Financial Services,Insurance - Life,NYSE,76.99,30,50,41,71,24.6,30247745863.012825,1231084503.0,0.00059999997,-27.71,1205440,1040850,1097090,-0.018
4155,DNN,Energy,Uranium,NYSE ARCA,76.98,30,70,56,92,2.71,2326512033.247534,905257624.0,3.36,-38.83,29614290,25998526,26021426,-0.436
4156,TMDX,Healthcare,Medical Devices,NASDAQ,76.98,30,28,12,44,80.28,2766903131.782913,34675145.0,0.35819998,-48.54,703430,721123,821606,0.207
4157,IDXX,Healthcare,Diagnostics & Research,NASDAQ,76.95,30,22,33,47,515.41,40839343877.260254,78781116.0,0.0278,-33.06,426710,483150,545902,0.097
4158,HNRG,Utilities,Utilities - Independent Power Producers,NASDAQ,76.95,30,34,39,31,14.81,635963875.1397419,47143357.0,0.1001,-40.04,670740,675263,759622,-0.013
4159,NMCO,Financial Services,Asset Management,NYSE,76.94,30,35,56,58,8.66,499150565.65611744,57307757.0,0.033099998,-21.27,884253,657434,465866,0.083
4160,BEAM,Healthcare,Biotechnology,NASDAQ,76.93,30,50,69,77,25.23,2530547792.5,103287665.0,0.3875,-34.06,1756990,1870993,1795968,-0.942
4161,HBNB,Real Estate,Real Estate Services,NASDAQ,76.93,30,54,64,70,4.62,1113994210.9257622,234032386.0,0.0002,-55.7,23390,10176,7692,8.926
4162,NXST,Communication Services,Broadcasting,NASDAQ,76.92,30,25,33,56,157.36,4788226085.008316,30808301.0,0.11359999,-38.12,337160,374463,363938,0.622
4163,BRN,Energy,Oil & Gas E&P,NYSE ARCA,76.9,30,33,32,27,0.96,14107649.074573517,14395560.0,0.0053,-31.43,998690,362996,238164,0.059
4164,BA,Industrials,Aerospace & Defense,NYSE,76.89,30,37,35,54,189.82,152984019141.5857,790370020.0,0.0001,-25.37,10559210,7482993,6919578,0.08
4165,PDYN,Technology,Software - Infrastructure,NASDAQ,76.89,30,26,15,27,5.36,262974254.53577042,49338510.0,0.1471,-50.04,882750,806430,860798,4.698
4166,GDS,Technology,Information Technology Services,NASDAQ,76.83,30,25,24,80,31.03,5524410729.259605,200377613.0,0.1086,-36.17,1778610,1360316,1621854,0.065
4167,TDG,Industrials,Aerospace & Defense,NYSE,76.81,30,26,33,32,1103.33,60272417599.40491,55276525.0,0.025799999,-24.59,327050,375293,407116,0.225
4168,SAM,Consumer Defensive,Beverages - Brewers,NYSE,76.76,30,20,20,64,170.37,1723856567.5,10291681.0,0.2441,-35.58,183850,232700,220470,-0.033
4169,RERE,Consumer Cyclical,Internet Retail,NYSE,76.76,30,26,29,80,3.76,806226782.7553167,221490868.0,0.0221,-41.89,422000,664063,896842,0.324
4170,TOON,Communication Services,Entertainment,NYSE ARCA,76.74,30,27,25,30,0.57,34896502.25245297,62204105.0,0.0201,-55.81,484350,314930,289140,-0.434
4171,BCIC,Financial Services,Asset Management,NASDAQ,76.73,29,22,21,17,6.92,85323360.62660408,12383652.0,0.0050999997,-48.74,37670,53363,54462,0.201
4172,MFA,Real Estate,REIT - Mortgage,NYSE,76.72,29,38,56,71,7.28,773322735.340497,101087938.0,0.049200002,-30.2,2330480,1829956,1692068,0.202
4173,CNM,Industrials,Industrial Distribution,NYSE,76.72,29,20,22,37,42.1,7626738443.561554,184443500.0,0.0553,-29.43,2164870,2670516,2329868,0.025
4174,VRTS,Financial Services,Asset Management,NYSE,76.7,29,58,38,24,132.02,886182132.7313232,6622690.0,0.1238,-32.3,139370,132960,135850,-0.044
4175,XBP,Technology,Software - Infrastructure,NASDAQ,76.7,29,16,10,4,3.18,44805587.81996918,14156584.0,0.0042,-62.81,10850,25426,20092,0.047
4176,TNC,Industrials,Specialty Industrial Machinery,NYSE,76.67,29,34,58,47,68.17,1144349264.1873093,17049303.0,0.11359999,-25.85,155530,181616,210678,0.017
4177,VICI,Real Estate,REIT - Diversified,NYSE,76.66,29,27,31,35,22.73,24939406359.272243,1101077562.0,0.028299998,-30.24,10067950,10056833,10232114,0.057
4178,NN,Technology,Software - Infrastructure,NASDAQ,76.65,29,24,46,75,13.27,1907388344.7641258,136436939.0,0.13260001,-45.66,2504080,2460026,2727040,-0.043
4179,NCEL,Healthcare,Biotechnology,NASDAQ,76.64,29,24,60,7,2.96,16461964.249145508,5776128.0,1.87,-85.05,5080,7053,8738,
4180,PAPL,Financial Services,Mortgage Finance,NYSE ARCA,76.62,29,17,27,3,0.92,23578027.5119645,25271197.0,0.0116,-85.22,181660,100646,89838,-0.167
4181,CRUS,Technology,Semiconductors,NASDAQ,76.62,29,19,65,86,118.87,6072744774.602005,50117561.0,0.082600005,-34.11,611700,863826,852878,0.129
4182,IPGP,Technology,Semiconductor Equipment & Materials,NASDAQ,76.61,29,21,66,92,83.69,3567386054.3276367,42443616.0,0.2193,-46.29,462920,484843,507260,0.111
4183,KKR,Financial Services,Asset Management,NYSE,76.61,29,40,23,23,90.67,81047519236.09995,897635601.0,0.0197,-37.4,4662050,3890336,4419380,0.078
4184,RYN,Real Estate,REIT - Specialty,NYSE,76.57,29,35,37,31,18.09,5374065116.541922,297567291.0,0.0465,-33.05,4179590,3810973,3512844,2.721
4185,HGLB,Financial Services,Asset Management,NYSE,76.57,29,31,31,47,6.62,158527785.45052767,23590445.0,0.001,-37.78,137778,90559,83535,
4186,CARS,Communication Services,Internet Content & Information,NYSE,76.56,29,65,44,27,9.45,536933107.1252232,53532714.0,0.1676,-30.97,805440,647983,656108,0.007
4187,VSEC,Industrials,Aerospace & Defense,NASDAQ,76.55,29,70,71,87,168.48,4694708481.901001,28064972.0,0.0825,-32.02,397020,381053,390368,0.65
4188,VMET,Basic Materials,Other Precious Metals & Mining,NASDAQ,76.54,29,32,26,69,8.67,926139129.4790974,108829507.0,0.0114,-42.2,214120,333870,323992,3.919
4189,CMG,Consumer Cyclical,Restaurants,NYSE,76.53,29,65,31,21,30.9,40948927252.34985,1265418000.0,0.036,-27.84,18167990,14068316,16420598,0.093
4190,SRTS,Healthcare,Medical Devices,NASDAQ,76.53,29,36,17,50,2.97,49056936.13398886,16462059.0,0.0153,-45.9,30560,33620,32062,-0.687
4191,SEVN,Real Estate,REIT - Mortgage,NASDAQ,76.52,29,26,37,29,6.9,152932090.5,22656606.0,0.047199998,-36.76,202670,182460,167918,-0.506
4192,KNDI,Consumer Cyclical,Recreational Vehicles,NASDAQ,76.5,29,13,14,18,0.71,82340598.58177334,100415365.0,0.0148,-47.41,10226610,3460233,2108268,0.574
4193,GORO,Basic Materials,Gold,NYSE ARCA,76.46,29,35,82,76,3.37,551027839.0880334,169026945.0,0.98,-48.63,1123600,1530116,1435092,2.935
4194,SER,Healthcare,Biotechnology,NYSE ARCA,76.45,29,67,16,8,2.04,49784928.04895115,25400473.0,0.0054,-65.01,124960,79236,71502,
4195,VMC,Basic Materials,Building Materials,NYSE,76.45,29,28,40,52,248.85,31495407984.985657,129578739.0,0.0494,-24.84,1412160,1196386,1130192,0.025
4196,FEBO,Technology,Consumer Electronics,NASDAQ,76.45,29,18,21,66,0.75,7024687.394499779,11062500.0,0.013099999,-48.63,95340,128443,80884,-0.359
4197,FSV,Real Estate,Real Estate Services,NASDAQ,76.44,29,26,28,28,128.81,5639077613.331299,43669770.0,3.7,-32.11,182680,214013,212308,0.024
4198,RM,Financial Services,Credit Services,NYSE,76.42,29,29,74,61,32.8,293380242.1612778,9225794.0,0.0509,-25.96,78310,71473,92106,0.06
4199,HPS,Financial Services,Asset Management,NYSE,76.42,29,36,52,53,11.83,390851648.8785534,32168861.0,0.5,-24.55,157262,128550,98190,0.011
4200,AMSC,Industrials,Specialty Industrial Machinery,NASDAQ,76.41,29,20,27,73,31.85,1453748722.5175266,48442143.0,0.0841,-54.82,671310,673650,704266,0.3
4201,PINS,Communication Services,Internet Content & Information,NYSE,76.41,29,21,33,15,20.03,10907189029.638765,566313027.0,0.1592,-43.45,11847830,14058660,13045390,0.182
4202,ONON,Consumer Cyclical,Footwear & Accessories,NYSE,76.4,29,11,31,20,33.13,10310523715.042791,334214703.0,0.0916,-35.14,11293940,10653680,9930050,0.135
4203,NG,Basic Materials,Gold,NYSE ARCA,76.39,29,34,16,92,6.62,2874013105.3907604,438780614.0,0.0935,-54.03,4492510,5499330,5300580,
4204,SERA,Healthcare,Medical Devices,NASDAQ,76.39,29,23,16,13,2.05,82449380.55402517,39449466.0,0.0068,-48.1,11070,21383,25922,0.765
4205,RYET,Consumer Defensive,Education & Training Services,NASDAQ,76.37,29,15,15,13,0.98,32060803.973294735,37280004.0,0.0021,-51.72,89860,466730,287346,1.762
4206,APLD,Technology,Information Technology Services,NASDAQ,76.35,29,58,87,97,25.34,7592939044.226389,299170185.0,0.2092,-50.04,17758600,16476026,17420512,4.066
4207,NMS,Financial Services,Asset Management,NYSE,76.35,29,29,57,58,9.83,64032511.92294502,6409661.0,0.0037,-21.36,35642,42077,38262,
4208,MP,Basic Materials,Other Industrial Metals & Mining,NYSE,76.34,29,32,26,61,48.53,8365431805.769165,178101588.0,0.205,-51.59,5038120,5087500,6066446,1.197
4209,TTWO,Communication Services,Electronic Gaming & Multimedia,NASDAQ,76.34,29,33,59,29,202.53,37906544410.52336,186980443.0,0.044499997,-23.84,2184630,2664256,2525216,0.02
4210,CIFR,Technology,Information Technology Services,NASDAQ,76.33,29,81,92,98,15.5,6520132658.452166,415030722.0,0.2134,-48.57,29033070,32518163,34702514,-0.43
4211,CHDN,Consumer Cyclical,Gambling,NASDAQ,76.32,29,29,27,30,78.21,5300703692.858261,69700243.0,0.0672,-33.92,1166220,1088776,1114074,0.049
4212,NINE,Energy,Oil & Gas Equipment & Services,NYSE ARCA,76.3,29,71,84,57,7.97,105461923.60177517,13949990.0,0.028900001,-39.76,44800,49913,73548,-0.037
4213,TLS,Technology,Software - Infrastructure,NASDAQ,76.28,29,34,70,63,4.34,313147150.18647337,74736789.0,0.0572,-48.09,621890,708860,617148,0.327
4214,PII,Consumer Cyclical,Recreational Vehicles,NYSE,76.26,29,40,73,31,52.79,3056288221.943268,56903524.0,0.1266,-32.3,824690,848313,845386,0.088
4215,DRS,Industrials,Aerospace & Defense,NASDAQ,76.25,29,25,35,63,36.78,9821607548.377934,266891515.0,0.0128,-27.3,745430,941763,889138,0.101
4216,SLNH,Financial Services,Capital Markets,NASDAQ,76.24,29,85,25,39,1.05,261711928.07928622,244590575.0,0.1094,-79.57,6142590,7559960,8645546,1.446
4217,PBH,Healthcare,Drug Manufacturers - Specialty & Generic,NYSE,76.23,29,25,20,24,46.44,2144170786.2034378,47374522.0,0.1221,-34.66,593230,571873,567758,0.065
4218,RDAC,Financial Services,Shell Companies,NASDAQ,76.21,29,15,15,13,5.57,32730665.0,5951030.0,0.0174,-76.78,16510,888433,895534,
4219,MFIC,Financial Services,Asset Management,NASDAQ,76.2,29,27,27,55,8.5,710052043.9332008,82372628.0,0.0334,-32.0,729860,559420,598882,-0.16
4220,ERIE,Financial Services,Insurance Brokers,NASDAQ,76.19,29,32,26,19,223.22,11560766724.628784,52289868.0,0.0953,-32.47,142860,253870,262666,0.028
4221,RGP,Industrials,Consulting Services,NASDAQ,76.19,29,30,60,23,3.69,133985708.75328016,34443626.0,0.0249,-31.28,349290,329696,326258,-0.238
4222,EVCM,Technology,Software - Application,NASDAQ,76.18,29,14,35,58,9.27,1579387225.1083126,176665246.0,0.12810001,-35.67,144910,170120,157932,0.027
4223,VSNT,Communication Services,Entertainment,NASDAQ,76.16,29,31,28,53,31.47,4305922287.64484,139170078.0,0.044499997,-46.66,1808250,1701793,1738266,-0.037
4224,CLX,Consumer Defensive,Household & Personal Products,NYSE,76.15,29,24,27,26,83.52,9724062554.912567,120931005.0,0.081,-35.21,2852520,3272220,3050832,-0.02
4225,STZ,Consumer Defensive,Beverages - Brewers,NYSE,76.15,29,23,26,51,115.67,19275762314.63698,170778434.0,0.056900002,-31.39,2181400,2316266,2113810,-0.033
4226,JEF,Financial Services,Capital Markets,NYSE,76.14,29,55,51,27,44.96,10598488179.305878,230552271.0,0.0423,-32.49,2628230,2273313,2163414,0.085
4227,MAZE,Healthcare,Biotechnology,NASDAQ,76.13,29,49,70,85,26.43,1468164527.1922607,55549168.0,0.115100004,-50.74,831680,738766,588366,
4228,VC,Consumer Cyclical,Auto Parts,NASDAQ,76.13,29,30,49,38,89.31,2369753142.7152176,26695429.0,0.17819999,-29.65,537180,499416,460988,-0.009
4229,ADNT,Consumer Cyclical,Auto Parts,NYSE,76.05,29,25,28,59,17.51,1334547851.7457962,77096932.0,0.10609999,-35.91,1003620,970593,995668,0.05
4230,TRN,Industrials,Railroads,NYSE,76.04,28,30,77,79,26.21,2081763602.3187065,79669486.0,0.0916,-31.58,875880,672606,727014,-0.042
4231,HOVR,Industrials,Aerospace & Defense,NASDAQ,76.04,28,24,30,91,1.6,112267402.65484536,66825837.0,0.0466,-61.72,393150,504976,711616,
4232,SPXC,Industrials,Building Products & Equipment,NYSE,76.03,28,30,59,76,175.82,8669361323.980103,50085860.0,0.035099998,-29.97,698590,578500,538544,0.229
4233,OXBR,Financial Services,Insurance - Reinsurance,NASDAQ,76.01,28,82,89,6,1.08,9115206.27880776,8138577.0,0.003,-49.39,25710,19640,43560,0.416
4234,AEYE,Technology,Software - Application,NASDAQ,76.01,28,37,24,12,6.92,86982145.03899002,12569674.0,0.0361,-57.78,60810,147330,144834,0.087
4235,BN,Financial Services,Asset Management,NYSE,75.99,28,25,38,61,37.29,82418411483.36241,2232351451.0,5.18,-24.77,5855310,4905690,4739114,0.085
4236,PEGA,Technology,Software - Application,NASDAQ,75.98,28,21,13,27,34.6,5578259834.022408,164404945.0,0.137,-49.19,1680020,2165813,2123212,0.094
4237,NYAX,Technology,Software - Infrastructure,NASDAQ,75.97,28,28,74,80,48.29,1831528811.0,37378139.0,0.0028,-37.17,35320,31136,28502,0.282
4238,CMCSA,Communication Services,Telecom Services,NASDAQ,75.96,28,43,25,37,21.56,76544089796.65207,3548636573.0,0.0254,-34.39,30189280,28638406,27375010,-0.012
4239,VIP,Financial Services,Capital Markets,NASDAQ,75.92,28,88,84,30,1.46,28013450.688477516,18429902.0,0.0255,-56.55,124800,132946,172146,-0.737
4240,MRP,Real Estate,REIT - Residential,NYSE,75.92,28,57,36,63,23.17,4086439584.8176117,166047927.0,0.0589,-30.82,4132870,2286583,1801578,0.321
4241,ORA,Utilities,Utilities - Renewable,NYSE,75.92,28,32,44,71,93.07,5710605978.794754,61496941.0,0.1142,-36.42,704640,884200,877272,0.106
4242,REAL,Consumer Cyclical,Luxury Goods,NASDAQ,75.91,28,36,69,78,9.41,1082872877.086153,121671115.0,0.1571,-45.89,2825990,2434646,2929998,0.166
4243,BKV,Energy,Oil & Gas E&P,NYSE,75.89,28,53,51,75,22.05,2360573959.7022247,109437830.0,0.2343,-32.79,1480880,2037836,1651666,0.188
4244,BHM,Real Estate,REIT - Residential,NYSE ARCA,75.87,28,21,22,48,8.16,32905305.22025299,4108028.0,0.001,-38.65,2590,2373,3054,0.134
4245,CCI,Real Estate,REIT - Specialty,NYSE,75.84,28,23,29,31,68.28,28267260405.869568,425455439.0,0.0275,-32.06,3389220,3287870,3412430,-0.049
4246,PEPG,Healthcare,Biotechnology,NASDAQ,75.82,28,93,67,21,2.31,157911696.77846932,69259517.0,0.0789,-70.38,984890,782610,891798,
4247,ASIX,Basic Materials,Chemicals,NYSE,75.81,28,26,38,71,16.7,437959218.3797569,27001186.0,0.02,-37.52,277590,269573,282466,0.027
4248,TXT,Industrials,Aerospace & Defense,NYSE,75.8,28,27,40,60,75.53,13287709574.823692,171986917.0,0.0495,-25.64,1840150,1828730,1790526,0.03
4249,OTIS,Industrials,Specialty Industrial Machinery,NYSE,75.78,28,26,24,27,66.45,24381872324.66063,380669339.0,0.0482,-29.73,4669210,4547346,3998344,0.073
4250,ALK,Industrials,Airlines,NYSE,75.76,28,22,49,28,39.89,4410242187.909851,111566970.0,0.1159,-34.21,3415730,2689110,2591858,0.097
4251,AIRG,Technology,Communication Equipment,NASDAQ,75.74,28,67,78,88,4.21,60392080.48906994,13100234.0,0.0126,-45.02,78260,59753,63470,0.006
4252,ACIC,Financial Services,Insurance - Property & Casualty,NASDAQ,75.68,28,24,42,57,9.42,441024590.00362206,47269517.0,0.0784,-27.87,281910,258713,274858,-0.045
4253,SNN,Healthcare,Medical Devices,NYSE,75.66,28,22,33,64,26.87,11057199832.490257,418516268.0,0.0116,-28.37,1370070,1738060,1649272,0.046
4254,SGML,Basic Materials,Other Industrial Metals & Mining,NASDAQ,75.66,28,44,71,96,9.71,1023245982.3465614,112568313.0,0.0563,-60.33,2655090,2245310,2082208,2.239
4255,FVN,Financial Services,Shell Companies,NASDAQ,75.63,28,28,53,50,9.29,60469770.864486694,7554000.0,0.0053,-57.55,19400,70266,95836,
4256,UVV,Consumer Defensive,Tobacco,NYSE,75.58,28,26,38,36,42.7,1050748664.3966255,24899257.0,0.0992,-28.09,346240,332910,337618,-0.118
4257,BLIN,Technology,Software - Infrastructure,NASDAQ,75.56,28,22,83,20,0.89,10205902.020040452,12599879.0,0.0041,-45.06,45260,37233,46982,0.02
4258,UAVS,Technology,Computer Hardware,NYSE ARCA,75.55,28,34,9,13,0.9,60389476.410189986,62905706.0,0.051799998,-69.18,526970,993960,1621734,-0.36
4259,NOAH,Financial Services,Asset Management,NYSE,75.55,28,26,31,35,7.76,534750491.15137196,68645763.0,0.0046,-37.67,113450,103593,110072,-0.015
4260,TTAN,Technology,Software - Application,NASDAQ,75.54,28,34,45,11,68.67,6472031258.993988,96467903.0,0.1727,-38.34,1930060,3439070,2562714,0.209
4261,GIS,Consumer Defensive,Packaged Foods,NYSE,75.52,28,36,30,17,32.18,17115334581.985382,534687144.0,0.1091,-37.22,12517580,10363336,9474626,-0.028
4262,IP,Consumer Cyclical,Packaging & Containers,NYSE,75.51,28,37,29,22,32.14,16930349179.52321,529569895.0,0.1595,-36.04,5365380,5200070,4832320,-0.022
4263,EARN,Financial Services,Asset Management,NYSE,75.49,28,36,35,36,3.57,151402271.88224792,37568800.0,0.019299999,-37.59,520340,405583,410894,-0.193
4264,UEC,Energy,Uranium,NYSE ARCA,75.47,28,38,27,89,10.11,4608937479.025273,495584665.0,0.1457,-50.29,11225340,9666220,8982858,
4265,CHKP,Technology,Software - Infrastructure,NASDAQ,75.42,28,24,19,14,131.98,13308818265.072815,102100634.0,0.081,-37.35,841010,1081873,1110512,0.013
4266,DNUT,Consumer Defensive,Grocery Stores,NASDAQ,75.39,28,28,40,33,3.02,501415018.2008743,173500000.0,0.1996,-40.9,1909670,2092836,2585062,-0.128
4267,HLMN,Industrials,Tools & Accessories,NASDAQ,75.39,28,28,28,36,7.04,1369596785.5386972,194544999.0,0.0304,-35.12,1418340,1726146,1640132,0.098
4268,MIRM,Healthcare,Biotechnology,NASDAQ,75.38,28,75,91,89,79.25,5384827614.605736,64932203.0,0.1245,-39.04,889170,723130,720644,0.379
4269,IRON,Healthcare,Biotechnology,NASDAQ,75.38,28,63,65,67,61.65,2476722448.455963,38392844.0,0.2189,-38.04,669590,594203,490784,
4270,BW,Industrials,Specialty Industrial Machinery,NYSE,75.38,28,84,99,99,5.91,849100847.7871685,148965066.0,0.20459999,-73.17,5697960,4829396,5119546,1.303
4271,SAR,Financial Services,Asset Management,NYSE,75.37,28,20,29,57,15.81,265013488.31874084,16080916.0,0.0481,-35.81,157830,147510,140190,-0.048
4272,BNT,Financial Services,Insurance - Diversified,NYSE,75.35,28,25,38,61,37.24,10129888205.24617,274374017.0,9.41,-25.31,15040,17860,16412,0.389
4273,AIRI,Industrials,Aerospace & Defense,NYSE ARCA,75.35,28,21,22,34,2.59,13004467.016787052,4781054.0,0.028099999,-34.43,11260,18093,18646,-0.052
4274,SGRY,Healthcare,Medical Care Facilities,NASDAQ,75.33,28,28,39,16,13.41,1743831183.2469177,130918260.0,0.2011,-42.79,1745930,2337026,2344318,0.027
4275,CTGO,Basic Materials,Gold,NYSE ARCA,75.33,28,41,14,70,17.16,557790736.085289,33440691.0,0.089499995,-50.09,358750,379756,384944,
4276,DYN,Healthcare,Biotechnology,NASDAQ,75.29,28,72,93,92,15.4,2838545715.580945,186746431.0,0.1601,-43.6,3120480,3291430,2726150,
4277,MINE,Basic Materials,Gold,NYSE ARCA,75.25,28,35,11,16,2.58,177917020.80282593,67138496.0,0.61,-47.13,206810,194990,180100,
4278,KEP,Utilities,Utilities - Regulated Electric,NYSE,75.25,28,26,22,64,11.32,14225923848.364056,1283928154.0,0.0042,-51.64,699450,902386,956764,-0.001
4279,ONEW,Consumer Cyclical,Specialty Retail,NASDAQ,75.24,28,50,34,16,9.72,163656373.4940567,16665619.0,0.1013,-43.98,87620,101750,108982,-0.04
4280,SMSI,Technology,Software - Application,NASDAQ,75.23,28,19,15,36,2.61,14813182.533092499,5589880.0,0.0231,-43.87,14050,16760,23524,-0.018
4281,ACIU,Healthcare,Biotechnology,NASDAQ,75.22,28,67,23,78,2.52,270938380.21790886,99426932.0,0.0748,-37.0,277550,185706,202932,10.572
4282,GANX,Healthcare,Biotechnology,NASDAQ,75.22,28,25,29,60,1.67,74630590.15487194,43643619.0,0.0677,-61.52,557500,431483,455350,
4283,EIX,Utilities,Utilities - Regulated Electric,NYSE,75.18,28,33,82,80,54.25,20737625093.438187,384813979.0,0.0529,-33.53,5240910,6649030,5420380,-0.041
4284,KWY,Financial Services,Asset Management,NYSE,75.16,28,23,18,36,9.56,269940774.6558838,28625744.0,0.0856,-42.1,51357,42662,52063,0.332
4285,HD,Consumer Cyclical,Home Improvement Retail,NYSE,75.15,28,28,34,32,286.69,282196516803.5142,997689626.0,0.0117999995,-27.9,5623010,4631190,4361940,0.057
4286,INGN,Healthcare,Medical Devices,NASDAQ,75.15,28,17,33,28,5.77,158433866.3220353,26538337.0,0.0525,-36.8,461030,350796,311718,0.03
4287,FCN,Industrials,Consulting Services,NYSE,75.15,28,29,33,57,137.61,3766218661.4723206,27611575.0,0.1766,-27.31,545340,447040,451684,0.053
4288,GELS,Healthcare,Drug Manufacturers - Specialty & Generic,NASDAQ,75.14,28,33,10,10,0.58,5580462.035230994,10711059.0,0.0307,-71.14,145890,6016766,3625720,0.489
4289,BABA,Consumer Cyclical,Internet Retail,NYSE,75.14,28,23,24,34,109.26,263327797997.15247,2487744939.0,0.0168,-42.38,7627070,8926180,10346238,0.086
4290,PRME,Healthcare,Biotechnology,NASDAQ,75.13,28,54,24,76,3.5,540503034.339489,181376856.0,0.22649999,-49.57,4701280,3403840,3123488,0.035
4291,DPRO,Industrials,Aerospace & Defense,NASDAQ,75.12,27,44,17,54,5.0,206869459.48728943,39142756.0,0.1075,-65.28,1481890,1743436,1349660,0.26
4292,HYFM,Industrials,Farm & Heavy Construction Machinery,NASDAQ,75.11,27,16,7,4,0.99,4963902.552118063,4819323.0,0.1026,-71.55,25020,77356,3310636,-0.409
4293,SLGN,Consumer Cyclical,Packaging & Containers,NYSE,75.09,27,37,49,28,35.21,3685131924.5194244,105682020.0,0.0987,-28.94,1486390,1249653,1256054,0.068
4294,NABL,Technology,Information Technology Services,NYSE,75.06,27,21,17,15,4.42,799070370.1230869,188905524.0,0.0695,-49.4,1867410,2907283,2732984,0.059
4295,TRU,Financial Services,Financial Data & Stock Exchanges,NYSE,75.06,27,42,35,30,63.42,12155103736.877441,191600000.0,0.0608,-28.84,3062860,2606383,2391222,0.149
4296,AGO,Financial Services,Insurance - Specialty,NYSE,75.04,27,28,42,43,69.43,3011256425.4455566,43979208.0,0.0774,-24.86,533730,513670,451844,-0.005
4297,ADSE,Industrials,Electrical Equipment & Parts,NASDAQ,75.02,27,55,52,52,9.86,796219603.212471,75185986.0,0.0027,-26.96,24840,21380,20424,-0.497
4298,BKSY,Industrials,Specialty Business Services,NYSE,75.02,27,35,30,94,22.66,897072627.442318,40924846.0,0.1754,-57.15,927320,932146,965406,0.501
4299,BGIN,Technology,Computer Hardware,NASDAQ,75.01,27,12,8,18,2.22,262475375.56736112,113135941.0,0.0017,-65.85,1316180,443350,308800,-0.845
4300,ORN,Industrials,Engineering & Construction,NYSE,75.0,27,23,84,84,9.36,376606204.7238636,40495290.0,0.081499994,-46.21,611430,459760,559672,0.081
4301,HCKT,Technology,Information Technology Services,NASDAQ,74.97,27,20,12,12,10.73,268183464.2968912,24877873.0,0.056599997,-48.11,185060,197140,264224,-0.12
4302,HII,Industrials,Aerospace & Defense,NYSE,74.93,27,31,26,83,263.75,10581711083.629211,39404598.0,0.0345,-42.66,570230,486126,516592,0.109
4303,PRZO,Industrials,Aerospace & Defense,NASDAQ,74.92,27,31,6,10,0.63,17789110.16717255,29162475.0,0.0482,-66.84,240030,3371376,2563868,1.953
4304,VRSK,Industrials,Consulting Services,NASDAQ,74.89,27,23,32,15,165.2,21329967882.087402,130156012.0,0.041199997,-33.72,1226640,1231613,1358310,0.044
4305,BKNG,Consumer Cyclical,Travel Services,NASDAQ,74.88,27,38,28,30,157.63,123221172203.35785,774878436.0,0.026199998,-29.94,8504010,7941153,7149196,0.081
4306,CW,Industrials,Aerospace & Defense,NYSE,74.88,27,29,77,88,553.35,20152910565.191895,36934444.0,0.0239,-31.53,397880,420043,393312,0.054
4307,SGA,Communication Services,Broadcasting,NASDAQ,74.85,27,25,20,51,8.37,53852160.05776596,6357988.0,0.0032,-36.54,10320,13380,13700,-0.065
4308,SMG,Basic Materials,Agricultural Inputs,NYSE,74.82,27,38,55,57,50.52,2853957858.1311264,58220274.0,0.1058,-32.94,1367640,1006656,1039558,0.011
4309,GLOB,Technology,Information Technology Services,NYSE,74.8,27,17,9,13,35.56,1515602349.7132263,43179556.0,0.26389998,-50.68,846350,972513,1427568,0.0
4310,TSCO,Consumer Cyclical,Specialty Retail,NASDAQ,74.71,27,24,11,25,32.29,16199137938.834415,521040137.0,0.0864,-44.53,10827050,9527553,10305148,0.023
4311,NRDS,Communication Services,Internet Content & Information,NASDAQ,74.71,27,32,25,37,8.86,551656998.9354267,63923174.0,0.1858,-45.44,765630,701833,735788,0.056
4312,TRAK,Technology,Software - Application,NYSE,74.7,27,14,24,9,8.01,147247743.13728333,18201204.0,0.1155,-49.3,83320,96970,79022,-0.032
4313,EEFT,Technology,Software - Infrastructure,NASDAQ,74.69,27,38,38,26,63.54,2417768469.0,38075094.0,0.1458,-29.22,625640,603226,659972,0.032
4314,LZB,Consumer Cyclical,"Furnishings, Fixtures & Appliances",NYSE,74.68,27,26,63,33,29.66,1199179985.1304874,40052771.0,0.0587,-33.94,704240,790310,718964,-0.034
4315,EFSCP,Financial Services,Banks - Regional,NASDAQ,74.65,27,29,49,51,16.08,,,0.0034999999,-33.22,3860,4260,3166,0.012
4316,QNME,Industrials,Integrated Freight & Logistics,NASDAQ,74.65,27,7,6,28,0.52,19279433.122081697,34427559.0,0.0322,-69.05,5559980,19878193,16510916,-0.637
4317,GROV,Consumer Defensive,Household & Personal Products,NYSE,74.64,27,21,19,48,1.03,44409086.211084366,42701046.0,0.090100005,-34.39,97740,105113,76090,-0.169
4318,CXM,Technology,Software - Application,NYSE,74.64,27,26,25,17,5.16,1207290923.7168312,232171340.0,0.108100004,-37.64,2738890,3928586,3395444,0.008
4319,STI,Industrials,Electrical Equipment & Parts,NASDAQ,74.63,27,39,80,43,5.72,45202813.522895336,8512771.0,0.0162,-87.57,190210,312260,236564,30.229
4320,MBUU,Consumer Cyclical,Recreational Vehicles,NASDAQ,74.58,27,30,30,21,22.76,452786596.6838951,19677818.0,0.0735,-34.92,224400,271776,231546,0.427
4321,TRUP,Financial Services,Insurance - Property & Casualty,NASDAQ,74.58,27,32,23,16,24.68,1028570726.4320221,43620472.0,0.111499995,-47.47,452210,458300,513028,0.111
4322,ULS,Industrials,Specialty Business Services,NYSE,74.57,27,27,64,79,68.37,13301149528.264732,201563115.0,0.0793,-36.42,1097870,902076,934346,0.052
4323,CWK,Real Estate,Real Estate Services,NYSE,74.56,27,30,35,61,11.94,2797787417.267235,234713708.0,0.078600004,-31.38,2917350,2112176,1988570,0.112
4324,SYM,Industrials,Specialty Industrial Machinery,NASDAQ,74.55,27,28,17,80,44.15,5620919771.143158,129873381.0,0.3168,-49.76,1315670,1582706,1695238,0.217
4325,CPB,Consumer Defensive,Packaged Foods,NASDAQ,74.54,27,25,32,15,19.0,5851364926.948515,298234693.0,0.2495,-40.7,7932110,8374560,7281620,-0.079
4326,TTAM,Basic Materials,Building Materials,NYSE,74.51,27,36,59,59,13.56,2465071548.0701456,184373341.0,0.13069999,-30.71,213040,253890,269772,0.096
4327,AVTX,Healthcare,Biotechnology,NASDAQ,74.5,27,89,95,90,13.59,803913522.8350697,53629989.0,0.24139999,-44.0,1152890,1074966,940722,
4328,PTCT,Healthcare,Biotechnology,NASDAQ,74.49,27,40,79,76,63.7,5296422418.509354,83460802.0,0.1582,-29.9,1231820,1116243,1141398,1.015
4329,UAA,Consumer Cyclical,Apparel Manufacturing,NYSE,74.48,27,29,70,63,4.88,2023159514.495862,429545541.0,0.374,-40.12,11270290,9251006,9179488,-0.032
4330,TSHA,Healthcare,Biotechnology,NASDAQ,74.47,27,77,84,96,4.39,1508609350.63869,325833545.0,0.1603,-39.86,4995250,3619023,3292474,
4331,RNAC,Healthcare,Biotechnology,NASDAQ,74.45,27,73,61,12,6.75,222679394.7595253,30255352.0,0.13,-38.64,168870,128720,131378,
4332,NOC,Industrials,Aerospace & Defense,NYSE,74.44,27,27,28,68,483.11,67906126428.0,142063026.0,0.015800001,-37.58,1058730,892656,812396,0.051
4333,HDL,Consumer Cyclical,Restaurants,NASDAQ,74.42,27,19,18,22,11.9,665441970.6888199,58836600.0,0.0001,-35.7,450,713,704,0.1
4334,XZO,Financial Services,Insurance - Diversified,NYSE,74.42,27,52,33,21,15.04,1297237184.8349495,90085918.0,0.1342,-38.86,475280,374940,294278,0.069
4335,AEVA,Technology,Software - Infrastructure,NASDAQ,74.39,27,33,65,37,14.57,1028857004.0343819,69705758.0,0.15720001,-53.45,1333530,1450933,1662802,0.113
4336,PRTA,Healthcare,Biotechnology,NASDAQ,74.39,27,54,38,77,8.02,429177085.0148487,51336974.0,0.2005,-32.03,534660,462203,454656,-0.771
4337,LOBO,Consumer Cyclical,Auto Manufacturers,NASDAQ,74.38,27,25,73,40,0.53,6845478.711853564,14441938.0,0.0031,-64.19,388390,6086820,3671256,0.206
4338,SPHL,Consumer Cyclical,Residential Construction,NASDAQ,74.37,27,16,50,22,2.39,5315655.134280682,2261981.0,0.016900001,-90.48,1342330,455023,283200,0.384
4339,BRO,Financial Services,Insurance Brokers,NYSE,74.37,27,37,25,17,60.97,20046506436.81251,334610357.0,0.0544,-36.85,2135980,2103260,2156254,0.324
4340,LUMN,Communication Services,Telecom Services,NASDAQ,74.35,27,31,37,89,5.91,5924288652.5,1030311070.0,0.0799,-50.54,12510430,13191956,13476740,-0.093
4341,LMAT,Healthcare,Medical Instruments & Supplies,NASDAQ,74.35,27,21,56,83,79.05,1805756511.78257,22869257.0,0.093100004,-33.01,275370,270610,347636,0.096
4342,HLI,Financial Services,Capital Markets,NYSE,74.34,27,24,19,29,127.94,8831557196.949005,69886500.0,0.0478,-37.34,765490,811250,890778,-0.155
4343,GERN,Healthcare,Biotechnology,NASDAQ,74.33,27,74,35,80,1.21,770968121.4355195,642473409.0,0.1287,-39.8,9959540,10530203,10988602,0.172
4344,HUBS,Technology,Software - Application,NYSE,74.32,27,26,16,8,217.09,10697796039.658173,49866201.0,0.085,-56.84,1390290,1607430,1833330,0.198
4345,LDOS,Technology,Information Technology Services,NYSE,74.31,27,23,11,32,116.69,14809980498.133255,125785466.0,0.0478,-43.29,1164310,1242293,1370424,0.072
4346,FBIN,Industrials,Building Products & Equipment,NYSE,74.27,27,29,58,16,39.35,4599954323.344578,119293417.0,0.0738,-39.31,2270230,2167336,2408744,-0.041
4347,MIR,Industrials,Specialty Industrial Machinery,NYSE,74.26,27,22,18,32,16.27,3551860236.003227,243278092.0,0.2354,-46.26,3857380,3789913,3992292,0.197
4348,PIPR,Financial Services,Capital Markets,NYSE,74.26,27,37,27,70,65.66,4619010262.893723,70670291.0,0.040999997,-30.93,1061050,778630,674932,0.249
4349,TV,Communication Services,Telecom Services,NYSE,74.25,27,27,49,83,2.28,1206967379.8942566,527060000.0,1.35,-34.67,919510,1478340,1191612,-0.03
4350,CTRI,Utilities,Utilities - Regulated Gas,NYSE,74.24,26,17,41,89,21.2,2111137422.8242607,100963053.0,0.055999998,-50.68,1935250,1703350,1925578,0.329
4351,BON,Basic Materials,Specialty Chemicals,NASDAQ,74.24,26,17,18,19,1.17,9312443.283144236,8168810.0,0.0014,-50.0,8700,7950,7840,0.019
4352,HUYA,Communication Services,Entertainment,NYSE,74.23,26,17,22,63,2.29,525242003.0106561,228366093.0,0.0167,-53.55,712480,1090376,1077840,0.11
4353,NA,Technology,Semiconductors,NASDAQ,74.22,26,24,6,13,2.17,48414611.249358416,22006641.0,0.0806,-63.65,25290,516140,317218,-0.665
4354,BGDE,Financial Services,Capital Markets,NASDAQ,74.19,26,91,58,27,5.35,30983933.141574383,5664339.0,0.0421,-86.62,78340,60646,63814,-0.355
4355,BRIA,Consumer Cyclical,Apparel Retail,NYSE ARCA,74.19,26,24,19,28,1.4,34999999.40395355,25000000.0,0.0018000001,-39.13,3760,4303,4958,-0.34
4356,UA,Consumer Cyclical,Apparel Manufacturing,NYSE,74.17,26,31,71,65,4.72,1971614098.733448,429545541.0,11.31,-40.3,3244993,2639708,2726593,-0.032
4357,ALB,Basic Materials,Specialty Chemicals,NYSE,74.16,26,50,55,95,106.35,12342148479.482574,118005057.0,0.0004,-51.88,2031370,2366216,2351068,0.311
4358,COOT,Consumer Defensive,Packaged Foods,NASDAQ,74.15,26,17,15,20,0.44,13771420.76104045,30068604.0,0.0502,-90.22,152200,3685970,2248396,0.098
4359,INO,Healthcare,Biotechnology,NASDAQ,74.15,26,29,23,15,1.13,119941117.4287355,103397518.0,0.21370001,-58.46,2558680,2925300,4465922,
4360,VEL,Financial Services,Mortgage Finance,NYSE,74.15,26,40,31,56,14.87,576034463.6543922,39481457.0,0.2947,-30.5,230580,177640,148388,0.227
4361,NUCL,Energy,Uranium,NASDAQ,74.02,26,20,17,61,6.29,175408197.06229115,29579798.0,0.064899996,-55.77,187620,264623,333108,
4362,SQFTP,Real Estate,REIT - Diversified,NASDAQ,73.96,26,35,7,10,6.33,,,0.43,-60.41,5090,5176,5078,-0.129
4363,GNLN,Consumer Defensive,Tobacco,NASDAQ,73.96,26,7,4,1,3.11,1679680.9941985607,631459.0,0.020499999,-91.81,38810,25950,45548,-0.896
4364,TOVX,Healthcare,Biotechnology,NYSE ARCA,73.94,26,54,19,21,0.22,10555313.831479132,45892668.0,0.0346,-74.42,465670,489830,507564,
4365,INAB,Healthcare,Biotechnology,NASDAQ,73.93,26,12,17,9,1.39,13801735.964957833,9858383.0,0.0072000003,-49.08,70770,46700,60560,
4366,LASR,Technology,Semiconductors,NASDAQ,73.91,26,28,96,99,40.03,2341068299.8939056,57690197.0,0.0506,-53.96,695510,1038136,1207784,0.338
4367,PHR,Healthcare,Health Information Services,NYSE,73.9,26,18,22,6,10.25,625054387.1374512,62070944.0,0.0617,-57.72,654280,704870,755040,0.104
4368,TUYA,Technology,Software - Infrastructure,NYSE,73.89,26,23,18,62,1.73,1036146942.5921311,613104679.0,0.0083,-35.93,323920,690640,614542,0.16
4369,MAX,Communication Services,Internet Content & Information,NYSE,73.87,26,66,86,35,9.68,509626333.757411,52975711.0,0.1009,-34.15,975170,785976,790242,0.259
4370,BHF,Financial Services,Insurance - Life,NASDAQ,73.85,26,28,74,65,50.03,2876728407.5867043,57511563.0,0.1557,-25.1,869480,972356,1014050,0.867
4371,CSBR,Healthcare,Biotechnology,NASDAQ,73.84,26,22,29,24,5.01,68757731.6564269,13918569.0,0.01,-39.71,10180,12150,12078,0.088
4372,LEN,Consumer Cyclical,Residential Construction,NYSE,73.84,26,17,21,20,77.41,19225840694.897095,240895142.0,0.0022,-42.13,6645690,5005073,3951634,-0.087
4373,VIPS,Consumer Cyclical,Internet Retail,NYSE,73.82,26,22,27,37,12.75,5862914963.722229,475500000.0,0.0216,-38.17,2675500,3359653,2773136,-0.043
4374,DH,Healthcare,Health Information Services,NASDAQ,73.82,26,18,7,4,0.99,99592820.23209089,106744713.0,0.0405,-71.55,556180,999956,689828,-0.091
4375,IMXI,Technology,Software - Infrastructure,NASDAQ,73.81,26,33,40,75,12.09,347735833.68489265,30211627.0,0.0709,-24.2,777780,542313,675346,-0.186
4376,WKHS,Consumer Cyclical,Auto Manufacturers,NASDAQ,73.8,26,12,9,3,2.94,32457897.762669325,10928585.0,0.2258,-79.24,51020,89806,96868,3.749
4377,GLDG,Basic Materials,Gold,NYSE ARCA,73.77,26,30,15,67,0.9,201911217.40787888,214799168.0,0.028800001,-60.35,505310,595053,672844,
4378,OM,Healthcare,Medical Devices,NASDAQ,73.76,26,15,15,7,4.14,74436770.1570549,18797164.0,0.064,-74.38,292570,185010,167312,0.007
4379,NFGC,Basic Materials,Gold,NYSE ARCA,73.75,26,27,13,55,1.6,622659231.2127596,384357549.0,6.12,-55.43,717590,1045233,1219680,
4380,VERX,Technology,Software - Application,NASDAQ,73.75,26,20,18,7,12.29,1948237976.928749,162217980.0,0.0695,-53.69,1429200,1416266,1902788,0.105
4381,SAFE,Real Estate,REIT - Diversified,NYSE,73.7,26,38,64,53,12.1,854044366.5156937,70816280.0,0.0919,-30.66,723560,523316,422792,0.2
4382,SE,Consumer Cyclical,Internet Retail,NYSE,73.7,26,60,34,13,96.53,58302403144.50354,612484522.0,0.0334,-50.11,3870550,3745080,4202734,0.481
4383,NEN,Real Estate,Real Estate Services,NYSE ARCA,73.7,26,24,29,26,49.75,169957754.35938263,3467818.0,0.04,-32.31,560,853,866,0.143
4384,GLIBK,Communication Services,Telecom Services,NASDAQ,73.69,26,33,11,53,23.73,927392051.4264717,39904994.0,0.0837,-42.37,300050,307296,360126,0.0
4385,DLPN,Communication Services,Advertising Agencies,NASDAQ,73.65,26,27,18,61,1.07,13424845.557099104,13033831.0,0.003,-43.09,5870,7776,10658,0.025
4386,CGC,Healthcare,Drug Manufacturers - Specialty & Generic,NASDAQ,73.63,26,24,21,37,0.89,370157965.625,423037675.0,0.066199996,-62.61,1975490,2256733,2974590,0.125
4387,PFAI,Consumer Defensive,Farm Products,NASDAQ,73.63,26,44,91,92,2.34,29765702.66339779,11765100.0,0.0025,-52.54,2400,1496,8156,-0.033
4388,LAZ,Financial Services,Capital Markets,NYSE,73.62,26,29,24,56,36.36,3515042102.3004456,97450572.0,0.1164,-38.11,1501870,1683386,1628328,0.001
4389,ANNX,Healthcare,Biotechnology,NASDAQ,73.6,26,69,87,96,4.03,794336582.3078051,189579134.0,0.1835,-43.87,3523100,3160110,2941774,
4390,UPBD,Technology,Software - Application,NASDAQ,73.59,26,35,58,32,15.36,927543524.6542168,58299405.0,0.1596,-35.95,1160570,940850,994532,0.005
4391,FTAI,Industrials,Aerospace & Defense,NASDAQ,73.58,26,32,65,93,179.44,17155165284.355133,102707091.0,0.0936,-44.53,1327930,1338796,1484304,0.409
4392,BMEA,Healthcare,Biotechnology,NASDAQ,73.57,26,91,18,70,1.25,91820287.42099762,72299440.0,0.2224,-58.19,2276800,2128520,1708426,
4393,CTEV,Healthcare,Health Information Services,NYSE,73.56,26,85,66,10,24.09,401993810.72310066,16947463.0,0.0922,-67.3,192210,153380,140578,0.066
4394,PSEC,Financial Services,Asset Management,NASDAQ,73.56,26,35,28,43,1.83,1067633698.0,533816849.0,0.052600004,-41.53,7156360,4994663,4623322,-0.067
4395,LMRI,Healthcare,Medical Devices,NASDAQ,73.55,26,32,23,9,10.71,991493723.0002441,96074976.0,0.082399994,-44.94,480510,384933,447190,0.051
4396,HUN,Basic Materials,Chemicals,NYSE,73.54,26,20,46,78,8.77,1495979547.648857,175378616.0,0.08140001,-45.49,2626330,2558020,2798452,0.141
4397,BYD,Consumer Cyclical,Resorts & Casinos,NYSE,73.52,26,28,47,59,70.41,4886076591.5,72655414.0,0.0964,-22.97,1264960,1070640,973482,0.0
4398,PLRX,Healthcare,Biotechnology,NASDAQ,73.52,26,24,23,34,1.03,64087455.64818871,61920249.0,0.061,-47.18,325920,361650,388916,
4399,EXP,Basic Materials,Building Materials,NYSE,73.48,26,25,33,26,171.54,5256523710.722733,30675325.0,0.0785,-30.13,456530,433046,443192,0.026
4400,CSPI,Technology,Information Technology Services,NASDAQ,73.46,26,22,21,18,7.82,76310484.3804574,10080645.0,0.0113,-47.87,8830,10643,11206,-0.068
4401,CYH,Healthcare,Medical Care Facilities,NYSE,73.45,26,29,59,47,2.74,383545455.07431006,141009357.0,0.103999995,-38.15,1113420,1166353,1229076,-0.098
4402,LBTYA,Communication Services,Telecom Services,NASDAQ,73.41,26,28,38,71,9.14,3042501114.742916,341087566.0,0.0848,-32.4,3947700,2815870,2652930,-0.077
4403,CGTX,Healthcare,Biotechnology,NASDAQ,73.41,26,15,50,82,0.94,87961716.18360579,95093746.0,0.087799996,-54.15,422920,401663,463510,
4404,LBTYK,Communication Services,Telecom Services,NASDAQ,73.39,26,27,35,65,8.95,2984516202.5,341087566.0,0.0885,-31.78,1647320,1713290,1585508,-0.077
4405,SLVM,Basic Materials,Paper & Paper Products,NYSE,73.34,26,22,28,25,32.91,1291412674.4392052,39760243.0,0.106300004,-42.06,450880,323656,302978,0.015
4406,SYK,Healthcare,Medical Devices,NYSE,73.29,26,19,31,33,278.2,105647521250.4071,383573046.0,0.0209,-29.13,2620490,2896803,2708564,0.094
4407,PTHS,Healthcare,Biotechnology,NYSE ARCA,73.28,26,27,69,62,21.48,78866462.86044502,3828469.0,0.0454,-42.72,27310,39573,59082,
4408,OKYO,Healthcare,Biotechnology,NASDAQ,73.24,26,25,19,23,1.46,77144906.19145131,52479527.0,0.001,-54.38,59270,74486,71868,
4409,SITC,Real Estate,REIT - Retail,NYSE,73.23,26,11,16,25,3.2,179465663.38355064,52475339.0,0.1296,-64.25,1939656,1327654,1172146,-0.693
4410,MKC,Consumer Defensive,Packaged Foods,NYSE,73.22,25,29,28,19,45.4,12019109784.258224,269064479.0,0.0,-37.3,4301040,3497636,3195116,0.174
4411,KVYO,Technology,Software - Application,NYSE,73.22,25,26,19,14,16.6,4701685873.646619,299279813.0,0.15630001,-50.23,5759370,6280050,6536358,0.264
4412,BIVI,Healthcare,Biotechnology,NASDAQ,73.2,25,84,34,14,1.44,12676756.931219101,8682710.0,0.1232,-62.01,216360,442203,5821326,
4413,OLED,Technology,Electronic Components,NASDAQ,73.19,25,19,12,20,79.66,3694354655.201683,45966835.0,0.1033,-48.06,543760,751943,768804,-0.114
4414,JFU,Technology,Information Technology Services,NASDAQ,73.17,25,19,19,70,2.4,31317069.450513363,11773334.0,0.0044,-74.68,1380,4263,164648,-0.176
4415,SRL,Financial Services,Capital Markets,NYSE,73.16,25,26,22,51,5.08,76131755.0,15226351.0,0.0007,-51.11,7930,6086,13904,0.026
4416,LKQ,Consumer Cyclical,Auto Parts,NASDAQ,73.16,25,27,22,29,22.39,5768447367.774727,253002086.0,0.0766,-39.7,2761300,3138566,3421826,-0.03
4417,CTM,Technology,Information Technology Services,NYSE ARCA,73.16,25,16,16,14,0.63,59712209.72804761,94781286.0,0.0629,-53.68,355100,542136,832148,-0.011
4418,MAIA,Healthcare,Biotechnology,NYSE ARCA,73.15,25,34,30,28,1.19,73472919.27290249,61741946.0,0.0376,-62.7,645700,620540,504638,
4419,NXB,Consumer Cyclical,Auto & Truck Dealerships,NYSE ARCA,73.14,25,22,13,53,1.98,48022928.61076534,25142895.0,0.0067000003,-49.23,24640,56333,49534,0.884
4420,BUDA,Consumer Defensive,Beverages - Non-Alcoholic,NYSE ARCA,73.13,25,31,74,69,7.5,96888995.33938026,12566666.0,0.00059999997,-37.5,6380,6113,10268,0.264
4421,FLY,Industrials,Aerospace & Defense,NASDAQ,73.1,25,23,10,42,22.83,3903876270.3121567,167404645.0,0.1096,-63.28,3728910,3053150,3131006,6.569
4422,PNNT,Financial Services,Asset Management,NYSE,73.09,25,23,14,21,3.21,212212305.5,65296094.0,0.0422,-51.87,465065,545385,542113,-0.162
4423,MOGU,Consumer Cyclical,Internet Retail,NYSE,73.09,25,23,19,47,1.86,15220925.097062945,8183293.0,0.001,-46.4,4300,2970,2998,-0.285
4424,GLIBA,Communication Services,Telecom Services,NASDAQ,73.06,25,34,11,51,23.65,924199654.9509811,39904994.0,0.106400006,-43.52,40870,37956,39184,0.0
4425,SEDG,Technology,Solar,NASDAQ,73.04,25,28,90,88,34.04,2035887010.708084,61525748.0,0.2199,-58.1,2682430,3095196,3413712,0.196
4426,MCD,Consumer Cyclical,Restaurants,NYSE,73.04,25,23,31,45,232.45,164094994191.67987,707641531.0,0.019199999,-31.98,7029860,5647396,5196396,0.037
4427,WAVE,Utilities,Utilities - Renewable,NASDAQ,72.98,25,18,88,57,5.82,36439638.71209717,6239664.0,0.0007,-46.46,10650,17463,15992,
4428,PDCC,Financial Services,Asset Management,NYSE,72.98,25,22,20,19,8.47,58113122.26126099,6935568.0,0.0045,-49.43,2490,2250,3546,
4429,BTBT,Financial Services,Capital Markets,NASDAQ,72.97,25,25,20,10,1.52,587832608.1703655,360633503.0,0.1577,-66.59,19873770,26707240,27937594,0.256
4430,SAH,Consumer Cyclical,Auto & Truck Dealerships,NYSE,72.97,25,54,81,38,61.0,1986358067.5484314,31614802.0,0.22719999,-46.34,364960,318283,319462,0.076
4431,HOUR,Consumer Cyclical,Internet Retail,NASDAQ,72.97,25,25,59,78,1.75,65471665.703537464,35199820.0,0.0072000003,-44.97,32680,17576,15926,0.252
4432,XYL,Industrials,Specialty Industrial Machinery,NYSE,72.96,25,26,30,35,104.57,23766622807.24356,233486812.0,0.060399998,-32.22,2626280,2602970,2268778,0.015
4433,TYRA,Healthcare,Biotechnology,NASDAQ,72.96,25,81,94,97,20.24,1404683854.7526474,68755939.0,0.2382,-50.21,928920,1154486,946536,
4434,BRSL,Consumer Cyclical,Gambling,NYSE,72.93,25,25,20,30,10.21,1800012266.4606762,182742355.0,0.0539,-44.54,2487160,2180573,2203196,-0.074
4435,FABC,Technology,Semiconductors,NASDAQ,72.91,25,14,20,10,2.35,16388453.818875074,7003613.0,0.21620001,-70.06,94490,131023,177786,
4436,STN,Industrials,Engineering & Construction,NYSE,72.85,25,23,15,30,67.54,7581359624.333328,112399703.0,7.72,-41.02,378300,352006,380120,0.115
4437,HUIZ,Financial Services,Insurance Brokers,NASDAQ,72.84,25,18,8,16,1.29,13441081.51370573,10106076.0,0.1243,-69.03,23070,100956,2365562,-0.093
4438,OPAL,Industrials,Engineering & Construction,NASDAQ,72.82,25,26,23,69,1.79,52706275.908877134,30290963.0,0.1301,-37.63,530510,318603,263168,0.037
4439,CARG,Communication Services,Internet Content & Information,NASDAQ,72.8,25,52,35,60,28.73,2673985850.3346024,89073478.0,0.17040001,-30.3,1671910,1236753,1114456,0.131
4440,IHT,Real Estate,REIT - Hotel & Motel,NYSE ARCA,72.77,25,49,81,18,1.2,14816431.668752074,11224569.0,0.0084,-36.84,15510,69170,49320,0.021
4441,CELC,Healthcare,Biotechnology,NASDAQ,72.75,25,52,98,99,71.25,3527990492.1358337,48931908.0,0.3483,-52.82,1282100,982676,945818,
4442,NICM,Basic Materials,Other Industrial Metals & Mining,NASDAQ,72.74,25,42,26,71,5.31,104242920.25178719,19127142.0,2.37,-49.91,2840,3020,3120,13.998
4443,AMS,Healthcare,Medical Care Facilities,NYSE ARCA,72.73,25,17,23,9,1.38,9376499.778032303,6650000.0,0.0011,-46.51,8780,7866,12800,0.192
4444,MLM,Basic Materials,Building Materials,NYSE,72.72,25,23,30,53,489.01,34250516576.897766,71019382.0,0.045700002,-31.22,926310,829520,746360,0.21
4445,CHRW,Industrials,Integrated Freight & Logistics,NASDAQ,72.72,25,29,88,84,135.05,18429780554.400696,116851258.0,0.0497,-35.79,2270080,1709493,1875144,0.193
4446,SKIL,Consumer Defensive,Education & Training Services,NYSE,72.71,25,51,25,7,5.76,51963535.58715439,9100444.0,0.1671,-68.78,43030,85713,70070,-0.029
4447,KROS,Healthcare,Biotechnology,NASDAQ,72.71,25,26,21,18,11.01,225236848.8728752,19827188.0,0.0779,-51.18,180550,180026,194258,
4448,DRVN,Consumer Cyclical,Auto & Truck Dealerships,NASDAQ,72.7,25,36,56,21,11.76,1926964301.2278442,164979816.0,0.16860001,-32.02,952740,1132466,1000620,0.068
4449,PPSI,Industrials,Electrical Equipment & Parts,NASDAQ,72.69,25,16,66,14,3.17,36738569.824894905,11099266.0,0.0128,-49.6,98990,103946,106092,-0.4
4450,LOW,Consumer Cyclical,Home Improvement Retail,NYSE,72.68,25,22,26,45,183.67,101438568347.40099,561054019.0,0.0186,-37.33,3348270,3244770,3114890,0.083
4451,JL,Consumer Cyclical,Apparel Manufacturing,NASDAQ,72.66,25,21,37,82,4.65,17247399.228497505,3761701.0,0.0057,-43.43,3880,13813,14476,-0.026
4452,FIG,Technology,Software - Application,NYSE,72.66,25,20,17,5,21.93,11385091084.443405,533009867.0,0.1776,-69.32,9538860,13666356,16950008,0.482
4453,MMS,Industrials,Specialty Business Services,NYSE,72.64,25,18,19,25,54.68,2756636301.841606,52357763.0,0.112799995,-45.32,755800,670546,657672,-0.051
4454,VLRS,Industrials,Airlines,NYSE,72.61,25,33,68,79,6.5,746034364.9897194,114951370.0,0.0108,-39.81,331240,350826,411092,0.239
4455,WBTN,Communication Services,Internet Content & Information,NASDAQ,72.6,25,24,35,43,10.2,1424966235.0,135711070.0,0.16139999,-46.34,425510,455416,439326,-0.028
4456,ALLO,Healthcare,Biotechnology,NASDAQ,72.59,25,68,51,89,1.46,518236321.5,345490881.0,0.1909,-67.26,5320920,5475500,5640918,
4457,PRVA,Healthcare,Health Information Services,NASDAQ,72.59,25,28,77,48,20.28,2593004304.646534,127734207.0,0.056900002,-29.63,1271120,1236876,1239172,0.214
4458,APWC,Industrials,Electrical Equipment & Parts,NASDAQ,72.55,25,26,32,21,1.3,54426842.76272833,41232455.0,0.0015,-42.98,1990,6333,8450,0.077
4459,GGR,Consumer Cyclical,Auto Manufacturers,NASDAQ,72.55,25,10,27,42,3.19,64235453.75718284,20073579.0,0.0058,-49.12,9340,17163,46720,0.073
4460,DJT,Communication Services,Internet Content & Information,NASDAQ,72.55,25,27,13,12,8.65,2476456682.1995277,277941271.0,0.0892,-51.86,3084090,3259440,3857726,0.89
4461,GOF,Financial Services,Asset Management,NYSE,72.54,25,23,31,29,8.71,1853256820.2671814,212043120.0,0.57,-42.2,2761212,2955100,2870856,
4462,KBH,Consumer Cyclical,Residential Construction,NYSE,72.52,25,24,40,29,45.4,2781600000.0,60800000.0,0.2338,-32.81,1676780,1532266,1279300,-0.2
4463,RYM,Consumer Defensive,Tobacco,NASDAQ,72.49,25,39,27,64,20.04,42710909.63127136,2179128.0,0.0171,-62.65,10140,13060,12762,10.274
4464,PMN,Healthcare,Biotechnology,NASDAQ,72.49,25,74,72,74,9.21,84296310.7790966,8967693.0,0.0269,-66.39,36520,41836,75238,
4465,SNDX,Healthcare,Biotechnology,NASDAQ,72.49,25,57,85,93,17.37,1559536509.0020428,88610027.0,0.2354,-32.12,1686510,1664423,1559298,0.918
4466,MNRO,Consumer Cyclical,Auto Parts,NASDAQ,72.48,25,18,39,43,13.67,443324380.34103394,31264060.0,0.4378,-42.83,786600,977293,1112384,-0.046
4467,ACAD,Healthcare,Biotechnology,NASDAQ,72.45,25,73,70,48,19.74,3437495215.5586777,172305518.0,0.0887,-36.24,3071260,2054450,1954968,0.164
4468,MPAA,Consumer Cyclical,Auto Parts,NASDAQ,72.38,25,30,71,32,10.68,199366664.6542883,18933207.0,0.0908,-41.06,127050,122606,124774,-0.108
4469,YHGJ,Consumer Cyclical,Packaging & Containers,NASDAQ,72.37,24,12,18,7,2.8,7246642.670918465,2597363.0,0.0068,-72.79,9510,4196,4166,-0.285
4470,PTON,Consumer Cyclical,Leisure,NASDAQ,72.35,24,29,54,18,4.87,2159249294.403261,438871801.0,0.14649999,-44.66,8512330,8724730,8917032,0.001
4471,TIL,Healthcare,Biotechnology,NASDAQ,72.35,24,17,16,19,6.89,48965872.5170846,6781977.0,0.0402,-68.65,12460,14366,11644,
4472,MCHX,Communication Services,Advertising Agencies,NASDAQ,72.34,24,37,40,27,1.36,57195876.40864372,44337890.0,0.0031,-33.33,20050,48056,36898,-0.056
4473,BBUC,Industrials,Conglomerates,NYSE,72.33,24,19,28,62,26.2,5259315636.769909,205442014.0,0.0454,-31.5,311330,346723,337170,-0.03
4474,OSIS,Technology,Electronic Components,NASDAQ,72.32,24,23,22,79,198.56,3137060443.57959,15941968.0,0.16530001,-36.3,169660,237730,244746,-0.041
4475,BTQ,Technology,Software - Infrastructure,NASDAQ,72.32,24,13,25,10,3.26,466245757.3113651,147080677.0,5.05,-79.62,1890600,2285983,2011468,
4476,BTDR,Technology,Software - Application,NASDAQ,72.32,24,53,33,37,10.91,2995040464.3120384,271782245.0,0.2999,-60.76,9428940,10195713,12893116,0.471
4477,CDNL,Industrials,Engineering & Construction,NASDAQ,72.29,24,70,97,96,28.72,658710016.5676498,21435406.0,0.1377,-70.21,615590,574810,679392,1.139
4478,PTN,Healthcare,Biotechnology,NASDAQ,72.24,24,25,26,97,9.41,16616160.734125137,1780939.0,0.2134,-69.65,24980,113483,76142,
4479,AMRC,Industrials,Engineering & Construction,NYSE,72.22,24,25,31,77,22.68,1144638155.0754776,53066211.0,0.1999,-49.52,512780,629846,713414,0.091
4480,AAP,Consumer Cyclical,Auto Parts,NYSE,72.21,24,17,55,79,41.24,2336272018.432617,60400000.0,0.27629998,-36.75,1842700,1723453,1979940,-0.005
4481,TTGT,Technology,Information Technology Services,NASDAQ,72.21,24,33,18,15,3.61,258227591.371274,72332660.0,0.1449,-46.12,438470,325566,361496,-0.032
4482,AMPG,Technology,Communication Equipment,NASDAQ,72.21,24,26,98,21,2.99,91633853.91739583,30043887.0,0.1607,-70.43,678910,930280,1596006,-0.268
4483,AGBK,Financial Services,Banks - Regional,NYSE,72.19,24,19,20,17,6.67,872703637.897253,159835830.0,0.0403,-45.37,243340,190250,252986,-0.152
4484,ELVR,Basic Materials,Other Industrial Metals & Mining,NASDAQ,72.18,24,87,91,95,37.42,715721347.1431732,19302085.0,2.75,-63.6,42880,48430,47464,0.775
4485,IMDX,Healthcare,Diagnostics & Research,NASDAQ,72.16,24,34,82,25,3.38,112571538.83249855,32724284.0,0.061,-60.28,404000,265816,246788,-0.539
4486,DOYU,Communication Services,Internet Content & Information,NASDAQ,72.15,24,18,19,15,4.3,134295916.79383945,30178859.0,0.0050999997,-43.33,27130,30120,28278,-0.069
4487,ATHR,Technology,Software - Application,NASDAQ,72.15,24,23,64,7,3.12,42221304.13355613,12238059.0,0.056799997,-54.52,11140,13630,12632,-0.04
4488,WEN,Consumer Cyclical,Restaurants,NASDAQ,72.14,24,51,35,18,6.16,1166899949.7795582,190669930.0,0.35900003,-39.13,5400220,6575546,7849524,0.017
4489,JMIA,Consumer Cyclical,Internet Retail,NYSE,72.12,24,23,28,83,6.8,924690829.9148426,133625841.0,0.04,-53.8,1130090,1516643,1647388,0.139
4490,IFBD,Technology,Software - Application,NASDAQ,72.11,24,34,68,65,0.82,7066740.0258645415,8188575.0,0.0017,-62.3,2620020,875526,528476,-0.458
4491,WY,Real Estate,REIT - Specialty,NYSE,72.1,24,34,34,35,18.6,13311993425.109863,720736000.0,0.045300003,-32.97,8802960,6862940,6352130,-0.009
4492,SRPT,Healthcare,Biotechnology,NASDAQ,72.08,24,75,27,29,17.31,1848472867.5,105627021.0,0.2886,-31.64,2448980,3014153,2958274,-0.343
4493,SNDL,Consumer Defensive,Beverages - Wineries & Distilleries,NASDAQ,72.06,24,24,23,33,1.23,305189847.66719127,246120843.0,0.0077,-57.44,1257160,1243680,1515110,-0.037
4494,CPRT,Industrials,Specialty Business Services,NASDAQ,72.03,24,27,15,18,26.82,25214714267.379356,926330452.0,0.045700002,-41.56,9288500,9747700,10407954,0.024
4495,ONDS,Technology,Communication Equipment,NASDAQ,72.03,24,26,73,99,7.41,4215871407.481489,582302699.0,0.4096,-51.51,58593110,60160103,65816188,12.354
4496,SYPR,Consumer Cyclical,Auto Parts,NASDAQ,72.02,24,17,18,90,1.94,41447578.30201411,23026433.0,0.0037,-59.07,15420,25256,26932,-0.035
4497,NC,Energy,Thermal Coal,NYSE,72.02,24,23,52,72,36.41,273567693.75,7546695.0,0.0182,-38.72,26730,22730,19664,0.06
4498,MDWD,Healthcare,Biotechnology,NASDAQ,72.0,24,22,19,36,13.15,174546964.46985626,12910278.0,0.1604,-34.35,61570,102346,86916,-0.458
4499,TVGN,Healthcare,Biotechnology,NASDAQ,71.97,24,8,6,2,6.49,45450549.32419777,6511540.0,0.0215,-83.36,4160,6780,8440,
4500,VRM,Financial Services,Credit Services,NASDAQ,71.96,24,25,4,13,9.35,47024870.41941357,5207627.0,0.0292,-66.31,4990,46690,32874,-0.042
4501,FWRG,Consumer Cyclical,Restaurants,NASDAQ,71.96,24,33,28,15,10.61,652300419.1168594,61712435.0,0.1185,-43.63,1369220,1218413,1228976,0.152
4502,THO,Consumer Cyclical,Recreational Vehicles,NYSE,71.95,24,22,21,22,67.63,3589778965.0645294,51614361.0,0.1461,-44.94,879360,802096,698794,-0.084
4503,PRKS,Consumer Cyclical,Leisure,NYSE,71.92,24,41,67,24,33.88,1471778848.6287918,45341309.0,0.32840002,-39.16,664700,708416,688656,-0.014
4504,LONA,Healthcare,Biotechnology,NASDAQ,71.85,24,91,93,97,5.75,45412417.277335644,9421663.0,0.0032,-59.54,904810,332280,219544,
4505,TLK,Communication Services,Telecom Services,NYSE,71.84,24,32,22,50,12.86,12371908258.428223,985809408.0,0.0057,-45.32,962900,779233,734088,0.064
4506,BCTX,Healthcare,Biotechnology,NASDAQ,71.8,24,19,8,10,4.02,35147139.14812946,8699787.0,0.0911,-72.62,130460,175210,325258,
4507,VKTX,Healthcare,Biotechnology,NASDAQ,71.79,24,63,67,66,28.38,3763118278.0649815,125688651.0,0.20459999,-34.23,10819350,6345510,4564848,
4508,ASMB,Healthcare,Biotechnology,NASDAQ,71.76,24,87,50,87,22.18,458927852.4806824,20360596.0,0.137,-44.15,247570,355920,310528,0.389
4509,FND,Consumer Cyclical,Home Improvement Retail,NYSE,71.73,24,19,27,16,46.96,4844228686.58987,106489965.0,0.122200005,-39.38,2452890,2515570,2522800,0.03
4510,FER,Industrials,Engineering & Construction,NASDAQ,71.73,24,29,46,77,51.46,38625206354.69673,720082155.0,0.0087,-31.19,2094780,1628676,1600980,0.052
4511,ORC,Real Estate,REIT - Mortgage,NYSE,71.71,24,51,50,66,5.07,1008751406.0067201,197407315.0,0.082200006,-39.64,7767150,5819913,5240292,
4512,GNLX,Healthcare,Biotechnology,NASDAQ,71.71,24,18,35,35,2.54,115828055.01104116,45245335.0,0.0932,-70.24,178680,269800,302418,
4513,ALLR,Healthcare,Biotechnology,NASDAQ,71.7,24,24,32,70,0.99,16547152.353054047,15910724.0,0.0069999998,-46.2,103120,108523,96810,
4514,NWCL,Industrials,Specialty Industrial Machinery,NASDAQ,71.67,24,41,54,47,8.38,2209909548.3748474,276584432.0,,-27.76,303550,695200,463228,
4515,IVR,Real Estate,REIT - Mortgage,NYSE,71.67,24,39,59,73,5.72,622390004.15802,109000000.0,0.0955,-39.79,3788590,3313233,2986816,
4516,BEPC,Utilities,Utilities - Renewable,NYSE,71.66,24,25,30,79,29.65,5294536191.900585,185642921.0,7.9,-34.37,1949190,1784840,1828456,0.13
4517,AARD,Healthcare,Biotechnology,NASDAQ,71.66,24,38,24,5,5.04,109201943.41111374,21884158.0,0.029000001,-71.91,85940,121310,124438,
4518,OZ,Real Estate,Real Estate - Development,NYSE ARCA,71.61,24,28,18,26,40.98,165794945.58540344,4053666.0,0.0308,-40.61,23270,14906,12266,1.681
4519,SCM,Financial Services,Asset Management,NYSE,71.6,24,23,19,22,7.3,211036328.8243065,28479937.0,0.0256,-46.13,102360,141863,168322,-0.132
4520,IBM,Technology,Information Technology Services,NYSE,71.59,24,24,62,28,221.29,209756800014.5668,942134390.0,0.026500002,-33.44,5331410,5479430,5868360,0.011
4521,SFM,Consumer Defensive,Grocery Stores,NASDAQ,71.58,24,22,27,14,65.17,6011674497.577667,93247625.0,0.1618,-43.0,2393000,2024120,1949408,0.047
4522,CRK,Energy,Oil & Gas E&P,NYSE,71.57,24,32,14,20,13.65,3752470525.034855,293620548.0,0.32709998,-51.42,2509510,2836693,2572920,-0.252
4523,IBP,Consumer Cyclical,Residential Construction,NYSE,71.55,24,31,27,76,192.85,5129781161.0,26579177.0,0.13159999,-44.74,416670,429870,385158,0.023
4524,EVR,Financial Services,Capital Markets,NYSE,71.52,24,28,44,78,268.08,10063631065.366821,38457778.0,0.030199999,-31.03,523560,498000,536502,0.188
4525,ANNA,Energy,Oil & Gas E&P,NASDAQ,71.49,24,33,26,63,2.73,109309803.12347412,40940000.0,0.0696,-74.34,123390,235116,221332,1.535
4526,AS,Consumer Cyclical,Leisure,NYSE,71.48,24,20,35,66,27.76,15808104436.469498,581822024.0,0.0945,-35.08,5394190,7165903,6893492,0.321
4527,BIRK,Consumer Cyclical,Footwear & Accessories,NYSE,71.48,24,16,56,25,34.0,5503656681.67511,165126204.0,0.1438,-32.98,1955440,2231710,2562948,0.133
4528,MEC,Industrials,Metal Fabrication,NYSE,71.47,23,32,96,81,16.46,419225455.258646,25500331.0,0.095699996,-57.53,570490,534066,596434,0.232
4529,CRMD,Healthcare,Biotechnology,NASDAQ,71.47,23,28,37,27,7.28,560419694.02001,77944324.0,0.21069999,-44.09,879290,887693,1119418,1.565
4530,SFD,Consumer Defensive,Packaged Foods,NASDAQ,71.47,23,31,49,80,18.78,7426453988.996567,393767431.0,0.121400006,-36.99,1792050,1976210,1805930,-0.023
4531,PHIO,Healthcare,Biotechnology,NASDAQ,71.46,23,19,13,23,0.99,11442992.401186109,11617251.0,0.012999999,-76.37,110960,140726,146576,
4532,ECC,Financial Services,Asset Management,NYSE,71.45,23,27,23,18,3.29,460217193.15395737,133010748.0,0.01,-51.97,983063,870187,853066,-0.218
4533,HAYW,Industrials,Electrical Equipment & Parts,NYSE,71.43,23,25,50,38,12.31,2630282735.882801,212119582.0,0.0462,-30.57,4176110,3278820,2996484,0.063
4534,ELVA,Industrials,Electrical Equipment & Parts,NASDAQ,71.41,23,36,73,95,6.5,328234598.06568146,49507480.0,9.73,-49.14,322710,360533,487320,0.034
4535,MWG,Industrials,Rental & Leasing Services,NYSE ARCA,71.4,23,11,7,17,1.36,7353094.050290108,5142024.0,0.0088,-77.52,3010,2913,18108,0.08
4536,QURE,Healthcare,Biotechnology,NASDAQ,71.38,23,98,96,38,23.06,1627335962.013153,69366412.0,0.1449,-67.75,5669130,2724573,2176514,0.11
4537,LFWD,Healthcare,Medical Devices,NASDAQ,71.37,23,57,54,16,6.34,16567293.329917908,2832016.0,0.0372,-37.84,6510,5113,5638,0.157
4538,DY,Industrials,Engineering & Construction,NYSE,71.37,23,22,80,89,290.43,8256561978.75,30160957.0,0.0538,-48.73,579520,768180,634484,0.456
4539,HLLY,Consumer Cyclical,Auto Parts,NYSE,71.34,23,31,25,53,2.32,283687884.21439004,121234143.0,0.043899998,-48.21,960070,1176296,1105580,0.032
4540,CRE,Industrials,Specialty Business Services,NASDAQ,71.33,23,19,24,3,2.6,5437759.596034288,2013985.0,0.008,-72.92,74500,2275876,1392792,0.574
4541,CCAP,Financial Services,Asset Management,NASDAQ,71.3,23,23,26,39,9.07,333462967.62319565,36969285.0,0.028800001,-40.23,278620,292016,258992,-0.155
4542,HFFG,Consumer Defensive,Food Distribution,NASDAQ,71.28,23,19,15,21,1.61,90632589.81486511,55602816.0,0.0036000002,-42.19,56950,75603,198228,0.028
4543,YTRA,Consumer Cyclical,Travel Services,NASDAQ,71.26,23,26,17,33,0.91,56439338.85728657,63990178.0,0.0007,-54.5,16260,33693,34936,-0.104
4544,TLSA,Healthcare,Biotechnology,NASDAQ,71.23,23,14,35,40,1.11,142530227.32681882,127259131.0,0.0477,-52.36,711910,610993,826450,
4545,ATHE,Healthcare,Biotechnology,NASDAQ,71.16,23,65,86,41,3.37,62533645.16430044,18125694.0,0.0014,-42.78,23280,20296,16596,-0.79
4546,STWD,Real Estate,REIT - Mortgage,NYSE,71.16,23,30,33,48,12.93,4830704868.104124,370168950.0,0.0548,-33.45,6600050,4975450,4906974,0.134
4547,ALMU,Technology,Semiconductors,NASDAQ,71.15,23,14,37,73,13.12,253411787.54958248,19314923.0,0.253,-58.73,395460,570026,550862,-0.558
4548,JACK,Consumer Cyclical,Restaurants,NASDAQ,71.15,23,54,35,8,12.28,237466515.56199646,19073616.0,0.32729998,-48.53,469850,528146,688512,-0.018
4549,BV,Industrials,Specialty Business Services,NYSE,71.12,23,24,63,29,10.49,951927975.2731323,92600000.0,0.2909,-30.07,1014970,916060,1096906,0.013
4550,PL,Industrials,Aerospace & Defense,NYSE,71.11,23,47,94,99,18.57,6367339807.5,363847989.0,0.0968,-64.12,11200530,11525793,9060970,0.581
4551,GRRR,Technology,Software - Infrastructure,NASDAQ,71.1,23,36,70,21,12.18,362300499.0288105,27509529.0,0.1929,-48.15,512630,748633,840628,1.38
4552,WGO,Consumer Cyclical,Recreational Vehicles,NYSE,71.1,23,30,28,31,24.95,743471864.3325462,28268893.0,0.1099,-50.26,612090,582426,536730,-0.099
4553,MITT,Real Estate,REIT - Mortgage,NYSE,71.08,23,29,54,63,5.67,183188023.27923775,31803475.0,0.0001,-38.83,492780,379206,347986,0.537
4554,JYNT,Healthcare,Medical Care Facilities,NASDAQ,71.05,23,30,40,30,7.11,102962164.0873518,14143154.0,0.1029,-33.36,87060,90986,82284,0.144
4555,GDTC,Healthcare,Biotechnology,NASDAQ,71.03,23,12,16,15,0.93,10980115.559185266,11934908.0,0.001,-74.73,19430,15526,28948,3.856
4556,TMS,Financial Services,Financial Conglomerates,NASDAQ,70.99,23,13,16,48,7.42,563828145.0521507,73993196.0,1.21,-43.79,98507,177615,138663,0.203
4557,HSAI,Consumer Cyclical,Auto Parts,NASDAQ,70.99,23,24,11,69,16.27,19334777785.30799,1257137688.0,0.0725,-44.57,834650,1228413,1452214,0.219
4558,SGI,Consumer Cyclical,"Furnishings, Fixtures & Appliances",NYSE,70.97,23,26,28,52,62.74,14267922823.383698,230239189.0,0.0934,-36.34,2779780,3584683,3409930,-0.03
4559,COUR,Consumer Defensive,Education & Training Services,NYSE,70.95,23,21,21,23,5.12,1437520327.1781425,286358632.0,0.1001,-53.92,8683420,6197226,6368718,0.596
4560,LWAY,Consumer Defensive,Packaged Foods,NASDAQ,70.94,23,48,82,51,20.46,320414090.03936005,15106747.0,0.084300004,-37.45,145900,136410,149774,0.241
4561,MLTX,Healthcare,Biotechnology,NASDAQ,70.93,23,16,73,33,10.95,971067262.8637505,85106685.0,0.1449,-52.98,1929350,1640746,1525368,
4562,UNCY,Healthcare,Biotechnology,NASDAQ,70.93,23,20,28,78,4.23,117549178.6957345,27855257.0,0.15439999,-51.6,974270,850536,834494,
4563,VYX,Technology,Information Technology Services,NYSE,70.92,23,52,29,12,6.73,925068290.2652569,138069898.0,0.38639998,-47.67,2713010,3078370,2721216,-0.208
4564,TSQ,Communication Services,Advertising Agencies,NYSE,70.91,23,30,65,62,4.54,82953960.92740917,18231639.0,0.0155,-43.04,87349,69699,79853,-0.001
4565,SHOE,Consumer Cyclical,Apparel Retail,NASDAQ,70.89,23,15,23,34,13.04,341972390.6260395,27183815.0,0.4884,-41.34,999150,1342950,1000308,-0.072
4566,NVO,Healthcare,Drug Manufacturers - General,NYSE,70.83,23,56,46,15,37.53,164789448880.1519,4415580124.0,0.0083,-41.51,14625350,13290063,13725056,0.021
4567,RLX,Consumer Defensive,Tobacco,NYSE,70.81,23,19,27,43,1.7,2090055351.0653114,1222254564.0,0.0216,-34.62,2010840,4129370,3605986,0.155
4568,ASTE,Industrials,Farm & Heavy Construction Machinery,NASDAQ,70.8,23,23,66,85,41.26,965690460.0,22992630.0,0.033,-37.19,196280,222136,250926,0.236
4569,FENG,Communication Services,Internet Content & Information,NYSE,70.8,23,19,17,29,1.41,16815086.113640785,12010776.0,0.0008,-51.21,1430,1933,2454,0.158
4570,ASPS,Real Estate,Real Estate Services,NASDAQ,70.77,23,16,26,32,6.04,72746710.91306114,11420206.0,0.0502,-57.94,15370,10926,14970,0.17
4571,KULR,Technology,Electronic Components,NYSE ARCA,70.76,23,13,29,7,2.59,122642857.71363544,46280322.0,0.1512,-56.83,591050,628950,825468,-0.43
4572,AMRN,Healthcare,Drug Manufacturers - General,NASDAQ,70.74,23,30,31,58,12.07,258968504.14908028,20969109.0,0.0254,-42.25,67300,76210,66986,-0.42
4573,FSLR,Technology,Solar,NASDAQ,70.73,23,29,60,51,179.8,18765299748.274353,107469788.0,0.128,-43.98,2598690,2242986,2409864,-0.037
4574,BARK,Consumer Cyclical,Specialty Retail,NYSE,70.72,23,17,20,8,8.17,73351669.80620289,9033457.0,0.098500006,-60.72,44950,51600,53290,-0.234
4575,RKTO,Technology,Software - Infrastructure,NASDAQ,70.71,23,8,55,12,0.7,17378511.88229066,24897581.0,0.0865,-71.43,290610,374486,464894,
4576,KAZR,Industrials,Engineering & Construction,NASDAQ,70.71,23,26,60,33,2.3,45752338.84445429,17942094.0,0.1546,-53.06,237870,280293,226542,0.121
4577,AON,Financial Services,Insurance Brokers,NYSE,70.7,23,31,58,31,273.99,57157200780.7218,212125434.0,0.0176,-28.34,1864590,1962846,1633204,0.022
4578,ASR,Industrials,Airports & Air Services,NYSE,70.65,23,23,27,65,240.79,7039817404.270721,30032069.0,0.039300002,-36.89,93020,65290,61506,0.099
4579,NMRK,Real Estate,Real Estate Services,NASDAQ,70.65,23,31,39,63,12.59,2292542062.416765,181228627.0,0.042,-36.53,2004830,1941950,1758856,0.17
4580,INFY,Technology,Information Technology Services,NYSE,70.64,23,19,17,22,10.55,44715792736.851654,4050343559.0,0.0357,-64.83,19231640,16235626,17825276,0.029
4581,WU,Financial Services,Credit Services,NYSE,70.63,23,26,34,59,6.14,1871273886.0,311878981.0,0.18020001,-40.68,8570840,8565110,10431804,-0.013
4582,CURX,Healthcare,Biotechnology,NASDAQ,70.62,23,9,4,15,4.99,7402097.190969944,1568241.0,0.0047,-70.54,24210,24846,22253,
4583,QNCX,Healthcare,Biotechnology,NASDAQ,70.62,23,29,2,0,26.81,29698240.37595749,1017063.0,0.0496,-97.05,24120,22203,27214,
4584,AN,Consumer Cyclical,Auto & Truck Dealerships,NYSE,70.61,23,50,31,37,158.14,5371058764.725861,33060806.0,0.119799994,-32.94,600080,597926,534698,-0.006
4585,PUSA,Industrials,Aerospace & Defense,NASDAQ,70.6,23,17,96,98,2.86,425336011.55281067,134600000.0,,-65.33,1469480,833783,834308,
4586,LXEH,Consumer Defensive,Education & Training Services,NASDAQ,70.59,23,13,6,6,1.54,3009167.290533185,1916667.0,0.0058999998,-94.41,2957400,992566,634730,-0.008
4587,LCII,Consumer Cyclical,Recreational Vehicles,NYSE,70.56,23,35,34,75,82.19,2013235835.3157349,24311507.0,0.1225,-48.52,380960,333200,304622,-0.125
4588,CSV,Consumer Cyclical,Personal Services,NYSE,70.55,22,20,25,60,32.89,510933433.23864746,15882296.0,0.044499997,-36.87,205620,163480,182400,0.008
4589,WSC,Industrials,Rental & Leasing Services,NASDAQ,70.52,22,24,75,22,17.36,3134603435.1622696,181190958.0,0.1148,-41.69,3081940,2744806,2937296,0.039
4590,RSSS,Technology,Software - Application,NASDAQ,70.51,22,24,24,27,2.04,72589741.56985903,33762669.0,0.0023,-46.17,29090,43110,36756,-0.029
4591,CINT,Technology,Software - Infrastructure,NYSE,70.46,22,14,14,38,3.16,410843677.3123808,127988683.0,0.0011999999,-45.52,64070,86540,82716,0.219
4592,PROK,Healthcare,Biotechnology,NASDAQ,70.44,22,39,12,66,1.6,352943512.2308109,205199713.0,0.138,-54.02,1367770,1485173,1341130,-0.321
4593,AKTS,Healthcare,Biotechnology,NASDAQ,70.4,22,80,81,24,17.86,1030073146.9405861,55619499.0,0.20120001,-47.76,340900,428696,364966,1.114
4594,MATH,Financial Services,Capital Markets,NASDAQ,70.39,22,15,8,8,1.08,52767165.140036345,47537986.0,0.0022,-73.66,53620,151306,107072,0.011
4595,ZURA,Healthcare,Biotechnology,NASDAQ,70.37,22,95,92,98,3.96,393857765.86457014,95829137.0,0.1302,-46.77,2378390,1846970,1571832,
4596,BMI,Technology,Scientific & Technical Instruments,NYSE,70.31,22,23,20,25,123.73,3703649343.8830795,28986847.0,0.1926,-39.35,412260,363553,363126,-0.066
4597,IRTC,Healthcare,Medical Devices,NASDAQ,70.3,22,27,23,26,107.2,3638126731.6455917,32963003.0,0.0936,-49.43,524250,509583,598178,0.201
4598,REZI,Industrials,Industrial Distribution,NYSE,70.25,22,23,50,87,18.92,2786399444.225178,151847378.0,0.098500006,-39.97,1557420,2024896,2347140,0.02
4599,CLB,Energy,Oil & Gas Equipment & Services,NYSE,70.24,22,25,19,72,10.3,455174660.14071274,45884542.0,0.2289,-49.41,750520,575916,597598,-0.043
4600,DECK,Consumer Cyclical,Footwear & Accessories,NYSE,70.24,22,17,52,58,81.66,10774708899.874641,136181857.0,0.078,-33.22,3084670,3305590,2888470,0.057
4601,MGM,Consumer Cyclical,Resorts & Casinos,NYSE,70.22,22,51,84,67,30.54,7798345525.680599,255851235.0,0.1599,-40.8,7370630,4094093,3414662,0.01
4602,FNF,Financial Services,Insurance - Specialty,NYSE,70.21,22,26,45,31,39.08,10529249937.867245,268192827.0,0.0279,-33.09,3125400,2684070,2239922,0.105
4603,WXM,Industrials,Industrial Distribution,NASDAQ,70.21,22,15,4,7,3.55,30522127.042584658,8117587.0,0.0084,-90.33,7310,46923,921922,-0.734
4604,EBON,Technology,Computer Hardware,NASDAQ,70.18,22,20,18,7,2.0,13095084.599586487,6280616.0,0.0022,-64.52,3990,4156,6298,0.095
4605,KC,Technology,Software - Application,NASDAQ,70.18,22,22,19,78,9.35,2694326985.0,299369665.0,0.0366,-49.51,1103310,1237033,1446092,0.308
4606,ATCH,Financial Services,Capital Markets,NYSE ARCA,70.18,22,20,12,22,0.18,28545682.894568205,151838744.0,0.0482,-70.64,19077180,7707260,5151972,1.368
4607,CREX,Technology,Software - Application,NASDAQ,70.16,22,25,60,89,2.49,33816265.0,13526506.0,0.0032,-43.67,22590,28173,30354,0.65
4608,AMPX,Industrials,Electrical Equipment & Parts,NYSE,70.15,22,18,39,98,9.47,1412599587.2050667,146080618.0,0.1576,-60.91,6348590,5030196,5508982,1.259
4609,SPIR,Industrials,Specialty Business Services,NYSE,70.12,22,60,34,94,10.98,434568147.6309147,39115046.0,0.102,-57.66,652090,638236,618278,-0.059
4610,BFAM,Consumer Cyclical,Personal Services,NYSE,70.08,22,23,20,22,66.42,3125304867.4562225,48635306.0,0.062,-39.54,773560,879386,823772,0.065
4611,POST,Consumer Defensive,Packaged Foods,NYSE,70.05,22,22,24,34,73.32,3288606729.5091553,45322586.0,0.1531,-37.48,746020,917430,979252,-0.018
4612,SYNX,Technology,Communication Equipment,NYSE ARCA,70.02,22,16,25,19,0.9,6700784.33672905,6634440.0,0.0013,-53.85,22190,45023,39908,1.741
4613,XBIO,Healthcare,Biotechnology,NASDAQ,69.99,22,92,22,74,2.12,5248725.462346315,2343181.0,0.01,-84.78,36320,129620,106714,0.12
4614,CYD,Consumer Cyclical,Auto Manufacturers,NYSE,69.98,22,29,75,88,32.19,1198710448.4742088,37518323.0,0.0226,-47.64,167180,130173,127422,0.062
4615,IMTE,Technology,Electronic Components,NASDAQ,69.97,22,16,11,25,0.46,1550895.2589153051,3446434.0,0.0047999998,-65.67,10180,92390,320152,
4616,KMPR,Financial Services,Insurance - Property & Casualty,NYSE,69.95,22,24,18,15,26.07,1511301539.9317474,58874232.0,0.099700004,-48.88,858000,900493,888234,-0.091
4617,DLHC,Industrials,Specialty Business Services,NASDAQ,69.95,22,13,28,76,4.19,58696794.51432705,14493035.0,0.0108,-48.27,16660,13436,14924,-0.469
4618,LEGN,Healthcare,Biotechnology,NASDAQ,69.95,22,14,61,16,18.72,3611649770.0568466,194488413.0,0.17799999,-50.08,2012360,2044646,2252992,0.519
4619,CRNC,Technology,Software - Application,NASDAQ,69.94,22,25,63,22,8.07,365912786.0315895,45230257.0,0.1359,-40.18,560670,604766,661722,0.118
4620,JBTM,Industrials,Specialty Industrial Machinery,NYSE,69.94,22,24,44,39,108.69,5633822247.042259,51876817.0,0.0911,-36.14,513980,532046,599570,0.049
4621,WSO,Industrials,Industrial Distribution,NYSE,69.93,22,22,38,49,290.83,12271290199.536682,41252194.0,0.0,-36.64,485860,511563,533892,0.021
4622,NEPH,Healthcare,Medical Instruments & Supplies,NASDAQ,69.93,22,67,37,28,3.02,39856641.2285614,10860120.0,0.0069,-52.96,37710,27990,30164,0.362
4623,STKS,Consumer Cyclical,Restaurants,NASDAQ,69.93,22,20,29,14,1.55,49434875.6267395,31689024.0,0.054,-46.74,17570,21086,22026,-0.033
4624,LHX,Industrials,Aerospace & Defense,NYSE,69.92,22,23,31,77,237.9,44058379282.16382,186214616.0,0.0275,-37.27,1497770,1623873,1677028,0.084
4625,ASTS,Technology,Communication Equipment,NASDAQ,69.92,22,33,26,91,63.12,17522685105.97109,299789305.0,0.2184,-52.85,11274730,10288070,10901414,26.266
4626,GFUZ,Industrials,Specialty Industrial Machinery,NASDAQ,69.91,22,18,59,49,7.57,800515136.0,,4.84,-49.02,98600,136166,174044,
4627,WLK,Basic Materials,Specialty Chemicals,NYSE,69.91,22,26,22,84,63.39,8115080798.0,127796548.0,0.16309999,-48.97,1061750,801363,944114,0.108
4628,LAES,Technology,Semiconductors,NASDAQ,69.86,22,15,27,16,2.42,533085410.9387398,224930564.0,0.0507,-72.22,3983190,4874706,7754358,1.311
4629,CPHI,Healthcare,Drug Manufacturers - Specialty & Generic,NYSE ARCA,69.81,22,30,11,6,0.64,28394522.448296905,43022002.0,0.006,-96.66,367940,219750,594966,-0.075
4630,SIDU,Industrials,Aerospace & Defense,NASDAQ,69.8,22,87,21,97,1.74,183217834.2678404,101225326.0,0.16549999,-74.37,3801280,3615593,4533668,-0.538
4631,GPGI,Industrials,Metal Fabrication,NYSE,69.78,22,27,22,37,13.17,3739581947.2157097,289890082.0,0.1698,-50.82,1716320,1759976,1573072,
4632,PALI,Healthcare,Biotechnology,NASDAQ,69.72,22,96,79,96,1.49,250949613.49184132,174270558.0,0.1737,-47.9,3579840,3168783,2539022,
4633,CIM,Real Estate,REIT - Mortgage,NYSE,69.71,22,29,53,68,9.2,775171453.8401146,83711818.0,0.0414,-35.12,1745530,1282506,1095978,0.081
4634,HDSN,Basic Materials,Specialty Chemicals,NASDAQ,69.7,22,20,25,25,5.31,220123101.61277533,42088547.0,0.0682,-44.97,398540,452740,552308,0.075
4635,STC,Financial Services,Insurance - Property & Casualty,NYSE,69.66,22,37,60,49,51.72,1573419335.1634102,30522199.0,0.047399998,-34.21,401770,295693,257002,0.243
4636,MTZ,Industrials,Engineering & Construction,NYSE,69.65,22,32,90,96,228.3,17340246833.468994,80304948.0,0.0854,-48.28,1331030,1499460,1582110,0.234
4637,AISP,Technology,Software - Infrastructure,NASDAQ,69.64,22,11,15,11,2.11,73011867.49870491,34439562.0,0.12189999,-70.69,4967390,1799803,1236296,0.921
4638,NFLX,Communication Services,Entertainment,NASDAQ,69.62,22,20,14,56,68.69,279233784506.69165,4163939676.0,0.0228,-44.99,35069770,33155463,32985450,0.134
4639,HIND,Healthcare,Biotechnology,NASDAQ,69.6,22,13,13,5,2.06,13405388.245731354,7018528.0,0.0047999998,-68.6,9480,16473,13624,-0.46
4640,OPXS,Industrials,Aerospace & Defense,NASDAQ,69.59,22,18,39,50,10.2,72730671.52250957,6959873.0,0.0061000003,-42.57,19780,35273,30406,-0.124
4641,RLMD,Healthcare,Biotechnology,NASDAQ,69.56,22,68,99,99,3.28,384011435.42717075,106669846.0,0.144,-59.0,1219930,1208240,1217784,
4642,PW,Real Estate,REIT - Specialty,NYSE ARCA,69.55,22,15,34,25,7.01,2441348.0350112915,367120.0,0.0216,-45.74,11780,19796,17010,1.545
4643,TRTX,Real Estate,REIT - Mortgage,NYSE,69.55,22,31,57,56,6.05,471361705.0102315,76769009.0,0.0695,-35.43,1377520,982066,981044,-0.116
4644,DSS,Consumer Cyclical,Packaging & Containers,NYSE ARCA,69.55,22,66,9,32,0.63,6407126.598927498,10042518.0,0.0704,-66.13,25280,4090923,2468474,-0.318
4645,QUBT,Technology,Computer Hardware,NASDAQ,69.52,22,19,17,19,7.86,1851517392.0555801,226346861.0,0.3231,-67.08,7722870,6782770,7571204,90.0
4646,TBLA,Communication Services,Internet Content & Information,NASDAQ,69.48,22,35,92,51,3.23,872601940.6928053,270155398.0,0.038399998,-43.43,2046950,2021556,2476232,0.024
4647,CRML,Basic Materials,Other Industrial Metals & Mining,NASDAQ,69.46,22,22,50,84,7.36,1032627964.4084868,146888753.0,0.35740003,-77.11,7555210,9641523,8484956,5.577
4648,COO,Healthcare,Medical Instruments & Supplies,NASDAQ,69.44,21,32,36,30,56.43,10821737752.524605,190155294.0,0.060300004,-37.18,4603100,4493840,3406122,0.006
4649,CUVL,Healthcare,Biotechnology,NASDAQ,69.39,21,22,46,25,5.67,304080235.52019405,50427898.0,1.03,-36.43,7250,20486,14804,-0.038
4650,MYSE,Technology,Software - Application,NASDAQ,69.35,21,93,86,12,1.64,8833931.247785091,5196430.0,0.0395,-71.58,89460,125693,105924,-0.526
4651,ALT,Healthcare,Biotechnology,NASDAQ,69.33,21,38,22,22,2.67,532005891.8292811,194517701.0,0.26639998,-58.54,4121290,3906673,4588954,
4652,XPER,Technology,Software - Application,NYSE,69.3,21,25,76,37,5.28,264830985.08776188,48771822.0,0.103,-39.66,367900,406840,444638,0.081
4653,TGLS,Basic Materials,Building Materials,NYSE,69.29,21,21,20,16,36.68,1541226834.304535,44364616.0,0.1011,-45.64,315140,298906,283846,0.156
4654,SPMC,Financial Services,Asset Management,NYSE,69.26,21,24,29,15,8.25,173333444.54227352,20537139.0,4.54,-54.67,20550,21973,26556,-0.353
4655,COHN,Financial Services,Capital Markets,NYSE ARCA,69.24,21,29,54,97,10.72,31579325.737771988,3228970.0,0.0075,-67.12,12570,19746,20184,0.168
4656,WOOF,Consumer Cyclical,Specialty Retail,NASDAQ,69.22,21,29,24,34,2.22,627258408.2190471,286419357.0,0.2117,-42.78,2446920,2768020,2261248,0.0
4657,ABG,Consumer Cyclical,Auto & Truck Dealerships,NYSE,69.2,21,37,30,24,169.76,3157383249.6158447,17951917.0,0.1247,-34.39,255740,237296,255416,0.003
4658,OSG,Financial Services,Insurance - Specialty,NYSE,69.15,21,17,62,15,4.62,207236831.3035555,45051486.0,0.041500002,-55.49,485280,529820,507496,0.51
4659,EVAX,Healthcare,Biotechnology,NASDAQ,69.15,21,24,17,82,3.16,28868746.03017783,9021483.0,0.0070999996,-73.99,37500,54980,251294,
4660,BL,Technology,Software - Application,NASDAQ,69.15,21,19,16,12,28.17,1593213641.8307877,58125270.0,0.1489,-52.71,902580,917110,1022798,0.092
4661,GSHD,Financial Services,Insurance Brokers,NASDAQ,69.15,21,82,33,7,43.39,1083265615.5977821,23802805.0,0.124,-45.66,558370,455720,456072,0.207
4662,RDDT,Communication Services,Internet Content & Information,NYSE,69.13,21,20,71,35,148.95,28447748086.02951,192396510.0,0.1369,-43.47,4118650,4538853,6370530,0.611
4663,HDB,Financial Services,Banks - Regional,NYSE,69.12,21,18,24,21,22.42,114816259592.80429,5139492337.0,0.0069999998,-40.13,10457650,11397933,9815372,0.166
4664,BLRX,Healthcare,Biotechnology,NASDAQ,69.11,21,20,50,17,2.29,11798371.350288391,4978216.0,0.0301,-49.78,15320,24230,17772,-0.033
4665,SOFI,Financial Services,Credit Services,NASDAQ,69.09,21,27,25,33,15.76,20368064600.713974,1291570324.0,0.14829999,-51.85,44896140,43702436,50485522,0.426
4666,GLND,Energy,Oil & Gas E&P,NASDAQ,69.07,21,3,3,15,3.0,163113624.45408726,43730194.0,1.74,-86.96,41249390,23808310,15011854,
4667,CALM,Consumer Defensive,Farm Products,NASDAQ,69.04,21,25,51,28,63.4,3114196483.180313,46710613.0,0.1279,-33.66,1754910,1210176,1082220,-0.415
4668,RPT,Real Estate,REIT - Mortgage,NYSE,69.04,21,27,41,36,10.85,86275463.36499786,7772564.0,0.037100002,-39.52,17580,18620,38016,0.096
4669,CG,Financial Services,Asset Management,NASDAQ,69.03,21,29,21,36,38.88,14189171907.61586,356332798.0,0.0727,-42.23,3115150,3274356,3764654,-0.329
4670,BCAX,Healthcare,Biotechnology,NASDAQ,68.96,21,86,94,92,16.56,1158359102.4391212,65703866.0,0.2356,-46.56,835500,628250,650876,
4671,QTRX,Healthcare,Medical Devices,NASDAQ,68.93,21,11,22,10,3.44,172146761.56123996,47293065.0,0.1185,-60.78,643330,810860,833138,0.344
4672,GEMI,Financial Services,Capital Markets,NASDAQ,68.92,21,10,7,3,4.67,605475793.231678,129652202.0,0.2078,-82.54,2096330,2712420,2624394,0.366
4673,GTM,Technology,Software - Application,NASDAQ,68.92,21,22,5,12,3.65,1080018281.764967,291110046.0,0.1552,-70.35,4762620,5221890,6123110,0.012
4674,MMLP,Energy,Oil & Gas Midstream,NASDAQ,68.85,21,19,20,31,1.96,85291818.09185457,39124686.0,0.0061000003,-40.06,17220,12893,12534,0.182
4675,EBS,Healthcare,Drug Manufacturers - Specialty & Generic,NYSE,68.84,21,14,28,60,6.95,324560212.9681549,51273336.0,0.19389999,-50.57,1041320,1183700,1277100,0.663
4676,WIT,Technology,Information Technology Services,NYSE,68.84,21,14,17,21,1.68,17016712535.373512,9893437356.0,0.0458,-45.63,9821010,9687190,8137598,0.106
4677,TE,Industrials,Electrical Equipment & Parts,NYSE,68.76,21,56,96,97,3.8,1154348000.466776,294476525.0,0.29639998,-69.58,20683470,19771373,26593266,0.884
4678,AACG,Consumer Defensive,Education & Training Services,NASDAQ,68.72,21,21,34,45,0.76,33270352.445868015,43208251.0,0.0005,-49.33,3520,6476,276824,-0.117
4679,LUCY,Healthcare,Medical Instruments & Supplies,NASDAQ,68.7,21,17,16,10,0.93,7676794.792255402,8606272.0,0.0184,-54.63,158840,825136,4468938,0.745
4680,OWLS,Technology,Software - Infrastructure,NASDAQ,68.66,21,15,10,5,5.44,482300427.4296522,88333411.0,2.22,-93.96,10970,25680,24926,0.008
4681,RDCM,Communication Services,Telecom Services,NASDAQ,68.65,21,18,65,36,10.41,172237898.6914816,16738377.0,0.045500003,-37.81,44000,90503,141336,-0.334
4682,PDD,Consumer Cyclical,Internet Retail,NASDAQ,68.62,21,19,19,34,78.4,107295621396.08485,1423396462.0,0.0328,-43.76,4982970,6430210,6373460,0.081
4683,SNTG,Financial Services,Credit Services,NASDAQ,68.6,21,13,36,40,1.69,4965425.196492672,2805325.0,0.0086,-50.13,25550,12096,23284,-0.359
4684,CDRE,Industrials,Aerospace & Defense,NYSE,68.55,21,24,21,29,25.5,1070518350.0,42820734.0,0.0735,-47.7,469960,456600,437340,0.318
4685,IMUX,Healthcare,Biotechnology,NASDAQ,68.55,21,84,92,86,7.82,108609957.84049511,13644467.0,0.1392,-55.13,508820,398570,305382,
4686,RBA,Industrials,Specialty Business Services,NYSE,68.54,21,18,51,36,81.05,15254243488.311768,186300000.0,0.114700004,-32.08,1465780,1674186,1900314,0.111
4687,ESRT,Real Estate,REIT - Diversified,NYSE,68.53,21,15,28,22,4.43,721963159.5389729,173132649.0,0.08189999,-44.9,4504830,4385943,3495486,0.032
4688,VS,Technology,Software - Application,NASDAQ,68.51,21,30,46,12,1.08,6740721.146993637,6212646.0,0.0013,-56.28,13350,13716,12092,-0.247
4689,IMTX,Healthcare,Biotechnology,NASDAQ,68.51,21,64,47,89,7.5,1155388357.6577034,152225077.0,0.0404,-39.56,1057100,770830,666838,0.93
4690,BRID,Consumer Defensive,Packaged Foods,NASDAQ,68.51,21,19,22,32,5.56,50739492.26501465,9076832.0,0.0043,-35.5,1180,3210,3288,-0.095
4691,IDR,Basic Materials,Gold,NYSE ARCA,68.48,21,29,32,83,27.59,437435329.1404724,15826170.0,0.1014,-49.56,182800,209843,224074,0.132
4692,RDACU,Financial Services,Shell Companies,NASDAQ,68.47,21,70,63,7,5.7,,,1.9,-71.26,200,66,158,
4693,EQ,Healthcare,Biotechnology,NASDAQ,68.46,21,90,99,98,1.42,89405393.50352693,63408082.0,0.1005,-59.89,723440,628700,585720,
4694,RAVE,Consumer Cyclical,Restaurants,NASDAQ,68.46,21,33,72,25,2.29,32828718.956807613,14211567.0,0.0104,-36.39,172800,79316,57268,0.088
4695,IMA,Healthcare,Biotechnology,NASDAQ,68.45,21,19,21,12,4.6,52320996.915278435,11374130.0,0.0031,-49.45,8370,15460,13276,
4696,SITE,Industrials,Industrial Distribution,NYSE,68.4,21,19,21,54,90.47,3909776621.819458,43655390.0,0.0952,-46.33,922820,971243,958942,0.047
4697,BOLT,Healthcare,Biotechnology,NASDAQ,68.38,21,19,15,20,3.51,6645890.341855288,1926345.0,0.0095999995,-51.25,11890,29320,28478,-0.997
4698,RGTI,Technology,Computer Hardware,NASDAQ,68.38,21,21,24,49,15.17,5089973391.75,333768747.0,0.1876,-73.91,15781580,15823793,17372068,1.853
4699,BFRG,Healthcare,Health Information Services,NASDAQ,68.35,21,9,11,30,0.69,11458739.778677762,18541651.0,0.0063,-66.18,24012180,10359406,6269508,5.476
4700,GDEV,Communication Services,Electronic Gaming & Multimedia,NASDAQ,68.33,21,18,16,59,11.57,194968772.38728714,18119774.0,0.00029999999,-72.58,1430,1836,5320,-0.22
4701,ARKO,Consumer Cyclical,Specialty Retail,NASDAQ,68.31,21,19,94,84,4.2,467814465.12909126,112185721.0,0.100600004,-52.03,582770,858343,996084,0.222
4702,BDTX,Healthcare,Biotechnology,NASDAQ,68.29,21,29,12,69,1.8,108587581.00811756,57453747.0,0.1288,-63.56,564080,576313,604590,
4703,ICU,Healthcare,Biotechnology,NASDAQ,68.28,21,25,75,27,3.19,20668084.542161465,4406841.0,0.0278,-56.6,171810,86246,81374,0.82
4704,QNRX,Healthcare,Biotechnology,NASDAQ,68.26,21,56,9,17,4.72,8977628.038617134,2008418.0,0.0631,-88.71,52540,1130373,687746,
4705,STOK,Healthcare,Biotechnology,NASDAQ,68.26,21,52,76,97,24.37,1653162374.1925774,64526242.0,0.17950001,-39.41,1235720,931316,936174,-0.325
4706,SPWH,Consumer Cyclical,Specialty Retail,NASDAQ,68.26,21,21,13,26,1.14,44229855.26335895,39141465.0,0.011,-65.97,231070,516696,431620,0.006
4707,MOMO,Communication Services,Internet Content & Information,NASDAQ,68.24,21,23,32,33,4.77,677960398.3440342,143635684.0,0.0293,-36.27,1156920,1025623,807124,-0.051
4708,EGG,Industrials,Consulting Services,NYSE ARCA,68.21,20,7,71,74,4.74,149528720.81336975,27845200.0,0.0121,-63.73,729710,248896,681784,-0.591
4709,JBLU,Industrials,Airlines,NASDAQ,68.21,20,31,73,77,4.03,1565845587.1332936,377312181.0,0.2949,-39.12,17183290,18797363,23874988,0.145
4710,HTT,Financial Services,Credit Services,NYSE,68.21,20,18,28,22,2.26,358704885.3546066,155283504.0,0.0038,-55.25,69930,82483,81218,-0.939
4711,MATW,Industrials,Conglomerates,NASDAQ,68.2,20,21,53,63,19.42,602102135.7465134,31213173.0,0.2635,-37.21,1036450,1094490,950242,-0.296
4712,OGI,Healthcare,Drug Manufacturers - Specialty & Generic,NASDAQ,68.19,20,22,9,51,0.97,137377516.78200984,144152692.0,8.98,-56.7,563780,535560,1021942,0.494
4713,YB,Technology,Software - Application,NASDAQ,68.17,20,19,18,32,12.45,596277781.6039782,46080201.0,0.0005,-48.98,39040,36250,30912,0.301
4714,APRE,Healthcare,Biotechnology,NASDAQ,68.16,20,29,14,20,0.64,8750839.429941177,12591136.0,0.0484,-62.13,376760,439486,338320,
4715,EFX,Industrials,Consulting Services,NYSE,68.12,20,26,22,23,142.48,16447885440.0,117484896.0,0.0765,-41.69,2339820,1670246,1499550,0.106
4716,ABTC,Financial Services,Capital Markets,NASDAQ,68.09,20,5,1,10,8.45,619695774.2971096,72819713.0,0.1596,-92.38,1011660,1627896,1617670,1.213
4717,YI,Healthcare,Medical Distribution,NASDAQ,68.08,20,12,17,71,3.09,28326224.33168316,8796964.0,0.0021,-72.34,10960,17686,12014,-0.283
4718,ARMP,Healthcare,Biotechnology,NYSE ARCA,68.01,20,47,25,99,3.85,130880565.37081003,37181979.0,0.0856,-76.44,120870,283226,212830,0.157
4719,TATT,Industrials,Aerospace & Defense,NASDAQ,68.0,20,32,47,62,33.49,457404423.17977524,12998137.0,0.19319999,-48.08,116260,114140,149092,0.228
4720,CABA,Healthcare,Biotechnology,NASDAQ,67.98,20,80,65,94,2.02,339090890.0,169545445.0,0.2167,-52.25,5881140,5763016,5070838,
4721,XPL,Basic Materials,Other Industrial Metals & Mining,NYSE ARCA,67.97,20,21,41,81,0.57,53970143.232763946,94684463.0,0.001,-41.84,105260,198716,157030,
4722,BOOT,Consumer Cyclical,Apparel Retail,NYSE,67.9,20,22,38,48,124.32,3691116703.5401917,30284844.0,0.1266,-40.87,635310,667860,704606,0.177
4723,NXRT,Real Estate,REIT - Residential,NYSE,67.89,20,20,39,25,20.18,477015010.65929604,25549813.0,0.13949999,-37.64,957170,809923,607806,0.024
4724,CAVA,Consumer Cyclical,Restaurants,NYSE,67.89,20,25,32,70,52.64,6355425215.356789,116806198.0,0.13350001,-46.72,3325450,3373076,3494784,0.313
4725,AMTM,Industrials,Specialty Business Services,NYSE,67.88,20,19,18,58,18.77,4431961857.319,244319846.0,0.0795,-50.75,1740200,1775200,2091912,-0.02
4726,MZTI,Consumer Defensive,Packaged Foods,NASDAQ,67.81,20,17,17,22,100.2,2716273196.685791,27291000.0,0.33150002,-43.15,368980,454770,395710,-0.022
4727,CCLD,Healthcare,Health Information Services,NASDAQ,67.81,20,18,23,81,2.07,85837594.36949396,42493859.0,0.0167,-46.23,177920,294653,343746,0.164
4728,INTU,Technology,Software - Application,NASDAQ,67.8,20,17,9,12,289.81,75114691291.62598,267236000.0,0.030199999,-57.95,3639630,4018306,3889976,0.137
4729,NAK,Basic Materials,Other Industrial Metals & Mining,NYSE ARCA,67.75,20,53,22,55,1.3,747621834.5836446,562121662.0,0.0523,-56.38,3910410,3838880,3953180,
4730,AXON,Industrials,Aerospace & Defense,NASDAQ,67.74,20,34,59,11,418.62,33579485986.08383,81237415.0,0.053200003,-45.21,1027140,1007810,987996,0.353
4731,ABVX,Healthcare,Biotechnology,NASDAQ,67.71,20,70,99,99,88.22,8105779002.301598,87271525.0,0.0795,-40.72,1470550,1265006,1124150,-0.068
4732,SARO,Industrials,Aerospace & Defense,NYSE,67.7,20,29,36,31,20.94,6965853770.07851,330919431.0,0.116000004,-39.27,4129010,3805703,3628536,0.046
4733,SFHG,Industrials,Specialty Business Services,NASDAQ,67.69,20,17,21,14,2.12,8525999.612808228,4060000.0,0.0044,-57.17,8040,15083,230304,-0.06
4734,CDZI,Industrials,Pollution & Treatment Controls,NASDAQ,67.68,20,36,24,71,3.5,324313190.7896519,84677075.0,0.1675,-49.71,1275340,1057410,978020,-0.763
4735,FBLG,Healthcare,Biotechnology,NASDAQ,67.67,20,25,3,1,1.13,8626309.30634427,6956701.0,0.099700004,-90.09,153510,230586,237166,
4736,YDKG,Communication Services,Advertising Agencies,NASDAQ,67.66,20,17,10,5,0.89,5142145.809547842,5529189.0,0.01,-99.76,57140,26863,27130,0.689
4737,HYPR,Healthcare,Medical Devices,NASDAQ,67.62,20,12,32,74,0.87,94807509.4286167,106048669.0,0.0478,-60.81,678000,511720,545042,0.448
4738,INVE,Industrials,Building Products & Equipment,NASDAQ,67.61,20,15,20,58,2.42,56954017.23869848,24235753.0,0.0099,-54.34,163480,139086,197762,0.127
4739,RILY,Financial Services,Financial Conglomerates,NASDAQ,67.6,20,72,69,89,4.97,195370814.66724634,40199755.0,0.17469999,-55.78,732160,595800,603508,0.104
4740,ESBA,Real Estate,REIT - Office,NYSE ARCA,67.59,20,15,29,21,4.3,1078744005.028689,280193255.0,0.18,-45.78,10818,6369,6247,0.032
4741,KYTX,Healthcare,Biotechnology,NASDAQ,67.56,20,77,65,95,6.16,384666208.7047291,61843444.0,0.1665,-54.94,1190020,880626,823128,
4742,ALTI,Financial Services,Asset Management,NASDAQ,67.56,20,35,28,38,2.88,334852735.02650857,115069665.0,0.0317,-47.11,90020,174523,191812,0.108
4743,BRSP,Real Estate,REIT - Mortgage,NYSE,67.51,20,24,46,75,3.79,482057118.56022835,126524180.0,0.0369,-38.52,2077020,1642226,1540176,-0.035
4744,TDOC,Healthcare,Health Information Services,NYSE,67.5,20,28,89,19,5.77,1002895792.4546523,181684021.0,0.1528,-41.64,3681590,3458263,4407856,-0.04
4745,ARVN,Healthcare,Biotechnology,NASDAQ,67.49,20,42,22,71,7.31,478102067.3348465,64521198.0,0.0889,-49.62,736410,785603,841458,10.147
4746,NEUP,Healthcare,Biotechnology,NASDAQ,67.44,20,14,10,23,3.45,18777329.134819508,5411334.0,0.0046,-83.88,10940,20323,35388,
4747,CIGI,Real Estate,Real Estate Services,NASDAQ,67.44,20,19,17,24,87.61,4588100986.997406,51103821.0,4.55,-48.92,281400,265663,245530,0.167
4748,SUNS,Real Estate,REIT - Mortgage,NASDAQ,67.39,20,24,38,30,5.94,83798273.622056,13515851.0,0.027,-43.16,108440,79556,82588,0.012
4749,PXED,Consumer Defensive,Education & Training Services,NYSE,67.37,20,25,54,25,25.24,905149633.3615723,36047376.0,0.1538,-46.39,85750,80540,95144,0.0
4750,PMT,Real Estate,REIT - Mortgage,NYSE,67.36,20,29,29,48,8.03,680178440.2325306,87202362.0,0.1412,-41.85,2292480,1775966,1613718,0.061
4751,FG,Financial Services,Insurance - Life,NYSE,67.33,20,24,66,30,20.72,2870099791.2695637,130935209.0,0.12109999,-41.35,650340,652216,648964,0.042
4752,PLBY,Consumer Cyclical,Apparel Manufacturing,NASDAQ,67.33,20,16,15,67,1.04,124599990.9496994,119807688.0,0.045500003,-62.18,564560,508016,659356,0.109
4753,BNKK,Consumer Defensive,Beverages - Non-Alcoholic,NASDAQ,67.31,20,9,3,7,1.56,13769801.5,7868458.0,0.0274,-90.75,1088720,438450,307776,24.883
4754,GIL,Consumer Cyclical,Apparel Manufacturing,NYSE,67.25,20,25,29,56,41.72,7592865768.0,185191848.0,0.074,-43.39,2810180,1666356,1565764,0.723
4755,PLBL,Consumer Cyclical,Department Stores,NASDAQ,67.22,20,17,20,15,5.84,2070089240.441432,366387470.0,0.0414,-50.3,192450,229273,224870,-0.346
4756,HGV,Consumer Cyclical,Resorts & Casinos,NYSE,67.2,20,26,58,62,34.73,2709463742.1390533,77724145.0,0.1545,-37.31,1187320,1090996,1143816,0.062
4757,TTI,Energy,Oil & Gas Equipment & Services,NYSE,67.19,20,30,89,94,6.14,888436674.0,148072779.0,0.0789,-51.04,1953210,1961013,1961080,0.068
4758,JZXN,Consumer Cyclical,Auto & Truck Dealerships,NASDAQ,67.17,20,8,25,2,1.1,58209417.424368024,51512759.0,0.0005,-94.02,208190,1751893,1180706,6.304
4759,WETH,Technology,Electronic Components,NASDAQ,67.16,20,21,32,61,0.98,13381534.0,13381534.0,0.0019,-73.37,100030,63036,88496,0.127
4760,CRH,Basic Materials,Building Materials,NYSE,67.1,20,22,30,61,83.6,54513414455.56976,665284511.0,0.020299999,-36.45,6320090,5200716,5000710,0.056
4761,PDC,Technology,Software - Application,NASDAQ,67.09,20,18,29,92,3.35,28074917.7895298,8114138.0,0.0004,-62.06,34440,45706,40614,-0.386
4762,LRE,Real Estate,Real Estate - Development,NASDAQ,67.08,20,41,30,29,1.05,15006091.425248265,13641901.0,0.036199998,-44.44,41160,20596,16096,0.038
4763,PRIM,Industrials,Engineering & Construction,NYSE,67.06,20,11,13,91,84.97,4290480359.143753,54254935.0,0.13859999,-58.65,1358240,1287843,1271960,-0.107
4764,PCG,Utilities,Utilities - Regulated Electric,NYSE,67.04,20,30,61,65,12.5,36989159365.670334,3002366906.0,0.0,-34.76,38183630,51365130,41500958,0.001
4765,CSIQ,Technology,Solar,NASDAQ,67.03,20,25,51,45,11.54,759764592.8193903,67896749.0,0.3419,-66.64,1854080,1981960,1863742,-0.287
4766,MFI,Technology,Software - Application,NASDAQ,67.0,20,20,6,49,9.3,475171326.348567,50176485.0,0.00059999997,-78.66,3840,12730,16574,-0.204
4767,URG,Energy,Uranium,NYSE ARCA,66.99,19,31,24,79,1.12,417756887.02837944,397863720.0,0.146,-52.34,7110560,6576560,6372786,0.377
4768,CALX,Technology,Software - Infrastructure,NYSE,66.92,19,16,19,43,35.29,2191776543.5578804,62963989.0,0.1242,-50.45,1082090,1057690,972794,0.213
4769,BANL,Energy,Oil & Gas Midstream,NASDAQ,66.88,19,60,23,19,4.49,9775763.721630096,2111396.0,0.0321,-72.61,11090,33886,134532,0.492
4770,BWXT,Industrials,Aerospace & Defense,NYSE,66.85,19,25,31,88,145.7,12356140278.721619,91621980.0,0.0442,-39.75,1376840,1232900,1132696,0.18
4771,INSM,Healthcare,Biotechnology,NASDAQ,66.78,19,35,19,76,105.23,24266553213.162712,218381503.0,0.0557,-50.54,2897180,2341763,2631814,2.961
4772,SQNS,Technology,Semiconductors,NYSE,66.76,19,13,13,3,2.79,42002160.88470745,15000772.0,0.0136,-72.62,31350,36740,41430,-0.084
4773,CCIF,Financial Services,Asset Management,NYSE,66.76,19,19,17,16,2.37,52349175.51885843,21367010.0,0.0007,-58.64,155840,128060,126674,
4774,LZ,Industrials,Specialty Business Services,NASDAQ,66.75,19,24,41,16,5.77,959082930.8669147,171264812.0,0.1001,-53.47,2734540,2598230,2938706,0.066
4775,VERA,Healthcare,Biotechnology,NASDAQ,66.72,19,58,71,85,29.42,2192166656.197996,72063335.0,0.2691,-47.51,1741700,2379850,2298786,
4776,MAIR,Industrials,Building Products & Equipment,NYSE,66.71,19,16,64,41,24.6,12563134663.82077,501722612.0,0.0668,-44.72,2816600,2882740,2934262,0.209
4777,ACI,Consumer Defensive,Grocery Stores,NYSE,66.67,19,16,25,27,11.48,5754896470.25,489778423.0,0.1707,-42.6,6690730,7517723,7560850,0.002
4778,PULM,Healthcare,Biotechnology,NASDAQ,66.64,19,11,22,4,1.43,5734087.641569972,3652285.0,0.0153,-73.99,17840,35696,26372,
4779,AHG,Healthcare,Medical Distribution,NASDAQ,66.61,19,8,21,90,1.17,985209783.1245807,856704177.0,0.86,-53.2,611070,212706,134678,-0.129
4780,DSY,Consumer Defensive,Household & Personal Products,NASDAQ,66.6,19,75,19,2,3.46,16916667.608095646,4751873.0,0.038599998,-83.98,6310,17486,731616,-0.173
4781,MBLY,Consumer Cyclical,Auto Parts,NASDAQ,66.59,19,22,33,11,7.47,6308392042.024166,850187598.0,0.22649999,-52.75,6785330,5104213,4999950,0.004
4782,PRT,Energy,Oil & Gas E&P,NYSE,66.46,19,19,15,27,1.86,22871576.10198927,12165732.0,0.0076,-53.62,25820,25803,26410,-0.546
4783,ZJYL,Healthcare,Medical Instruments & Supplies,NASDAQ,66.46,19,10,6,4,1.99,142907054.53505516,73663428.0,0.0011,-83.42,47810,98333,920372,-0.097
4784,SWAG,Communication Services,Advertising Agencies,NASDAQ,66.46,19,25,80,58,1.38,27400197.833282948,18639590.0,0.0002,-60.57,26060,20173,29320,0.024
4785,PTLO,Consumer Cyclical,Restaurants,NASDAQ,66.44,19,31,20,20,3.78,254540559.088408,72518678.0,0.1552,-43.5,1843020,1469020,1421234,0.056
4786,GPK,Consumer Cyclical,Packaging & Containers,NYSE,66.43,19,18,19,8,8.61,2597891178.8495436,295887387.0,0.09020001,-55.57,6831700,6514023,5847062,-0.007
4787,ROOT,Financial Services,Insurance - Property & Casualty,NASDAQ,66.42,19,27,36,10,47.17,732124426.3960876,15826296.0,0.1421,-48.16,200280,192480,240686,0.016
4788,OFIX,Healthcare,Medical Devices,NASDAQ,66.34,19,17,30,36,9.41,370259412.93530273,40732608.0,0.0695,-44.61,495220,389753,386024,0.038
4789,LPL,Technology,Consumer Electronics,NYSE,66.24,19,15,23,78,3.09,3119999885.559082,1000000000.0,0.0073,-47.0,2585800,2295713,2589474,0.004
4790,WB,Communication Services,Internet Content & Information,NASDAQ,66.22,19,17,23,30,6.49,1555107362.0166702,245672572.0,0.1826,-49.18,838170,1089036,1079148,0.02
4791,RAIL,Industrials,Railroads,NASDAQ,66.21,19,23,19,46,6.6,226259835.12722015,32791280.0,0.0318,-55.7,185280,251746,231046,-0.046
4792,SVC,Real Estate,REIT - Hotel & Motel,NASDAQ,66.21,19,18,38,13,6.49,826270548.2611847,129509488.0,0.0403,-51.02,1279030,1455746,1534996,-0.164
4793,WYFI,Technology,Information Technology Services,NASDAQ,66.19,19,61,97,21,17.33,696546767.5955048,38848118.0,0.4149,-63.03,1201890,1575926,2060878,0.557
4794,GENK,Consumer Cyclical,Restaurants,NASDAQ,66.17,19,24,22,8,1.57,8637340.956744194,5364808.0,0.056799997,-51.24,17390,36486,239430,0.013
4795,PAR,Technology,Software - Application,NYSE,66.16,19,32,17,3,14.5,589418589.0,41362708.0,0.2539,-64.23,933790,901666,935012,0.187
4796,ASLE,Industrials,Airports & Air Services,NASDAQ,66.15,19,22,27,39,4.97,240542883.69936848,47726763.0,0.0746,-42.07,472060,473860,467742,-0.339
4797,FBRT,Real Estate,REIT - Mortgage,NYSE,66.0,19,30,26,30,6.14,520694756.7360344,83045416.0,0.10560001,-44.48,1851790,2338290,2007566,0.142
4798,PACK,Consumer Cyclical,Packaging & Containers,NYSE,65.99,19,20,93,23,3.97,350751415.0956764,85758289.0,0.060599998,-49.17,508680,485396,510278,0.14
4799,UIS,Technology,Information Technology Services,NYSE,65.99,19,18,89,14,2.31,166248375.3138578,72915955.0,0.088199995,-53.61,678420,612166,654446,-0.02
4800,AREC,Industrials,Waste Management,NASDAQ,65.97,19,56,23,86,1.7,191478572.7993698,106971272.0,0.1309,-76.09,1408340,1571086,1921856,
4801,AIB,Technology,Software - Infrastructure,NYSE ARCA,65.87,19,11,25,9,1.57,124606323.15310502,75979466.0,0.01,-75.0,5405400,2499746,2001692,-0.386
4802,GNSS,Technology,Scientific & Technical Instruments,NASDAQ,65.83,19,15,22,29,1.44,66035915.221612215,45542009.0,0.0187,-41.7,69110,81346,81816,-0.26
4803,AUST,Basic Materials,Gold,NYSE ARCA,65.79,19,19,12,28,1.0,13556071.120586634,13693001.0,0.0106,-74.49,28580,39090,89838,
4804,WLFC,Industrials,Rental & Leasing Services,NASDAQ,65.78,19,59,84,86,42.85,1091506014.3980713,23899848.0,0.221,-47.45,242540,191633,217502,0.004
4805,ITP,Basic Materials,Paper & Paper Products,NYSE ARCA,65.76,19,14,19,26,0.15,2375158.8101121783,16965420.0,0.0231,-61.54,107890,263883,421302,0.021
4806,CANG,Financial Services,Capital Markets,NYSE,65.76,19,4,2,2,3.02,109528655.0197277,41021967.0,0.030199999,-87.72,745030,620200,536686,
4807,ALKT,Technology,Software - Application,NASDAQ,65.71,19,56,26,16,14.11,1485424138.915615,106941980.0,0.090100005,-43.08,2659770,1866456,1685232,0.159
4808,VTSI,Technology,Software - Application,NASDAQ,65.71,19,14,10,29,2.76,31581750.528190613,11319624.0,0.0047999998,-56.12,27630,22940,31186,-0.174
4809,CPRI,Consumer Cyclical,Luxury Goods,NYSE,65.63,19,10,23,39,14.67,1657655722.469637,114796106.0,0.1304,-48.11,3671250,5289986,4918924,-0.035
4810,SLSN,Consumer Defensive,Household & Personal Products,NASDAQ,65.6,19,9,4,8,0.8,57930576.39469296,70647045.0,0.018099999,-80.91,15470,17220,19712,-0.247
4811,PLUT,Financial Services,Capital Markets,NASDAQ,65.57,19,19,33,37,2.3,40677501.463890076,15350000.0,0.0001,-42.5,10770,3816,2450,-0.204
4812,NCLH,Consumer Cyclical,Travel Services,NYSE,65.55,19,17,28,38,15.51,6952104146.089636,459187846.0,0.2343,-38.28,24226880,18921676,17789562,0.049
4813,AIRO,Industrials,Aerospace & Defense,NASDAQ,65.54,19,14,7,6,6.53,207953497.8450508,31555917.0,0.1283,-70.94,327420,385636,466614,0.759
4814,KYNB,Healthcare,Biotechnology,NASDAQ,65.52,19,58,30,22,5.96,25549972.208307266,4049124.0,0.0254,-50.87,27210,26496,20770,
4815,CNVS,Communication Services,Entertainment,NASDAQ,65.5,19,22,32,25,1.93,45403348.37654436,23771387.0,0.0178,-45.63,107760,116116,117988,1.752
4816,CHGG,Consumer Defensive,Education & Training Services,NYSE,65.36,19,22,20,78,0.71,82160337.73884058,111027482.0,0.0581,-54.78,555780,1053896,1150984,-0.507
4817,GEVO,Basic Materials,Specialty Chemicals,NASDAQ,65.35,19,30,19,69,1.28,323880592.09297943,247237104.0,0.1014,-56.9,2679540,2746983,2810094,0.071
4818,TCOM,Consumer Cyclical,Travel Services,NASDAQ,65.35,19,15,15,26,38.26,23985472002.06539,629705222.0,0.019,-51.56,3493840,3801436,3328634,0.055
4819,LPCN,Healthcare,Biotechnology,NASDAQ,65.33,19,21,18,10,2.1,16900718.256883383,8244253.0,0.0123000005,-83.02,38910,35003,37624,-0.695
4820,FKWL,Technology,Communication Equipment,NASDAQ,65.33,19,14,9,24,2.32,28164430.43622017,11784280.0,0.0063,-57.66,9250,10646,12704,0.212
4821,AMTD,Financial Services,Asset Management,NYSE,65.29,19,16,31,43,0.73,70613048.3704949,94910009.0,0.0001,-55.76,17400,9280,11588,-0.826
4822,ACHR,Industrials,Aerospace & Defense,NYSE,65.27,19,27,10,12,4.65,3765430949.1903305,770026800.0,0.141,-68.19,22567360,23410226,30419648,
4823,NYC,Real Estate,Real Estate Services,NYSE,65.23,19,15,26,17,6.25,20595245.0440979,3163632.0,0.0034,-55.26,11710,18906,30444,-0.401
4824,ARKR,Consumer Cyclical,Restaurants,NASDAQ,65.22,19,15,21,35,4.6,16227706.5,3606157.0,0.003,-51.58,11130,11423,8176,-0.065
4825,OGCP,Real Estate,REIT - Office,NYSE ARCA,65.19,19,14,26,21,4.1,1092753721.221311,280193255.0,0.84,-49.69,650,396,864,0.032
4826,TBBK,Financial Services,Banks - Regional,NASDAQ,65.16,19,60,48,32,48.44,1990804203.3021584,40786809.0,0.1105,-40.67,511190,584226,509596,0.004
4827,BCYC,Healthcare,Biotechnology,NASDAQ,65.15,18,19,14,18,3.79,236575911.9900484,69992871.0,0.0853,-58.62,595020,456906,402548,-0.785
4828,SLDP,Consumer Cyclical,Auto Parts,NASDAQ,65.11,18,17,12,63,2.35,531662206.5511551,228181212.0,0.1234,-73.48,2825400,2754013,3090426,
4829,CMMB,Healthcare,Biotechnology,NASDAQ,65.11,18,85,17,12,1.4,10478553.415648937,7327660.0,0.0115,-60.89,207640,154496,120130,
4830,SIGA,Healthcare,Drug Manufacturers - Specialty & Generic,NASDAQ,65.09,18,10,13,21,3.29,242852048.30254745,71849716.0,0.0802,-63.24,748150,695190,698484,-0.495
4831,AMRZ,Basic Materials,Building Materials,NYSE,65.06,18,17,30,64,37.28,20378448577.443466,546925644.0,0.0179,-43.46,3513080,4072716,4003018,0.086
4832,AFJK,Financial Services,Shell Companies,NASDAQ,65.06,18,15,10,98,12.35,38344279.43292618,3166332.0,0.0019,-90.53,2120,20563,22972,
4833,FISK,Real Estate,REIT - Office,NYSE ARCA,65.06,18,15,28,16,4.18,1075942075.15082,280193255.0,1.39,-48.77,1241,1213,824,0.032
4834,WWR,Basic Materials,Other Industrial Metals & Mining,NYSE ARCA,65.03,18,26,9,18,0.48,65568063.60391021,128564833.0,0.0376,-87.2,674360,867306,4156444,
4835,IBIO,Healthcare,Biotechnology,NASDAQ,65.01,18,31,58,93,1.05,56136773.69311416,49678561.0,0.0771,-72.51,531820,604810,663708,-1.0
4836,XFOR,Healthcare,Biotechnology,NASDAQ,65.01,18,27,87,87,2.77,280585275.1257038,99146743.0,0.0832,-42.65,1220490,1026986,910880,3.463
4837,ILAG,Industrials,Building Products & Equipment,NASDAQ,64.9,18,27,28,18,2.9,6023149.398073196,2076948.0,0.0017,-59.67,820,2790,2006,-0.279
4838,MBC,Consumer Cyclical,"Furnishings, Fixtures & Appliances",NYSE,64.86,18,21,23,15,7.1,1428503235.918727,203490490.0,0.096499994,-49.12,3070280,2906280,2493112,0.115
4839,CPS,Consumer Cyclical,Auto Parts,NYSE,64.79,18,21,30,81,22.19,387901809.284317,17769208.0,0.0379,-53.75,264640,244553,230112,0.022
4840,SMID,Basic Materials,Building Materials,NASDAQ,64.78,18,14,28,30,22.34,117709209.97296524,5304606.0,0.0622,-47.0,15580,14243,14604,-0.108
4841,KD,Technology,Information Technology Services,NYSE,64.75,18,20,11,6,11.48,2517979211.6801805,217818263.0,0.1442,-62.96,4576080,3908916,4188006,-0.033
4842,AMBO,Consumer Defensive,Education & Training Services,NYSE ARCA,64.74,18,21,18,19,1.84,5237249.4974377155,2860322.0,0.0027,-72.74,7030,4186,13842,-0.135
4843,OLN,Basic Materials,Chemicals,NYSE,64.73,18,18,24,77,16.21,1812321547.5191307,113982490.0,0.1314,-46.78,5039290,3511796,3419744,-0.009
4844,ARQ,Industrials,Pollution & Treatment Controls,NASDAQ,64.73,18,18,14,8,2.05,84716859.51873064,43668483.0,0.013099999,-72.18,237960,218280,228360,0.045
4845,INDI,Technology,Semiconductors,NASDAQ,64.71,18,31,70,23,2.85,688472389.1421053,231808883.0,0.287,-52.89,4475510,4766466,6213116,0.24
4846,BEEM,Technology,Solar,NASDAQ,64.71,18,28,12,19,1.11,25575645.842075944,22633315.0,0.0671,-72.52,218830,567216,1170364,0.21
4847,OCUL,Healthcare,Biotechnology,NASDAQ,64.68,18,67,36,27,7.34,1528526449.6576805,219615868.0,0.1609,-55.35,4876110,3074640,3028042,0.001
4848,RKT,Financial Services,Mortgage Finance,NYSE,64.66,18,25,25,32,11.59,33130215785.60707,2831642421.0,0.0645,-52.42,39091740,33455916,31001970,0.919
4849,PLG,Basic Materials,Other Precious Metals & Mining,NYSE ARCA,64.66,18,28,11,29,1.28,161135239.90039253,127885112.0,0.0596,-68.32,975160,1121850,1119880,
4850,EVLV,Industrials,Security & Protection Services,NASDAQ,64.64,18,19,30,66,4.68,822012374.5769739,179871410.0,0.0626,-46.88,2022350,2087173,2094274,0.344
4851,DEFT,Financial Services,Capital Markets,NASDAQ,64.62,18,20,4,6,0.52,205689398.14656377,388093225.0,0.044099998,-77.49,2559860,2638910,2617734,-0.407
4852,USAR,Basic Materials,Other Industrial Metals & Mining,NASDAQ,64.6,18,36,53,57,13.74,5101587312.340385,375392734.0,0.1043,-68.76,12239640,12854890,12964396,
4853,FIGR,Financial Services,Capital Markets,NASDAQ,64.58,18,74,18,27,27.35,6401500842.228058,224377872.0,0.0791,-64.94,4721560,4644636,4597954,1.208
4854,EYE,Consumer Cyclical,Specialty Retail,NASDAQ,64.53,18,19,18,69,16.74,1296736703.0374508,79069313.0,0.2814,-44.24,1811520,2252080,2222252,0.025
4855,KRUS,Consumer Cyclical,Restaurants,NASDAQ,64.52,18,21,23,30,40.06,504582674.2486572,12149836.0,0.2348,-50.45,286900,249526,211486,0.162
4856,ESAB,Industrials,Metal Fabrication,NYSE,64.5,18,16,19,24,71.83,4343304188.111961,62135967.0,0.0941,-47.73,1087090,935686,856754,0.129
4857,ZTS,Healthcare,Drug Manufacturers - Specialty & Generic,NYSE,64.5,18,14,10,27,71.33,28797553832.226685,413223602.0,0.0476,-51.9,4092090,4517373,5440478,-0.002
4858,UPWK,Communication Services,Internet Content & Information,NASDAQ,64.48,18,13,13,16,8.36,1005472112.0734262,124903365.0,0.2191,-63.4,2439030,2653706,3256728,-0.017
4859,ETOR,Financial Services,Capital Markets,NASDAQ,64.41,18,19,50,32,26.4,2021578633.8674355,79527090.0,0.066599995,-40.29,1081440,1042470,1217708,-0.246
4860,CELH,Consumer Defensive,Beverages - Non-Alcoholic,NASDAQ,64.36,18,19,15,17,27.29,6768687507.25,253035047.0,0.1233,-59.11,6134880,7094680,9553810,0.106
4861,CLPT,Healthcare,Medical Devices,NASDAQ,64.34,18,67,81,17,11.01,332496062.66356087,30504227.0,0.1468,-63.42,924970,714690,679718,0.181
4862,JBI,Industrials,Building Products & Equipment,NYSE,64.32,18,20,17,16,4.32,574394681.1046124,136435790.0,0.0588,-58.14,2015840,2220293,1972890,0.024
4863,TMC,Basic Materials,Other Industrial Metals & Mining,NASDAQ,64.31,18,18,13,25,3.7,1671903459.9520168,441135482.0,0.103,-67.4,3987790,5091663,5621464,
4864,ANGI,Communication Services,Internet Content & Information,NASDAQ,64.31,18,8,10,8,5.96,245365326.285491,40556251.0,0.1196,-63.86,826590,820886,838288,-0.109
4865,DOUG,Real Estate,Real Estate Services,NYSE,64.3,18,21,26,20,1.5,140880228.8160045,90890473.0,0.0272,-50.5,620120,525133,461988,0.045
4866,MLCI,Financial Services,Asset Management,NASDAQ,64.25,18,21,14,19,3.18,38041812.26704407,11188768.0,0.0076,-63.36,13810,17723,28638,-0.576
4867,MIAX,Financial Services,Capital Markets,NYSE,64.25,18,60,57,72,30.79,3275611776.4242325,99230898.0,0.0867,-46.11,1850010,1710930,1545710,0.183
4868,UUUU,Energy,Uranium,NYSE ARCA,64.24,18,38,33,96,11.26,2682124335.5751038,249965000.0,0.2123,-59.64,7010510,6872030,7085772,4.961
4869,BGMS,Industrials,Building Products & Equipment,NASDAQ,64.19,18,13,9,4,0.86,5828058.688420057,6622794.0,0.0171,-87.16,9360,123453,85134,
4870,NAMM,Basic Materials,Gold,NASDAQ,64.19,18,11,17,62,1.2,70374031.02734995,55852406.0,0.3,-83.83,4157030,1657083,1206540,0.397
4871,BNTC,Healthcare,Biotechnology,NASDAQ,64.18,18,56,52,56,9.0,313246863.51195526,34882726.0,0.1096,-46.3,239730,165016,170084,
4872,CLRO,Technology,Communication Equipment,NASDAQ,64.18,18,74,88,5,4.05,10915680.755882263,2675412.0,0.0292,-75.45,3177010,1073136,2413790,
4873,DTCX,Financial Services,Financial Data & Stock Exchanges,NASDAQ,64.07,18,12,13,18,1.82,73462837.30277753,40143626.0,0.0198,-67.82,112990,219573,205562,-0.008
4874,ACM,Industrials,Engineering & Construction,NYSE,64.04,18,16,14,23,60.16,7678028695.862484,128696425.0,0.0622,-55.61,1626560,1941780,2064288,-0.142
4875,FTLF,Consumer Defensive,Packaged Foods,NASDAQ,64.03,18,15,32,12,9.02,86585686.34768677,9391072.0,0.0164,-57.01,7300,11140,11046,0.646
4876,DWTX,Healthcare,Biotechnology,NASDAQ,64.02,18,22,7,7,1.52,49629128.67671299,33992553.0,0.0061000003,-78.89,60620,74603,67386,
4877,FOUR,Technology,Software - Infrastructure,NYSE,64.02,18,22,21,12,38.5,2855987395.819702,78960120.0,0.1909,-52.46,2201680,2146193,2051794,0.341
4878,RNTX,Healthcare,Biotechnology,NASDAQ,64.0,18,17,12,84,0.82,69099892.54972935,86267032.0,0.0078,-62.39,393090,387066,426948,
4879,SANA,Healthcare,Biotechnology,NASDAQ,63.99,18,58,34,38,2.75,865152272.3341806,299360637.0,0.2333,-58.02,3516870,3662176,3236072,
4880,WYNN,Consumer Cyclical,Resorts & Casinos,NASDAQ,63.98,18,21,27,51,76.62,7813658566.253761,102973891.0,0.1024,-43.13,2562410,2180170,1928936,0.069
4881,FUFU,Financial Services,Capital Markets,NASDAQ,63.95,18,9,6,13,1.42,233375283.62564254,166696634.0,0.0049,-65.02,58430,91430,145186,-0.629
4882,IXHL,Healthcare,Drug Manufacturers - Specialty & Generic,NASDAQ,63.93,18,9,10,3,3.17,40268253.14853954,12544627.0,0.057800002,-78.78,67180,89283,88652,
4883,ELBM,Basic Materials,Other Industrial Metals & Mining,NASDAQ,63.92,18,19,12,9,0.51,53293270.237009406,106800138.0,0.0094,-94.14,316660,338780,374280,
4884,PNBK,Financial Services,Banks - Regional,NASDAQ,63.91,18,21,21,31,0.93,117188147.70128489,126008760.0,0.0128,-53.5,90320,181106,196946,1.44
4885,AVX,Technology,Software - Infrastructure,NASDAQ,63.89,18,6,3,1,5.92,45863773.189061165,7397383.0,0.0049,-88.53,519480,324523,207070,5.232
4886,TRON,Consumer Cyclical,Leisure,NASDAQ,63.88,17,22,7,97,1.29,668878694.4057903,474382064.0,0.0334,-72.26,571260,926560,995794,0.168
4887,MAMO,Consumer Cyclical,Recreational Vehicles,NASDAQ,63.87,17,15,11,3,0.94,40350079.795473814,41640950.0,0.0069,-83.18,72170,36033,41636,-0.211
4888,SFIX,Consumer Cyclical,Apparel Retail,NASDAQ,63.81,17,14,33,25,2.67,348705609.05441546,133603687.0,0.15560001,-53.52,5944890,3142476,2493872,0.042
4889,LVS,Consumer Cyclical,Resorts & Casinos,NYSE,63.77,17,20,25,73,36.31,23466213599.825928,647701184.0,0.1442,-48.46,5477760,5780093,5385890,-0.007
4890,CATX,Healthcare,Medical Devices,NYSE ARCA,63.74,17,36,22,88,2.36,315058588.7913649,114151663.0,0.2386,-61.69,2177160,2037600,1678614,-0.721
4891,MB,Consumer Cyclical,Restaurants,NASDAQ,63.72,17,9,8,21,3.86,67076051.47242546,17155000.0,0.0121,-80.46,8770,17440,676458,-0.12
4892,GURE,Basic Materials,Chemicals,NASDAQ,63.71,17,12,15,38,3.02,5476863.585409641,1813531.0,0.0014,-74.47,106290,135253,85046,0.545
4893,GRCE,Healthcare,Biotechnology,NASDAQ,63.71,17,15,14,86,2.07,43544373.69570017,21035930.0,0.09689999,-60.04,122390,136396,182906,
4894,QBTS,Technology,Computer Hardware,NASDAQ,63.71,17,23,41,74,15.79,5986712097.339279,379626628.0,0.2034,-66.22,16369460,16153526,16348056,-0.006
4895,PTLE,Consumer Cyclical,Specialty Retail,NASDAQ,63.67,17,28,33,10,7.08,47359659.64039421,6281122.0,0.0011999999,-80.33,32790,39790,28578,-0.413
4896,ISPR,Consumer Defensive,Tobacco,NASDAQ,63.63,17,12,20,14,1.33,79701169.70460522,57754471.0,0.0311,-65.63,19350,23696,23116,0.325
4897,HROW,Healthcare,Drug Manufacturers - Specialty & Generic,NASDAQ,63.62,17,47,58,55,30.35,1142629650.8394241,37487850.0,0.2223,-44.67,505320,542166,545158,0.109
4898,FCUV,Technology,Scientific & Technical Instruments,NASDAQ,63.6,17,18,0,1,4.26,3081536.985845566,702745.0,0.0421,-97.97,27020,221393,2545606,18.11
4899,XRAY,Healthcare,Medical Instruments & Supplies,NASDAQ,63.54,17,33,41,32,8.52,1728398120.1294937,199353876.0,0.1376,-42.28,5024850,4606150,4603426,-0.041
4900,AVAV,Industrials,Aerospace & Defense,NASDAQ,63.51,17,14,8,17,143.54,7156571627.861938,50820702.0,0.1176,-65.65,1302750,1973033,1660458,0.057
4901,CATO,Consumer Cyclical,Apparel Retail,NYSE,63.51,17,16,38,33,2.39,47788679.498951435,19911949.0,0.0228,-48.16,41460,99243,128776,-0.062
4902,MOB,Industrials,Aerospace & Defense,NASDAQ,63.5,17,18,37,84,4.3,54172819.62086201,12867653.0,0.0292,-60.98,115930,131253,135470,0.19
4903,ACET,Healthcare,Biotechnology,NASDAQ,63.48,17,74,44,21,6.25,60849685.0,9361490.0,0.0292,-64.16,488780,251190,183812,
4904,OCCI,Financial Services,Asset Management,NASDAQ,63.44,17,17,15,12,2.13,65500454.79023409,29372401.0,0.0049,-61.9,182353,182447,195462,-0.102
4905,ZVIA,Consumer Defensive,Beverages - Non-Alcoholic,NYSE,63.42,17,18,51,9,1.2,87285187.1117897,72136516.0,0.0214,-56.83,348240,391306,414336,0.011
4906,MPT,Real Estate,REIT - Healthcare Facilities,NYSE,63.41,17,20,35,53,3.3,1952843988.609314,597200000.0,0.32560003,-49.0,10569800,10653906,9485788,0.019
4907,XNET,Technology,Software - Infrastructure,NASDAQ,63.4,17,22,28,61,4.76,300217521.9315052,63740450.0,0.0347,-56.84,202160,210660,226406,-0.014
4908,WRAP,Technology,Scientific & Technical Instruments,NASDAQ,63.38,17,56,66,16,1.55,90811430.30743933,61776482.0,0.2007,-52.01,443880,606716,663744,1.028
4909,LII,Industrials,Building Products & Equipment,NYSE,63.37,17,15,49,29,365.63,12313968080.61676,34560675.0,0.0792,-37.74,474880,495283,555638,0.03
4910,RH,Consumer Cyclical,Specialty Retail,NYSE,63.34,17,25,39,14,117.16,2280688315.806175,18933159.0,0.5339,-51.06,762320,821046,773440,0.026
4911,MYND,Consumer Defensive,Education & Training Services,NYSE ARCA,63.34,17,19,20,10,0.3,16432087.61295247,45644686.0,0.0047999998,-68.39,1253080,425843,275856,-0.178
4912,IVVD,Healthcare,Biotechnology,NASDAQ,63.28,17,11,8,91,0.81,242291697.08290768,294758746.0,0.1145,-73.62,9012660,6166903,5193404,0.212
4913,PRCT,Healthcare,Medical Devices,NASDAQ,63.27,17,14,14,13,17.51,976727354.3548737,56918844.0,0.1337,-54.05,1451380,1270100,1422156,0.193
4914,LEU,Energy,Uranium,NYSE,63.27,17,37,13,66,153.88,2848504438.545105,20453108.0,0.2766,-66.85,625380,746250,681886,0.14
4915,LMND,Financial Services,Insurance - Property & Casualty,NYSE,63.24,17,25,82,85,46.3,3598168761.2576485,77396615.0,0.1533,-53.65,1126770,1017246,1236870,0.794
4916,TROX,Basic Materials,Chemicals,NYSE,63.16,17,26,57,94,3.87,627621124.6311271,159700029.0,0.16620001,-63.46,1911920,2237220,2518832,0.187
4917,POOL,Industrials,Industrial Distribution,NASDAQ,63.13,17,19,24,22,158.24,5866123314.198105,36340747.0,0.108100004,-49.12,790500,784676,743800,0.022
4918,WINA,Consumer Cyclical,Specialty Retail,NASDAQ,63.13,17,16,33,37,295.85,1069352798.3799438,3592169.0,0.1453,-42.59,77570,88436,70782,0.076
4919,NKE,Consumer Cyclical,Footwear & Accessories,NYSE,63.12,17,14,21,16,34.61,50157642225.951996,1480887033.0,0.08979999,-52.19,59443190,41381873,34488858,-0.043
4920,VNTG,Industrials,Marine Shipping,NYSE ARCA,63.12,17,11,12,9,0.65,19561648.17088604,30660890.0,0.0005,-91.51,370980,261923,166914,0.13
4921,MLYS,Healthcare,Biotechnology,NASDAQ,63.11,17,59,61,84,21.95,2089054618.3559895,88406885.0,0.1243,-53.93,1391310,1353366,1112026,
4922,IVA,Healthcare,Biotechnology,NASDAQ,63.07,17,45,32,81,3.46,840945504.0433459,236220651.0,0.0218,-56.66,3372650,2036903,1496246,-0.767
4923,KRRO,Healthcare,Biotechnology,NASDAQ,63.04,17,76,34,60,9.76,141955232.49564934,14725646.0,0.118,-82.54,136670,166220,141178,
4924,SES,Consumer Cyclical,Auto Parts,NYSE,63.02,17,6,8,28,0.79,328589345.4591274,371287400.0,0.1603,-78.82,27791280,21216326,19492526,0.438
4925,PLUG,Industrials,Electrical Equipment & Parts,NASDAQ,63.01,17,54,29,90,1.86,2654670994.8882685,1397195278.0,0.2316,-59.39,48126100,48652176,55264668,0.025
4926,MYGN,Healthcare,Diagnostics & Research,NASDAQ,63.0,17,9,56,22,4.28,434249384.6512556,95649645.0,0.1001,-50.17,1805320,2006576,2331086,-0.105
4927,LI,Consumer Cyclical,Auto Manufacturers,NASDAQ,62.98,17,16,10,28,10.89,10447063706.28931,977274473.0,0.056599997,-56.56,3011940,3047123,3046858,-0.151
4928,MMYT,Consumer Cyclical,Travel Services,NASDAQ,62.98,17,41,31,8,43.37,4196897397.97451,94058662.0,0.1375,-55.1,1286520,877026,778252,0.062
4929,GRAB,Technology,Software - Application,NASDAQ,62.97,17,20,26,23,3.07,12601209847.858429,4091302000.0,0.0619,-53.48,77705640,68229586,58362424,0.219
4930,CHWY,Consumer Cyclical,Internet Retail,NYSE,62.9,17,26,13,20,18.14,7303018144.994616,401927249.0,0.1026,-54.31,9791970,9735843,8433710,0.073
4931,USNA,Consumer Defensive,Packaged Foods,NYSE,62.87,17,16,43,23,14.83,273822228.2414093,18476534.0,0.069,-45.58,150600,193120,211058,-0.053
4932,XENE,Healthcare,Biotechnology,NASDAQ,62.82,17,79,91,90,36.57,3681873268.9700317,96840432.0,0.066599995,-49.67,2653630,2080696,1508320,
4933,RXST,Healthcare,Medical Devices,NASDAQ,62.81,17,32,13,20,4.65,194656430.9400444,41593256.0,0.1009,-64.83,770340,799813,830848,0.003
4934,VGAS,Utilities,Utilities - Renewable,NASDAQ,62.78,17,15,8,15,1.08,48559089.46700406,44549622.0,0.017,-67.89,16250,14503,204818,
4935,ONIT,Financial Services,Mortgage Finance,NYSE,62.76,17,25,32,64,27.77,227744217.11219788,8354520.0,0.0502,-48.67,126460,83586,78934,0.147
4936,CLBT,Technology,Software - Infrastructure,NASDAQ,62.75,17,17,64,17,11.37,2782345457.4967957,251341060.0,0.0669,-43.09,2602660,2619600,3410396,0.158
4937,JLHL,Industrials,Building Products & Equipment,NASDAQ,62.74,17,24,95,88,4.2,88572541.89170265,22198632.0,0.069699995,-92.75,235240,528776,1082090,0.216
4938,LIF,Technology,Software - Application,NASDAQ,62.73,17,16,34,17,41.38,3511803779.5708237,81480369.0,0.1187,-63.23,580270,572433,775436,0.378
4939,BMBL,Communication Services,Internet Content & Information,NASDAQ,62.7,17,24,17,32,2.51,335199512.52580833,131968314.0,0.15560001,-57.99,2004610,2145706,2478140,-0.152
4940,CAN,Technology,Computer Hardware,NASDAQ,62.68,17,13,6,10,0.32,256166528.63750994,731904380.0,0.0995,-85.59,7714340,16007373,17745734,-0.682
4941,CRTO,Communication Services,Advertising Agencies,NASDAQ,62.67,17,30,69,27,14.8,721734021.6406975,48997559.0,0.0348,-41.48,351040,263640,416532,-0.113
4942,NSLR,Financial Services,Asset Management,NASDAQ,62.66,17,31,60,93,7.5,196960773.1948099,26473222.0,0.019199999,-49.93,308700,417943,350688,0.791
4943,SRFM,Industrials,Airlines,NYSE,62.64,17,4,4,5,1.01,129128965.94008327,132848730.0,0.1301,-83.63,10730670,6837666,4947656,0.076
4944,JBGS,Real Estate,REIT - Diversified,NYSE,62.63,17,14,28,27,10.86,618559110.3393297,58575671.0,0.2902,-50.59,1031780,1035210,996494,0.01
4945,WRD,Technology,Software - Application,NASDAQ,62.62,17,20,12,26,5.12,1654284658.1709952,329210871.0,0.0438,-58.73,3056920,2514856,2538296,0.822
4946,CAR,Industrials,Rental & Leasing Services,NASDAQ,62.53,16,32,20,99,112.65,3928930403.0022583,35325754.0,0.48419997,-86.71,416540,421816,415170,-0.013
4947,SEED,Basic Materials,Agricultural Inputs,NASDAQ,62.5,16,34,26,59,0.8,8975119.715666771,12128540.0,0.0023,-67.87,90030,39763,197828,-0.319
4948,WTF,Financial Services,Capital Markets,NASDAQ,62.49,16,23,14,24,2.37,120593680.0,48237472.0,0.0275,-62.56,3420,2826,3932,0.029
4949,INTZ,Technology,Software - Infrastructure,NASDAQ,62.49,16,23,28,12,0.71,16385094.651085138,22757075.0,0.0178,-68.72,58650,195496,197820,-0.224
4950,MLEC,Healthcare,Biotechnology,NASDAQ,62.47,16,19,28,51,4.82,3449060.5,726118.0,0.0156,-79.24,21880,22500,17302,
4951,AGMB,Healthcare,Biotechnology,NASDAQ,62.43,16,79,38,17,8.84,421562686.6652727,49247975.0,0.021300001,-50.39,198270,190860,152808,
4952,DKNG,Consumer Cyclical,Gambling,NASDAQ,62.36,16,18,29,13,19.75,9229080828.072876,496454048.0,0.078200005,-46.59,18281810,13605880,13294044,-0.046
4953,TIGR,Financial Services,Capital Markets,NASDAQ,62.34,16,16,8,23,4.52,748156653.5177765,179845356.0,0.0579,-60.18,2195790,2286600,2263012,0.324
4954,MYPS,Communication Services,Electronic Gaming & Multimedia,NASDAQ,62.33,16,18,78,9,4.58,59460075.85886669,12012137.0,0.0041,-53.78,55983,37147,33954,-0.073
4955,TULP,Consumer Defensive,Farm Products,NASDAQ,62.32,16,22,29,36,2.71,13043605.730358362,4830965.0,0.0011,-50.99,3560,1993,1968,-0.059
4956,AIOS,Technology,Information Technology Services,NASDAQ,62.32,16,10,13,2,11.88,36676799.01123047,3240000.0,0.0092,-86.8,33240,58910,47394,
4957,TME,Communication Services,Internet Content & Information,NYSE,62.31,16,10,12,10,7.93,12614381446.796373,1629765093.0,0.0515,-66.76,6840650,8154776,9151804,0.058
4958,KNF,Basic Materials,Building Materials,NYSE,62.28,16,18,40,57,53.23,2856421626.069412,56753855.0,0.103,-44.71,1287520,1077516,995828,0.126
4959,OWLT,Healthcare,Medical Devices,NYSE,62.24,16,19,25,19,4.89,147861683.94792223,29221677.0,0.0273,-71.13,119520,208176,207788,0.299
4960,MRKR,Healthcare,Biotechnology,NASDAQ,62.2,16,52,32,65,1.01,17506782.55496335,16673127.0,0.0168,-58.94,90810,71573,71640,
4961,NIU,Consumer Cyclical,Auto Manufacturers,NASDAQ,62.2,16,10,12,27,1.92,147459845.0659876,78436088.0,0.0446,-66.14,263840,210886,204932,0.147
4962,OGEN,Healthcare,Biotechnology,NYSE ARCA,62.16,16,12,12,8,0.49,2124654.251351595,4336029.0,0.17889999,-66.21,26130,30343,31116,
4963,HUCK,Technology,Software - Application,NASDAQ,62.14,16,18,14,4,3.12,150515717.44285893,47036161.0,0.2007,-79.96,1148530,1319330,1135910,-0.037
4964,BIDU,Communication Services,Internet Content & Information,NASDAQ,62.11,16,17,40,59,87.05,28704516246.030968,340423581.0,0.0337,-47.34,2325400,2461980,2749078,-0.042
4965,CRVO,Healthcare,Biotechnology,NASDAQ,62.09,16,8,10,8,3.34,45659669.63162613,15119096.0,0.1004,-66.6,284530,205063,276488,
4966,ENOV,Healthcare,Medical Devices,NYSE,62.09,16,18,31,30,18.2,1024786934.7789993,57669494.0,0.19600001,-46.91,1446760,1838833,1580966,0.032
4967,RWT,Real Estate,REIT - Mortgage,NYSE,62.08,16,22,33,68,3.44,443411881.3661995,125612432.0,0.0,-50.65,4511690,6426573,4604340,
4968,IQ,Communication Services,Entertainment,NASDAQ,62.08,16,13,14,17,1.01,957304521.4745718,965024735.0,0.1588,-59.76,5607750,9317240,8116930,-0.051
4969,RZLV,Technology,Software - Infrastructure,NASDAQ,62.07,16,21,22,58,2.15,858749897.7865705,416868894.0,0.1504,-69.68,10822820,18603640,14550796,19.704
4970,OXM,Consumer Cyclical,Apparel Manufacturing,NYSE,62.05,16,19,30,61,25.49,373408375.39100647,14978274.0,0.3754,-48.59,658730,581643,462178,-0.022
4971,BATL,Energy,Oil & Gas E&P,NYSE ARCA,62.03,16,26,69,98,1.03,59000618.0111444,57282155.0,0.113199994,-96.53,2758770,4252173,4834468,0.124
4972,PATK,Consumer Cyclical,Recreational Vehicles,NASDAQ,61.98,16,19,20,38,66.64,2157062727.8605957,32118264.0,0.2245,-55.12,557850,553690,527678,-0.006
4973,RBBN,Technology,Software - Application,NASDAQ,61.97,16,13,20,21,1.77,316517329.62921524,178823352.0,0.0537,-56.72,1527010,1072853,948198,-0.128
4974,XTLB,Healthcare,Biotechnology,NASDAQ,61.97,16,26,27,8,2.02,5308120.290925741,2457463.0,0.0039,-80.35,10980,6606,8256,
4975,AORT,Healthcare,Medical Devices,NYSE,61.95,16,23,11,61,21.84,1087751264.4713688,48756221.0,0.0809,-54.74,514760,615303,679942,0.113
4976,NEON,Technology,Electronic Components,NASDAQ,61.94,16,7,4,6,0.89,15440289.440095246,16782923.0,0.029000001,-77.41,45980,51826,73412,-0.204
4977,CFND,Financial Services,Asset Management,NYSE,61.93,16,16,12,9,2.91,20033461.08679676,6568348.0,0.04,-66.32,28430,92533,82544,
4978,VRCA,Healthcare,Biotechnology,NASDAQ,61.93,16,22,40,33,4.21,75243089.02595615,17178787.0,0.023,-57.13,41620,75926,71710,-0.539
4979,TMDE,Energy,Oil & Gas Midstream,NYSE ARCA,61.88,16,18,29,81,0.66,15387944.932579994,23565000.0,0.0072000003,-86.16,67490,127296,122944,-0.107
4980,IBO,Healthcare,Biotechnology,NYSE ARCA,61.88,16,26,18,78,4.68,45452373.7466197,8543679.0,0.044899996,-55.46,16510,21792,14077,-0.571
4981,DRIO,Healthcare,Health Information Services,NASDAQ,61.87,16,19,13,10,6.02,63304647.633820534,9799481.0,0.0082,-63.63,16890,27493,25626,-0.036
4982,GPI,Consumer Cyclical,Auto & Truck Dealerships,NYSE,61.86,16,18,18,22,236.96,2978648650.339508,11922225.0,0.156,-48.63,311960,261960,244948,-0.056
4983,VNDA,Healthcare,Biotechnology,NASDAQ,61.86,16,26,37,80,4.52,279942247.7294054,60462687.0,0.1475,-54.53,1442050,983150,1001196,-0.039
4984,BLNK,Industrials,Engineering & Construction,NASDAQ,61.86,16,14,13,15,0.51,81310618.15553236,144938716.0,0.098400004,-80.75,897860,1123843,1214526,-0.245
4985,NRG,Utilities,Utilities - Independent Power Producers,NYSE,61.79,16,22,27,77,103.6,20018345001.752632,210210483.0,0.037100002,-45.46,3056600,2833486,3040828,0.11
4986,NTRP,Consumer Cyclical,Travel Services,NASDAQ,61.75,16,7,11,26,1.89,29417897.669361353,15086101.0,0.010299999,-63.65,82300,100410,82772,9.457
4987,LUD,Basic Materials,Steel,NYSE ARCA,61.74,16,16,13,40,4.25,86675798.48527908,22690000.0,0.0062,-82.44,4890,4603,7882,-0.177
4988,AENT,Communication Services,Entertainment,NASDAQ,61.73,16,27,31,81,4.6,228798579.6367836,50957370.0,0.1076,-47.73,33880,323303,199256,0.177
4989,OKUR,Healthcare,Biotechnology,NASDAQ,61.72,16,39,77,89,2.46,103412426.4885521,40395480.0,0.0378,-54.28,556700,292043,234112,
4990,GHG,Consumer Cyclical,Lodging,NYSE,61.71,16,16,16,14,0.96,94843485.25944203,100897325.0,0.0027,-58.37,19170,11956,10540,-0.187
4991,EPSM,Consumer Defensive,Beverages - Wineries & Distilleries,NASDAQ,61.65,16,7,7,3,1.23,16778792.5,13423034.0,0.0072000003,-97.1,62420,522710,319648,-0.616
4992,EMPD,Consumer Cyclical,Recreational Vehicles,NASDAQ,61.65,16,14,11,21,3.18,88141150.65266895,28160111.0,0.2048,-60.79,151010,284760,350508,-0.579
4993,BSX,Healthcare,Medical Devices,NYSE,61.64,16,12,9,14,42.19,61737175596.251236,1449229526.0,0.0321,-60.07,16794520,20268676,20647350,0.075
4994,NUS,Consumer Defensive,Household & Personal Products,NYSE,61.63,16,12,10,28,4.74,224399289.2390318,48676634.0,0.1,-59.38,451210,518970,554296,-0.171
4995,LAB,Healthcare,Medical Devices,NASDAQ,61.51,16,11,18,17,0.72,290508321.66392326,392578808.0,0.0109,-58.14,855820,1335533,1507986,-0.076
4996,CLNE,Energy,Oil & Gas Refining & Marketing,NASDAQ,61.43,16,17,46,65,1.56,343894210.78603506,220445015.0,0.047199998,-49.84,890760,1640640,1762500,0.037
4997,WDH,Financial Services,Insurance - Diversified,NYSE,61.43,16,12,14,58,1.02,370081001.31028867,359301953.0,0.0014,-49.75,354400,809373,568574,0.728
4998,MGPI,Consumer Defensive,Beverages - Wineries & Distilleries,NASDAQ,61.42,16,21,19,20,13.02,273338120.414752,21371237.0,0.0689,-51.36,292670,275666,240032,-0.145
4999,HOLO,Technology,Software - Application,NASDAQ,61.41,16,15,7,6,1.48,35743280.288944244,22912360.0,0.0476,-73.81,166750,260440,290958,0.339
5000,APYX,Healthcare,Medical Devices,NASDAQ,61.41,16,25,86,93,2.55,107416256.64137006,42124023.0,0.0055,-49.8,217600,158223,144638,0.221
5001,ALGS,Healthcare,Biotechnology,NASDAQ,61.38,16,21,16,37,5.38,34594851.08178902,6244558.0,0.13149999,-60.7,38470,50383,86050,27.785
5002,SST,Industrials,Specialty Business Services,NYSE,61.35,16,88,15,6,2.36,21249770.178328514,8708922.0,0.1117,-71.87,141080,980073,687470,-0.613
5003,FINW,Financial Services,Banks - Regional,NASDAQ,61.3,16,22,23,37,10.87,155069536.65916443,13882680.0,0.0126,-45.27,35720,34033,31280,0.557
5004,RBLX,Communication Services,Electronic Gaming & Multimedia,NYSE,61.29,16,15,16,15,45.56,31518265753.884174,714375941.0,0.0376,-67.9,14333880,11458000,13467664,0.359
5005,MBI,Financial Services,Insurance - Specialty,NYSE,61.27,15,13,58,57,4.45,224472358.46530724,51016444.0,0.062800005,-43.46,372100,443386,490018,-0.25
5006,CCM,Healthcare,Medical Care Facilities,NYSE,61.26,15,34,44,23,3.2,13763262.241247177,4341723.0,0.0097,-54.02,9100,26046,57618,0.574
5007,MIND,Technology,Scientific & Technical Instruments,NASDAQ,61.22,15,8,11,58,4.57,40991640.130319595,9089055.0,0.0456,-68.48,71460,99033,96850,-0.585
5008,MLCO,Consumer Cyclical,Resorts & Casinos,NASDAQ,61.21,15,17,21,28,4.24,1593222645.7277398,380244063.0,0.0356,-55.51,1941720,1839490,1699184,-0.057
5009,TOMZ,Industrials,Pollution & Treatment Controls,NASDAQ,61.2,15,13,53,14,1.55,11236756.221173167,8142577.0,0.0042,-53.45,56750,113233,78910,1.179
5010,RR,Industrials,Specialty Industrial Machinery,NASDAQ,61.18,15,11,11,22,1.67,378171252.4329332,225101943.0,0.24350001,-77.52,4058790,5449133,5230476,0.167
5011,HUBG,Industrials,Integrated Freight & Logistics,NASDAQ,61.12,15,26,78,50,28.16,1820540020.6938553,61153510.0,0.0846,-47.13,1284890,1283003,1308648,-0.053
5012,PSQL,Technology,Computer Hardware,NASDAQ,61.11,15,18,50,49,6.84,1284376871.0418081,212293691.0,0.05,-72.3,808790,959133,741558,
5013,KTCC,Technology,Computer Hardware,NASDAQ,61.06,15,17,86,39,2.22,25008904.514467478,11065887.0,0.0026,-49.77,15360,42840,31160,-0.077
5014,USGO,Basic Materials,Other Industrial Metals & Mining,NASDAQ,61.06,15,26,16,73,6.57,91512998.45228958,14035736.0,0.097600006,-63.46,91170,88096,88316,
5015,FIS,Technology,Information Technology Services,NYSE,61.02,15,19,17,16,33.42,16729499239.265697,515705917.0,0.0422,-51.66,6888930,6322866,6431330,0.291
5016,ZUMZ,Consumer Cyclical,Apparel Retail,NASDAQ,60.98,15,19,28,83,14.1,203743846.18518353,15330613.0,0.1363,-55.52,331830,352876,302236,-0.025
5017,AWRE,Technology,Software - Application,NASDAQ,60.94,15,15,20,13,1.07,23993901.220053792,21812637.0,0.0082,-62.32,28340,31286,35814,-0.165
5018,SOUN,Technology,Software - Application,NASDAQ,60.92,15,15,14,14,5.72,2593615088.006138,444112161.0,0.4047,-74.2,15238460,20356243,25512698,0.45
5019,CNTY,Consumer Cyclical,Resorts & Casinos,NASDAQ,60.89,15,16,15,23,1.02,29263198.606632233,28137692.0,0.0076,-62.64,50060,43006,56192,0.008
5020,AMSF,Financial Services,Insurance - Specialty,NASDAQ,60.82,15,15,37,23,23.6,437265611.048378,18536058.0,0.0734,-45.68,518610,537116,493110,0.134
5021,BLDP,Industrials,Electrical Equipment & Parts,NASDAQ,60.79,15,23,66,86,2.06,719735930.5586905,351090706.0,0.0596,-68.65,2137560,2586660,3218988,0.154
5022,QXO,Industrials,Industrial Distribution,NYSE,60.76,15,13,12,66,12.11,12512138385.888428,1037490709.0,0.1185,-56.14,21119340,17754246,18045462,0.703
5023,GOOS,Consumer Cyclical,Apparel Manufacturing,NYSE,60.73,15,12,18,37,7.64,748080250.0381737,97660609.0,0.1293,-47.71,695570,815803,838306,0.103
5024,RTO,Industrials,Specialty Business Services,NYSE,60.7,15,20,50,82,19.95,10039797525.097736,503247977.0,0.0067000003,-42.46,2604260,1977283,1907354,0.067
5025,KRMD,Healthcare,Medical Instruments & Supplies,NASDAQ,60.69,15,15,38,65,3.0,136668831.68131828,46171902.0,0.025999999,-54.6,281610,247040,258708,0.182
5026,PMEC,Industrials,Specialty Business Services,NASDAQ,60.68,15,8,12,11,0.55,19247410.99238366,38417987.0,0.0088,-77.46,37280,239090,219132,0.068
5027,FLWS,Consumer Cyclical,Specialty Retail,NASDAQ,60.66,15,28,37,19,2.59,164313842.08729935,64185096.0,0.3659,-63.52,372420,397283,317876,-0.129
5028,TU,Communication Services,Telecom Services,NYSE,60.6,15,16,21,26,7.88,12662999939.918518,1575000000.0,10.76,-49.58,7144080,6506503,7710226,-0.022
5029,ABTS,Financial Services,Capital Markets,NASDAQ,60.58,15,11,7,2,1.25,3799474.1218179464,3214445.0,0.020399999,-88.32,10770,80050,177794,0.688
5030,CSGP,Real Estate,Real Estate Services,NASDAQ,60.54,15,11,9,8,27.63,11094309619.384651,405197588.0,0.0369,-67.59,5377690,6733273,6833948,0.184
5031,HE,Utilities,Utilities - Regulated Electric,NYSE,60.51,15,23,52,80,8.93,1539894915.19738,173021908.0,0.15010001,-48.62,3006820,2840403,2537028,0.259
5032,RCKT,Healthcare,Biotechnology,NASDAQ,60.48,15,71,56,37,2.48,281022962.0386472,109774597.0,0.1658,-54.5,2289740,1818433,1671898,
5033,MGX,Healthcare,Biotechnology,NASDAQ,60.44,15,17,17,19,1.03,38532646.379458904,37777105.0,0.0467,-73.92,124720,141763,141178,
5034,BILI,Communication Services,Internet Content & Information,NASDAQ,60.43,15,17,15,38,14.9,5948271929.587209,411930201.0,0.0864,-59.07,2543460,3468173,3003180,0.082
5035,PSN,Technology,Information Technology Services,NYSE,60.39,15,17,22,20,42.1,4356592119.043259,106805394.0,0.1429,-52.96,1292450,1194783,1542044,-0.005
5036,HTOO,Utilities,Utilities - Renewable,NASDAQ,60.39,15,15,14,9,2.1,16159957.566806316,7516259.0,0.0025,-61.25,35320,90346,58632,3.663
5037,AGIG,Utilities,Utilities - Renewable,NYSE ARCA,60.37,15,12,8,2,0.95,44150321.0,44150321.0,0.026400002,-85.82,120550,143733,143838,3.044
5038,ENVB,Healthcare,Biotechnology,NASDAQ,60.36,15,8,4,3,1.47,6624308.405370712,4475884.0,0.0052,-88.91,65560,71523,99654,
5039,ATER,Consumer Cyclical,"Furnishings, Fixtures & Appliances",NASDAQ,60.35,15,24,85,14,0.64,11768325.535962582,17966910.0,0.0465,-65.78,177430,3639090,2334372,-0.92
5040,ADTN,Technology,Communication Equipment,NASDAQ,60.3,15,13,70,94,7.62,573629102.171731,81481407.0,0.175,-61.86,1758880,1705716,2038414,0.061
5041,FOXX,Technology,Consumer Electronics,NASDAQ,60.28,15,8,11,81,2.5,18394757.52528429,7074907.0,0.0041,-68.35,6850,10653,10850,-0.499
5042,IVDA,Industrials,Security & Protection Services,NASDAQ,60.28,15,15,8,1,0.27,3630517.725533098,12519027.0,0.09060001,-84.83,176530,356386,6135766,-0.475
5043,SRAD,Technology,Software - Application,NASDAQ,60.23,15,11,19,18,12.18,3480391612.8579597,295951662.0,0.1244,-56.27,2047070,2125420,2498394,0.189
5044,TOYO,Technology,Solar,NASDAQ,60.22,15,8,26,97,4.48,186681797.87120438,42718948.0,0.1013,-74.3,358100,472956,689110,0.35
5045,IONR,Basic Materials,Other Industrial Metals & Mining,NASDAQ,60.2,15,16,34,24,3.13,234979635.53378248,80197826.0,0.0025,-61.83,100100,89886,82712,
5046,BKKT,Technology,Software - Infrastructure,NYSE,60.16,15,28,10,8,7.35,349288299.5,45069458.0,0.2604,-84.42,1139740,1259320,1349714,-0.701
5047,INLX,Technology,Software - Application,NYSE ARCA,60.13,15,13,13,13,4.85,22699720.557352066,4494994.0,0.0007,-58.72,3280,6153,3874,-0.016
5048,TPB,Consumer Defensive,Tobacco,NYSE,60.1,15,21,34,34,58.27,1077609579.9389954,19367534.0,0.1566,-60.33,509720,394593,372794,0.226
5049,AAPG,Healthcare,Biotechnology,NASDAQ,60.07,15,16,13,33,16.09,1434921072.4549675,93388942.0,0.00029999999,-60.0,7310,6736,6466,0.293
5050,KTTA,Healthcare,Biotechnology,NASDAQ,60.04,15,21,12,27,0.45,15905277.61446476,33414448.0,0.0082,-78.16,88700,177030,197946,
5051,BXMT,Real Estate,REIT - Mortgage,NYSE,60.02,15,17,31,64,11.25,1837125077.6057224,168543591.0,0.0883,-45.57,3409420,2621910,2696560,-0.731
5052,RGC,Healthcare,Drug Manufacturers - Specialty & Generic,NASDAQ,59.97,15,4,2,99,7.35,3372414444.264647,494488909.0,0.0145000005,-89.35,156320,167580,176388,
5053,DAIC,Technology,Information Technology Services,NASDAQ,59.94,15,15,1,2,2.51,6522369.840821266,2337767.0,0.044,-96.93,654580,12597070,9869050,-0.902
5054,DTSS,Technology,Software - Infrastructure,NASDAQ,59.88,15,10,16,25,0.63,12102474.96640706,14424881.0,0.019199999,-72.49,420820,6426626,4040032,-0.648
5055,PAAI,Communication Services,Internet Content & Information,NYSE ARCA,59.87,15,6,3,8,1.02,55228355.89082301,47610653.0,0.038,-82.86,1492950,4483690,2745650,-0.507
5056,EGAN,Technology,Software - Application,NASDAQ,59.87,15,10,21,36,5.29,153626508.2949133,26171467.0,0.1,-66.83,352580,324706,234766,-0.047
5057,SHPH,Healthcare,Drug Manufacturers - Specialty & Generic,NASDAQ,59.83,15,6,2,4,4.06,19868782.683517456,4764696.0,0.0215,-92.74,24390,45986,146630,
5058,BQ,Consumer Cyclical,Specialty Retail,NYSE ARCA,59.75,15,13,9,3,0.75,5918450.325952649,7379614.0,0.0069,-98.66,53770,60446,2521862,-0.031
5059,WBUY,Consumer Cyclical,Internet Retail,NASDAQ,59.74,15,14,6,8,0.74,4297185.423615456,5481104.0,0.024,-85.08,4022750,2768026,1738740,
5060,TEAD,Communication Services,Internet Content & Information,NASDAQ,59.7,15,8,27,12,0.56,54818427.05435562,98065162.0,0.0736,-69.23,4425730,1623276,1039236,-0.171
5061,BROS,Consumer Cyclical,Restaurants,NYSE,59.67,15,18,74,26,39.06,5334170406.082855,137940798.0,0.3978,-47.23,3942480,4181966,4318218,0.325
5062,LINC,Consumer Defensive,Education & Training Services,NASDAQ,59.67,15,21,96,94,22.74,695017600.0496864,31721479.0,0.1041,-59.64,770420,807460,939254,0.224
5063,ITOC,Healthcare,Medical Devices,NASDAQ,59.65,15,12,15,5,4.11,29145449.762791395,117050000.0,0.00059999997,257.39,15929,51097,62661,0.495
5064,IMRX,Healthcare,Biotechnology,NASDAQ,59.62,15,33,38,95,3.83,263318437.2460451,64697402.0,0.3168,-54.83,592870,674463,665656,
5065,IH,Consumer Defensive,Education & Training Services,NYSE,59.57,14,13,18,23,1.14,58274982.10874534,51118406.0,0.0001,-63.11,3310,10306,7610,-0.134
5066,JRVR,Financial Services,Insurance - Specialty,NASDAQ,59.52,14,20,19,66,3.47,161409143.0610652,46249038.0,0.045900002,-51.81,352240,301356,278602,-0.077
5067,BNAI,Technology,Software - Infrastructure,NASDAQ,59.49,14,96,97,99,5.71,45913540.534529686,7626834.0,0.098400004,-93.38,120740,136353,126968,31.017
5068,TRDA,Healthcare,Biotechnology,NASDAQ,59.46,14,47,16,93,5.42,209479283.67594814,38936669.0,0.1094,-67.05,359550,328216,334236,-0.539
5069,CTMX,Healthcare,Biotechnology,NASDAQ,59.44,14,72,50,97,2.56,557822154.571703,217899284.0,0.20120001,-68.82,3048240,3898490,3311948,-0.924
5070,CPNG,Consumer Cyclical,Internet Retail,NYSE,59.44,14,15,17,27,14.42,24769710773.572594,1797511702.0,0.0616,-55.96,16950330,16216453,17098966,0.039
5071,LRMR,Healthcare,Biotechnology,NASDAQ,59.44,14,53,30,91,2.78,307493497.48281956,103882937.0,0.2066,-56.7,1701590,1221233,1203118,
5072,LQDA,Healthcare,Drug Manufacturers - Specialty & Generic,NASDAQ,59.37,14,94,98,95,25.91,2546900701.082596,88928099.0,0.1716,-72.32,7148180,3174753,2552048,18.427
5073,FUN,Consumer Cyclical,Leisure,NYSE,59.36,14,20,32,31,12.08,1186869258.2305756,102316312.0,0.2522,-55.86,2960270,2338133,2335808,-0.07
5074,WD,Financial Services,Mortgage Finance,NYSE,59.35,14,16,23,15,35.1,1166045599.5515442,34325745.0,0.0629,-61.0,576320,508726,485246,-0.1
5075,OPFI,Financial Services,Credit Services,NYSE,59.34,14,19,35,26,6.18,508693216.7125983,85208247.0,0.041100003,-47.13,600550,841710,958324,-0.139
5076,KTOS,Industrials,Aerospace & Defense,NASDAQ,59.31,14,15,11,65,43.71,8076485653.653442,187519984.0,0.0616,-67.38,4576940,3866943,3925218,0.305
5077,SPRC,Healthcare,Biotechnology,NASDAQ,59.3,14,9,15,1,4.33,108905702.11904097,23073243.0,0.0189,-90.1,26960,25706,218270,
5078,GLUE,Healthcare,Biotechnology,NASDAQ,59.28,14,82,97,96,9.87,895790710.5,85313401.0,0.22940001,-61.7,1323590,1222263,1362804,-0.613
5079,TCX,Technology,Software - Infrastructure,NASDAQ,59.22,14,12,9,22,9.39,105000035.51907349,11182112.0,0.1337,-62.69,51700,67766,86746,0.021
5080,PSFE,Technology,Software - Infrastructure,NYSE,59.22,14,19,25,21,5.56,281441387.10848236,52215472.0,0.1142,-58.86,349480,338516,372760,0.045
5081,APTV,Consumer Cyclical,Auto Parts,NYSE,59.2,14,10,24,23,44.72,9040355421.833992,207633331.0,0.048699997,-49.71,2972870,4583473,4537722,0.023
5082,CIA,Financial Services,Insurance - Life,NYSE,59.18,14,15,71,70,3.52,179276600.38811874,50643108.0,0.092,-46.18,105550,118553,135510,-0.072
5083,FULC,Healthcare,Biotechnology,NASDAQ,59.17,14,15,5,79,3.69,281536882.69576406,76297257.0,0.0953,-76.56,1488510,1377990,1575972,
5084,FBIO,Healthcare,Biotechnology,NASDAQ,59.16,14,25,81,50,2.05,67702514.83582044,33350993.0,0.1981,-54.75,291850,300053,475358,0.14
5085,YELP,Communication Services,Internet Content & Information,NYSE,59.16,14,19,30,24,18.14,990853731.8799572,54263621.0,0.316,-47.41,1470130,1338966,1240894,0.014
5086,DRMA,Healthcare,Biotechnology,NASDAQ,59.15,14,16,12,4,1.13,5475503.829513073,4955207.0,0.0294,-80.75,25500,41573,893610,
5087,AEC,Energy,Uranium,NASDAQ,59.15,14,25,13,48,3.49,68627918.58154678,19949976.0,0.0032,-72.06,28680,38170,41602,
5088,HAIN,Consumer Defensive,Packaged Foods,NASDAQ,59.02,14,21,7,10,0.52,47321178.14426947,91002269.0,0.0677,-68.29,847080,2184510,1655738,-0.276
5089,DRUG,Healthcare,Biotechnology,NASDAQ,59.01,14,54,87,95,48.25,500009238.54377365,9864061.0,0.1224,-61.01,118490,96103,127122,
5090,GILT,Technology,Communication Equipment,NASDAQ,58.99,14,17,27,93,9.22,772607439.1408625,77029657.0,0.0374,-55.95,538750,528733,559982,0.169
5091,FLD,Financial Services,Capital Markets,NASDAQ,58.95,14,7,2,4,0.57,29684242.5399462,54869209.0,0.0217,-86.56,86480,386213,356800,-0.255
5092,NNE,Industrials,Specialty Industrial Machinery,NASDAQ,58.93,14,14,11,16,16.49,838765034.3747349,53698146.0,0.3489,-72.91,1813370,1870896,1894918,
5093,QNTM,Healthcare,Biotechnology,NASDAQ,58.9,14,13,11,3,3.09,22117807.167904377,6429595.0,0.0324,-83.62,279730,189990,236254,
5094,XPOF,Consumer Cyclical,Leisure,NYSE,58.85,14,16,23,27,4.83,198429291.9473648,42219000.0,0.4748,-47.78,906770,767193,926604,-0.134
5095,ARBE,Technology,Scientific & Technical Instruments,NASDAQ,58.8,14,16,13,9,0.6,78609519.40343392,128237394.0,0.0721,-79.17,1425760,4990446,3455952,1.566
5096,CLGN,Healthcare,Biotechnology,NASDAQ,58.79,14,8,9,1,3.39,6542240.732129097,1890821.0,0.0347,-87.35,35720,744599,449626,-0.397
5097,PODD,Healthcare,Medical Devices,NASDAQ,58.7,14,11,13,16,134.73,9133254635.631775,69354199.0,0.08270001,-62.04,1764050,1800060,1783588,0.235
5098,AIV,Real Estate,REIT - Residential,NYSE,58.68,14,23,34,33,1.87,280307205.52202153,145236898.0,0.013099999,-76.65,2844090,2013003,1521380,-0.039
5099,YSG,Consumer Defensive,Household & Personal Products,NYSE,58.66,14,11,18,11,2.56,247633459.2000692,93800549.0,0.0044,-71.74,96820,88630,87082,0.051
5100,JSPR,Healthcare,Biotechnology,NASDAQ,58.58,14,23,5,6,0.56,18800126.885667264,33274561.0,0.1778,-79.18,416420,357660,521886,
5101,ABAT,Industrials,Waste Management,NASDAQ,58.56,14,25,23,76,2.15,312245298.17836475,142577758.0,0.16,-81.29,4331500,3836606,3596714,1.966
5102,FLO,Consumer Defensive,Packaged Foods,NYSE,58.52,14,13,23,14,5.74,1181159854.6620684,212057418.0,0.23629999,-56.28,7461680,7889983,7217084,
5103,MIRA,Healthcare,Drug Manufacturers - General,NASDAQ,58.51,14,12,18,20,0.71,30676124.311507702,42022087.0,0.0154,-71.02,148450,1149166,729514,
5104,ASTI,Technology,Solar,NASDAQ,58.46,14,29,77,98,2.45,22675955.048299313,9816431.0,0.0921,-75.18,339070,292733,316440,4.613
5105,NPWR,Industrials,Specialty Industrial Machinery,NYSE,58.4,14,35,12,9,1.31,122988145.3242737,88480681.0,0.0571,-74.81,504850,633096,761382,
5106,SLND,Industrials,Engineering & Construction,NYSE ARCA,58.39,14,6,3,3,0.72,36471623.098486364,54435257.0,0.0347,-86.52,26097470,8774580,5418074,-0.474
5107,NAMS,Healthcare,Biotechnology,NASDAQ,58.35,14,23,58,83,22.27,2712172401.990658,116903979.0,0.1533,-47.23,1625170,1682386,1449914,-0.807
5108,PFSI,Financial Services,Mortgage Finance,NYSE,58.35,14,16,19,20,62.76,3220997464.0,51951572.0,0.1018,-60.86,647080,584076,626430,0.018
5109,UPST,Financial Services,Credit Services,NASDAQ,58.33,14,15,20,14,23.86,2183180837.7745075,95711569.0,0.325,-56.79,4864330,4290160,4566196,0.423
5110,CHRS,Healthcare,Biotechnology,NASDAQ,58.31,14,33,45,88,1.03,179221115.4029739,154500966.0,0.1524,-60.63,1533480,1313430,1293306,0.395
5111,BUR,Financial Services,Asset Management,NYSE,58.27,14,12,11,5,3.62,801523964.5922685,219595601.0,0.0708,-69.78,2357540,1935303,1800682,-0.372
5112,FBYD,Industrials,Conglomerates,NASDAQ,58.25,14,17,81,79,8.77,415098405.0334873,48464498.0,0.054,-69.78,115430,143856,123900,1.204
5113,ATS,Industrials,Specialty Industrial Machinery,NYSE,58.19,14,13,32,60,18.25,1791797106.8994637,98126894.0,7.23,-49.05,210350,277013,275064,-0.058
5114,LUCK,Consumer Cyclical,Leisure,NYSE,58.17,14,13,23,30,5.29,721175220.5994987,136328020.0,0.2034,-50.47,51370,92186,78716,0.009
5115,MLGO,Technology,Software - Infrastructure,NASDAQ,58.16,14,16,15,5,3.09,34684616.06477165,10941519.0,0.076,-73.06,50690,48136,41120,-0.273
5116,HUDI,Basic Materials,Steel,NASDAQ,58.15,14,14,12,32,0.7,9808639.70413959,14319182.0,0.0438,-58.08,24050,33646,1362836,-0.165
5117,TZOO,Communication Services,Internet Content & Information,NASDAQ,58.14,14,16,88,21,5.48,53154176.15918827,10202337.0,0.0493,-55.77,56020,53336,75202,-0.029
5118,MTVA,Healthcare,Biotechnology,NASDAQ,58.11,14,12,13,1,1.48,10145675.288683891,6588101.0,0.0381,-90.03,60330,83413,79580,
5119,OCGN,Healthcare,Biotechnology,NASDAQ,58.09,14,57,30,91,1.04,345892602.5519824,339110401.0,0.31440002,-61.83,6549660,7430843,6130038,0.084
5120,NKTR,Healthcare,Biotechnology,NASDAQ,58.09,14,87,90,99,39.91,1487951741.0376892,34142994.0,0.1852,-63.39,2485740,1461793,1130594,-0.093
5121,ICON,Industrials,Marine Shipping,NASDAQ,58.07,14,9,5,2,0.93,3523731.7139327526,3632713.0,0.0056,-91.23,10820,19003,20180,1.07
5122,XRTX,Healthcare,Biotechnology,NASDAQ,58.05,14,22,14,10,1.73,3113592.3857462406,1816565.0,0.043,-75.46,36000,468333,284172,
5123,ZG,Communication Services,Internet Content & Information,NASDAQ,58.03,14,13,10,13,28.36,6318986293.182987,224874954.0,0.2022,-62.84,1027410,903740,1134024,0.179
5124,ALXO,Healthcare,Biotechnology,NASDAQ,58.03,14,87,95,96,1.11,168697940.29613662,138276997.0,0.050300002,-58.27,1526260,1125923,1108980,
5125,SDHC,Real Estate,Real Estate - Development,NYSE,58.02,13,13,33,17,10.19,84596238.07970428,8392484.0,0.23879999,-56.62,36080,54670,48816,0.219
5126,NB,Basic Materials,Other Industrial Metals & Mining,NASDAQ,58.01,13,20,24,75,3.52,506098220.2727914,145849630.0,0.074200004,-72.02,2223620,2417686,3044648,
5127,BGSI,Consumer Cyclical,Auto & Truck Dealerships,NYSE,57.95,13,12,14,20,77.0,2182711928.0130615,27830064.0,5.69,-57.95,42470,55093,59624,0.299
5128,NKLR,Utilities,Utilities - Regulated Electric,NASDAQ,57.9,13,41,13,12,3.6,387858186.0261812,110500908.0,0.0533,-83.57,372460,488453,476408,
5129,OPTU,Communication Services,Telecom Services,NYSE,57.86,13,13,10,14,0.96,349391312.23385334,381431560.0,0.3635,-64.96,1669910,2042823,2220096,-0.058
5130,IZEA,Communication Services,Advertising Agencies,NASDAQ,57.85,13,17,31,83,2.45,42669901.53047323,17416286.0,0.0078,-58.18,45580,38736,55224,-0.364
5131,WBX,Industrials,Electrical Equipment & Parts,NYSE,57.71,13,71,84,96,2.68,66701041.0,24254924.0,0.0064,-65.77,19460,16240,17878,-0.375
5132,TURB,Technology,Solar,NASDAQ,57.69,13,15,22,67,1.08,13581455.219678521,12575421.0,0.0505,-83.38,1578070,3516610,2396960,1.69
5133,BBW,Consumer Cyclical,Specialty Retail,NYSE,57.65,13,13,16,14,25.64,314882196.0207653,12319335.0,0.2741,-64.48,468660,835596,649672,-0.072
5134,AIMD,Technology,Scientific & Technical Instruments,NASDAQ,57.56,13,13,28,13,1.29,9990651.099974036,7384073.0,0.0153,-70.95,669770,244193,231834,-0.967
5135,SMR,Industrials,Specialty Industrial Machinery,NYSE,57.55,13,19,8,7,8.02,3180518795.5,410389522.0,0.20639999,-86.03,31240140,36677640,34695958,-0.991
5136,NIO,Consumer Cyclical,Auto Manufacturers,NYSE,57.5,13,13,30,86,3.48,8444097577.389166,2505667022.0,0.0728,-55.73,29951050,36313123,32743138,0.691
5137,NGEN,Healthcare,Biotechnology,NASDAQ,57.49,13,24,7,78,1.75,191390283.6637528,107522633.0,9.14,-72.22,501880,575673,513500,
5138,BHR,Real Estate,REIT - Hotel & Motel,NYSE,57.46,13,14,21,44,1.52,114007665.58758044,68679318.0,0.0324,-52.35,572210,488530,432700,-0.045
5139,ERII,Industrials,Pollution & Treatment Controls,NASDAQ,57.46,13,15,13,18,7.08,345573802.7763963,51044875.0,0.0762,-61.35,831030,1003876,1018004,-0.572
5140,GRI,Healthcare,Biotechnology,NASDAQ,57.45,13,7,3,1,1.9,4284785.483393669,2186115.0,0.053600002,-97.04,56830,407740,410776,
5141,SPRB,Healthcare,Biotechnology,NASDAQ,57.45,13,98,7,6,42.78,131371131.59876251,2874013.0,0.1462,-82.17,80950,100683,80404,
5142,GT,Consumer Cyclical,Auto Parts,NASDAQ,57.43,13,21,23,19,4.66,1393429931.009861,287898737.0,0.2174,-56.12,8910260,9539133,9278208,-0.048
5143,VEEA,Technology,Information Technology Services,NASDAQ,57.38,13,2,2,28,4.94,207173134.73343658,62214156.0,0.64769995,-73.55,15417890,14124938,8506669,1.416
5144,LCTX,Healthcare,Biotechnology,NYSE ARCA,57.18,13,18,23,91,0.94,235203943.32893515,252907464.0,0.1933,-55.02,1824020,1352323,1171934,-0.613
5145,TRIP,Consumer Cyclical,Travel Services,NASDAQ,57.17,13,14,56,22,8.52,997366427.2448006,117199342.0,0.35919997,-52.19,3934440,3998036,3944038,-0.072
5146,LULU,Consumer Cyclical,Apparel Retail,NASDAQ,57.13,13,13,13,20,93.61,10457668860.141945,110710025.0,0.13069999,-58.58,5025870,7076720,5289052,-0.043
5147,STLA,Consumer Cyclical,Auto Manufacturers,NYSE,57.12,13,12,10,26,4.61,12764141785.455317,2900941252.0,0.0513,-62.27,33081000,25172046,24553934,0.131
5148,ARAY,Healthcare,Medical Devices,NASDAQ,57.11,13,7,4,4,0.26,33443006.10238275,119439307.0,0.047399998,-87.62,40782200,13890060,8908434,-0.209
5149,FVRR,Communication Services,Internet Content & Information,NYSE,57.09,13,12,17,7,8.47,307019215.74858856,35950728.0,0.096,-65.27,614610,537563,722842,-0.1
5150,ALNY,Healthcare,Biotechnology,NASDAQ,57.04,13,16,21,39,223.94,29400539570.30121,133809118.0,0.0716,-54.81,1279550,1498056,1868678,0.669
5151,SMPL,Consumer Defensive,Packaged Foods,NASDAQ,57.04,13,12,20,6,9.96,869377058.0624714,88441207.0,0.1376,-61.18,2135610,2283983,2146748,-0.063
5152,DKS,Consumer Cyclical,Specialty Retail,NYSE,56.99,13,10,48,56,134.88,13407493920.887512,98526556.0,0.1367,-44.81,2698310,4933733,3662288,0.532
5153,SUPX,Technology,Software - Infrastructure,NASDAQ,56.98,13,9,12,13,6.9,287539826.27359915,43239071.0,0.018099999,-90.98,443020,747566,559032,2.838
5154,UONEK,Communication Services,Broadcasting,NASDAQ,56.95,13,11,14,18,3.5,16127278.348428011,4517445.0,1.09,-67.89,8690,6360,11678,-0.064
5155,WVVI,Consumer Defensive,Beverages - Wineries & Distilleries,NASDAQ,56.9,13,15,29,15,1.87,9809672.272465467,4979529.0,0.0016,-53.25,10740,23223,17640,-0.016
5156,CRDF,Healthcare,Biotechnology,NASDAQ,56.88,13,9,11,10,1.07,87130679.25095665,77795249.0,0.16149999,-67.67,480760,743996,782564,-0.141
5157,PHAR,Healthcare,Biotechnology,NASDAQ,56.86,13,19,33,85,9.68,690086709.0,70778124.0,0.00029999999,-54.64,28470,29436,27594,-0.032
5158,AHMA,Consumer Cyclical,Travel Services,NASDAQ,56.85,13,6,66,1,1.29,39237001.5591383,29725000.0,0.0173,-96.73,31080,971860,601190,0.046
5159,CTXR,Healthcare,Biotechnology,NASDAQ,56.76,13,17,8,23,0.48,14604767.38399446,27452570.0,0.20629999,-78.08,178690,297816,575858,
5160,MSB,Basic Materials,Steel,NYSE,56.76,13,22,22,44,18.63,247968183.99511337,13120010.0,0.011,-56.04,58090,40563,38872,-0.558
5161,PLTK,Communication Services,Electronic Gaming & Multimedia,NASDAQ,56.73,13,12,70,29,2.29,831491670.942411,381418186.0,0.0874,-48.19,966720,1175953,1457546,0.05
5162,IONS,Healthcare,Biotechnology,NASDAQ,56.52,13,18,27,88,44.0,7235665532.026291,166184322.0,0.1665,-49.27,3584920,3834943,3276364,-0.407
5163,MEGL,Financial Services,Capital Markets,NASDAQ,56.51,13,37,31,24,0.78,64505814.30842996,70421194.0,0.00059999997,-58.95,16510,11563,11654,0.267
5164,BLDR,Industrials,Building Products & Equipment,NYSE,56.5,13,11,14,14,56.22,6052300706.25,107596457.0,0.098900005,-57.25,2124140,3243806,2832830,-0.088
5165,LOCL,Consumer Defensive,Farm Products,NYSE,56.49,13,14,15,7,1.08,25602760.68895054,23381516.0,0.064899996,-72.97,31740,40880,32914,0.144
5166,CLIR,Industrials,Pollution & Treatment Controls,NASDAQ,56.48,13,21,9,26,3.3,22139166.98984742,6307455.0,0.0029,-70.54,20560,20403,17656,3.211
5167,EIKN,Healthcare,Biotechnology,NASDAQ,56.46,13,30,24,17,7.51,397029665.76753616,54165030.0,0.1337,-56.84,531110,590560,541686,
5168,RENX,Real Estate,Real Estate - Development,NASDAQ,56.46,13,9,5,4,1.94,5279186.967618108,2646209.0,0.0842,-94.12,203100,134503,111222,2.034
5169,NVNO,Healthcare,Medical Devices,NASDAQ,56.29,13,29,13,7,8.2,5628090.865055084,694826.0,0.0136,-76.69,22800,25283,21936,
5170,LMB,Industrials,Building Products & Equipment,NASDAQ,56.27,13,9,19,35,51.35,585324371.5098953,11921067.0,0.086899996,-55.33,255280,378356,407182,0.219
5171,ZENA,Technology,Software - Infrastructure,NASDAQ,56.26,13,18,5,9,1.3,118215980.50449574,88884193.0,0.1454,-81.71,1441430,1664923,3709820,3.163
5172,XTNT,Healthcare,Medical Devices,NYSE ARCA,56.26,13,14,15,24,0.32,47697906.90170884,140287960.0,0.0047999998,-66.32,167340,3390790,2138908,-0.35
5173,SAFX,Utilities,Utilities - Renewable,NASDAQ,56.26,13,27,30,95,0.3,136632677.19976807,415296896.0,0.024300002,-77.27,4052560,3858470,4041896,-0.895
5174,GIFT,Communication Services,Internet Content & Information,NASDAQ,56.21,13,20,22,52,0.62,19483847.222301006,35425176.0,0.0007,-51.94,513450,195233,150846,0.04
5175,Z,Communication Services,Internet Content & Information,NASDAQ,56.2,13,12,10,12,27.7,6163822454.826805,224874954.0,0.078099996,-65.11,4727490,3886700,3907602,0.179
5176,NEXM,Basic Materials,Other Industrial Metals & Mining,NASDAQ,56.17,13,15,11,6,1.85,66305585.54995108,35648164.0,3.86,-72.2,36000,39066,32812,
5177,BSEM,Healthcare,Biotechnology,NASDAQ,56.17,13,31,16,18,2.47,50972209.826123714,18671139.0,1.2,-70.6,157290,157943,143070,-0.279
5178,GWAV,Industrials,Waste Management,NASDAQ,56.13,13,75,10,5,2.37,1912299.5103838444,829631.0,0.028199999,-90.12,32700,49946,145718,0.455
5179,AHT,Real Estate,REIT - Hotel & Motel,NYSE,56.09,13,29,21,9,2.22,14751175.734897137,6469814.0,0.0004,-63.18,23600,19626,28958,-0.095
5180,IIIV,Technology,Software - Infrastructure,NASDAQ,56.08,13,13,24,19,14.96,257321996.62820816,18019748.0,0.5678,-55.96,445700,573510,552924,0.022
5181,UONE,Communication Services,Broadcasting,NASDAQ,56.06,13,8,9,6,4.13,17979431.186163425,4517445.0,0.096499994,-75.62,3670,5223,5236,-0.064
5182,LIDR,Technology,Software - Infrastructure,NASDAQ,56.02,13,12,17,82,1.07,52272829.502550244,46672169.0,0.060500003,-73.25,447580,5276203,3547942,8.182
5183,APUS,Healthcare,Drug Manufacturers - Specialty & Generic,NYSE ARCA,56.01,13,1,5,52,7.13,4859360.003176212,1509118.0,0.0128,-88.06,20471210,6928676,4224586,
5184,FMC,Basic Materials,Agricultural Inputs,NYSE,55.99,12,28,8,19,9.03,1312808216.9302988,155546005.0,0.2825,-71.78,5159070,4050416,3906840,-0.175
5185,MENS,Healthcare,Biotechnology,NASDAQ,55.93,12,12,7,5,2.02,165740321.3153944,76027668.0,0.0058999998,-96.79,38630,44610,43702,
5186,BGM,Healthcare,Drug Manufacturers - Specialty & Generic,NASDAQ,55.92,12,5,6,0,9.65,124727398.77767563,13354111.0,0.0002,-96.9,10980,6036,7137,0.698
5187,BGS,Consumer Defensive,Packaged Foods,NYSE,55.89,12,19,30,82,2.44,218339237.33441305,81167001.0,0.1724,-61.76,2470540,2249156,2329530,-0.097
5188,BCHT,Industrials,Pollution & Treatment Controls,NYSE ARCA,55.8,12,6,19,10,1.49,39458949.0,26305966.0,0.0039,-68.96,180480,110220,95924,0.165
5189,TNYA,Healthcare,Biotechnology,NASDAQ,55.8,12,14,45,45,0.55,126465729.12026644,224230012.0,0.1243,-76.6,3387170,2382300,2299096,
5190,EU,Energy,Uranium,NASDAQ,55.79,12,14,7,25,1.14,198166586.71438456,194280971.0,0.20959999,-72.73,3987710,6869406,5615908,3.284
5191,SNOA,Healthcare,Drug Manufacturers - Specialty & Generic,NASDAQ,55.78,12,14,5,15,1.23,5937647.045665979,4788425.0,0.0421,-73.26,41820,51273,125294,0.596
5192,DQ,Technology,Semiconductor Equipment & Materials,NYSE,55.78,12,10,7,47,11.08,744327507.0,67666137.0,0.1082,-69.72,540090,750850,906060,-0.167
5193,IQST,Communication Services,Telecom Services,NASDAQ,55.75,12,7,4,4,1.01,11243334.457694769,10915859.0,0.0624,-84.6,251390,303516,587106,0.511
5194,AIOT,Technology,Software - Application,NASDAQ,55.74,12,14,62,12,2.71,377174821.89953136,134225918.0,0.113900006,-53.91,1845240,1534546,1929278,0.064
5195,CENN,Consumer Cyclical,Auto Manufacturers,NASDAQ,55.7,12,10,6,2,3.63,9279738.591085434,2456452.0,0.0221,-90.83,7430,16766,12472,-0.029
5196,NVNI,Technology,Software - Application,NASDAQ,55.65,12,8,11,6,0.88,10766248.831394255,12220487.0,0.0214,-82.18,30150,46836,40654,-0.007
5197,VNET,Technology,Information Technology Services,NASDAQ,55.54,12,16,26,50,5.4,1460468161.170373,284691643.0,0.2492,-62.71,5037280,4623480,4801856,0.142
5198,BIOX,Basic Materials,Agricultural Inputs,NASDAQ,55.53,12,11,4,3,0.34,21825035.20887661,63815891.0,0.0087,-84.47,149640,416883,325878,-0.234
5199,REAX,Real Estate,Real Estate Services,NASDAQ,55.52,12,23,11,13,16.74,357646330.41443634,21794414.0,1.26,-62.8,665540,930256,817387,0.296
5200,ONT,Industrials,Waste Management,NYSE,55.5,12,20,24,40,14.52,446342460.3796234,35117424.0,0.1355,-53.01,950230,674483,761860,-0.204
5201,KLAR,Financial Services,Credit Services,NYSE,55.49,12,13,25,5,13.25,4743292512.442852,379160066.0,0.133,-70.39,5860430,6059326,6373852,0.266
5202,QDEL,Healthcare,Medical Devices,NASDAQ,55.43,12,14,21,10,12.57,738557380.1813393,68575427.0,0.2821,-64.67,1806170,1511130,1580076,0.028
5203,VYGR,Healthcare,Biotechnology,NASDAQ,55.43,12,23,22,53,2.46,150963975.53817272,61617948.0,0.0694,-55.68,815000,552203,520464,-0.391
5204,FUBO,Communication Services,Broadcasting,NYSE,55.37,12,15,7,4,8.83,261569034.21119308,30204277.0,0.20889999,-83.24,1129470,1218366,1407184,0.38
5205,NATR,Consumer Defensive,Packaged Foods,NASDAQ,55.36,12,12,60,91,12.54,219064220.6439209,17595520.0,0.0646,-55.44,109840,148390,178610,0.019
5206,RIBB,Financial Services,Shell Companies,NASDAQ,55.3,12,52,52,48,6.46,38155830.34285545,4793446.0,0.0002,-65.02,10490,40580,24594,
5207,PONY,Technology,Information Technology Services,NASDAQ,55.3,12,11,7,36,6.13,2641567925.904312,435184160.0,0.0674,-75.09,4555870,3979103,3954702,0.688
5208,ECX,Consumer Cyclical,Auto Parts,NASDAQ,55.27,12,13,17,14,0.84,337186157.9189014,392990869.0,0.0344,-68.89,1391380,1175960,967694,0.475
5209,SPPL,Industrials,Specialty Industrial Machinery,NASDAQ,55.24,12,9,81,8,2.0,20110610.82829833,9786185.0,0.0013,-71.43,24610,62003,83300,0.026
5210,GYRO,Real Estate,Real Estate Services,NASDAQ,55.23,12,10,16,24,4.7,10028844.354154587,2199308.0,0.0002,-54.37,3180,2893,2434,-0.018
5211,MTR,Energy,Oil & Gas E&P,NYSE,55.21,12,9,13,38,2.35,4603067.353317738,1863590.0,0.0026,-59.69,4040,10536,9240,-0.284
5212,TKLF,Consumer Cyclical,Specialty Retail,NASDAQ,55.17,12,13,24,14,1.54,8374717.5,5583145.0,0.3808,-59.26,17510,17423,18116,0.63
5213,TGEN,Industrials,Electrical Equipment & Parts,NYSE ARCA,55.16,12,11,20,34,2.68,79997731.17893505,30187822.0,0.0461,-77.8,150920,148853,176514,-0.212
5214,DBVT,Healthcare,Biotechnology,NASDAQ,55.13,12,32,37,93,9.98,663051655.3373995,62848497.0,0.0215,-61.89,433470,340743,343326,-0.533
5215,MDXH,Healthcare,Diagnostics & Research,NASDAQ,55.11,12,10,1,27,0.6,54483323.21106076,95417382.0,0.0183,-88.74,192770,221303,7195460,0.023
5216,IRIX,Healthcare,Medical Devices,NASDAQ,55.06,12,9,42,31,0.68,11241543.428731918,17564912.0,0.014400001,-58.79,42570,60310,75388,-0.074
5217,AVBP,Healthcare,Biotechnology,NASDAQ,54.97,12,74,89,85,15.09,1393929521.401287,49307729.0,0.1886,-57.88,2631390,1237820,904178,
5218,PLNT,Consumer Cyclical,Leisure,NYSE,54.97,12,14,10,17,42.25,3203358462.6045647,75533093.0,0.1378,-63.02,3039420,2409390,2333366,0.045
5219,ATXG,Industrials,Integrated Freight & Logistics,NASDAQ,54.9,12,13,6,11,3.26,3863754.6862978935,1177974.0,0.0001,-80.24,11160,5426,18634,3.16
5220,ODYS,Technology,Scientific & Technical Instruments,NASDAQ,54.87,12,28,42,75,2.78,47227402.08830118,16806905.0,0.0014,-75.4,22720,27733,27128,0.16
5221,EXOZ,Healthcare,Biotechnology,NASDAQ,54.85,12,13,10,38,5.52,53688124.59252691,9304701.0,0.0041,-70.0,4920,6150,5992,
5222,MDBH,Financial Services,Capital Markets,NASDAQ,54.75,12,30,31,26,2.09,25052717.795505524,10438632.0,0.0001,-56.46,4140,2810,2634,
5223,JBDI,Consumer Cyclical,Specialty Retail,NASDAQ,54.75,12,31,18,13,0.95,9324253.301475525,9514544.0,0.0201,-79.17,14640,19273,29466,0.109
5224,RGNX,Healthcare,Biotechnology,NASDAQ,54.72,12,55,78,32,7.45,490478005.22808456,66013192.0,0.1271,-53.98,1536450,1391500,1352152,4.057
5225,AGNT,Real Estate,Real Estate Services,NASDAQ,54.71,12,10,10,13,3.82,609980485.9876084,167117937.0,0.148,-68.76,1759060,1713933,1610626,0.107
5226,BBAI,Technology,Information Technology Services,NYSE,54.68,12,11,12,17,2.58,1270660452.1781583,479494493.0,0.3149,-72.52,15234570,15490893,18525768,0.132
5227,ONCY,Healthcare,Biotechnology,NASDAQ,54.65,12,23,25,67,0.6,80331617.54198253,127510505.0,0.0691,-57.75,1079580,1023410,894904,
5228,JYD,Industrials,Integrated Freight & Logistics,NASDAQ,54.51,12,9,1,6,0.9,6979375.070160627,8298900.0,0.0027,-87.67,16080,89766,110966,0.086
5229,OKLO,Utilities,Utilities - Independent Power Producers,NYSE,54.36,12,11,13,60,38.55,6672452906.811714,186017650.0,0.2052,-80.11,8609940,10285606,9869108,
5230,OCG,Consumer Cyclical,Internet Retail,NASDAQ,54.35,12,7,4,0,1.67,3353279.7969703674,1938312.0,0.0553,-99.99,91010,67160,88406,8.961
5231,CHTR,Communication Services,Telecom Services,NASDAQ,54.24,12,20,8,24,108.64,12509070880.91906,114457597.0,0.3875,-61.83,3014820,2859206,2879194,-0.017
5232,PNR,Industrials,Specialty Industrial Machinery,NYSE,54.2,12,12,19,28,52.94,8569941641.957611,161605541.0,0.0452,-53.16,2281100,3453650,3238238,-0.17
5233,ARDX,Healthcare,Biotechnology,NASDAQ,54.2,12,10,28,70,3.31,862346468.3195829,258187572.0,0.1013,-60.6,4206900,4104203,4490230,0.238
5234,OMEX,Basic Materials,Other Industrial Metals & Mining,NASDAQ,54.18,12,10,7,34,0.68,38971080.81272954,58691389.0,0.0908,-84.65,237670,269836,313558,-0.423
5235,SKYQ,Energy,Oil & Gas Integrated,NASDAQ,54.16,12,68,14,98,2.55,21730139.736967087,8833390.0,0.0864,-86.89,3442390,2968410,2679602,
5236,COLL,Healthcare,Drug Manufacturers - Specialty & Generic,NASDAQ,54.05,12,10,36,40,21.88,682602244.0503044,30999193.0,0.2082,-56.92,785700,895096,848098,0.063
5237,IOTR,Communication Services,Telecom Services,NASDAQ,54.04,12,20,46,12,1.99,9484554.531927586,4863874.0,0.0029,-73.36,2890,51706,38854,0.41
5238,ATOS,Healthcare,Biotechnology,NASDAQ,54.03,12,5,3,8,2.45,23351556.463469982,9979298.0,0.0764,-87.34,75120,57966,59274,
5239,YMAT,Basic Materials,Specialty Chemicals,NASDAQ,54.03,12,5,16,3,1.36,5794599.045338273,4010103.0,0.0252,-89.54,3967510,2589266,1583836,
5240,ACXP,Healthcare,Biotechnology,NASDAQ,53.96,12,10,4,15,1.31,5458127.178027153,4297738.0,0.0298,-84.29,88060,89953,134578,
5241,CELZ,Healthcare,Biotechnology,NASDAQ,53.94,12,6,3,51,0.9,7185595.84415251,7592557.0,0.0128,-85.6,186890,899130,8612914,
5242,BRCB,Consumer Cyclical,Restaurants,NASDAQ,53.9,12,25,6,11,7.39,154565293.56715488,22207657.0,0.0925,-72.09,227830,341036,355396,0.25
5243,STG,Consumer Defensive,Education & Training Services,NYSE,53.89,12,12,17,7,2.78,36400791.58194733,12772208.0,0.0081,-67.41,1230,6426,12366,-0.246
5244,SSII,Healthcare,Medical Devices,NASDAQ,53.86,11,15,14,16,2.76,535029126.7381954,200385435.0,0.0011,-72.4,73260,63860,57688,0.394
5245,DOMH,Financial Services,Capital Markets,NASDAQ,53.84,11,9,20,15,2.02,54305767.271205425,24243646.0,0.0671,-73.21,257290,237826,222594,-0.569
5246,LVO,Communication Services,Internet Content & Information,NASDAQ,53.78,11,12,58,26,2.8,36062006.63918972,13711789.0,0.0182,-61.06,94190,113196,94212,0.007
5247,LFMD,Healthcare,Health Information Services,NASDAQ,53.77,11,13,36,18,2.73,132220993.84020352,48255837.0,0.1834,-61.66,724250,775820,880124,-0.035
5248,WING,Consumer Cyclical,Restaurants,NASDAQ,53.75,11,8,13,16,112.2,2911955725.3124695,27242546.0,0.18280001,-62.95,1328810,1287636,1331848,0.064
5249,PEW,Industrials,Aerospace & Defense,NYSE,53.72,11,16,14,9,1.97,56960933.79195857,29513438.0,0.103599995,-62.33,190950,198990,222398,0.094
5250,BAK,Basic Materials,Chemicals,NYSE,53.72,11,8,21,72,1.67,350228726.42567253,225954024.0,0.0478,-69.05,1420320,2339193,2134170,0.216
5251,HTZ,Industrials,Rental & Leasing Services,NASDAQ,53.68,11,5,3,75,2.06,627354448.2806146,356451393.0,0.6707,-74.82,15663020,14867866,31146368,0.097
5252,SNAL,Communication Services,Electronic Gaming & Multimedia,NASDAQ,53.67,11,11,90,33,2.3,19434110.553274155,8955811.0,0.0379,-78.7,15280,31626,92442,-0.113
5253,MNSO,Consumer Cyclical,Specialty Retail,NYSE,53.65,11,9,12,25,8.91,2583513351.107641,292583621.0,0.0347,-61.43,876580,1006226,874930,0.17
5254,CDXS,Healthcare,Biotechnology,NASDAQ,53.64,11,15,39,66,1.36,148927841.96649253,109505765.0,0.0372,-54.36,696580,820056,965952,-0.027
5255,RMCF,Consumer Defensive,Confectioners,NASDAQ,53.58,11,8,8,84,0.92,8306836.514988542,9439587.0,0.0178,-69.23,35790,41313,4276686,-0.041
5256,GMHS,Communication Services,Electronic Gaming & Multimedia,NASDAQ,53.56,11,19,19,23,0.6,34648702.31254697,56801150.0,0.0045,-60.0,10840,273973,172650,-0.204
5257,ROL,Consumer Cyclical,Personal Services,NYSE,53.49,11,12,21,33,30.35,14511345311.223038,481145404.0,0.0622,-54.11,9423980,6925530,6230870,0.079
5258,GMTL,Basic Materials,Other Precious Metals & Mining,NYSE ARCA,53.46,11,28,17,83,8.26,336238577.9388008,38961596.0,2.0,-62.81,242630,189493,195464,
5259,LODE,Basic Materials,Other Precious Metals & Mining,NYSE ARCA,53.38,11,31,76,34,2.26,173081829.34810925,75913084.0,0.103199996,-54.62,1363590,1261003,1206188,-0.196
5260,LRHC,Real Estate,Real Estate Services,NASDAQ,53.28,11,2,0,0,1.55,888636.807404995,569639.0,0.0218,-99.8,403070,445970,935862,-0.256
5261,AAME,Financial Services,Insurance - Life,NASDAQ,53.22,11,9,12,70,1.27,25904479.17095375,20397228.0,0.0056,-60.8,10730,113993,76556,0.208
5262,INTS,Healthcare,Biotechnology,NASDAQ,53.16,11,15,15,7,3.55,11231183.946817875,3264879.0,0.01,-91.84,18120,24070,27110,
5263,TANH,Consumer Defensive,Household & Personal Products,NASDAQ,53.15,11,7,15,2,16.88,9874824.484530449,667669.0,0.1292,-82.78,28010,110631,72227,-0.169
5264,DUO,Real Estate,Real Estate Services,NASDAQ,53.14,11,5,4,14,0.6,27509529.82497263,42452978.0,0.0105,-85.37,189180,2374706,1437778,-0.431
5265,ACON,Healthcare,Health Information Services,NASDAQ,53.05,11,9,10,8,2.29,6860043.309861183,2882371.0,0.026400002,-80.96,65960,52480,57500,0.305
5266,ADCT,Healthcare,Drug Manufacturers - Specialty & Generic,NYSE,53.02,11,13,3,92,1.27,144264494.741233,127667695.0,0.0498,-74.5,1263770,1592133,1482162,0.022
5267,ATLX,Basic Materials,Other Industrial Metals & Mining,NASDAQ,52.93,11,17,13,29,2.49,72540532.63348699,30099805.0,0.0946,-69.82,342640,244636,227522,
5268,ACCS,Communication Services,Advertising Agencies,NYSE ARCA,52.9,11,12,17,22,4.85,18026601.98600006,3827304.0,0.006,-57.23,5170,20363,24500,-0.001
5269,LANV,Consumer Cyclical,Luxury Goods,NYSE,52.85,11,10,14,18,0.93,138378048.28300595,139775805.0,0.0033000002,-59.74,16390,34433,48316,-0.129
5270,NCTY,Financial Services,Capital Markets,NASDAQ,52.85,11,17,10,13,3.41,50401308.471720695,15273124.0,0.0507,-70.6,130630,203370,244996,-0.808
5271,TLRY,Healthcare,Drug Manufacturers - Specialty & Generic,NASDAQ,52.84,11,11,9,28,3.78,533493513.50703645,147782141.0,0.1392,-83.71,4132870,3760186,4206946,0.255
5272,RC,Real Estate,REIT - Mortgage,NYSE,52.84,11,20,16,10,1.12,186665820.17230797,165190992.0,0.1145,-70.37,1795650,1399176,1292098,
5273,MNY,Communication Services,Internet Content & Information,NASDAQ,52.78,11,10,16,68,0.67,29579515.35316229,44082735.0,0.0027,-58.13,20950,28343,21668,-0.126
5274,FINV,Financial Services,Credit Services,NYSE,52.77,11,11,22,21,3.01,684672628.3156786,236094002.0,0.0477,-59.68,578750,1253446,941770,-0.049
5275,LTBR,Industrials,Electrical Equipment & Parts,NASDAQ,52.76,11,12,9,25,6.84,225163926.87536335,35236922.0,0.1464,-78.17,677770,775296,831880,
5276,LHAI,Real Estate,Real Estate Services,NASDAQ,52.71,11,18,5,1,1.11,17191199.369430542,16530000.0,0.0559,-92.91,54850,3579446,2205014,0.128
5277,EOCN,Healthcare,Biotechnology,NASDAQ,52.68,11,12,8,11,3.36,3856324.6279377937,1068234.0,0.0107,-74.55,5930,26883,37425,
5278,AZTR,Healthcare,Biotechnology,NYSE ARCA,52.67,11,10,4,5,0.13,7999693.900652826,60603742.0,0.0128,-88.07,933290,1074743,1785848,
5279,GDHG,Consumer Cyclical,Leisure,NASDAQ,52.63,11,8,6,5,1.18,23437550.290315747,20032095.0,0.0007,-84.85,71270,450486,273304,-0.482
5280,SNT,Industrials,Security & Protection Services,NASDAQ,52.61,11,9,7,16,1.54,35930744.72996807,23331653.0,0.0001,-71.16,14830,11806,11408,0.082
5281,BCG,Financial Services,Asset Management,NASDAQ,52.58,11,12,16,31,1.05,17230732.147301912,17060131.0,0.00090000004,-69.48,20870,24090,40246,0.123
5282,MSAI,Technology,Electronic Components,NASDAQ,52.54,11,8,7,3,4.55,10377573.671722412,2205648.0,0.62369996,-95.26,5430,10090,16608,0.195
5283,PASG,Healthcare,Biotechnology,NASDAQ,52.44,11,14,5,82,4.08,13257376.83175087,3217810.0,0.0376,-79.6,15900,24226,20134,
5284,EQS,Financial Services,Asset Management,NYSE,52.42,11,11,22,57,0.81,12290692.413401604,13966696.0,0.0001,-64.63,13970,14510,12276,-0.109
5285,EVGN,Healthcare,Biotechnology,NASDAQ,52.42,11,11,5,19,0.42,6794605.12302047,15801407.0,0.0036000002,-72.0,7312460,2564460,1803012,-0.607
5286,WHR,Consumer Cyclical,"Furnishings, Fixtures & Appliances",NYSE,52.41,11,12,9,15,30.15,1976193112.3597755,65199378.0,0.00059999997,-68.2,2753050,2741850,2591916,-0.068
5287,GPCR,Healthcare,Biotechnology,NASDAQ,52.41,11,71,88,93,27.47,1973143748.6305103,71309857.0,0.1268,-71.05,1789970,1345993,1052338,
5288,XPON,Industrials,Electrical Equipment & Parts,NASDAQ,52.39,11,13,4,20,4.09,4003402.018193245,953191.0,0.18030001,-80.74,32460,1957073,3188020,-0.321
5289,RNA,Healthcare,Biotechnology,NASDAQ,52.38,11,23,26,38,7.99,134108243.73011398,17105643.0,11.64,-52.36,348100,368996,279750,-0.219
5290,BRAI,Technology,Computer Hardware,NASDAQ,52.37,11,9,12,6,4.71,954188519.224926,206088228.0,0.0064,-85.73,41500,38596,63316,
5291,CRBP,Healthcare,Biotechnology,NASDAQ,52.31,11,75,30,72,5.78,118562128.30343533,19341293.0,0.1633,-71.89,761590,1144023,851516,
5292,KLXE,Energy,Oil & Gas Equipment & Services,NASDAQ,52.31,11,13,75,74,1.36,29513299.518021464,21386449.0,0.1463,-69.78,1043690,846356,737798,0.052
5293,PASW,Consumer Cyclical,Textile Manufacturing,NASDAQ,52.29,11,7,10,4,0.13,15639625.0,125117000.0,0.0041,-88.07,214740,12795326,7837888,-0.474
5294,CRBU,Healthcare,Biotechnology,NASDAQ,52.25,11,20,33,88,1.13,130793168.92723155,107207513.0,0.1257,-68.03,1261970,1239926,1178190,-0.438
5295,IPST,Financial Services,Capital Markets,NASDAQ,52.21,11,9,0,1,3.02,2222460.1849479675,721578.0,0.0145000005,-99.11,554070,259670,3124800,0.607
5296,NAGE,Consumer Defensive,Packaged Foods,NASDAQ,52.21,11,10,9,13,2.69,220761542.56158257,79126002.0,0.077800006,-66.16,663380,473860,561744,-0.043
5297,BRAG,Consumer Cyclical,Gambling,NASDAQ,52.15,11,13,16,11,1.17,37276086.28121853,31063404.0,6.75,-60.74,13340,21593,22002,-0.122
5298,XPEV,Consumer Cyclical,Auto Manufacturers,NYSE,52.13,11,10,14,27,9.56,8861284752.5,957976730.0,0.06,-66.14,6250960,6876343,7170918,0.08
5299,SCOR,Technology,Software - Application,NASDAQ,52.1,11,13,52,70,4.23,64381538.76458359,15184326.0,0.0046,-54.71,24920,40870,35356,-0.113
5300,RCAT,Industrials,Aerospace & Defense,NASDAQ,52.07,11,21,16,75,6.34,977371931.3639765,152714362.0,0.2667,-66.24,6739970,7651406,8490732,5.272
5301,POLA,Industrials,Electrical Equipment & Parts,NASDAQ,52.07,11,13,18,29,1.14,4998809.89616096,4309319.0,0.0802,-80.17,251180,154503,1249912,-0.624
5302,FOA,Financial Services,Credit Services,NYSE,51.99,11,20,70,36,12.99,124442406.0,9217956.0,0.1094,-56.39,70870,69423,61686,-0.648
5303,AFJKU,Financial Services,Shell Companies,NASDAQ,51.92,10,10,85,99,13.6,,,3.9,-83.0,2530,876,906,
5304,AMST,Technology,Software - Application,NASDAQ,51.86,10,9,7,17,0.93,6156859.924383938,6549851.0,0.0056,-76.15,212380,130716,116984,0.419
5305,GNTA,Industrials,Conglomerates,NASDAQ,51.84,10,11,69,3,0.78,35921559.439915895,48216858.0,0.0026,-92.2,64190,61103,56602,
5306,BTOC,Industrials,Integrated Freight & Logistics,NASDAQ,51.83,10,16,11,4,0.22,10315578.846324205,45443079.0,0.0073,-76.72,83250,44740,107750,-0.153
5307,DFH,Consumer Cyclical,Residential Construction,NYSE,51.79,10,16,23,11,9.74,973252518.5,90535118.0,0.48790002,-63.27,1066130,936380,840130,-0.076
5308,ALMS,Healthcare,Biotechnology,NASDAQ,51.79,10,35,99,99,6.93,886631374.8060937,129435239.0,0.081099994,-77.89,2270040,4002590,2765278,-0.377
5309,SRG,Real Estate,Real Estate Services,NYSE,51.71,10,12,25,19,1.72,101947537.25708008,56324608.0,0.1094,-60.73,143410,167873,155506,-0.56
5310,VTGN,Healthcare,Biotechnology,NASDAQ,51.69,10,3,3,7,0.25,12425535.1329014,44376911.0,0.0612,-95.14,61826360,21078340,15575722,5.049
5311,LUCD,Healthcare,Medical Devices,NASDAQ,51.61,10,20,22,72,0.6,119724848.79322171,190948730.0,0.0864,-63.17,1891010,1362913,1212348,0.267
5312,EVGO,Consumer Cyclical,Specialty Retail,NASDAQ,51.58,10,9,12,12,1.32,195567692.9242468,141715720.0,0.3006,-74.37,3324320,4051063,3857464,-0.157
5313,BEAT,Healthcare,Health Information Services,NASDAQ,51.52,10,7,4,7,0.58,24511889.519346893,56349171.0,0.0428,-85.5,42775550,14502110,8883400,
5314,NPT,Basic Materials,Chemicals,NASDAQ,51.48,10,14,6,64,2.33,54131401.26943588,22185000.0,0.00029999999,-89.59,17970,21336,25862,-0.358
5315,FLX,Industrials,Integrated Freight & Logistics,NASDAQ,51.46,10,14,17,23,1.48,103113170.65902591,73129910.0,0.76,-66.74,175050,201086,171394,-0.082
5316,CLNN,Consumer Defensive,Packaged Foods,NASDAQ,51.35,10,10,60,85,3.87,57993041.39555931,14213981.0,0.0937,-71.33,95790,130950,111192,2.333
5317,STFS,Communication Services,Advertising Agencies,NASDAQ,51.3,10,13,99,8,3.88,55457283.848991394,15193776.0,0.0117,-81.52,520220,235270,771266,0.331
5318,NCNA,Healthcare,Biotechnology,NASDAQ,51.24,10,9,4,4,1.09,4536548.52892077,4161971.0,0.0257,-84.9,466900,215490,142684,
5319,BDMD,Healthcare,Medical Devices,NASDAQ,51.19,10,11,12,35,0.78,24116442.026565075,32112440.0,0.0029,-78.92,58460,55460,54440,0.246
5320,XNDU,Technology,Software - Infrastructure,NASDAQ,51.1,10,53,69,98,5.06,1308891248.0584145,304393300.0,0.221,-88.08,10101600,5622583,3818694,0.43
5321,SERV,Industrials,Integrated Freight & Logistics,NASDAQ,51.1,10,8,8,26,4.77,400155124.9592266,86707507.0,0.3859,-74.41,2631960,3013650,3887352,4.044
5322,LNZA,Industrials,Waste Management,NASDAQ,51.05,10,9,2,96,5.86,79058544.02068806,13089163.0,0.0669,-86.68,48330,61123,64262,-0.008
5323,THCH,Consumer Cyclical,Restaurants,NASDAQ,51.01,10,11,17,32,1.22,37162372.57066548,32036529.0,0.0029,-62.46,10160,7120,9530,-0.217
5324,OLMA,Healthcare,Biotechnology,NASDAQ,50.99,10,30,64,96,7.92,719667850.9526882,87497607.0,0.22309999,-78.16,1223900,1124150,1085768,
5325,AHCO,Healthcare,Medical Devices,NASDAQ,50.97,10,11,38,83,5.77,747091288.877111,133409161.0,0.096099995,-57.04,2111700,2682253,3353216,0.127
5326,NCMI,Communication Services,Advertising Agencies,NASDAQ,50.97,10,11,54,22,2.16,197876399.95205617,93780289.0,0.1285,-52.63,1749970,1207436,1293980,0.127
5327,MMA,Consumer Cyclical,Leisure,NYSE ARCA,50.87,10,9,11,6,0.36,9851877.485624224,26483541.0,0.028099999,-79.19,275740,548006,7639592,
5328,MRNO,Real Estate,Real Estate - Development,NASDAQ,50.76,10,4,2,1,0.24,21364647.50818062,79718832.0,0.096,-91.75,1234650,11823500,7202606,-0.149
5329,HIT,Technology,Software - Application,NASDAQ,50.73,10,13,14,75,0.81,51210273.66801739,65402649.0,0.030299999,-79.85,754980,288120,204074,-0.135
5330,CMCT,Real Estate,REIT - Office,NASDAQ,50.63,10,3,1,0,3.67,12225340.846592188,3217195.0,0.0126,-99.75,3456720,1169663,713304,-0.095
5331,LAC,Basic Materials,Other Industrial Metals & Mining,NYSE,50.55,10,14,15,49,2.54,925759487.3387635,363042943.0,0.09729999,-75.86,7594480,8898836,9248636,
5332,MEDS,Healthcare,Medical Distribution,NASDAQ,50.51,10,1,2,2,3.07,11767289.653465033,3197633.0,0.20040001,-95.79,7413420,12256646,7428056,-0.772
5333,CLVT,Technology,Information Technology Services,NYSE,50.43,10,11,19,16,1.47,946040446.9920874,639216510.0,0.1374,-62.4,3765920,4240753,4682290,-0.055
5334,GRAN,Financial Services,Capital Markets,NASDAQ,50.39,10,10,14,3,1.05,23485984.540430903,24985090.0,0.0208,-82.23,18410,146743,89310,-0.118
5335,QS,Consumer Cyclical,Auto Parts,NASDAQ,50.34,10,12,16,25,4.65,2811213102.916651,615145076.0,0.1936,-75.62,12179370,12276570,15164454,
5336,AQMS,Industrials,Waste Management,NASDAQ,50.32,10,14,9,7,2.11,8303026.958124161,3563531.0,0.052600004,-94.64,50260,36476,36066,
5337,PMCB,Healthcare,Biotechnology,NASDAQ,50.21,10,9,20,18,0.42,4295333.087088823,10735649.0,0.0069,-72.19,180360,301880,232842,
5338,PETS,Healthcare,Pharmaceutical Retailers,NASDAQ,50.18,10,26,16,19,1.31,29483323.350119352,21678914.0,0.035099998,-68.05,128580,114450,107940,-0.199
5339,LIVE,Consumer Cyclical,Home Improvement Retail,NASDAQ,50.13,10,17,15,31,7.49,23344585.307064056,3071656.0,0.0029,-67.0,3240,6076,8696,-0.032
5340,SNGX,Healthcare,Biotechnology,NASDAQ,50.09,10,7,2,19,0.36,5484944.45068717,14824174.0,0.0093,-81.73,179120,233860,233294,
5341,LCFY,Communication Services,Internet Content & Information,NASDAQ,50.03,10,10,15,73,2.05,5264095.92922473,2244817.0,0.0015,-71.8,345940,118660,75764,0.47
5342,DXLG,Consumer Cyclical,Apparel Retail,NASDAQ,50.02,10,19,23,9,0.39,23845026.896634698,55453550.0,0.0197,-75.32,134590,105093,76778,-0.034
5343,KPLT,Technology,Software - Infrastructure,NASDAQ,49.93,10,84,23,25,4.29,383517726.9816327,84849055.0,0.0031,-73.3,334130,261560,190716,
5344,FIP,Industrials,Conglomerates,NASDAQ,49.92,10,17,23,72,2.67,317317957.08258677,118181737.0,0.26790002,-60.09,1215090,1283033,1418046,0.527
5345,NMG,Basic Materials,Other Industrial Metals & Mining,NYSE,49.91,10,16,15,21,1.15,388739294.82017934,329440095.0,6.51,-81.02,502320,416763,401246,
5346,JOBY,Industrials,Airports & Air Services,NYSE,49.9,10,10,13,19,5.78,5927950573.671953,996294246.0,0.1859,-71.07,19972190,23733250,26608124,2574.933
5347,CMCM,Communication Services,Internet Content & Information,NYSE,49.89,10,10,7,40,2.52,83804294.38003707,31038627.0,0.002,-72.46,8690,10226,8442,-0.099
5348,SXTP,Healthcare,Biotechnology,NASDAQ,49.83,10,6,7,9,1.11,4888613.269689083,3516988.0,0.0618,-87.12,387640,175626,152786,-0.325
5349,NBP,Healthcare,Biotechnology,NASDAQ,49.77,10,15,13,69,1.4,156703726.48082018,115648505.0,0.0541,-79.38,1011380,502933,404412,
5350,ABVC,Healthcare,Biotechnology,NASDAQ,49.75,10,10,13,15,0.97,26961420.50542164,26694476.0,0.0231,-71.47,96300,125860,116236,
5351,ABR,Real Estate,REIT - Mortgage,NYSE,49.72,10,16,10,26,3.49,664146622.4050632,186558043.0,0.0,-71.95,6330090,4914773,4679378,-0.248
5352,UK,Real Estate,Real Estate Services,NASDAQ,49.7,10,7,3,5,1.98,7179913.825571775,3682007.0,0.00059999997,-82.74,17050,11980,29746,
5353,AVD,Basic Materials,Agricultural Inputs,NYSE,49.51,10,9,20,11,1.71,51331099.96133995,29500632.0,0.0069999998,-69.19,328450,265916,290218,-0.097
5354,LOT,Consumer Cyclical,Auto Manufacturers,NASDAQ,49.5,10,22,14,28,0.75,551800495.6676453,646893910.0,0.0042,-66.81,79440,369270,328360,0.068
5355,CWH,Consumer Cyclical,Auto & Truck Dealerships,NYSE,49.48,10,16,11,8,4.53,321054611.95163727,63827952.0,0.1838,-73.59,2540370,2014856,2034214,-0.021
5356,EVEX,Industrials,Aerospace & Defense,NYSE,49.47,10,14,10,10,1.71,606366222.7434247,348486333.0,0.1249,-66.86,1159990,993940,974692,
5357,HERE,Consumer Cyclical,Leisure,NASDAQ,49.46,10,10,4,10,1.72,92453848.09326053,54384615.0,0.0115,-79.64,13390,21503,20688,-0.793
5358,GBFH,Financial Services,Banks - Regional,NASDAQ,49.43,10,10,32,24,17.64,260280078.4400711,14516457.0,0.073699996,-58.23,70810,76170,97428,0.145
5359,GLAS,Healthcare,Drug Manufacturers - Specialty & Generic,NYSE,49.4,10,33,88,76,5.16,517391330.87960243,94242505.0,0.35,-62.96,2083380,1171466,841720,-0.012
5360,AKBA,Healthcare,Drug Manufacturers - Specialty & Generic,NASDAQ,49.38,10,19,16,22,0.88,239696904.5676911,277106245.0,0.075100005,-72.5,5647430,7833573,6983152,-0.214
5361,WSHP,Communication Services,Internet Content & Information,NASDAQ,49.37,10,6,6,1,4.99,58234148.55164766,11717133.0,0.191,-98.0,183210,591153,378310,-0.807
5362,ACR,Real Estate,REIT - Mortgage,NYSE,49.34,10,14,30,51,10.3,170830124.1214199,15672489.0,0.0179,-58.15,52960,47570,42722,-0.148
5363,CISO,Technology,Software - Infrastructure,NASDAQ,49.33,9,8,8,9,0.21,9469336.435374916,45525655.0,0.0031,-85.81,141450,160816,166478,-0.137
5364,HUMA,Healthcare,Biotechnology,NASDAQ,49.31,9,6,14,7,0.48,145010614.91639823,277798105.0,0.115200005,-81.18,4227820,4709973,6271382,0.349
5365,TARA,Healthcare,Biotechnology,NASDAQ,49.24,9,29,29,73,2.56,151751442.58002687,56204237.0,0.076,-67.26,2085430,1254880,897170,
5366,FLUT,Consumer Cyclical,Gambling,NYSE,49.21,9,14,15,7,76.25,12982459796.940552,173539102.0,0.0983,-70.27,2908990,2913076,3181478,0.033
5367,CNF,Financial Services,Mortgage Finance,NYSE,49.2,9,8,11,8,1.9,32536355.99575138,16858216.0,0.0013,-70.72,4590,4003,5434,
5368,NYXH,Healthcare,Medical Devices,NASDAQ,49.19,9,12,4,10,1.43,138502696.576836,101840217.0,0.003,-79.2,238840,445843,316192,4.728
5369,VITL,Consumer Defensive,Farm Products,NASDAQ,49.13,9,9,11,4,9.4,388959607.33478355,42931522.0,0.3508,-79.18,1813500,1709696,1627780,-0.101
5370,FAC,Industrials,Electrical Equipment & Parts,NASDAQ,49.13,9,6,10,46,5.46,642139470.0,107023245.0,2.05,-78.44,380810,403983,360216,
5371,UAMY,Basic Materials,Other Industrial Metals & Mining,NYSE,49.07,9,20,35,94,3.99,591260633.1932082,148185622.0,0.2326,-79.76,4425580,5630776,6240092,-0.247
5372,STXS,Healthcare,Medical Instruments & Supplies,NYSE ARCA,49.01,9,10,16,23,1.15,118238564.7841866,100202178.0,0.065799996,-67.97,500370,521526,596670,-0.128
5373,GLXG,Industrials,Staffing & Employment Services,NASDAQ,48.98,9,10,7,16,0.99,5901899.906853437,5961515.0,0.0117,-81.11,167610,98766,199332,0.022
5374,CANF,Healthcare,Biotechnology,NYSE ARCA,48.95,9,8,15,5,2.14,4670752.603030443,2142547.0,0.0279,-83.28,35760,737903,457008,0.0
5375,PCSA,Healthcare,Biotechnology,NASDAQ,48.95,9,15,8,11,1.52,4497351.499959707,2793386.0,0.0063,-89.33,18980,24573,268030,
5376,APP,Communication Services,Advertising Agencies,NASDAQ,48.89,9,9,37,63,278.78,90105698732.70242,335939521.0,0.0376,-62.23,5667500,5082070,5973110,0.528
5377,CNCK,Financial Services,Capital Markets,NASDAQ,48.83,9,17,35,8,1.4,271958734.0008429,191520241.0,0.0075,-84.96,60590,48906,91878,0.361
5378,BODI,Communication Services,Internet Content & Information,NASDAQ,48.7,9,13,92,95,4.94,35840901.67578125,7284736.0,0.0538,-70.72,18540,28503,43628,-0.224
5379,IBG,Consumer Defensive,Beverages - Wineries & Distilleries,NASDAQ,48.66,9,5,5,0,0.89,3587443.800625086,4220522.0,0.0125,-96.4,18800,28653,160152,
5380,UTI,Consumer Defensive,Education & Training Services,NYSE,48.62,9,12,91,76,19.67,1067745530.542242,55095231.0,0.1259,-61.69,1697260,1794910,1815420,0.072
5381,ARRY,Technology,Solar,NASDAQ,48.61,9,10,20,57,4.06,627611610.5039787,153826378.0,0.2911,-66.8,6619680,6317763,6799394,-0.056
5382,QNC,Technology,Software - Infrastructure,NYSE ARCA,48.51,9,8,19,18,1.63,348877282.62392163,219419670.0,10.0,-63.29,1478370,1210603,926930,
5383,IPX,Basic Materials,Other Industrial Metals & Mining,NASDAQ,48.49,9,8,12,52,17.01,614721526.6469421,36224016.0,0.0294,-72.32,265530,325550,292046,
5384,PHAT,Healthcare,Biotechnology,NASDAQ,48.47,9,22,31,85,6.78,559834469.4522514,80900934.0,0.1321,-62.97,1300260,1240470,1463688,0.88
5385,ATPC,Consumer Defensive,Packaged Foods,NASDAQ,48.35,9,5,8,4,2.08,2062290.29478693,1000626.0,0.023,-97.17,9090,17380,155010,-0.934
5386,STUB,Communication Services,Internet Content & Information,NYSE,48.34,9,8,39,5,5.73,2067106657.757698,382089966.0,0.0975,-73.34,6718980,6626833,6650064,0.332
5387,IHRT,Communication Services,Broadcasting,NASDAQ,48.34,9,21,83,94,2.01,300290994.77710724,154789168.0,0.075,-69.36,706520,613320,650096,0.047
5388,LXEO,Healthcare,Biotechnology,NASDAQ,48.27,9,24,15,87,3.3,289771181.2714391,82088154.0,0.2932,-69.97,2466070,1423823,1213282,
5389,PZZA,Consumer Cyclical,Restaurants,NASDAQ,48.19,9,11,27,37,19.58,639286142.0608978,32902014.0,0.2865,-64.87,1400660,1410616,1589338,-0.088
5390,FLYX,Industrials,Airlines,NYSE ARCA,48.11,9,5,8,30,1.24,65189685.0,52151748.0,0.0004,-86.04,170410,261313,321912,0.217
5391,FBGL,Industrials,Engineering & Construction,NASDAQ,48.05,9,15,28,23,3.56,5143499.92275238,1350000.0,0.0088,-74.57,89955,350363,222640,2.267
5392,MNTS,Industrials,Aerospace & Defense,NASDAQ,47.96,9,6,12,6,3.6,81484218.54783726,21963401.0,0.0847,-89.55,602780,601240,874864,-0.869
5393,CCTG,Industrials,Electrical Equipment & Parts,NASDAQ,47.9,9,6,24,2,0.51,6165404.392195702,13580186.0,0.0016,-98.05,583710,250416,312800,0.05
5394,EVO,Healthcare,Drug Manufacturers - Specialty & Generic,NASDAQ,47.78,9,10,16,25,1.63,568622597.2731369,355389118.0,0.00029999999,-61.83,117860,140456,110622,-0.162
5395,BYRN,Industrials,Aerospace & Defense,NASDAQ,47.7,9,4,3,4,3.69,81448544.36641026,23404754.0,0.088999994,-87.95,313500,313713,469628,-0.425
5396,FRMI,Real Estate,REIT - Specialty,NASDAQ,47.67,9,11,16,4,4.23,2581083546.8153973,640467348.0,0.1301,-86.94,15772650,16412823,18122062,
5397,MKZR,Real Estate,REIT - Diversified,NASDAQ,47.61,9,5,4,13,1.38,3715307.1949539185,2774688.0,0.0058,-77.0,17110,12066,68764,0.236
5398,RUN,Technology,Solar,NASDAQ,47.54,9,11,29,36,7.77,1839215011.8699331,238549287.0,0.3538,-65.37,7832730,7293720,8126098,0.528
5399,AIRS,Healthcare,Medical Care Facilities,NASDAQ,47.53,9,16,80,35,1.86,127608518.55489302,72095209.0,0.0747,-84.5,960390,923426,935630,-0.025
5400,CHR,Communication Services,Advertising Agencies,NASDAQ,47.52,9,8,9,1,1.47,3869997.394080043,2345453.0,0.041100003,-96.5,45950,31110,35208,-0.147
5401,LU,Financial Services,Credit Services,NYSE,47.48,9,11,8,16,1.01,884022653.3092213,866688892.0,6.67,-75.37,2185870,1399606,1243496,-0.113
5402,ARBK,Financial Services,Capital Markets,NASDAQ,47.46,9,8,10,2,2.17,32928518.25,14634897.0,0.0004,-98.94,17230,15570,15838,-0.552
5403,FLNA,Healthcare,Biotechnology,NASDAQ,47.4,9,5,9,20,0.87,44926343.625525,48307896.0,0.1314,-82.53,1877900,3937413,2483750,
5404,SKIN,Consumer Defensive,Household & Personal Products,NASDAQ,47.28,9,17,13,14,0.59,81988680.06944048,130140763.0,0.1521,-66.48,260610,337783,408710,-0.078
5405,CCOI,Communication Services,Telecom Services,NASDAQ,47.25,9,7,6,15,9.31,433285128.5137253,51215736.0,0.1858,-79.62,2179270,2138253,2032790,-0.042
5406,PLAY,Communication Services,Entertainment,NASDAQ,47.23,9,10,11,15,6.86,235106847.0,34830644.0,0.3621,-68.96,1990950,2866890,2269466,-0.024
5407,BTMD,Healthcare,Medical Care Facilities,NASDAQ,47.18,9,11,37,14,1.14,32979226.666272998,28677589.0,0.063,-65.03,127380,192503,241764,-0.095
5408,SMXT,Technology,Solar,NASDAQ,47.13,9,4,6,9,3.42,10243184.807027578,4742215.0,0.0101,-77.56,406230,152026,100086,1.141
5409,DXF,Financial Services,Credit Services,NYSE ARCA,47.08,9,6,5,2,0.47,1488539.787002921,3235956.0,0.0116,-86.53,77170,488850,1432542,-0.532
5410,SLI,Basic Materials,Other Industrial Metals & Mining,NYSE ARCA,47.08,9,11,11,76,1.73,429404444.23351717,246784162.0,3.87,-72.97,2457000,1900560,1811748,
5411,SPRO,Healthcare,Biotechnology,NASDAQ,46.96,9,7,23,91,1.19,69299447.46222353,58234827.0,0.0202,-61.36,693330,710523,709742,
5412,SCLX,Healthcare,Drug Manufacturers - General,NASDAQ,46.92,9,23,96,13,3.96,28561031.81746912,7034737.0,0.0319,-76.45,42290,36686,44984,-0.228
5413,EOSE,Industrials,Electrical Equipment & Parts,NASDAQ,46.88,9,9,10,26,3.26,1168978472.131897,364167744.0,0.3328,-83.59,28885230,26528133,27096128,3.514
5414,OI,Consumer Cyclical,Packaging & Containers,NYSE,46.87,9,11,18,21,5.75,860494568.5458646,153659747.0,0.15689999,-66.0,3807380,3421736,3479680,-0.022
5415,TNXP,Healthcare,Biotechnology,NASDAQ,46.74,9,25,14,17,7.7,152815621.22296143,17151024.0,0.1657,-68.79,791360,575243,523226,5.779
5416,PPBT,Healthcare,Biotechnology,NASDAQ,46.74,9,5,2,6,1.47,2456569.1544849873,1626867.0,0.0498,-89.57,23730,2659533,1626428,
5417,HUHU,Industrials,Specialty Industrial Machinery,NASDAQ,46.65,9,8,18,93,3.92,127500642.61079407,26785848.0,0.0016,-67.87,185760,107410,78028,0.086
5418,RARE,Healthcare,Biotechnology,NASDAQ,46.55,9,8,82,30,14.46,1500522673.3860693,98588873.0,0.17379999,-63.75,4528800,5877803,4385718,0.281
5419,RDHL,Healthcare,Drug Manufacturers - Specialty & Generic,NASDAQ,46.54,9,12,10,8,0.48,4443842.0,8887684.0,0.039300002,-77.78,150730,3807406,2299030,
5420,ENGN,Healthcare,Biotechnology,NASDAQ,46.46,9,10,3,82,1.8,130011656.87470436,67016316.0,0.0221,-85.31,835510,744733,705992,
5421,MBIO,Healthcare,Biotechnology,NASDAQ,46.42,9,8,11,9,0.46,3569005.2194095254,7577506.0,0.0087,-75.14,26750,25713,28240,
5422,ELOG,Industrials,Integrated Freight & Logistics,NASDAQ,46.38,8,7,10,6,0.57,6377504.113197327,12832000.0,0.0223,-81.42,30320,697526,420176,-0.018
5423,IMSR,Utilities,Utilities - Regulated Electric,NASDAQ,46.31,8,14,10,10,3.93,400435302.4491677,105935266.0,0.119899996,-87.52,1240270,1361896,1506512,
5424,DGNX,Industrials,Consulting Services,NASDAQ,46.3,8,13,0,1,1.29,37249203.6474154,29100941.0,0.0499,-99.6,508170,392970,895446,0.033
5425,SPRU,Technology,Solar,NYSE,46.25,8,10,17,88,1.61,30418454.70621419,19252186.0,0.0585,-76.15,96910,157010,122222,-0.087
5426,ANVS,Healthcare,Biotechnology,NYSE,46.03,8,8,22,24,1.18,50361287.38139427,42679059.0,0.1548,-78.55,819280,1160720,932526,
5427,ICMB,Financial Services,Asset Management,NASDAQ,46.02,8,6,4,16,0.72,11401653.189687252,14432472.0,0.029000001,-76.92,42050,34616,34628,-0.311
5428,GOGO,Communication Services,Telecom Services,NASDAQ,46.0,8,9,9,14,2.3,285921574.60465956,135507862.0,0.17809999,-76.84,1621520,1848870,1869514,-0.014
5429,UXIN,Consumer Cyclical,Auto & Truck Dealerships,NASDAQ,45.92,8,6,7,20,1.25,280474827.5302619,219980261.0,0.0081,-70.1,1918410,672796,531716,0.749
5430,DCGO,Healthcare,Medical Care Facilities,NASDAQ,45.88,8,7,19,6,0.36,36603497.00172722,98928369.0,0.0287,-78.18,633980,666600,774632,-0.087
5431,INSE,Consumer Cyclical,Gambling,NASDAQ,45.83,8,11,32,22,3.97,91331756.71764278,26358372.0,0.0637,-60.1,542600,316663,269574,-0.243
5432,DOGZ,Consumer Cyclical,Leisure,NASDAQ,45.78,8,8,4,1,0.88,12914485.412423372,14510658.0,0.0021,-94.39,8270,13640,843366,-0.052
5433,GAIA,Communication Services,Entertainment,NASDAQ,45.73,8,7,10,14,1.41,35341851.90628111,25425793.0,0.0074,-77.93,78900,85540,114690,-0.053
5434,FICO,Technology,Software - Application,NYSE,45.71,8,12,38,12,695.46,14281436143.75,21597635.0,0.1082,-63.13,1589460,790913,638344,0.257
5435,HXHX,Industrials,Integrated Freight & Logistics,NASDAQ,45.71,8,28,17,19,0.32,5711360.168457031,14720000.0,0.0042,-80.49,3225740,1323673,1868162,-0.065
5436,TTEC,Technology,Information Technology Services,NASDAQ,45.71,8,7,16,23,1.35,68028396.96493864,49295940.0,0.2084,-66.17,396600,385403,467292,-0.113
5437,INTJ,Industrials,Consulting Services,NASDAQ,45.69,8,4,4,20,2.86,4397249.838709831,1537500.0,0.0108,-77.16,10270,8413,8810,0.035
5438,CGTL,Consumer Cyclical,Specialty Retail,NASDAQ,45.67,8,7,3,30,3.66,6464398.783603907,1719255.0,1.2768,-96.19,16230,44876,415968,0.503
5439,RMSG,Technology,Software - Application,NASDAQ,45.66,8,4,1,64,0.32,4688914.165078104,16168670.0,0.0198,-91.79,3131220,1956580,1449636,
5440,SOC,Energy,Oil & Gas Drilling,NYSE,45.64,8,6,3,25,3.57,673462195.8901892,191869572.0,0.3107,-82.79,8819990,7891483,8619538,
5441,BGLC,Basic Materials,Specialty Chemicals,NASDAQ,45.62,8,7,8,11,1.24,3725471.284049034,2933442.0,0.0050999997,-78.94,12100,7083,12104,-0.966
5442,NIKI,Healthcare,Biotechnology,NASDAQ,45.62,8,8,18,22,4.96,3746124.922335148,814375.0,0.0224,-80.85,16520,178050,122144,
5443,KRMN,Industrials,Aerospace & Defense,NYSE,45.57,8,11,10,88,33.29,4524700710.227844,132533708.0,0.113000005,-71.88,3454200,3712953,3214002,0.582
5444,METC,Basic Materials,Coking Coal,NASDAQ,45.53,8,16,15,20,8.22,516471297.83608437,63683270.0,0.65480006,-85.78,1863940,2136853,2239340,-0.053
5445,TREE,Financial Services,Insurance Brokers,NASDAQ,45.46,8,10,34,28,24.7,345934774.470932,14039561.0,0.0646,-64.17,332990,404520,444802,0.253
5446,YRD,Financial Services,Credit Services,NYSE,45.27,8,5,5,5,0.98,83726458.67883897,87488461.0,0.0073,-85.57,81990,57293,57268,-0.461
5447,NAII,Consumer Defensive,Packaged Foods,NASDAQ,45.14,8,13,15,19,1.33,9271973.679492474,6264847.0,0.0026,-73.19,27240,22870,45862,0.019
5448,REVB,Healthcare,Biotechnology,NASDAQ,45.09,8,9,5,2,0.75,3043329.8183016777,3983416.0,0.0001,-88.91,52040,35390,35362,
5449,FLL,Consumer Cyclical,Resorts & Casinos,NASDAQ,45.06,8,16,31,25,1.36,50935826.67579651,36644480.0,0.0201,-59.64,216640,181243,158328,0.056
5450,ASPI,Basic Materials,Specialty Chemicals,NASDAQ,45.03,8,10,15,14,2.85,446130308.95864964,153309380.0,0.1858,-80.33,4886510,4292313,3989024,3.276
5451,PLCE,Consumer Cyclical,Apparel Manufacturing,NASDAQ,44.99,8,10,18,12,1.91,44251763.5420692,22237067.0,0.4386,-80.02,111240,232036,215682,-0.189
5452,PCT,Industrials,Pollution & Treatment Controls,NASDAQ,44.99,8,14,18,11,4.01,881972089.076314,200904810.0,0.38549998,-74.11,7335970,4580210,4527996,1.735
5453,TRAW,Healthcare,Biotechnology,NASDAQ,44.98,8,4,5,12,0.52,8759917.780077517,15368277.0,0.0469,-84.1,3062280,1076260,689312,
5454,ONMD,Healthcare,Health Information Services,NASDAQ,44.98,8,23,19,52,4.97,31395919.162299156,5824846.0,0.0287,-88.22,93062,53041,143707,0.884
5455,GRNQ,Industrials,Consulting Services,NASDAQ,44.96,8,78,12,95,8.4,15372424.450172424,1812786.0,0.0125,-73.58,72260,108793,70223,-0.293
5456,UPLD,Technology,Software - Application,NASDAQ,44.85,8,5,7,4,3.74,11030322.486403942,2957191.0,0.0378,-86.4,50830,39683,37172,-0.079
5457,OCS,Healthcare,Biotechnology,NASDAQ,44.71,8,18,10,83,8.72,537663849.0972176,61588073.0,0.029000001,-74.71,336600,237643,245872,0.188
5458,BOXL,Technology,Consumer Electronics,NASDAQ,44.66,8,14,3,5,3.6,4003138.3666992188,844544.0,0.1251,-95.67,37950,52936,1620954,-0.16
5459,TPST,Healthcare,Biotechnology,NASDAQ,44.62,8,6,3,7,0.79,13697600.859819293,16889767.0,0.0436,-93.54,498700,5230823,3255784,
5460,NTHI,Healthcare,Biotechnology,NASDAQ,44.61,8,11,14,14,2.99,86128086.47470951,28805380.0,0.0381,-76.98,162160,188866,222362,
5461,FLNC,Utilities,Utilities - Renewable,NASDAQ,44.47,8,14,69,89,8.03,1089474923.7944012,143163588.0,0.36540002,-76.04,6911360,7675120,7834852,0.079
5462,AIFC,Technology,Software - Infrastructure,NASDAQ,44.39,8,6,3,3,0.45,69918255.5,139836511.0,0.0797,-85.48,702370,675033,823008,-0.622
5463,SAIQ,Industrials,Aerospace & Defense,NASDAQ,44.36,8,37,51,50,5.16,55080030.35984337,29772989.0,,-60.15,7273040,2458420,1479072,
5464,GMEX,Technology,Consumer Electronics,NASDAQ,44.31,8,0,0,0,2.64,1843691.1858832836,752527.0,0.1659,-99.91,371720,2886387,2031271,0.032
5465,JAGU,Energy,Uranium,NYSE ARCA,44.17,8,14,8,11,1.16,24030595.78549719,20193777.0,0.0077,-78.91,300280,171756,138050,
5466,HRTX,Healthcare,Biotechnology,NASDAQ,44.17,8,7,3,11,0.33,66448306.31839207,189852307.0,0.291,-79.11,2367010,2250063,2571962,0.013
5467,DXST,Industrials,Waste Management,NASDAQ,44.15,8,4,4,0,1.96,5360609.9290008545,2215128.0,0.0466,-96.84,4658200,1580240,1567260,2.38
5468,CRGO,Technology,Software - Application,NASDAQ,44.15,8,12,10,23,0.87,50615427.568983436,52073485.0,0.0013,-79.48,78800,65973,202418,0.034
5469,MBOT,Healthcare,Medical Devices,NASDAQ,44.02,8,11,18,43,1.07,77903328.79835844,67158044.0,0.105500005,-69.08,825650,594366,686432,
5470,LASE,Industrials,Specialty Industrial Machinery,NASDAQ,43.95,8,7,17,5,0.76,50538391.814368844,60670338.0,0.1319,-84.17,989890,4243433,3274140,-0.305
5471,BLND,Technology,Software - Application,NYSE,43.85,8,13,20,7,1.02,243608711.80329967,236513319.0,0.0588,-71.78,1511920,1859876,2188722,0.07
5472,LCID,Consumer Cyclical,Auto Manufacturers,NASDAQ,43.84,8,9,5,8,4.16,1611760661.7013474,390256808.0,0.5436,-83.51,8703420,11368443,11393884,0.562
5473,MTEN,Industrials,Metal Fabrication,NASDAQ,43.82,8,5,4,0,0.96,7715804.027144909,7639410.0,0.0177,-99.92,1134200,885613,1922136,0.17
5474,ONEG,Industrials,Engineering & Construction,NASDAQ,43.72,8,15,3,87,0.93,16000000.0,16000000.0,0.0023,-93.78,44310,36106,39362,-0.117
5475,CWD,Financial Services,Asset Management,NASDAQ,43.71,8,5,5,9,0.52,5030087.5065841675,8840224.0,0.0508,-88.72,676230,3783916,2391668,-0.173
5476,SPRY,Healthcare,Biotechnology,NASDAQ,43.61,8,8,16,12,4.3,404750703.08126783,99447343.0,0.3345,-67.3,1362020,1453160,1742682,1.142
5477,GRSD,Consumer Cyclical,Gambling,NASDAQ,43.57,8,7,4,8,1.51,53752170.30051613,35597464.0,0.0465,-82.21,201520,179880,257704,-0.046
5478,BESS,Utilities,Utilities - Renewable,NYSE ARCA,43.41,8,11,25,4,2.27,16395393.223873615,7097573.0,0.0374,-86.74,108630,70513,75084,
5479,GNS,Consumer Defensive,Education & Training Services,NYSE ARCA,43.28,8,7,3,11,0.15,28792127.344096303,191947508.0,0.048299998,-85.85,30326200,12853730,8929900,1.281
5480,BLNE,Financial Services,Mortgage Finance,NASDAQ,43.27,8,9,7,73,0.78,28416990.92323041,32928148.0,0.0525,-79.79,300150,365033,364930,0.601
5481,NEGG,Consumer Cyclical,Internet Retail,NASDAQ,43.22,8,8,3,98,11.91,240991255.19943237,20974000.0,0.229,-87.63,38830,49250,62364,-0.081
5482,VSME,Communication Services,Advertising Agencies,NASDAQ,43.14,7,15,17,2,0.89,2571515.119777322,2765070.0,0.1543,-98.34,1266210,1389713,870822,0.009
5483,PAL,Industrials,Integrated Freight & Logistics,NASDAQ,43.11,7,12,36,27,3.42,99868404.27479887,28052923.0,0.1584,-68.82,870100,829880,805388,-0.053
5484,NSPR,Healthcare,Medical Devices,NASDAQ,43.01,7,13,5,14,0.53,29040156.663345575,46838962.0,0.00059999997,-79.38,101990,65783,84120,-0.004
5485,BIOA,Healthcare,Drug Manufacturers - Specialty & Generic,NASDAQ,42.92,7,23,98,97,6.29,303378574.61789846,45896909.0,0.0753,-75.77,973350,761023,1006984,0.016
5486,CLIK,Consumer Cyclical,Personal Services,NASDAQ,42.84,7,7,3,4,1.09,9076814.490019321,8563033.0,0.0058,-90.76,45170,302676,191032,0.572
5487,FNUC,Basic Materials,Other Industrial Metals & Mining,NASDAQ,42.8,7,9,8,10,1.16,45950777.852920055,35899046.0,0.0375,-84.39,323730,389523,361504,
5488,PRSO,Technology,Semiconductors,NASDAQ,42.79,7,7,16,42,0.45,7106617.121975005,15120462.0,0.0468,-81.01,143330,226330,261556,-0.411
5489,PMI,Healthcare,Medical Devices,NYSE ARCA,42.76,7,1,0,3,8.74,13517305.01066494,2338634.0,0.1499,-98.72,299640,1921023,1902508,0.386
5490,PCTTU,Industrials,Pollution & Treatment Controls,NASDAQ,42.74,7,20,73,9,4.72,,,,-73.48,210,76,46,1.735
5491,CMTG,Real Estate,REIT - Mortgage,NYSE,42.71,7,8,20,30,1.21,173533576.07096767,141084206.0,0.0396,-66.57,904810,907750,848394,
5492,GFAI,Industrials,Security & Protection Services,NASDAQ,42.65,7,11,10,11,0.25,9669147.743606716,31393337.0,0.020399999,-79.67,154910,126020,180456,0.064
5493,NCRA,Consumer Defensive,Packaged Foods,NASDAQ,42.64,7,2,0,2,1.65,3563986.8395739794,2186495.0,0.0425,-97.71,187710,2348286,4368074,-0.461
5494,CLRB,Healthcare,Biotechnology,NASDAQ,42.4,7,18,19,12,1.51,16824751.96957302,9452108.0,0.020299999,-76.84,82840,58583,51544,
5495,COE,Consumer Defensive,Education & Training Services,NYSE ARCA,42.37,7,6,12,37,10.3,63557392.24167824,6007315.0,0.0095999995,-81.65,39100,56376,40272,0.588
5496,GPMT,Real Estate,REIT - Mortgage,NYSE,42.28,7,9,17,18,7.6,36678803.245814204,48198166.0,0.0064999997,155.03,25519,29759,27282,
5497,MTEK,Technology,Electronic Components,NASDAQ,42.26,7,14,9,20,0.62,7824441.264754534,10559300.0,0.0347,-78.01,5099560,1735163,1061360,1.938
5498,WVE,Healthcare,Biotechnology,NASDAQ,42.05,7,12,16,25,3.52,744842095.8624065,197048175.0,0.1104,-83.8,3783190,3358720,3373210,-0.739
5499,MIST,Healthcare,Biotechnology,NASDAQ,42.0,7,14,13,86,0.76,100843364.09682631,124497980.0,0.14850001,-75.16,1169380,1349926,1545090,
5500,JKS,Technology,Solar,NYSE,41.97,7,10,13,57,9.09,479187200.2223587,52370188.0,0.0929,-71.49,734360,858710,745442,-0.313
5501,LYEL,Healthcare,Biotechnology,NASDAQ,41.93,7,22,20,93,8.61,226917611.26878166,24505141.0,0.056599997,-80.87,133960,126513,146760,-0.5
5502,TTD,Communication Services,Advertising Agencies,NASDAQ,41.84,7,7,11,7,11.92,5649901402.6214905,472795104.0,0.2417,-78.86,20173790,23472430,26441138,0.03
5503,ADXN,Healthcare,Biotechnology,NASDAQ,41.77,7,7,18,26,3.18,5379975.333012342,1752435.0,0.0002,-73.43,18980,35853,176090,-0.727
5504,STEM,Utilities,Utilities - Renewable,NYSE,41.77,7,8,9,26,4.77,41009931.64338684,9626744.0,0.1279,-85.2,236100,152833,146040,-0.123
5505,INBS,Healthcare,Medical Devices,NASDAQ,41.71,7,8,6,1,1.58,5505892.869289756,3316803.0,0.037100002,-93.65,52600,219426,176104,0.358
5506,GOAI,Technology,Software - Infrastructure,NASDAQ,41.71,7,16,6,8,1.8,74412104.05757189,41111661.0,0.0091,-90.0,94190,185003,168002,0.016
5507,BRBR,Consumer Defensive,Packaged Foods,NYSE,41.66,7,13,9,6,7.69,863946961.4595251,116278194.0,0.1277,-78.44,4785090,3527436,3714202,0.042
5508,ZDAI,Industrials,Engineering & Construction,NASDAQ,41.65,7,5,4,6,1.42,13237009.970006824,8388473.0,0.0028,-88.17,8600,8813,28420,-0.64
5509,LGO,Basic Materials,Other Industrial Metals & Mining,NASDAQ,41.61,7,14,7,23,0.47,53852689.16340977,114580190.0,6.26,-82.59,1810740,836020,765602,0.685
5510,CMTL,Technology,Communication Equipment,NASDAQ,41.51,7,6,8,82,1.25,39549090.4915396,29961431.0,0.0145000005,-79.87,215500,277720,298028,-0.164
5511,YOUL,Consumer Defensive,Education & Training Services,NASDAQ,41.5,7,3,4,11,0.4,32082458.58615786,81016310.0,0.0138,-81.22,37120,54960,233732,0.177
5512,QTI,Healthcare,Medical Devices,NASDAQ,41.46,7,7,4,17,2.58,39079520.19667816,14636524.0,0.0188,-92.98,22410,29930,30412,1.032
5513,NRDY,Technology,Software - Application,NYSE,41.45,7,9,24,22,6.75,65025000.81062317,8500000.0,0.07,-69.8,16850,19710,26725,-0.045
5514,YXT,Technology,Software - Application,NASDAQ,41.35,7,6,9,6,2.24,14145969.9334445,6610266.0,0.62,-93.03,17030,20410,1521040,0.06
5515,KG,Financial Services,Insurance - Reinsurance,NASDAQ,41.28,7,7,16,19,5.33,40997915.40922165,7824030.0,0.0179,-79.95,16080,33390,25638,0.201
5516,ALIT,Technology,Software - Application,NYSE,41.28,7,11,30,2,9.06,233811788.5782051,26419410.0,0.0394,-86.62,554420,461733,518254,-0.032
5517,EH,Industrials,Aerospace & Defense,NASDAQ,41.2,7,7,4,15,4.1,313999788.5535517,75845362.0,0.17860001,-79.23,673770,741616,659822,-0.471
5518,SNES,Basic Materials,Specialty Chemicals,NASDAQ,41.08,7,4,11,13,0.83,4224939.13265717,5423542.0,0.0066000004,-81.35,73260,63680,94576,0.232
5519,AVXL,Healthcare,Biotechnology,NASDAQ,41.07,7,17,7,6,1.6,168708257.30214286,92696842.0,0.1609,-84.59,1548730,1030963,965640,
5520,ORGO,Healthcare,Drug Manufacturers - Specialty & Generic,NASDAQ,41.06,7,7,15,12,1.34,171137154.36211252,128674548.0,0.1726,-81.07,667510,668123,771424,-0.567
5521,PLSM,Healthcare,Medical Devices,NASDAQ,41.05,7,7,15,8,2.16,14241228.732095718,6502844.0,0.0058,-83.35,51940,81733,69216,0.52
5522,GEOS,Energy,Oil & Gas Equipment & Services,NASDAQ,40.96,7,7,9,19,4.69,62090896.86727047,12935603.0,0.0342,-84.31,92570,82320,114710,-0.364
5523,CUPR,Healthcare,Medical Instruments & Supplies,NASDAQ,40.92,7,37,35,5,2.17,16949094.89434433,7003758.0,0.0038,-85.34,193670,150593,114202,2.674
5524,KLC,Consumer Defensive,Education & Training Services,NYSE,40.89,7,10,73,8,2.0,220441683.07539976,118517033.0,0.106800005,-70.93,746940,655063,852938,-0.004
5525,AMCI,Technology,Computer Hardware,NASDAQ,40.83,7,10,11,15,2.93,71907879.38217044,23889661.0,0.020399999,-81.65,53420,114820,132468,-0.329
5526,DAVA,Technology,Software - Infrastructure,NYSE,40.75,7,12,5,7,1.88,101458014.37223661,52842717.0,0.0421,-80.97,989540,622376,476934,-0.084
5527,YCBD,Healthcare,Drug Manufacturers - Specialty & Generic,NYSE ARCA,40.74,7,15,17,14,0.41,5109500.522671491,11205045.0,0.048499998,-83.98,104890,686873,486312,0.206
5528,KLRS,Healthcare,Biotechnology,NASDAQ,40.72,7,14,32,65,2.66,64273449.83510995,23804981.0,0.0382,-77.61,77940,70573,69008,
5529,FRSX,Consumer Cyclical,Auto Parts,NASDAQ,40.67,7,5,4,5,1.08,4621687.859676719,4126507.0,0.0015,-86.42,58930,151203,112172,-0.328
5530,WLDS,Technology,Consumer Electronics,NASDAQ,40.62,7,5,1,4,1.4,3419039.9548131227,2459741.0,0.010299999,-97.05,431410,317443,852902,0.19
5531,MRM,Consumer Cyclical,Personal Services,NASDAQ,40.59,7,11,15,25,0.55,4519916.183004856,7901951.0,0.002,-80.7,33480,26580,32310,-0.067
5532,EZRA,Financial Services,Insurance Brokers,NASDAQ,40.56,7,4,1,2,2.5,1806085.6391458511,820948.0,0.023,-95.3,337860,144683,2376412,-0.316
5533,CCB,Financial Services,Banks - Regional,NASDAQ,40.52,7,9,22,23,40.76,614051727.5998993,15286327.0,0.0881,-66.05,298440,216726,310184,-0.015
5534,EJH,Consumer Cyclical,Personal Services,NASDAQ,40.45,7,3,4,0,1.22,4768229.490519047,3200154.0,0.0034,-95.4,548530,197446,568066,-0.003
5535,IDN,Technology,Software - Application,NASDAQ,40.42,7,8,12,94,2.31,46005506.223442554,20266743.0,0.0639,-74.56,136250,264726,357284,0.16
5536,MODD,Healthcare,Medical Devices,NASDAQ,40.39,7,5,7,2,2.73,16546170.456803083,8150823.0,0.0547,-87.09,86720,217503,302680,
5537,AIXI,Technology,Software - Application,NASDAQ,40.34,7,4,0,92,1.85,238038.52247476578,131513.0,0.01,-96.59,14597950,14607576,9483298,-0.978
5538,AIIO,Consumer Cyclical,Auto Manufacturers,NASDAQ,40.23,7,6,98,0,1.13,141652342.2512703,119035576.0,0.0121,-97.23,3326250,1549076,1165792,95.278
5539,GUTS,Healthcare,Biotechnology,NASDAQ,40.22,7,28,30,4,4.57,64786198.97093153,159179848.0,0.018099999,86.91,239010,165653,139325,
5540,LFT,Real Estate,REIT - Mortgage,NYSE,40.14,7,8,13,19,5.09,26387158.019742012,5256406.0,0.013300001,-73.63,37430,25810,26342,
5541,XTIA,Industrials,Aerospace & Defense,NASDAQ,40.11,7,8,19,86,0.72,29627896.796094418,38477789.0,0.1007,-77.43,629280,900643,810174,56.223
5542,CAPR,Healthcare,Biotechnology,NASDAQ,40.09,6,8,90,99,7.75,520343940.4608679,58138989.0,0.3737,-80.8,4919500,4958386,7730828,
5543,DFSC,Industrials,Aerospace & Defense,NASDAQ,40.04,6,7,16,11,0.99,3853160.8096575737,3471316.0,0.0116,-83.5,110550,195973,3200966,0.92
5544,AUUD,Technology,Software - Application,NASDAQ,40.03,6,4,1,4,1.15,7021850.441373825,5803182.0,0.098400004,-93.9,1232110,1497783,4118926,
5545,METCB,Basic Materials,Coking Coal,NASDAQ,40.03,6,8,13,27,4.47,275748554.2413521,63683270.0,0.0318,-79.29,67420,95376,87916,-0.053
5546,PLYX,Healthcare,Biotechnology,NASDAQ,39.94,6,6,1,1,2.1,98474054.14799309,47343297.0,0.0087,-95.71,28410,39463,72802,
5547,FSP,Real Estate,REIT - Office,NYSE ARCA,39.9,6,7,8,8,0.31,34323865.0039078,104011708.0,0.0076,-81.76,977760,872546,645652,-0.013
5548,DYAI,Healthcare,Biotechnology,NASDAQ,39.89,6,11,59,29,0.45,18429303.71431759,40063703.0,0.0066000004,-71.88,142240,195070,189692,-0.006
5549,FLYE,Consumer Cyclical,Auto Manufacturers,NASDAQ,39.72,6,13,6,1,1.33,2260854.594432354,1632386.0,0.0074,-93.95,108470,2921630,1757172,-0.484
5550,INSG,Technology,Communication Equipment,NASDAQ,39.63,6,4,16,87,4.73,81063556.19775534,17584285.0,0.1898,-78.4,511250,314350,381212,0.094
5551,SLMT,Technology,Software - Infrastructure,NASDAQ,39.59,6,5,5,2,3.92,47670242.180057526,11009294.0,0.033800002,-98.39,104880,106776,83496,8.411
5552,CYCU,Technology,Information Technology Services,NASDAQ,39.38,6,3,1,2,3.27,98710077.97497153,25840335.0,0.011,-96.29,5304620,2006223,3880283,-0.034
5553,WCT,Technology,Software - Application,NASDAQ,39.35,6,8,1,2,0.91,72440481.91784096,56155414.0,0.0011,-95.75,2034150,1760983,1750879,-0.879
5554,CITR,Basic Materials,Specialty Chemicals,NYSE ARCA,39.3,6,13,11,60,2.86,65929781.165687084,22349078.0,0.0556,-72.42,63900,50760,41770,-0.592
5555,BYSI,Healthcare,Biotechnology,NASDAQ,39.18,6,4,17,54,0.69,32361298.359607458,41119820.0,0.067,-71.72,1127950,440270,1085048,
5556,FLUX,Industrials,Electrical Equipment & Parts,NASDAQ,39.11,6,7,6,13,0.49,13837850.57069993,21621642.0,0.0379,-93.51,17574070,5977380,3986968,-0.507
5557,SOWG,Consumer Defensive,Confectioners,NASDAQ,39.05,6,63,7,5,2.35,45827755.46493745,20099893.0,0.0036000002,-85.22,9360,16783,13120,
5558,UFG,Industrials,Marine Shipping,NASDAQ,38.86,6,7,12,10,0.39,14284599.922597408,32465000.0,0.0375,-75.0,177790,3971083,2420224,0.72
5559,MOBX,Technology,Semiconductors,NASDAQ,38.83,6,3,8,17,1.12,15133573.840837777,17952045.0,0.0919,-91.58,13456390,10389980,6563386,-0.664
5560,TRIB,Healthcare,Medical Devices,NASDAQ,38.77,6,5,6,35,7.15,4626721.126527786,813132.0,0.0252,-86.38,11030,14573,24130,
5561,OIO,Industrials,Waste Management,NASDAQ,38.26,6,5,2,37,1.8,661241996.9025064,348022108.0,0.001,-85.04,121880,142316,127594,
5562,AZI,Consumer Cyclical,Auto & Truck Dealerships,NASDAQ,38.15,6,3,3,0,1.12,74975572.00361824,66350064.0,0.0047,-99.05,50470,68523,3080342,-0.63
5563,BMGL,Healthcare,Medical Care Facilities,NASDAQ,37.9,6,7,12,6,3.33,5189324.034735441,1582111.0,0.2181,-84.67,31590,1109126,668156,0.671
5564,LSTA,Healthcare,Biotechnology,NASDAQ,37.72,6,11,79,94,1.21,15881977.329106808,10804066.0,0.0222,-76.13,53840,235660,342474,
5565,AEHL,Industrials,Building Products & Equipment,NASDAQ,37.65,6,2,5,0,11.76,190148560.0,19014856.0,0.0034,-97.19,97490,3094636,1969784,-0.386
5566,SEGG,Consumer Cyclical,Gambling,NASDAQ,37.47,6,2,36,2,2.42,7643497.108254671,3259487.0,0.0429,-93.25,36680,45536,78123,-0.974
5567,ALHC,Healthcare,Healthcare Plans,NASDAQ,37.35,6,15,65,68,8.37,1647035094.9295344,207435149.0,0.122,-66.68,11532250,10233776,8510900,0.316
5568,CHSN,Consumer Cyclical,Restaurants,NASDAQ,37.35,6,4,0,15,1.07,2508182.379666209,2322391.0,0.0519,-99.68,224950,94006,128692,-0.045
5569,PSQH,Technology,Software - Application,NYSE,37.35,6,6,4,6,3.96,17517688.88909912,3727168.0,0.0232,-89.44,31640,51383,258452,1.078
5570,SAGT,Technology,Software - Application,NASDAQ,37.3,6,5,6,34,0.57,13035750.314593315,22750000.0,0.0041,-83.19,94660,252810,739348,0.014
5571,LIQT,Industrials,Pollution & Treatment Controls,NASDAQ,37.19,6,8,5,37,0.49,17132876.691569805,32947841.0,0.0050999997,-85.37,1031080,411213,297882,-0.12
5572,UPB,Healthcare,Biotechnology,NASDAQ,37.18,6,10,8,13,4.59,276046044.5506506,54771041.0,0.126,-86.37,766140,657306,644602,-0.175
5573,ATYR,Healthcare,Biotechnology,NASDAQ,37.16,6,12,8,17,0.28,28151091.02177173,98087425.0,0.12529999,-75.0,15646600,5786103,3730780,
5574,GRML,Basic Materials,Other Precious Metals & Mining,NASDAQ,37.06,6,2,6,68,6.38,60013229.83156967,7615892.0,0.0908,-82.76,15762590,16556420,9994324,
5575,DARE,Healthcare,Biotechnology,NASDAQ,36.98,6,4,51,21,0.83,16581036.865831554,19669083.0,0.043899998,-78.04,283540,318706,606432,
5576,AEON,Healthcare,Biotechnology,NYSE ARCA,36.98,6,3,4,74,0.29,13917299.11168605,49882790.0,0.0785,-80.0,13296150,14514753,9536682,
5577,WNW,Consumer Cyclical,Internet Retail,NASDAQ,36.96,6,2,6,0,2.35,62798173.08389306,26330471.0,0.0091,-99.83,216540,1140533,715088,62.646
5578,PN,Technology,Solar,NASDAQ,36.89,6,4,15,0,2.44,38212923.48365188,14754025.0,0.0126,-93.9,213120,162540,681266,0.055
5579,QFIN,Financial Services,Credit Services,NASDAQ,36.78,6,8,16,10,6.37,785425163.9580173,121582842.0,0.0305,-79.17,2296500,2850930,2299710,-0.316
5580,GOSS,Healthcare,Biotechnology,NASDAQ,36.74,6,8,1,2,10.78,65506547.8433218,6116391.0,0.1573,-96.52,357310,279236,327492,-0.196
5581,FOFO,Industrials,Consulting Services,NASDAQ,36.64,6,6,6,6,2.02,16450389.324426651,7871000.0,0.0002,-90.74,823850,283286,175518,-0.727
5582,RPID,Healthcare,Medical Devices,NASDAQ,36.62,6,6,17,19,0.94,46146792.357127905,50159556.0,0.030299999,-80.97,308930,296743,271704,0.109
5583,NHTC,Consumer Cyclical,Internet Retail,NASDAQ,36.61,6,9,9,16,1.0,8577849.0,8577849.0,0.0043,-78.9,124750,74860,66128,-0.225
5584,YDDL,Industrials,Waste Management,NASDAQ,36.55,6,5,4,20,1.38,80127663.25093472,56033333.0,0.0058,-91.5,27130,1267080,763310,0.187
5585,PLAG,Industrials,Conglomerates,NYSE ARCA,36.48,6,5,76,18,0.72,9820573.316066563,14232715.0,0.0579,-89.43,154760,2265313,7100558,251.461
5586,SLQT,Financial Services,Insurance Brokers,NYSE,36.42,6,7,12,5,0.38,73676602.60440326,179261801.0,0.0121,-82.88,1154760,1376150,1088338,-0.068
5587,LENZ,Healthcare,Biotechnology,NASDAQ,36.38,6,6,3,5,3.79,112484825.54281807,31420343.0,0.5565,-92.3,816120,737603,747470,0.097
5588,TRNR,Consumer Cyclical,Personal Services,NASDAQ,36.23,6,3,1,0,2.24,3050675.2126579285,1380396.0,0.02,-99.14,63640,26066,26074,4.453
5589,LDI,Financial Services,Mortgage Finance,NYSE,36.2,6,7,10,22,0.62,214728591.95510006,338155268.0,0.17,-83.68,4713660,6247010,4790398,0.097
5590,GSIW,Financial Services,Capital Markets,NASDAQ,36.14,6,8,36,10,10.25,13907414.824716568,1462399.0,0.0057,-79.98,20360,43296,29770,-0.179
5591,CODX,Healthcare,Medical Devices,NASDAQ,36.09,6,2,30,2,1.15,7539824.819605708,6981319.0,0.0444,-97.53,331570,269536,377698,0.02
5592,BJDX,Healthcare,Medical Devices,NASDAQ,36.01,6,3,5,5,0.81,866056.4678281546,1034715.0,0.1353,-95.14,960890,2568203,4004014,
5593,UWMC,Financial Services,Mortgage Finance,NYSE,36.0,6,5,7,22,1.2,434824582.98888063,345098878.0,0.24790001,-80.49,12328020,11901556,16822528,-0.706
5594,ZEPP,Technology,Consumer Electronics,NYSE,35.96,6,8,3,91,3.9,56020226.4410069,14664981.0,0.05,-93.69,25710,41143,42814,0.069
5595,PRFX,Healthcare,Drug Manufacturers - Specialty & Generic,NASDAQ,35.95,6,5,3,6,0.88,3219212.538398266,3499144.0,0.0196,-88.93,54700,286420,341286,
5596,SWMR,Technology,Software - Infrastructure,NASDAQ,35.94,6,21,65,82,14.88,244792022.6884718,15936981.0,0.1254,-82.14,973290,898980,657722,0.566
5597,CLLS,Healthcare,Biotechnology,NASDAQ,35.92,6,33,30,89,1.4,144028127.53707957,100718974.0,0.0088,-74.45,73510,146440,95548,-0.621
5598,CNTB,Healthcare,Biotechnology,NASDAQ,35.9,6,24,55,96,0.9,58377183.572173774,62974309.0,0.0625,-76.44,18808560,7618730,4725890,56.667
5599,ENVX,Industrials,Electrical Equipment & Parts,NASDAQ,35.9,6,7,11,15,2.7,614455887.5358784,219448535.0,0.2703,-81.0,7596920,6369783,7533866,0.208
5600,TYGO,Technology,Solar,NASDAQ,35.85,6,6,26,98,0.87,66562806.19230902,76773711.0,0.060399998,-83.67,826220,802563,1187650,0.056
5601,MPLT,Healthcare,Biotechnology,NASDAQ,35.8,5,11,95,87,9.69,545753543.6196365,55575719.0,0.102299996,-76.03,391700,551666,781730,
5602,ACTU,Healthcare,Biotechnology,NASDAQ,35.73,5,6,6,4,0.81,19667631.575410366,24014202.0,0.1039,-90.46,278600,398210,333060,
5603,GVH,Industrials,Integrated Freight & Logistics,NASDAQ,35.67,5,4,93,28,1.12,2681173.954553604,2415472.0,0.0332,-82.66,45990,300403,567988,0.08
5604,PLUR,Healthcare,Biotechnology,NASDAQ,35.63,5,5,5,31,0.99,12468183.242271423,12344736.0,0.0056,-79.67,13610,23733,21650,-0.158
5605,XELB,Consumer Cyclical,Apparel Manufacturing,NASDAQ,35.59,5,10,36,70,0.6,4310100.0524100065,6560274.0,0.0054,-75.71,53420,65730,69892,-0.151
5606,IMNN,Healthcare,Biotechnology,NASDAQ,35.53,5,8,7,12,1.12,7182595.679456472,5611403.0,0.0347,-79.26,128580,126123,109702,
5607,MSC,Consumer Cyclical,Resorts & Casinos,NYSE,35.46,5,9,8,20,0.98,202217574.5666802,192588175.0,0.0004,-80.04,324780,125830,95570,-0.134
5608,ANTA,Financial Services,Credit Services,NASDAQ,35.43,5,5,6,23,2.54,55713274.15686965,24014343.0,0.0005,-81.62,89710,33750,23106,-0.282
5609,ZSQR,Technology,Software - Infrastructure,NASDAQ,35.4,5,2,10,58,4.36,210411577.60635352,53000397.0,11.1,-79.64,532400,431736,406378,
5610,EVMN,Healthcare,Biotechnology,NYSE,35.35,5,10,8,81,6.61,251141424.72886848,36292113.0,0.1173,-80.09,1023720,813383,682752,
5611,GMM,Technology,Information Technology Services,NASDAQ,35.32,5,1,0,20,1.75,8063562.415082455,4455007.0,0.0095999995,-98.28,21070,25123,551078,0.362
5612,IVF,Healthcare,Medical Devices,NASDAQ,35.32,5,4,2,2,0.8,2143458.542816639,2506969.0,0.0774,-99.05,156590,279033,2727358,0.167
5613,AURE,Financial Services,Capital Markets,NASDAQ,35.27,5,7,7,16,1.05,38727998.92425537,37600000.0,0.0008,-92.81,449400,199023,126104,
5614,NOMA,Consumer Cyclical,Leisure,NASDAQ,35.24,5,5,10,8,1.62,34588964.83778322,17783529.0,0.0047,-88.82,25790,27700,55724,1.142
5615,AMIX,Healthcare,Medical Devices,NASDAQ,35.21,5,5,6,7,3.47,7408565.583925724,1959938.0,0.031600002,-89.34,379400,1208420,5503966,
5616,HTCR,Technology,Software - Application,NASDAQ,35.16,5,4,10,5,1.75,3000349.468902588,1515328.0,0.012200001,-90.78,61480,29130,30712,0.716
5617,LOOP,Basic Materials,Specialty Chemicals,NASDAQ,35.05,5,4,12,61,0.42,21655225.30842513,48337555.0,0.0215,-78.89,110290,208270,2007582,-0.29
5618,GOW,Energy,Oil & Gas Equipment & Services,NASDAQ,34.77,5,20,46,48,4.01,180884491.2510109,46740180.0,,-69.2,3786080,1306150,797828,
5619,FMFC,Consumer Cyclical,Footwear & Accessories,NASDAQ,34.75,5,4,5,13,0.15,3165899.87128973,18300000.0,0.1511,-99.04,180140,1758096,5691688,0.204
5620,RPGL,Technology,Software - Application,NASDAQ,34.68,5,3,0,0,34.78,37533745.784015656,1009243.0,0.0026,-99.95,47919,30050,25603,3.414
5621,ALAR,Technology,Software - Infrastructure,NASDAQ,34.62,5,1,2,15,1.69,12786957.310083866,7348826.0,0.020499999,-89.79,62370,152413,140608,0.642
5622,AGMH,Technology,Computer Hardware,NASDAQ,34.61,5,9,15,5,0.58,2517462.457127869,3596375.0,0.0995,-92.84,7238930,3075920,1877816,-0.637
5623,OPEN,Real Estate,Real Estate Services,NASDAQ,34.59,5,9,95,96,2.27,2353957437.282673,964736632.0,0.2471,-76.57,29340330,30149260,35565726,-0.437
5624,VERI,Technology,Software - Infrastructure,NASDAQ,34.45,5,4,6,13,0.75,76119468.43142182,101628127.0,0.1878,-92.04,7728250,4512060,4575220,0.046
5625,RGNT,Healthcare,Medical Instruments & Supplies,NYSE ARCA,34.39,5,9,17,5,1.65,12994254.017463326,7023921.0,0.0013,-89.35,32720,46676,56532,
5626,INLF,Industrials,Specialty Industrial Machinery,NASDAQ,34.33,5,0,0,4,3.44,3870557.84801054,1090298.0,0.0117999995,-99.92,6080140,2057510,3341294,0.26
5627,FHTX,Healthcare,Biotechnology,NASDAQ,34.14,5,58,65,36,1.97,119958335.167315,59385315.0,0.061,-74.11,2186160,968286,704932,1.127
5628,RVSN,Industrials,Railroads,NASDAQ,34.1,5,7,2,0,3.56,7767925.179730654,2281329.0,0.0242,-99.6,14160,28080,24906,3.283
5629,INVZ,Consumer Cyclical,Auto Parts,NASDAQ,34.06,5,5,9,11,0.33,107914770.77043486,298107111.0,0.072399996,-87.01,3056570,2598040,3762720,0.855
5630,SEAT,Communication Services,Internet Content & Information,NASDAQ,34.04,5,10,27,14,3.07,39569006.18559122,11241195.0,0.2378,-80.13,95020,92693,79228,-0.095
5631,CTSO,Healthcare,Medical Devices,NASDAQ,34.01,5,9,8,15,3.96,12761959.651024818,3151101.0,0.041500002,-80.2,12930,21710,14923,0.002
5632,AEI,Real Estate,Real Estate - Development,NASDAQ,33.86,5,14,14,53,0.68,28860705.22940278,38895830.0,0.0508,-82.91,19190,41953,46604,-0.1
5633,TOPS,Energy,Oil & Gas Midstream,NYSE ARCA,33.79,5,5,1,8,0.54,4111283.683367729,7613488.0,0.0678,-92.7,1359990,6179450,3794346,-0.419
5634,VCX,Financial Services,Asset Management,NYSE,33.6,5,5,18,73,29.44,1067828623.8088951,35797138.0,0.87,-94.88,367409,479936,615649,
5635,SMJF,Consumer Cyclical,Textile Manufacturing,NYSE ARCA,33.53,5,2,79,16,1.73,51254250.66053867,27705000.0,0.0105,-84.93,976550,1334796,1282454,-0.014
5636,ZEO,Technology,Solar,NASDAQ,33.49,5,2,12,6,0.29,12219122.80397299,41703489.0,0.013200001,-85.92,8922700,23446573,14972076,-0.107
5637,BHST,Consumer Defensive,Packaged Foods,NASDAQ,33.34,5,5,7,14,1.48,33321728.38853216,22667842.0,0.0049,-88.44,26420,32946,50202,0.038
5638,HOST,Technology,Software - Infrastructure,NYSE ARCA,33.33,5,16,9,13,3.37,,,,-87.54,237690,174247,533305,
5639,GXAI,Communication Services,Electronic Gaming & Multimedia,NASDAQ,33.32,5,9,24,35,0.47,7096180.23421669,13752288.0,0.0305,-82.13,259730,260356,2932938,13.373
5640,MVST,Consumer Cyclical,Auto Parts,NASDAQ,33.23,5,4,5,13,0.61,248024736.13558674,384534486.0,0.0858,-91.43,3663600,6201006,6472660,-0.045
5641,XCUR,Healthcare,Biotechnology,NASDAQ,33.21,5,4,3,11,1.08,7527894.093931317,6545995.0,0.022,-88.61,12190,29380,35996,
5642,FXHO,Technology,Consumer Electronics,NASDAQ,33.1,5,10,3,2,10.88,261055359.51098728,26276331.0,0.0005,-99.83,35810,116893,153158,
5643,RENT,Consumer Cyclical,Apparel Retail,NASDAQ,33.08,5,15,9,26,1.65,52591219.382100105,33929820.0,0.3398,-83.71,182580,220806,149564,0.208
5644,TC,Communication Services,Advertising Agencies,NASDAQ,33.03,5,1,1,30,1.62,44654778.56193304,26422945.0,0.0015,-91.9,17870,75556,163266,
5645,STEX,Financial Services,Capital Markets,NASDAQ,32.87,5,5,5,9,0.52,71276833.87115908,116465417.0,0.062800005,-92.77,1079850,1073770,1002670,
5646,RAYA,Industrials,Electrical Equipment & Parts,NASDAQ,32.86,5,4,1,0,1.86,2077778.7301754951,1054710.0,0.0454,-97.41,37810,135616,97438,-0.231
5647,GSUN,Consumer Defensive,Education & Training Services,NASDAQ,32.84,5,4,5,1,0.21,2176264.7170723975,10028870.0,0.0661,-92.58,1556180,7390283,8975922,0.301
5648,TDUP,Consumer Cyclical,Internet Retail,NASDAQ,32.77,5,6,68,20,2.16,284994030.5199623,131333650.0,0.2019,-78.4,1485930,2055780,2654868,0.169
5649,PAVM,Healthcare,Medical Devices,NASDAQ,32.77,5,12,8,16,2.67,28248478.993595123,9842676.0,0.0018000001,-90.61,29270,26656,34572,4.5
5650,NVX,Industrials,Electrical Equipment & Parts,NASDAQ,32.65,5,4,5,9,2.56,65604340.30468464,24944615.0,0.018099999,-93.37,32690,36309,29480,
5651,CETX,Technology,Software - Infrastructure,NASDAQ,32.59,5,3,0,2,1.96,3511127.5743436813,1721141.0,0.12550001,-97.98,29670,43206,44218,0.087
5652,REED,Consumer Defensive,Beverages - Non-Alcoholic,NYSE ARCA,32.48,5,4,2,74,0.68,8274300.159089506,11820429.0,0.0235,-94.33,79280,216156,134362,-0.214
5653,LICN,Industrials,Specialty Business Services,NASDAQ,32.47,5,6,3,87,0.91,16326825.0,16326825.0,0.0086,-90.41,9840,16726,38264,-0.28
5654,SCNX,Healthcare,Pharmaceutical Retailers,NASDAQ,32.43,5,18,14,8,3.76,261167.8257969767,1642565.0,0.0327,44.62,720214,280184,223837,
5655,CDLX,Communication Services,Advertising Agencies,NASDAQ,32.41,5,9,3,14,2.6,14898451.311522484,5888716.0,0.1159,-90.26,49160,40143,42520,-0.365
5656,EHTH,Financial Services,Insurance Brokers,NASDAQ,32.31,5,6,13,4,0.76,21266482.58973539,31741018.0,0.0138,-87.1,451140,380496,321548,-0.448
5657,FNGR,Communication Services,Telecom Services,NASDAQ,32.17,5,2,3,17,0.22,18888345.81930381,76162686.0,0.056799997,-90.0,81753060,81967920,50872370,-0.923
5658,BGL,Basic Materials,Gold,NASDAQ,32.13,5,1,0,2,0.19,8227327.266760647,43301723.0,0.0042,-98.36,301230,262133,307210,
5659,AIM,Healthcare,Biotechnology,NYSE ARCA,32.11,5,4,2,2,0.18,7181072.205350161,39894844.0,0.0708,-93.56,1313060,8755286,5877130,0.04
5660,REKR,Technology,Software - Application,NASDAQ,32.09,5,7,8,15,0.32,51063138.52928668,137636495.0,0.1266,-90.64,1782930,1715920,1574422,0.025
5661,VENU,Consumer Cyclical,Restaurants,NYSE ARCA,32.01,4,5,5,5,1.43,79121757.45256448,56515542.0,0.105900005,-89.76,400550,446423,450478,0.069
5662,TPET,Energy,Oil & Gas E&P,NYSE ARCA,31.99,4,3,5,7,1.57,8571490.3461591,5323907.0,0.109,-93.02,203560,1085371,708459,0.812
5663,ALDX,Healthcare,Biotechnology,NASDAQ,31.96,4,8,14,7,0.92,70581909.98107088,60326421.0,0.0617,-84.49,2896880,1369550,1154498,
5664,MCRP,Technology,Computer Hardware,NYSE ARCA,31.92,4,8,9,60,0.61,23724144.20954162,34888447.0,0.018099999,-86.78,141080,314413,395492,0.8
5665,LNKS,Industrials,Electrical Equipment & Parts,NASDAQ,31.91,4,2,2,0,0.92,1614646.0573390722,1606613.0,0.0248,-99.78,12160,23926,162312,-0.016
5666,VRRM,Technology,Information Technology Services,NASDAQ,31.9,4,6,2,12,2.82,427071670.5434742,151982804.0,0.1122,-88.92,6530830,6620060,6260052,0.117
5667,WIMI,Communication Services,Advertising Agencies,NASDAQ,31.89,4,8,8,10,0.73,14138106.4120332,18385054.0,0.0063,-85.52,129310,160746,149902,-0.273
5668,LIMN,Healthcare,Biotechnology,NASDAQ,31.73,4,3,3,1,3.7,5238507.428098202,1343207.0,0.0544,-97.39,20070,29760,278440,
5669,BBOT,Healthcare,Biotechnology,NASDAQ,31.68,4,33,21,24,3.5,311616642.96356964,80107104.0,0.126,-76.46,646100,657966,502082,
5670,HCWB,Healthcare,Biotechnology,NASDAQ,31.68,4,4,49,1,1.57,3757024.202700138,2236324.0,0.0053,-94.64,1468550,678006,465272,19.697
5671,ZTG,Industrials,Consulting Services,NASDAQ,31.53,4,3,73,10,0.78,23412738.056913972,24087179.0,0.0223,-93.63,430980,8249673,5563968,-0.405
5672,ESLA,Healthcare,Biotechnology,NASDAQ,31.49,4,7,14,92,0.43,20357000.123844624,43497864.0,0.0088,-86.35,27850,38960,34464,
5673,LZMH,Technology,Information Technology Services,NASDAQ,31.41,4,4,0,6,1.0,10774200.428128242,8978500.0,0.0194,-98.63,416370,155380,492966,0.912
5674,GAUZ,Technology,Electronic Components,NASDAQ,31.28,4,6,3,3,4.66,5881434.698196411,1143136.0,0.048,-96.71,15030,21467,304710,-0.178
5675,FTCI,Technology,Solar,NASDAQ,31.21,4,6,49,18,1.97,35521002.9756031,16521396.0,0.1293,-84.55,542300,453536,360744,0.308
5676,BETR,Financial Services,Mortgage Finance,NASDAQ,30.83,4,6,22,93,11.21,223993245.68526173,18998579.0,0.3111,-87.91,790800,601886,709096,0.282
5677,FUSE,Technology,Software - Application,NASDAQ,30.61,4,4,4,6,0.45,14376709.557038426,28985302.0,0.1168,-98.2,5667550,1960380,2915558,-0.118
5678,VSA,Consumer Defensive,Education & Training Services,NASDAQ,30.5,4,3,2,1,2.13,6172388.666542053,2792936.0,0.0034999999,-99.88,1665700,590123,444786,
5679,YFOR,Industrials,Specialty Business Services,NASDAQ,30.44,4,1,0,0,1.13,11442575.09897232,7837380.0,0.045700002,-99.84,619930,5423976,3582876,0.268
5680,RDGT,Healthcare,Pharmaceutical Retailers,NASDAQ,30.4,4,2,2,0,0.93,3157699.8173069954,3629540.0,0.0674,-99.88,955880,562873,1937726,0.214
5681,GDC,Communication Services,Electronic Gaming & Multimedia,NASDAQ,30.35,4,0,0,33,1.36,5952374.781668186,4162500.0,0.1141,-99.93,408870,1256186,1449494,
5682,HDRN,Industrials,Specialty Industrial Machinery,NASDAQ,30.34,4,4,1,43,1.25,88658564.7618661,71498842.0,3.46,-90.0,42580,84763,78024,
5683,ELTX,Healthcare,Biotechnology,NASDAQ,30.11,4,2,3,89,1.88,50461212.31210399,26281882.0,0.0817,-88.25,259450,342806,318530,
5684,NNOX,Healthcare,Medical Devices,NASDAQ,30.07,4,4,3,14,0.62,49982372.00672281,78588638.0,0.0862,-86.82,897990,1270126,1192072,0.367
5685,CNTX,Healthcare,Biotechnology,NASDAQ,30.04,4,3,6,97,0.32,28482545.08905703,91879177.0,0.0867,-91.16,1027320,1443493,1659476,
5686,TMCR,Basic Materials,Other Industrial Metals & Mining,NASDAQ,29.95,4,7,5,58,3.15,230555960.3832817,67414022.0,0.0005,-85.27,173570,92366,96376,
5687,CIRC,Industrials,Staffing & Employment Services,NASDAQ,29.84,4,5,2,29,0.5,58461935.088986814,114406923.0,0.0124,-89.04,1890430,962446,1020772,2.108
5688,AIRE,Real Estate,Real Estate Services,NASDAQ,29.74,4,5,1,16,1.25,7928743.995059967,6006624.0,0.074499995,-96.15,26940,41473,121776,-0.113
5689,NAMI,Communication Services,Internet Content & Information,NASDAQ,29.69,4,2,1,10,2.26,8652130.211430073,3794794.0,0.04,-91.55,4974920,3142513,3147364,-0.319
5690,FEMY,Healthcare,Medical Instruments & Supplies,NASDAQ,29.59,4,4,3,9,2.08,17168804.950647593,8375027.0,0.0744,-90.63,114320,114466,907050,-0.189
5691,CAPS,Basic Materials,Building Materials,NASDAQ,29.5,4,4,3,10,0.14,3263219.379668683,21754795.0,0.0068,-89.78,19460490,8495043,5447398,0.671
5692,CYN,Technology,Software - Application,NASDAQ,29.5,4,6,6,6,0.61,10390786.02475971,15348281.0,0.0624,-90.94,234270,200190,188392,3.283
5693,BYND,Consumer Defensive,Packaged Foods,NASDAQ,29.4,4,5,10,11,7.99,141850211.25,17193965.0,0.2998,-96.54,1521540,1181283,1505554,-0.082
5694,BXBL,Consumer Cyclical,Residential Construction,NASDAQ,29.36,4,5,38,47,3.28,780223410.4273005,241555234.0,2.11,-78.33,140800,187946,224858,0.774
5695,LGVN,Healthcare,Biotechnology,NASDAQ,29.35,4,24,13,84,2.35,8225550.596759796,3188198.0,0.0727,-80.89,71310,146596,111324,-0.092
5696,APVO,Healthcare,Biotechnology,NASDAQ,29.34,4,2,6,3,1.79,3171467.182815075,1801970.0,0.1039,-94.98,29900,149280,107596,
5697,XHLD,Communication Services,Broadcasting,NASDAQ,29.28,4,99,55,10,0.62,5846212.249693543,11979943.0,0.081999995,-95.98,19742740,9145596,9094258,-0.345
5698,BRFH,Consumer Defensive,Beverages - Non-Alcoholic,NASDAQ,29.16,4,6,12,32,0.81,13861946.58881712,16308172.0,0.0039,-78.34,51850,32390,31834,1.897
5699,ATGL,Technology,Software - Infrastructure,NASDAQ,29.15,4,4,7,14,4.8,85604996.86002731,16462500.0,0.0014,-90.4,14390,8713,22702,0.484
5700,VHUB,Consumer Defensive,Grocery Stores,NASDAQ,29.1,4,4,17,0,0.42,46765370.314712495,97427857.0,0.0078,-98.96,181000,258636,180908,5.362
5701,BIAF,Healthcare,Diagnostics & Research,NASDAQ,29.08,4,4,2,76,6.06,3637456.376876831,600736.0,0.1196,-92.49,205050,6233783,3989106,0.19
5702,HTCO,Industrials,Marine Shipping,NASDAQ,28.85,4,5,4,79,1.68,21116845.228546143,9063024.0,0.0167,-97.03,51380,59003,65492,0.383
5703,POM,Healthcare,Pharmaceutical Retailers,NASDAQ,28.79,4,1,1,8,1.01,7970183.432574868,9267655.0,1.05,-99.13,36690,22016,63836,0.06
5704,SSTK,Communication Services,Internet Content & Information,NYSE,28.76,4,3,6,39,4.08,140770673.92583656,36947684.0,0.105399996,-86.17,841760,945716,1009922,-0.169
5705,INUV,Technology,Software - Application,NYSE ARCA,28.7,4,3,7,9,0.53,9395354.912103832,16483079.0,0.033099998,-86.05,116740,150223,208008,-0.668
5706,SRXH,Consumer Defensive,Packaged Foods,NYSE ARCA,28.54,4,1,2,5,1.48,32627279.799898744,20265391.0,0.083100006,-96.53,641750,685523,846658,
5707,PROP,Energy,Oil & Gas E&P,NASDAQ,28.53,4,4,5,7,0.4,42412050.30777037,112798010.0,0.1296,-84.31,982540,1268066,1758742,0.452
5708,SQFT,Real Estate,REIT - Diversified,NASDAQ,28.48,4,6,10,20,0.94,1545222.9113134146,1309511.0,0.052399997,-85.31,396810,779126,470730,-0.129
5709,WKSP,Consumer Cyclical,Auto Parts,NASDAQ,28.26,4,6,7,4,0.38,6984145.721886307,15282595.0,0.024600001,-90.21,306010,7032143,4354592,0.274
5710,BAER,Industrials,Security & Protection Services,NASDAQ,28.22,4,9,33,53,0.6,40001775.62075734,58826140.0,0.048699997,-82.56,986750,868496,1205002,-0.008
5711,UP,Industrials,Airports & Air Services,NYSE,28.2,4,5,5,4,3.47,126945185.5,36270053.0,0.16459998,-91.93,103510,126376,112336,-0.04
5712,BKYI,Industrials,Security & Protection Services,NASDAQ,28.2,4,6,18,28,1.82,3045049.115623474,1436344.0,0.0047999998,-90.76,17481580,5840570,3592578,0.131
5713,BBLG,Healthcare,Biotechnology,NASDAQ,28.17,4,4,19,10,0.48,1309127.0585726202,2756057.0,0.012999999,-82.8,94550,217900,475410,
5714,AMOD,Technology,Software - Application,NASDAQ,28.08,4,1,1,5,2.5,17334194.867367268,4966818.0,0.0086,-95.19,24430230,8379980,5035592,
5715,LTRN,Healthcare,Biotechnology,NASDAQ,28.04,4,7,70,13,0.95,12844595.573655128,14935576.0,0.0438,-79.8,362320,256756,194336,
5716,SCAG,Industrials,Farm & Heavy Construction Machinery,NASDAQ,28.02,4,5,1,3,0.23,15756296.776999459,72609665.0,0.0063,-93.24,167600,599523,443684,0.913
5717,JFIN,Financial Services,Credit Services,NASDAQ,27.91,4,3,6,7,1.34,68551702.26567936,52329546.0,0.0117999995,-88.49,24480,58763,50584,-0.609
5718,YSS,Industrials,Aerospace & Defense,NYSE,27.87,4,3,9,71,8.03,1233471230.0226784,137357605.0,0.096,-81.97,1965970,3263656,3426484,0.104
5719,MYSZ,Consumer Cyclical,Apparel Retail,NASDAQ,27.74,4,5,8,9,1.57,7757244.108924389,4818164.0,0.3064,-84.67,83950,1173136,931448,0.53
5720,GP,Industrials,Farm & Heavy Construction Machinery,NASDAQ,27.59,3,11,47,7,0.38,5544945.214312315,9884038.0,0.012200001,-88.76,321510,281820,279776,-0.717
5721,MBAI,Technology,Software - Infrastructure,NASDAQ,27.59,3,16,19,89,3.24,50315890.77659607,15293584.0,0.59,-88.19,21990,27503,23840,
5722,SPWR,Technology,Solar,NASDAQ,27.56,3,3,6,18,0.3,62639083.58905345,208796937.0,0.12189999,-86.78,2041440,13063036,10912568,-0.17
5723,HUBC,Technology,Software - Infrastructure,NASDAQ,27.54,3,1,0,0,1.05,1813779.1928737164,1795821.0,0.0187,-100.0,416950,309416,278920,0.195
5724,CMPX,Healthcare,Biotechnology,NASDAQ,27.49,3,14,8,92,1.0,154335341.95278347,180087915.0,0.2765,-85.47,8254160,5457706,4608930,
5725,KNRX,Technology,Software - Application,NYSE ARCA,27.43,3,4,2,15,0.23,7271123.782143503,30423113.0,0.05,-93.33,32468610,10890506,9483692,-0.397
5726,MCRB,Healthcare,Biotechnology,NASDAQ,27.34,3,9,7,9,2.9,29531656.71476698,10044781.0,0.0388,-90.33,86580,65173,65136,
5727,LX,Financial Services,Credit Services,NASDAQ,27.28,3,3,7,8,0.69,112879968.08288586,164788274.0,0.0683,-88.38,1386420,4435500,3367022,-0.112
5728,KAPA,Healthcare,Biotechnology,NYSE ARCA,27.28,3,5,6,11,1.15,5281197.286286831,3385383.0,0.0475,-88.01,1060330,414056,289470,
5729,SNTI,Healthcare,Biotechnology,NASDAQ,27.27,3,3,20,10,0.32,10028815.483466685,31145390.0,0.0294,-88.89,1583690,826300,591864,
5730,WOK,Healthcare,Medical Devices,NASDAQ,27.15,3,0,0,1,1.5,7639558.550424576,4467578.0,0.0309,-100.0,53910,56270,244306,0.191
5731,BENF,Financial Services,Asset Management,NASDAQ,27.13,3,6,25,34,1.25,22148898.817583203,15488741.0,0.13350001,-89.98,36069750,20454130,12279808,
5732,MSS,Consumer Defensive,Grocery Stores,NASDAQ,27.1,3,1,2,3,1.73,1353688.0993384123,870539.0,0.0747,-96.7,9789030,4787130,4922418,-0.086
5733,VRAX,Healthcare,Biotechnology,NASDAQ,27.08,3,5,9,3,2.03,1753373.6380033493,796988.0,0.039300002,-90.67,342330,140903,487136,6.849
5734,LEXX,Healthcare,Biotechnology,NASDAQ,26.94,3,18,13,67,3.24,6066800.881072998,2106528.0,0.0875,-85.0,47650,102110,76456,
5735,HLSQ,Technology,Information Technology Services,NYSE ARCA,26.92,3,0,0,76,0.31,972000.0,2700000.0,0.0276,-97.48,2144730,1646592,2431065,
5736,TCRT,Healthcare,Biotechnology,NASDAQ,26.91,3,11,10,40,0.74,2083193.581829071,2540480.0,0.0026,-83.88,114090,1676816,1010022,
5737,NXH,Consumer Cyclical,Internet Retail,NASDAQ,26.85,3,10,21,24,1.83,263573604.16926312,95497683.0,0.1455,-85.04,5116000,3333776,3043034,0.28
5738,LNAI,Healthcare,Biotechnology,NASDAQ,26.84,3,24,8,2,1.13,5894056.783807278,4533890.0,0.033800002,-91.49,57870,46956,222644,
5739,CNSY,Healthcare,Biotechnology,NASDAQ,26.72,3,4,7,10,1.59,12143400.18095076,7589625.0,0.0862,-93.23,260140,138073,117364,-0.704
5740,SDOT,Consumer Defensive,Farm Products,NASDAQ,26.69,3,7,3,3,10.7,18288278.25513935,1707589.0,0.0554,-95.89,93340,263183,1220170,
5741,AUID,Technology,Software - Infrastructure,NASDAQ,26.68,3,3,20,13,0.39,7340228.9964033365,16720339.0,0.0456,-87.01,1634600,939946,679766,-0.66
5742,SDA,Consumer Cyclical,Auto & Truck Dealerships,NASDAQ,26.57,3,3,5,18,0.41,43762014.01384202,102009359.0,0.0068,-84.81,353960,1209460,744130,0.214
5743,NMTC,Healthcare,Medical Devices,NASDAQ,26.41,3,5,8,37,1.13,10198454.603419662,9105763.0,0.0086,-83.76,232590,633603,409134,0.163
5744,SNWV,Healthcare,Medical Devices,NASDAQ,26.22,3,2,6,11,5.2,41463130.85668421,8602309.0,0.0421,-87.28,51740,52160,75050,-0.031
5745,THRY,Technology,Software - Application,NASDAQ,26.2,3,5,24,5,1.38,67547447.87239122,44439111.0,0.0946,-89.02,582610,689646,831708,-0.284
5746,NXL,Healthcare,Medical Devices,NASDAQ,26.16,3,3,11,8,4.5,4902095.236317635,855514.0,0.0155,-92.5,6423400,2152335,1293400,-0.828
5747,FAMI,Consumer Defensive,Packaged Foods,NASDAQ,26.16,3,0,1,21,0.12,4866933.321481943,37437950.0,0.062800005,-93.91,3437380,49162576,32910222,-0.604
5748,SLGB,Industrials,Integrated Freight & Logistics,NASDAQ,26.01,3,4,4,5,0.28,12959999.442100525,45000000.0,0.1611,-95.39,6716530,3632553,4826116,-0.221
5749,EZGO,Consumer Cyclical,Recreational Vehicles,NASDAQ,26.01,3,2,0,5,0.9,4510014.27650249,5305899.0,0.0005,-99.92,453480,173923,143474,-0.031
5750,RAIN,Industrials,Pollution & Treatment Controls,NASDAQ,26.0,3,3,9,17,0.75,9035527.545008719,11704051.0,0.0156,-91.2,546820,2511590,2162734,
5751,PSNY,Consumer Cyclical,Auto Manufacturers,NASDAQ,25.96,3,6,19,22,5.93,1023465206.8033948,164280129.0,8.34,-79.87,223860,294516,230174,-0.044
5752,MIMI,Industrials,Engineering & Construction,NASDAQ,25.95,3,2,12,7,0.85,13091469.443926573,14792621.0,0.0403,-99.08,4745080,9774103,5909202,-0.324
5753,SVRE,Technology,Scientific & Technical Instruments,NASDAQ,25.78,3,7,5,3,1.12,3474770.6142395735,2499835.0,0.009,-94.38,41100,65446,52068,-0.63
5754,AGRZ,Consumer Defensive,Farm Products,NASDAQ,25.64,3,6,9,4,3.31,3551190.5,1092674.0,0.051999997,-97.7,31523,329758,452868,0.307
5755,PBK,Utilities,Utilities - Renewable,NASDAQ,25.63,3,4,10,5,0.25,13922644.131175876,61878420.0,0.013300001,-89.36,2483950,1694786,1340514,-0.706
5756,AIDX,Healthcare,Medical Devices,NASDAQ,25.58,3,4,1,0,0.35,4852715.07910645,12770303.0,0.0044,-99.3,71130,62606,80806,0.365
5757,ONCO,Healthcare,Biotechnology,NASDAQ,25.47,3,4,0,0,0.66,3215303.2670613527,4380522.0,0.0309,-99.68,11680620,4274216,2683364,-0.839
5758,MASK,Technology,Software - Application,NASDAQ,25.41,3,3,6,1,0.83,3038522.927879095,3595885.0,0.0367,-96.27,360780,897063,617388,1.069
5759,THH,Industrials,Specialty Business Services,NASDAQ,25.4,3,3,2,0,1.43,7506937.5,5004625.0,0.0007,-99.74,137810,60876,129126,0.005
5760,CYAB,Technology,Software - Infrastructure,NASDAQ,25.38,3,3,1,4,0.2,3519414.2524433583,17597071.0,0.01,-96.77,9602790,14584743,10054460,0.392
5761,FCHL,Consumer Defensive,Education & Training Services,NASDAQ,25.28,3,4,0,1,0.91,1222473.8157640696,1318742.0,0.014099999,-99.68,100280,303403,279054,-0.054
5762,CHAI,Communication Services,Internet Content & Information,NASDAQ,25.15,3,1,2,3,0.27,7372051.01749295,25866846.0,0.0253,-98.21,573410,11205160,9250384,0.558
5763,SCNI,Healthcare,Biotechnology,NASDAQ,25.13,3,3,3,6,1.22,901182.7590786219,677581.0,0.6931,-92.52,119180,2253993,1386862,1.46
5764,ARAI,Technology,Scientific & Technical Instruments,NASDAQ,24.91,3,3,2,2,0.2,11205261.434653923,51876209.0,0.0185,-97.08,18780010,6697043,4285112,-0.838
5765,FJET,Industrials,Aerospace & Defense,NYSE ARCA,24.85,3,3,15,9,1.63,94593154.25344872,54996019.0,0.1183,-94.83,1293980,1564323,1177534,
5766,NNNN,Healthcare,Medical Instruments & Supplies,NASDAQ,24.73,3,3,3,87,4.9,243596168.37158203,43891200.0,0.0011999999,-89.05,110980,211550,179038,0.739
5767,PAVS,Consumer Defensive,Packaged Foods,NASDAQ,24.47,3,0,0,0,3.83,3236148.75,862973.0,0.0464,-100.0,15750,17926,765342,707.98
5768,RCT,Technology,Software - Application,NASDAQ,24.32,3,2,1,5,0.13,14601340.97458072,75654615.0,0.0019,-94.44,798510,753800,712028,0.336
5769,TAOP,Technology,Software - Infrastructure,NASDAQ,24.21,3,6,21,9,0.41,3937312.375656277,9603201.0,0.0021,-87.94,653660,250040,326122,-0.325
5770,RKDA,Consumer Defensive,Packaged Foods,NASDAQ,24.01,3,3,3,6,0.3,693852.7381311655,2409211.0,0.004,-95.53,5410320,1840570,1199498,-0.008
5771,DFLI,Industrials,Electrical Equipment & Parts,NASDAQ,23.68,3,6,12,9,0.68,12746961.517276347,14978803.0,0.0968,-97.39,304570,283796,332394,-0.19
5772,AIFU,Financial Services,Insurance Brokers,NASDAQ,23.48,3,3,20,5,11.18,60561146.14234543,5925748.0,0.010299999,-90.3,39450,47336,38284,-0.24
5773,ERNA,Healthcare,Biotechnology,NASDAQ,23.43,3,5,8,1,2.24,3452345.724492073,1166333.0,0.0195,-96.87,35330,45050,43912,
5774,ANPA,Industrials,Specialty Business Services,NASDAQ,23.41,3,4,7,35,1.95,29750457.782064676,15101755.0,0.0013,-98.92,14940,201633,125474,
5775,CCHH,Consumer Cyclical,Restaurants,NASDAQ,23.4,3,1,1,12,0.97,3920573.9266872406,3843700.0,0.00029999999,-99.37,22910,36733,171684,0.101
5776,NIXX,Communication Services,Telecom Services,NASDAQ,23.37,3,17,39,9,0.31,8750705.938868314,28908839.0,0.0078,-84.26,322510,432123,637362,0.204
5777,NMRA,Healthcare,Biotechnology,NASDAQ,23.35,3,11,26,89,0.47,93947956.0,187895912.0,0.0635,-87.12,2212490,1606256,1273490,
5778,PMAX,Financial Services,Capital Markets,NASDAQ,23.18,3,2,2,0,0.79,3112670.337308049,3661965.0,0.016,-98.48,9609900,3273716,1989854,0.727
5779,SOS,Financial Services,Capital Markets,NYSE,22.99,3,12,11,6,0.32,6174420.879753351,19355551.0,0.0376,-85.84,5515600,2163163,1343250,-0.621
5780,NXTS,Basic Materials,Agricultural Inputs,NASDAQ,22.97,2,2,4,1,1.39,2165466.1838600636,1453333.0,0.0295,-97.16,61750,36690,53156,
5781,KDK,Technology,Software - Infrastructure,NASDAQ,22.96,2,9,9,50,1.72,329013795.93013406,200618170.0,0.079,-84.85,9210960,4041263,2824074,5.956
5782,HPAI,Technology,Software - Infrastructure,NASDAQ,22.95,2,2,2,4,0.3,11444660.271995366,37646910.0,0.018,-93.44,309430,1199716,838628,0.077
5783,TNON,Healthcare,Medical Devices,NASDAQ,22.71,2,1,2,19,3.71,2468073.9318072796,667047.0,0.8595,-92.64,6490800,11478540,8184757,1.268
5784,MDCX,Healthcare,Drug Manufacturers - General,NASDAQ,22.68,2,3,6,1,0.16,11545313.43086949,71710022.0,0.0727,-94.24,1595260,7459990,5229912,
5785,POAS,Healthcare,Medical Devices,NYSE ARCA,22.67,2,2,0,8,0.16,2302545.009803027,16446750.0,0.0379,-97.84,279790,219616,255074,-0.575
5786,CDTG,Industrials,Waste Management,NASDAQ,22.66,2,2,1,12,1.1,3232499.0484591722,3021027.0,0.1342,-94.13,139860,5224143,5456262,-0.361
5787,TGL,Technology,Software - Application,NASDAQ,22.64,2,6,10,3,1.26,2521733.205429077,1954832.0,0.0563,-97.83,395840,404960,485310,1.252
5788,SSM,Consumer Cyclical,Auto Manufacturers,NASDAQ,22.63,2,8,8,29,1.4,3859837.5760302544,1464834.0,0.0454,-86.72,8409330,5775456,3517880,
5789,FMST,Basic Materials,Other Industrial Metals & Mining,NASDAQ,22.55,2,6,24,61,0.5,10168356.236529768,17352143.0,0.0125,-89.06,130560,102856,101958,
5790,CALC,Healthcare,Biotechnology,NASDAQ,22.54,2,4,14,2,1.49,10925267.362799168,6828292.0,0.0295,-95.86,51190,85794,78424,
5791,BYAH,Consumer Defensive,Household & Personal Products,NASDAQ,22.49,2,1,1,0,2.42,1869488.3741326332,795527.0,0.0507,-98.79,89550,123100,462190,0.015
5792,RADX,Healthcare,Biotechnology,NASDAQ,22.13,2,6,27,30,1.18,20720400.813786507,14591832.0,0.0033000002,-92.74,55360,63043,64606,-0.369
5793,TVRD,Healthcare,Biotechnology,NASDAQ,22.08,2,7,11,6,1.08,15339784.131974816,13338943.0,0.019199999,-97.53,345920,200400,228996,
5794,CVRX,Healthcare,Medical Devices,NASDAQ,22.0,2,6,14,55,1.62,41294474.07962966,26641597.0,0.0864,-85.66,1030440,761443,1090978,0.156
5795,MNDR,Healthcare,Health Information Services,NASDAQ,21.95,2,2,5,5,1.21,1576790.2226560116,1194538.0,0.0089,-96.28,138360,124880,221000,-0.077
5796,KSCP,Industrials,Security & Protection Services,NASDAQ,21.83,2,6,4,17,0.69,17761003.855846047,23618357.0,0.10479999,-90.94,915260,824463,1015204,2.283
5797,CHGA,Real Estate,Real Estate Services,NASDAQ,21.79,2,2,3,2,2.37,2811742.1493167877,1120216.0,0.0301,-95.18,3353050,1409762,853030,
5798,CLDI,Healthcare,Biotechnology,NYSE ARCA,21.7,2,2,2,1,1.02,2790918.830901146,2584184.0,0.0888,-96.34,399300,165680,170577,
5799,SLBT,Healthcare,Biotechnology,NASDAQ,21.7,2,2,6,21,1.52,880392847.9030198,560759757.0,0.0001,-89.52,95540,87146,75544,-0.076
5800,TDIC,Communication Services,Advertising Agencies,NASDAQ,21.49,2,1,1,3,1.95,7305067.978099108,3413583.0,0.0034999999,-99.8,4432160,1496523,982874,-0.275
5801,KUST,Communication Services,Entertainment,NASDAQ,21.42,2,2,1,1,4.57,2915073.2924108505,650686.0,0.0069999998,-98.59,124796,82524,221628,0.882
5802,CAST,Communication Services,Broadcasting,NASDAQ,21.41,2,26,8,5,1.13,59929145.85609412,50787414.0,0.0627,-96.58,473570,1073383,5231862,0.68
5803,DVLT,Technology,Software - Infrastructure,NASDAQ,21.39,2,5,5,28,0.15,142459296.4108236,949728605.0,0.171,-96.34,29518260,51739900,48283046,2.871
5804,ZONE,Technology,Information Technology Services,NYSE ARCA,21.39,2,3,85,5,0.13,67165593.82405624,508830259.0,0.015700001,-94.86,9333390,6801006,9643778,-0.008
5805,EHGO,Industrials,Business Equipment & Supplies,NASDAQ,21.38,2,5,6,7,0.68,3777649.1955629587,5902577.0,0.0347,-93.93,1102880,722366,1812836,0.262
5806,MRLN,Industrials,Aerospace & Defense,NASDAQ,21.34,2,5,4,83,1.56,172825914.49543,101067784.0,8.65,-90.82,3251830,3073093,2322044,-0.294
5807,HKIT,Technology,Information Technology Services,NASDAQ,21.18,2,1,0,0,2.46,22299812.97150612,8991860.0,0.0174,-99.98,45140,38066,100192,4.409
5808,AKAN,Healthcare,Drug Manufacturers - Specialty & Generic,NASDAQ,21.15,2,3,89,2,1.89,5226144.710343838,2639467.0,0.089899994,-97.6,166590,1731073,1598194,
5809,SKYE,Healthcare,Biotechnology,NASDAQ,21.12,2,2,11,9,1.62,7438495.447759151,4427676.0,0.037,-91.2,56740,76176,108799,
5810,CIIT,Industrials,Integrated Freight & Logistics,NASDAQ,20.99,2,1,1,5,2.31,2399127.2184515,967390.0,0.0149,-96.76,25600,62850,127252,1.213
5811,VRXA,Healthcare,Biotechnology,NASDAQ,20.96,2,1,1,77,1.08,159790828.015715,141407813.0,0.53,-96.05,110690,299000,230396,
5812,MERC,Basic Materials,Paper & Paper Products,NASDAQ,20.9,2,3,3,4,0.24,17424687.940866232,67018033.0,0.1318,-91.89,742150,6268306,3935322,0.015
5813,TCRX,Healthcare,Biotechnology,NASDAQ,20.81,2,3,20,18,0.28,21757141.51755318,67779255.0,0.048299998,-89.11,585530,1048990,781494,-0.658
5814,EMAT,Basic Materials,Other Industrial Metals & Mining,NASDAQ,20.78,2,4,6,9,1.92,1279489293.914194,627200646.0,0.0183,-92.03,1278670,1371273,1170058,
5815,ISPC,Healthcare,Diagnostics & Research,NASDAQ,20.51,2,3,2,1,1.07,2720077.308086157,2518590.0,0.0876,-97.69,623170,1020423,822324,-0.787
5816,UCL,Communication Services,Telecom Services,NASDAQ,20.13,2,3,10,21,0.28,10513460.736624897,38092250.0,0.0109,-89.35,435750,630150,2433836,-0.059
5817,NXGL,Healthcare,Medical Instruments & Supplies,NASDAQ,20.03,2,3,5,4,0.17,1696093.3131954968,9747663.0,0.023599999,-94.12,664680,387780,910582,0.278
5818,SURG,Communication Services,Telecom Services,NASDAQ,19.91,2,2,2,2,0.15,7777538.1746928245,52908423.0,0.1114,-95.22,3664470,17990720,24488978,0.407
5819,FTFT,Technology,Software - Application,NASDAQ,19.84,2,0,1,3,3.4,27544248.4132967,8077492.0,0.1183,-97.8,754820,11025409,6645354,-0.439
5820,TDTH,Technology,Information Technology Services,NASDAQ,19.77,2,5,5,2,0.98,106752539.85769701,108931161.0,0.0001,-96.77,179190,110300,104386,0.436
5821,NTCL,Technology,Software - Application,NASDAQ,19.72,2,0,0,13,1.96,4212029.352997541,2160015.0,0.0064999997,-98.74,11370,20243,38318,0.74
5822,CVKD,Healthcare,Biotechnology,NASDAQ,19.44,2,2,3,6,0.99,3353536.471494198,3567592.0,0.0372,-93.17,116800,850390,525288,
5823,CABO,Communication Services,Telecom Services,NYSE,19.42,2,3,3,20,12.97,69278624.46644306,5673925.0,0.19219999,-92.82,605490,407366,340314,-0.084
5824,VMAR,Consumer Cyclical,Recreational Vehicles,NASDAQ,19.35,2,1,0,1,6.4,4179494.4622793198,653046.0,0.055999998,-99.91,28180,170588,238090,86.188
5825,GCDT,Industrials,Specialty Industrial Machinery,NYSE ARCA,19.34,2,14,3,2,1.41,5420482.080771476,13551205.0,0.0068,-75.9,5221551,4173736,2548749,0.133
5826,EYPT,Healthcare,Biotechnology,NASDAQ,19.33,2,3,54,85,3.17,280189448.5,86212138.0,0.24180001,-83.41,2655360,3552360,4623746,-0.905
5827,IMCC,Healthcare,Drug Manufacturers - Specialty & Generic,NASDAQ,19.26,2,1,1,2,1.94,1231998.8169622421,603921.0,0.0792,-97.48,3720870,5704364,3464465,-0.402
5828,EVTL,Industrials,Aerospace & Defense,NYSE,19.13,2,2,5,8,0.56,100172708.17625809,168640928.0,0.1488,-92.36,5829080,5847630,7367738,
5829,VTIX,Technology,Computer Hardware,NASDAQ,19.07,2,2,2,2,1.19,40765620.41988015,33971349.0,0.2158,-98.72,185100,273350,501444,-0.257
5830,FTHM,Real Estate,Real Estate Services,NASDAQ,18.94,2,28,21,17,0.22,11425217.198396921,34207238.0,0.0212,-88.54,6894000,2346243,1455920,-0.056
5831,DCOY,Healthcare,Biotechnology,NASDAQ,18.06,2,3,8,3,1.55,1159677.4375033379,655185.0,0.0162,-97.23,3075540,4555410,2746342,
5832,ILLR,Technology,Software - Application,NASDAQ,17.99,2,3,98,99,0.18,5060383.229443401,20487382.0,0.0054,-98.2,3795570,1673873,1100688,-0.052
5833,SILO,Healthcare,Biotechnology,NASDAQ,17.85,2,4,17,19,1.45,2556238.4030222893,1753250.0,0.0182,-86.67,177880,90106,115306,
5834,STKH,Consumer Defensive,Packaged Foods,NASDAQ,17.69,2,7,1,6,0.65,723858.8234490156,1113629.0,0.0039,-95.05,2024990,786830,4352122,
5835,XAIR,Healthcare,Medical Devices,NASDAQ,17.64,2,2,4,1,2.55,2776027.674283743,984407.0,0.061100002,-95.41,136170,426416,275944,0.005
5836,RNAZ,Healthcare,Biotechnology,NASDAQ,17.61,2,3,31,26,1.78,26581261.1180526,16930739.0,0.0036000002,-91.52,66460,76633,58704,
5837,ONEN,Utilities,Utilities - Independent Power Producers,NASDAQ,17.46,2,62,45,46,2.01,198285729.135615,106035149.0,,-83.32,1670010,593636,416190,
5838,RIME,Technology,Consumer Electronics,NASDAQ,17.27,2,2,4,16,0.16,3370631.4446605146,21066447.0,0.02,-96.51,2427130,1911656,1640812,1.609
5839,EPOW,Industrials,Electrical Equipment & Parts,NASDAQ,17.09,1,6,9,22,3.61,10786146.44373846,2555959.0,0.0033000002,-90.24,48240,149972,96273,-0.568
5840,ARTL,Healthcare,Biotechnology,NASDAQ,16.89,1,3,1,11,3.46,2015808.3565678596,547774.0,0.041199997,-98.07,2702150,975704,608388,
5841,PWCM,Financial Services,Capital Markets,NASDAQ,16.75,1,1,2,4,1.06,1609339.1215208173,1794135.0,0.0834,-97.03,912850,482293,771804,-0.16
5842,KXIN,Consumer Cyclical,Auto & Truck Dealerships,NASDAQ,16.63,1,1,4,0,1.43,62484401.54409504,45278552.0,0.0082,-99.83,110450,3756373,2338856,6.021
5843,CTVA,Basic Materials,Agricultural Inputs,NYSE,16.57,1,75,72,75,13.91,7952976370.903015,667196000.0,0.0353,-84.71,41968090,17213783,12443602,
5844,YHC,Consumer Defensive,Beverages - Wineries & Distilleries,NASDAQ,16.55,1,0,0,11,1.27,1668936.922696352,1303857.0,0.019199999,-98.93,85440,73616,163040,-0.306
5845,WATR,Industrials,Industrial Distribution,NASDAQ,16.33,1,1,47,44,1.86,59377911.95490539,31251533.0,0.2,-83.83,109040,97913,126286,
5846,VVOS,Healthcare,Medical Devices,NASDAQ,16.25,1,1,2,9,0.15,3057939.3976715356,20118023.0,0.0938,-95.61,8663280,24720926,16011362,0.349
5847,INHD,Basic Materials,Steel,NASDAQ,16.13,1,0,99,0,3.36,8015447.748266935,2520581.0,0.0197,-99.8,32630,142500,422650,0.903
5848,ZBAO,Financial Services,Insurance Brokers,NASDAQ,16.06,1,1,3,61,0.09,44743806.82092856,466081317.0,0.0002,-93.28,16598170,11503296,21603052,0.407
5849,ICCM,Healthcare,Medical Devices,NASDAQ,15.94,1,4,2,5,1.27,7282258.413292766,4638381.0,0.0292,-96.15,204550,132856,142630,0.728
5850,MVIS,Technology,Scientific & Technical Instruments,NASDAQ,15.81,1,2,6,10,1.58,45271503.02343607,30588853.0,0.187,-93.16,962750,1211766,1567952,8.503
5851,ZCMD,Healthcare,Health Information Services,NASDAQ,15.77,1,1,0,4,1.75,8207965.405780077,4436738.0,0.048,-99.91,149625,950083,1254755,-0.232
5852,PRPL,Consumer Cyclical,"Furnishings, Fixtures & Appliances",NASDAQ,15.63,1,2,6,22,2.16,9155224.684233189,4359631.0,0.05,-91.27,22410,49290,42446,-0.065
5853,QCLS,Technology,Computer Hardware,NASDAQ,15.53,1,6,18,12,0.69,6125999.03488183,8189838.0,1.0633999,-91.55,3484810,10425710,6319094,
5854,GPUS,Industrials,Conglomerates,NYSE ARCA,15.52,1,1,7,3,0.16,23279320.84486276,136937180.0,0.3068,-95.62,44649410,40677093,26213730,0.348
5855,HKPD,Healthcare,Medical Distribution,NASDAQ,15.33,1,2,8,14,0.1,5424920.240604505,49317457.0,0.006,-94.18,668520,6977880,4245874,-0.317
5856,DFNS,Industrials,Aerospace & Defense,NASDAQ,15.03,1,1,0,0,6.7,7417033.454189301,1010495.0,0.437,-99.66,288950,980070,2410542,
5857,HCTI,Healthcare,Health Information Services,NASDAQ,14.95,1,2,3,0,0.56,10617133.799147844,14644322.0,0.032899998,-99.73,8710610,3067400,2904464,1.584
5858,CXAI,Technology,Software - Application,NASDAQ,14.91,1,2,8,4,1.86,5446158.131669998,2337407.0,0.105900005,-96.42,96690,115020,214292,0.385
5859,MKDW,Consumer Cyclical,Auto Parts,NASDAQ,14.89,1,98,94,84,1.25,51639647.09385824,34198442.0,0.0014,-90.34,133400,261883,157778,0.129
5860,BZAI,Technology,Software - Application,NASDAQ,14.72,1,2,6,10,0.29,69519377.1661208,144832039.0,0.1296,-95.71,3091140,3158366,5074756,5.047
5861,ACH,Healthcare,Medical Distribution,NYSE,14.7,1,4,33,21,0.47,39221398.30657959,76904704.0,0.1428,-91.61,1734820,1307393,1641220,-0.101
5862,GOVX,Healthcare,Biotechnology,NASDAQ,14.64,1,2,5,2,0.29,2910038.654955566,9093871.0,0.054899998,-98.16,1493390,868193,901316,
5863,BRNX,Utilities,Utilities - Renewable,NASDAQ,14.29,1,1,0,0,1.8,3084949.2289077044,1695027.0,0.0361,-99.56,193030,1572360,1199878,
5864,ADGM,Healthcare,Medical Devices,NASDAQ,14.28,1,12,5,84,0.14,4159967.1062107086,27189328.0,0.0342,-94.58,6238030,2213120,11535352,
5865,CMND,Healthcare,Biotechnology,NASDAQ,14.24,1,1,0,1,5.84,2407454.2466951013,3367069.0,0.0106,-98.78,25397,104364,70082,
5866,VIVS,Healthcare,Biotechnology,NASDAQ,14.2,1,1,5,19,0.2,2678157.839907661,13390789.0,0.0423,-94.35,486620,773406,3316176,-0.514
5867,OBAI,Technology,Software - Infrastructure,NASDAQ,14.03,1,3,2,0,0.2,6294860.263465136,29975526.0,0.1,-99.48,2083030,3303200,2275344,-0.068
5868,CRMT,Consumer Cyclical,Auto & Truck Dealerships,NASDAQ,14.01,1,2,1,4,1.07,8755401.502390385,8338478.0,0.2696,-96.51,448600,521613,392644,-0.576
5869,XCH,Industrials,Electrical Equipment & Parts,NASDAQ,14.0,1,1,13,30,3.0,12724560.387124538,4001434.0,0.35,-94.0,91750,36183,49688,-0.175
5870,GIPR,Real Estate,REIT - Diversified,NASDAQ,13.97,1,1,2,3,0.38,1336781.5927565098,3038140.0,0.0150999995,-98.09,21781940,26188860,22254774,-0.132
5871,SMX,Industrials,Specialty Business Services,NASDAQ,13.73,1,10,7,0,3.79,4158482.4873275757,1088608.0,0.0355,-99.93,376210,149550,97728,
5872,DDC,Consumer Defensive,Packaged Foods,NYSE ARCA,13.64,1,1,1,8,0.2,12505077.132239938,56841260.0,0.0166,-97.95,9899180,8194030,5092876,0.222
5873,PPCB,Healthcare,Biotechnology,NASDAQ,13.64,1,4,3,1,0.49,3213041.3247163296,6331116.0,0.0089,-99.07,189970,3645166,2245392,
5874,OFAL,Industrials,Engineering & Construction,NASDAQ,13.37,1,2,2,8,0.46,1184036.3505148888,2637052.0,0.26049998,-96.43,3620520,7654223,8865092,-0.215
5875,OLOX,Industrials,Metal Fabrication,NASDAQ,13.33,1,0,7,1,1.25,1397170.186659813,1659347.0,0.0191,-98.66,15225580,7880290,5137142,1.937
5876,TENX,Healthcare,Biotechnology,NASDAQ,13.28,1,2,93,92,1.93,74099356.37380457,37423917.0,0.14829999,-90.05,2409540,4592163,6632934,
5877,JEM,Consumer Cyclical,Apparel Retail,NASDAQ,13.14,1,1,1,2,3.65,2517134.3404245377,695341.0,0.0221,-97.3,21140,669386,510870,-0.225
5878,ELAB,Healthcare,Biotechnology,NASDAQ,12.66,1,1,0,0,3.27,2720185.355071783,809579.0,0.0425,-99.88,81240,56046,53924,
5879,CSAI,Technology,Software - Infrastructure,NASDAQ,12.64,1,3,5,7,2.6,2373724.2991280556,885718.0,0.0728,-96.24,192620,109086,105866,0.135
5880,BIYA,Technology,Software - Application,NASDAQ,12.62,1,1,1,1,1.37,10927782.562836647,6829864.0,0.0194,-99.18,2521420,867070,1455508,
5881,BDRX,Healthcare,Biotechnology,NASDAQ,12.54,1,1,4,1,0.6,638020.9249069691,1029066.0,0.2642,-98.99,190320,7699793,4679108,
5882,MBRX,Healthcare,Biotechnology,NASDAQ,12.52,1,2,7,3,0.45,9927874.626703262,20385780.0,0.0148,-97.14,989750,1042090,1608738,
5883,EDVA,Healthcare,Biotechnology,NYSE ARCA,12.46,1,1,1,3,0.17,1019590.8030716926,6412521.0,0.049000002,-98.73,8537050,4937876,5630250,
5884,RBNE,Energy,Oil & Gas Midstream,NASDAQ,12.44,1,0,1,3,2.22,2997668.25,1332297.0,0.0172,-98.31,26100,26843,43706,0.292
5885,SGLY,Industrials,Integrated Freight & Logistics,NASDAQ,11.98,1,2,7,9,0.8,3944765.3430690765,5403788.0,0.0052,-95.03,914490,651740,1772088,0.759
5886,ZNB,Communication Services,Entertainment,NASDAQ,11.78,1,0,0,0,1.16,1493584.363002777,969860.0,0.0656,-99.97,2938520,1008270,1243876,
5887,SHFS,Financial Services,Banks - Regional,NASDAQ,11.51,1,2,1,8,0.7,1212740.226092577,1027746.0,0.014400001,-99.17,403809,187275,122707,0.34
5888,SION,Healthcare,Biotechnology,NASDAQ,11.36,1,2,87,97,4.75,221688113.41060638,45150330.0,0.1423,-91.36,1162050,1391300,2612666,
5889,TOPP,Industrials,Trucking,NYSE ARCA,11.12,1,1,18,17,0.11,3087500.0,24700000.0,0.0178,-96.85,228600,2179283,1833428,0.169
5890,INV,Financial Services,Asset Management,NASDAQ,11.1,1,2,36,76,0.57,42644779.8138898,84612657.0,0.1419,-92.75,4491800,7082026,6185720,1.002
5891,KALA,Healthcare,Biotechnology,NASDAQ,10.75,1,0,0,1,0.36,7445817.425561428,19339786.0,0.0231,-99.62,7326210,2947393,1796020,
5892,GNPX,Healthcare,Biotechnology,NASDAQ,10.67,1,1,2,2,2.61,2155834.7638082504,819709.0,0.1011,-99.78,426950,179533,295294,
5893,JDZG,Consumer Defensive,Education & Training Services,NASDAQ,10.58,1,0,61,0,5.36,26523200.83618164,5480000.0,0.0058,-99.47,982120,684253,591088,0.662
5894,KITT,Industrials,Aerospace & Defense,NASDAQ,10.55,1,2,1,2,1.54,1892895.4962472916,1245326.0,0.1936,-99.12,1477971,670247,424167,-0.573
5895,VBIO,Healthcare,Biotechnology,NASDAQ,10.3,1,0,4,7,2.38,2298855.433817625,887589.0,0.0434,-96.98,6784610,2406240,1852375,
5896,JUNS,Healthcare,Biotechnology,NASDAQ,9.96,1,0,2,5,2.86,3362228.4871280193,1318521.0,0.0462,-97.89,118150,105096,1151285,
5897,PARA,Technology,Software - Application,NASDAQ,9.57,1,1,0,3,0.67,2353680.8406513333,4508967.0,0.1421,-99.16,1606420,624693,465212,-0.273
5898,XLAB,Technology,Software - Infrastructure,NASDAQ,9.55,1,6,51,44,1.08,90068703.0661391,64334789.0,0.17,-90.33,109600,310713,241020,1.016
5899,GCTK,Healthcare,Medical Devices,NASDAQ,9.51,0,2,2,1,1.13,1231800.6088342667,1018017.0,0.12109999,-99.17,8448730,2900390,2423304,
5900,LHSW,Technology,Software - Infrastructure,NASDAQ,9.4,0,3,5,1,0.57,6342023.003914297,13493666.0,0.1067,-98.42,1608850,17549070,10565124,-0.147
5901,NUWE,Healthcare,Medical Devices,NASDAQ,9.38,0,0,0,4,0.7,2190842.4524298906,3175134.0,0.012,-99.6,163440,3142543,5508432,0.141
5902,TRUG,Communication Services,Electronic Gaming & Multimedia,NASDAQ,9.26,0,1,1,2,2.69,3190469.166777849,1208511.0,0.1393,-99.05,641231,3459289,2304807,0.344
5903,NCI,Consumer Cyclical,Apparel Manufacturing,NASDAQ,9.13,0,38,94,5,0.89,2441142.5915908813,2831952.0,0.0804,-99.19,3969000,1874590,1438108,-0.508
5904,VNRX,Healthcare,Medical Devices,NYSE ARCA,8.84,0,1,2,5,0.24,7214559.678742021,30060666.0,0.0366,-98.21,2195160,17172506,10747586,-0.02
5905,UZX,Consumer Cyclical,Internet Retail,NASDAQ,8.67,0,1,1,17,1.24,3623220.6925764084,2875572.0,0.065,-98.26,91470,572595,471618,-0.252
5906,NXAT,Industrials,Conglomerates,NASDAQ,8.58,0,1,1,5,0.75,2831996.125,3236567.0,0.18,-99.25,1333460,530153,609998,1079.59
5907,SBFM,Healthcare,Drug Manufacturers - Specialty & Generic,NASDAQ,8.4,0,2,1,17,0.4,2586183.762360275,3877337.0,0.0061000003,-98.35,744130,704836,781862,-0.016
5908,EDBL,Consumer Defensive,Farm Products,NASDAQ,8.38,0,0,0,0,1.14,2224720.23208344,1951509.0,0.0429,-99.91,857170,791796,1161284,0.128
5909,NEXR,Consumer Cyclical,Internet Retail,NASDAQ,8.25,0,0,0,0,1.12,560251.3173418045,557464.0,0.108500004,-99.87,692160,625783,637586,0.491
5910,KIDZ,Consumer Defensive,Education & Training Services,NASDAQ,8.18,0,0,0,0,2.33,1970950.297167778,860677.0,0.065799996,-99.97,1189060,489416,563221,-0.336
5911,XXII,Consumer Defensive,Tobacco,NASDAQ,8.16,0,1,0,0,0.92,652590.4979556799,713994.0,0.0533,-99.83,486750,196700,121888,-0.404
5912,RUBI,Industrials,Marine Shipping,NASDAQ,7.82,0,0,0,0,0.65,1934718.5568788052,1791406.0,0.54,-100.0,3171505,1442503,1189967,-0.192
5913,CRIS,Healthcare,Biotechnology,NASDAQ,7.76,0,0,2,10,0.75,1940062.4289091825,2425078.0,0.0287,-97.82,202490,159096,223494,
5914,BAOS,Communication Services,Advertising Agencies,NASDAQ,7.66,0,1,31,32,0.24,7841906.50511004,33369815.0,0.020599999,-95.4,324660,6226240,7147140,-0.505
5915,OMH,Real Estate,Real Estate Services,NASDAQ,7.42,0,0,3,19,2.53,4475023.361045837,1688688.0,0.0465,-97.69,56550,414986,626119,
5916,KPTI,Healthcare,Biotechnology,NASDAQ,7.41,0,2,90,90,0.65,18190530.606354475,22681460.0,0.34849998,-94.09,1520290,1461776,1990818,-0.119
5917,DBGI,Consumer Cyclical,Apparel Retail,NASDAQ,6.99,0,0,1,1,4.61,2798491.8642377853,574639.0,0.31370002,-99.36,522770,1469220,977120,-0.463
5918,JAGX,Healthcare,Biotechnology,NASDAQ,6.44,0,0,0,3,5.62,1903522.124639511,520088.0,0.050100002,-99.56,9675600,4205588,2528123,-0.589
5919,YMT,Technology,Software - Application,NASDAQ,6.32,0,0,0,0,1.3,533759.5222724676,476571.0,0.04,-99.76,5141440,2035846,1340443,-0.077
5920,SGRX,Technology,Information Technology Services,NASDAQ,6.24,0,1,1,1,0.76,2397752.2618517876,1902978.0,0.0367,-99.54,2467180,1507750,1068678,
5921,PFSA,Healthcare,Medical Devices,NASDAQ,6.19,0,0,0,0,1.66,1023676.9746599197,605726.0,0.0521,-99.94,9817770,3659923,3430571,
5922,SMTK,Technology,Semiconductor Equipment & Materials,NASDAQ,5.52,0,0,4,2,1.16,1709068.3253046274,1035799.0,0.1848,-99.39,424690,520570,384004,
5923,FRGT,Technology,Software - Application,NASDAQ,5.17,0,1,7,2,0.32,144175.5023188889,572125.0,0.0921,-99.38,43911910,15093646,9398062,-0.054
5924,SUGP,Industrials,Security & Protection Services,NASDAQ,5.09,0,0,0,12,2.44,666139.3116055429,1605155.0,0.0387,-95.56,1562981,1479613,1136412,-0.2
5925,JZ,Technology,Information Technology Services,NASDAQ,4.87,0,0,0,12,0.44,1050024.4427357912,2408313.0,0.0234,-99.55,2798560,1827633,1984678,0.398
5926,HODO,Technology,Software - Application,NASDAQ,4.86,0,0,2,22,0.13,12927182.45302476,89152985.0,0.15,-99.33,5167980,2778790,1753336,
5927,SLXN,Healthcare,Biotechnology,NASDAQ,4.4,0,0,1,3,0.26,1445666.5069732666,5560256.0,0.0444,-99.38,36509750,20594490,12609654,
5928,ELPW,Industrials,Electrical Equipment & Parts,NASDAQ,4.36,0,0,0,0,2.73,2768304.35666728,932089.0,0.0101,-100.0,932130,351316,703993,
5929,HCAI,Industrials,Farm & Heavy Construction Machinery,NASDAQ,4.21,0,7,15,3,0.47,5533031.249435186,10913276.0,0.0321,-98.19,337050,942743,582492,
5930,HAO,Communication Services,Advertising Agencies,NASDAQ,4.12,0,0,0,24,2.42,988540.2174582481,366126.0,0.0645,-99.94,160310,104343,245284,1.373
5931,VWAV,Industrials,Aerospace & Defense,NASDAQ,3.87,0,0,12,71,5.04,10634494.125276089,2373771.0,0.1566,-98.41,1037080,1001891,650186,
5932,ONFO,Communication Services,Internet Content & Information,NASDAQ,3.75,0,0,1,16,0.86,731000.0121593475,850000.0,0.0636,-99.31,998270,472543,2803367,-0.524
5933,IPW,Consumer Cyclical,Internet Retail,NASDAQ,3.03,0,0,0,1,1.13,1305076.6455563307,1165247.0,0.069,-99.95,412190,1629703,1171218,-0.782
5934,VCIG,Industrials,Consulting Services,NASDAQ,2.99,0,0,17,0,1.41,1735099.5260391235,1266496.0,0.0027,-99.98,4285340,2240960,1383929,-0.503
5935,AXG,Financial Services,Capital Markets,NASDAQ,2.96,0,10,32,67,0.11,22356274.910554983,194402387.0,0.019,-97.68,37169650,12610756,7638080,10.784
5936,ENLV,Healthcare,Biotechnology,NASDAQ,2.95,0,0,6,22,0.34,7704624.6078287065,19908591.0,0.0028,-98.75,569080,450826,460548,
5937,SDST,Industrials,Electrical Equipment & Parts,NASDAQ,2.89,0,0,9,10,0.08,1234534.317985408,14523933.0,0.106300004,-98.96,29438090,41301560,25460096,
5938,LGHL,Financial Services,Capital Markets,NASDAQ,2.87,0,0,1,1,3.98,185037.45056152344,46144.0,0.16770001,-99.89,2454040,953261,732852,
5939,TWG,Consumer Defensive,Food Distribution,NASDAQ,2.84,0,1,6,14,0.1,6902120.462600142,62746550.0,0.0053,-99.62,19585970,9739230,6073360,0.48
5940,NXTT,Technology,Software - Application,NASDAQ,2.59,0,0,3,1,5.57,8263317.016661644,1472962.0,0.0398,-99.8,20380,63790,200923,
5941,FFAI,Consumer Cyclical,Auto Manufacturers,NASDAQ,2.12,0,0,2,2,1.15,7536208.886863232,6126999.0,0.1754,-99.54,7247500,3127946,2539184,14.481
5942,VIVK,Energy,Oil & Gas Integrated,NASDAQ,2.1,0,0,0,4,4.8,185386.31017315388,598793.0,0.13939999,-99.8,267644,330408,364200,0.104
5943,RETO,Basic Materials,Building Materials,NASDAQ,1.8,0,1,10,5,1.66,3673368.1369936466,2369915.0,0.0031,-99.66,6651424,3878000,2348930,1.189
5944,NCT,Industrials,Marine Shipping,NASDAQ,1.57,0,0,14,1,1.5,1723298.586196065,1025773.0,0.1283,-99.85,701370,832490,522224,-0.06
5945,FGL,Industrials,Engineering & Construction,NASDAQ,1.54,0,0,3,0,4.29,4995077.752962112,1145660.0,1.9818,-99.94,82310,316777,206519,0.089
5946,WETO,Technology,Software - Infrastructure,NASDAQ,1.23,0,0,18,6,1.02,1164025.126254201,1077801.0,0.3816,-99.59,7796860,7099973,6866341,-0.45
5947,MGN,Industrials,Engineering & Construction,NASDAQ,1.1,0,0,2,0,3.6,4575665.47704792,1233333.0,0.0297,-99.94,116540,847070,530424,-0.084
5948,NIVF,Healthcare,Medical Care Facilities,NASDAQ,1.02,0,1,0,1,0.1,359861.3480447084,2789623.0,0.0069,-99.99,134453810,44898112,27028048,0.119
5949,DCX,Consumer Cyclical,Auto Manufacturers,NASDAQ,0.89,0,1,2,1,3.11,9103186.428499222,2346182.0,0.0004,-99.99,549405,236494,144448,
5950,LGCL,Technology,Software - Application,NASDAQ,0.86,0,0,6,6,2.26,3281780.855160713,1302294.0,0.01,-99.73,113640,494352,381531,0.431
5951,RCON,Energy,Oil & Gas Equipment & Services,NASDAQ,0.77,0,0,4,7,1.21,25441421.25,20353137.0,0.1559,-99.71,218600,944683,826528,0.026
5952,CISS,Industrials,Marine Shipping,NASDAQ,0.54,0,0,0,1,0.89,1236503.026009798,1487970.0,0.0139,-100.0,331160,1339263,1675467,1.239
5953,LBGJ,Industrials,Specialty Industrial Machinery,NASDAQ,0.45,0,0,7,0,1.9,34087.75951957703,16792.0,0.22049999,-99.99,98200,401273,846272,-0.096
5954,WHLR,Real Estate,REIT - Retail,NASDAQ,0.43,0,0,0,0,0.91,1176196.7320678234,568211.0,0.0506,-100.0,13272610,5976128,3602162,-0.139
5955,CTNT,Industrials,Integrated Freight & Logistics,NASDAQ,0.38,0,2,0,1,2.95,3493494.747405052,1333395.0,0.29860002,-100.0,1548802,1156388,694662,1.454
5956,SXTC,Healthcare,Drug Manufacturers - Specialty & Generic,NASDAQ,0.35,0,0,6,0,1.25,3184617.4934182167,1321418.0,0.0496,-100.0,1203690,943160,1663438,-0.439
5957,CDT,Healthcare,Biotechnology,NASDAQ,0.34,0,0,0,0,0.93,763020.727350235,770728.0,0.0126,-100.0,605506,358121,215961,
5958,YYAI,Technology,Software - Infrastructure,NASDAQ,0.23,0,0,0,3,0.79,4719374.378910303,4581917.0,0.0481,-100.0,325010,468673,2211628,6.081
